# Translation unit: src/Mac/DirectX_9/CColorConverter.c
src/Mac/DirectX_9/CColorConverter.c:349:54: warning: incompatible pointer types passing 'fnptr_t[]' (aka 'void (*[])(void)') to parameter of type 'void **' [-Wincompatible-pointer-types]
  349 |         CColorConverter_SetVTable(sStdConverterARGB, vtbl_StdConverterARGB);
      |                                                      ^~~~~~~~~~~~~~~~~~~~~
src/Mac/DirectX_9/CColorConverter.c:69:60: note: passing argument to parameter 'vtable' here
   69 | static void CColorConverter_SetVTable(void *object, void **vtable)
      |                                                            ^
src/Mac/DirectX_9/CColorConverter.c:350:54: warning: incompatible pointer types passing 'fnptr_t[]' (aka 'void (*[])(void)') to parameter of type 'void **' [-Wincompatible-pointer-types]
  350 |         CColorConverter_SetVTable(sStdConverterABGR, vtbl_StdConverterABGR);
      |                                                      ^~~~~~~~~~~~~~~~~~~~~
src/Mac/DirectX_9/CColorConverter.c:69:60: note: passing argument to parameter 'vtable' here
   69 | static void CColorConverter_SetVTable(void *object, void **vtable)
      |                                                            ^
src/Mac/DirectX_9/CColorConverter.c:351:60: warning: incompatible pointer types passing 'fnptr_t[]' (aka 'void (*[])(void)') to parameter of type 'void **' [-Wincompatible-pointer-types]
  351 |         CColorConverter_SetVTable(sATI4CompsConverterARGB, vtbl_ATI4CompsConverterARGB);
      |                                                            ^~~~~~~~~~~~~~~~~~~~~~~~~~~
src/Mac/DirectX_9/CColorConverter.c:69:60: note: passing argument to parameter 'vtable' here
   69 | static void CColorConverter_SetVTable(void *object, void **vtable)
      |                                                            ^
src/Mac/DirectX_9/CColorConverter.c:352:60: warning: incompatible pointer types passing 'fnptr_t[]' (aka 'void (*[])(void)') to parameter of type 'void **' [-Wincompatible-pointer-types]
  352 |         CColorConverter_SetVTable(sATI4CompsConverterABGR, vtbl_ATI4CompsConverterABGR);
      |                                                            ^~~~~~~~~~~~~~~~~~~~~~~~~~~
src/Mac/DirectX_9/CColorConverter.c:69:60: note: passing argument to parameter 'vtable' here
   69 | static void CColorConverter_SetVTable(void *object, void **vtable)
      |                                                            ^
src/Mac/DirectX_9/CColorConverter.c:438:38: warning: incompatible pointer types passing 'fnptr_t[]' (aka 'void (*[])(void)') to parameter of type 'void **' [-Wincompatible-pointer-types]
  438 |     CColorConverter_SetVTable(_this, vtbl_StdConverterARGB);
      |                                      ^~~~~~~~~~~~~~~~~~~~~
src/Mac/DirectX_9/CColorConverter.c:69:60: note: passing argument to parameter 'vtable' here
   69 | static void CColorConverter_SetVTable(void *object, void **vtable)
      |                                                            ^
src/Mac/DirectX_9/CColorConverter.c:450:38: warning: incompatible pointer types passing 'fnptr_t[]' (aka 'void (*[])(void)') to parameter of type 'void **' [-Wincompatible-pointer-types]
  450 |     CColorConverter_SetVTable(_this, vtbl_StdConverterABGR);
      |                                      ^~~~~~~~~~~~~~~~~~~~~
src/Mac/DirectX_9/CColorConverter.c:69:60: note: passing argument to parameter 'vtable' here
   69 | static void CColorConverter_SetVTable(void *object, void **vtable)
      |                                                            ^
src/Mac/DirectX_9/CColorConverter.c:462:38: warning: incompatible pointer types passing 'fnptr_t[]' (aka 'void (*[])(void)') to parameter of type 'void **' [-Wincompatible-pointer-types]
  462 |     CColorConverter_SetVTable(_this, vtbl_ATI4CompsConverterARGB);
      |                                      ^~~~~~~~~~~~~~~~~~~~~~~~~~~
src/Mac/DirectX_9/CColorConverter.c:69:60: note: passing argument to parameter 'vtable' here
   69 | static void CColorConverter_SetVTable(void *object, void **vtable)
      |                                                            ^
src/Mac/DirectX_9/CColorConverter.c:474:38: warning: incompatible pointer types passing 'fnptr_t[]' (aka 'void (*[])(void)') to parameter of type 'void **' [-Wincompatible-pointer-types]
  474 |     CColorConverter_SetVTable(_this, vtbl_ATI4CompsConverterABGR);
      |                                      ^~~~~~~~~~~~~~~~~~~~~~~~~~~
src/Mac/DirectX_9/CColorConverter.c:69:60: note: passing argument to parameter 'vtable' here
   69 | static void CColorConverter_SetVTable(void *object, void **vtable)
      |                                                            ^
8 warnings generated.

# Translation unit: src/Mac/DirectX_9/CDirect3D.c
src/Mac/DirectX_9/CDirect3D.c:271:31: warning: incompatible pointer types assigning to 'void **' from 'fnptr_t[]' (aka 'void (*[])(void)') [-Wincompatible-pointer-types]
  271 |     sDirect3DInterface.vtable = vtbl_CDirect3D;
      |                               ^ ~~~~~~~~~~~~~~
1 warning generated.

# Translation unit: src/Mac/DirectX_9/CDirect3DCubeTexture.c
src/Mac/DirectX_9/CDirect3DCubeTexture.c:128:49: warning: implicit conversion loses integer precision: 'GLuint' (aka 'unsigned long') to 'unsigned int' [-Wshorten-64-to-32]
  128 |         glBindTexture(GL_TEXTURE_CUBE_MAP, tex->texIDStorage);
      |         ~~~~~~~~~~~~~                      ~~~~~^~~~~~~~~~~~
src/Mac/DirectX_9/CDirect3DCubeTexture.c:198:24: warning: incompatible pointer types assigning to 'void **' from 'fnptr_t[]' (aka 'void (*[])(void)') [-Wincompatible-pointer-types]
  198 |     tex->primaryVtable = vtbl_CDirect3DCubeTexture;
      |                        ^ ~~~~~~~~~~~~~~~~~~~~~~~~~
src/Mac/DirectX_9/CDirect3DCubeTexture.c:199:26: warning: incompatible pointer types assigning to 'void **' from 'fnptr_t[]' (aka 'void (*[])(void)') [-Wincompatible-pointer-types]
  199 |     tex->secondaryVtable = vtbl_CDirect3DCubeTexture_secondary;
      |                          ^ ~~~~~~~~~~~~~~~~~~~~~~~~~~~~~~~~~~~
src/Mac/DirectX_9/CDirect3DCubeTexture.c:211:29: warning: incompatible pointer types passing 'GLuint *' (aka 'unsigned long *') to parameter of type 'const unsigned int *' [-Wincompatible-pointer-types]
  211 |         glDeleteTextures(1, &tex->texIDStorage);
      |                             ^~~~~~~~~~~~~~~~~~
src/imports/opengl.h:127:50: note: passing argument to parameter 'textures' here
  127 | void glDeleteTextures(int n, const unsigned int *textures);
      |                                                  ^
src/Mac/DirectX_9/CDirect3DCubeTexture.c:239:24: warning: incompatible pointer types assigning to 'void **' from 'fnptr_t[]' (aka 'void (*[])(void)') [-Wincompatible-pointer-types]
  239 |     tex->primaryVtable = vtbl_CDirect3DCubeTexture;
      |                        ^ ~~~~~~~~~~~~~~~~~~~~~~~~~
src/Mac/DirectX_9/CDirect3DCubeTexture.c:240:26: warning: incompatible pointer types assigning to 'void **' from 'fnptr_t[]' (aka 'void (*[])(void)') [-Wincompatible-pointer-types]
  240 |     tex->secondaryVtable = vtbl_CDirect3DCubeTexture_secondary;
      |                          ^ ~~~~~~~~~~~~~~~~~~~~~~~~~~~~~~~~~~~
src/Mac/DirectX_9/CDirect3DCubeTexture.c:263:22: warning: incompatible pointer types passing 'GLuint *' (aka 'unsigned long *') to parameter of type 'unsigned int *' [-Wincompatible-pointer-types]
  263 |     glGenTextures(1, &tex->texIDStorage);
      |                      ^~~~~~~~~~~~~~~~~~
src/imports/opengl.h:150:41: note: passing argument to parameter 'textures' here
  150 | void glGenTextures(int n, unsigned int *textures);
      |                                         ^
src/Mac/DirectX_9/CDirect3DCubeTexture.c:265:45: warning: implicit conversion loses integer precision: 'GLuint' (aka 'unsigned long') to 'unsigned int' [-Wshorten-64-to-32]
  265 |     glBindTexture(GL_TEXTURE_CUBE_MAP, tex->texIDStorage);
      |     ~~~~~~~~~~~~~                      ~~~~~^~~~~~~~~~~~
8 warnings generated.

# Translation unit: src/Mac/DirectX_9/CDirect3DDevice.c
src/Mac/DirectX_9/CDirect3DDevice.c:546:29: warning: passing arguments to 'glClientActiveTextureARB' without a prototype is deprecated in all versions of C and is not supported in C23 [-Wdeprecated-non-prototype]
  546 |     glClientActiveTextureARB(GL_TEXTURE1_ARB);
      |                             ^
src/Mac/DirectX_9/CDirect3DDevice.c:547:25: warning: passing arguments to 'glDisableClientState' without a prototype is deprecated in all versions of C and is not supported in C23 [-Wdeprecated-non-prototype]
  547 |     glDisableClientState(0x8078);
      |                         ^
src/Mac/DirectX_9/CDirect3DDevice.c:549:29: warning: passing arguments to 'glClientActiveTextureARB' without a prototype is deprecated in all versions of C and is not supported in C23 [-Wdeprecated-non-prototype]
  549 |     glClientActiveTextureARB(GL_TEXTURE0_ARB);
      |                             ^
src/Mac/DirectX_9/CDirect3DDevice.c:722:15: warning: passing arguments to 'glTexEnvfv' without a prototype is deprecated in all versions of C and is not supported in C23 [-Wdeprecated-non-prototype]
  722 |     glTexEnvfv(GL_TEXTURE_ENV, 0x2201 , factor);
      |               ^
src/Mac/DirectX_9/CDirect3DDevice.c:735:14: warning: passing arguments to 'glTexEnvi' without a prototype is deprecated in all versions of C and is not supported in C23 [-Wdeprecated-non-prototype]
  735 |     glTexEnvi(GL_TEXTURE_ENV, source0Enum, sourceEnumBase(arg0));
      |              ^
src/Mac/DirectX_9/CDirect3DDevice.c:736:14: warning: passing arguments to 'glTexEnvi' without a prototype is deprecated in all versions of C and is not supported in C23 [-Wdeprecated-non-prototype]
  736 |     glTexEnvi(GL_TEXTURE_ENV, operand0Enum, mapOperand(arg0));
      |              ^
src/Mac/DirectX_9/CDirect3DDevice.c:737:14: warning: passing arguments to 'glTexEnvi' without a prototype is deprecated in all versions of C and is not supported in C23 [-Wdeprecated-non-prototype]
  737 |     glTexEnvi(GL_TEXTURE_ENV, source1Enum, sourceEnumBase(arg1));
      |              ^
src/Mac/DirectX_9/CDirect3DDevice.c:738:14: warning: passing arguments to 'glTexEnvi' without a prototype is deprecated in all versions of C and is not supported in C23 [-Wdeprecated-non-prototype]
  738 |     glTexEnvi(GL_TEXTURE_ENV, operand1Enum, mapOperand(arg1));
      |              ^
src/Mac/DirectX_9/CDirect3DDevice.c:739:14: warning: passing arguments to 'glTexEnvi' without a prototype is deprecated in all versions of C and is not supported in C23 [-Wdeprecated-non-prototype]
  739 |     glTexEnvi(GL_TEXTURE_ENV, source2Enum, sourceEnumBase(arg2));
      |              ^
src/Mac/DirectX_9/CDirect3DDevice.c:740:14: warning: passing arguments to 'glTexEnvi' without a prototype is deprecated in all versions of C and is not supported in C23 [-Wdeprecated-non-prototype]
  740 |     glTexEnvi(GL_TEXTURE_ENV, operand2Enum, mapOperand(arg2));
      |              ^
src/Mac/DirectX_9/CDirect3DDevice.c:807:14: warning: passing arguments to 'glTexEnvi' without a prototype is deprecated in all versions of C and is not supported in C23 [-Wdeprecated-non-prototype]
  807 |     glTexEnvi(GL_TEXTURE_ENV, GL_COMBINE_RGB, combine);
      |              ^
src/Mac/DirectX_9/CDirect3DDevice.c:808:14: warning: passing arguments to 'glTexEnvi' without a prototype is deprecated in all versions of C and is not supported in C23 [-Wdeprecated-non-prototype]
  808 |     glTexEnvi(GL_TEXTURE_ENV, GL_RGB_SCALE, scale);
      |              ^
src/Mac/DirectX_9/CDirect3DDevice.c:879:14: warning: passing arguments to 'glTexEnvi' without a prototype is deprecated in all versions of C and is not supported in C23 [-Wdeprecated-non-prototype]
  879 |     glTexEnvi(GL_TEXTURE_ENV, GL_COMBINE_ALPHA, combine);
      |              ^
src/Mac/DirectX_9/CDirect3DDevice.c:880:14: warning: passing arguments to 'glTexEnvi' without a prototype is deprecated in all versions of C and is not supported in C23 [-Wdeprecated-non-prototype]
  880 |     glTexEnvi(GL_TEXTURE_ENV, GL_ALPHA_SCALE, scale);
      |              ^
src/Mac/DirectX_9/CDirect3DDevice.c:925:14: warning: passing arguments to 'glTexEnvi' without a prototype is deprecated in all versions of C and is not supported in C23 [-Wdeprecated-non-prototype]
  925 |     glTexEnvi(GL_TEXTURE_ENV, GL_TEXTURE_ENV_MODE, GL_COMBINE);
      |              ^
src/Mac/DirectX_9/CDirect3DDevice.c:952:21: warning: implicit conversion loses integer precision: 'GLenum' (aka 'unsigned long') to 'int' [-Wshorten-64-to-32]
  951 |     glTexParameteri(target, 0x2802 ,
      |     ~~~~~~~~~~~~~~~
  952 |                     CDirect3DDevice_MapTextureAddress(addressU));
      |                     ^~~~~~~~~~~~~~~~~~~~~~~~~~~~~~~~~~~~~~~~~~~
src/Mac/DirectX_9/CDirect3DDevice.c:951:21: warning: implicit conversion loses integer precision: 'GLenum' (aka 'unsigned long') to 'unsigned int' [-Wshorten-64-to-32]
  951 |     glTexParameteri(target, 0x2802 ,
      |     ~~~~~~~~~~~~~~~ ^~~~~~
src/Mac/DirectX_9/CDirect3DDevice.c:954:21: warning: implicit conversion loses integer precision: 'GLenum' (aka 'unsigned long') to 'int' [-Wshorten-64-to-32]
  953 |     glTexParameteri(target, 0x2803 ,
      |     ~~~~~~~~~~~~~~~
  954 |                     CDirect3DDevice_MapTextureAddress(addressV));
      |                     ^~~~~~~~~~~~~~~~~~~~~~~~~~~~~~~~~~~~~~~~~~~
src/Mac/DirectX_9/CDirect3DDevice.c:953:21: warning: implicit conversion loses integer precision: 'GLenum' (aka 'unsigned long') to 'unsigned int' [-Wshorten-64-to-32]
  953 |     glTexParameteri(target, 0x2803 ,
      |     ~~~~~~~~~~~~~~~ ^~~~~~
src/Mac/DirectX_9/CDirect3DDevice.c:957:25: warning: implicit conversion loses integer precision: 'GLenum' (aka 'unsigned long') to 'int' [-Wshorten-64-to-32]
  956 |         glTexParameteri(target, GL_TEXTURE_WRAP_R,
      |         ~~~~~~~~~~~~~~~
  957 |                         CDirect3DDevice_MapTextureAddress(addressW));
      |                         ^~~~~~~~~~~~~~~~~~~~~~~~~~~~~~~~~~~~~~~~~~~
src/Mac/DirectX_9/CDirect3DDevice.c:956:25: warning: implicit conversion loses integer precision: 'GLenum' (aka 'unsigned long') to 'unsigned int' [-Wshorten-64-to-32]
  956 |         glTexParameteri(target, GL_TEXTURE_WRAP_R,
      |         ~~~~~~~~~~~~~~~ ^~~~~~
src/Mac/DirectX_9/CDirect3DDevice.c:960:21: warning: implicit conversion loses integer precision: 'GLenum' (aka 'unsigned long') to 'int' [-Wshorten-64-to-32]
  959 |     glTexParameteri(target, 0x2801 ,
      |     ~~~~~~~~~~~~~~~
  960 |                     CDirect3DDevice_MapTextureMinFilter(minFilter, mipFilter));
      |                     ^~~~~~~~~~~~~~~~~~~~~~~~~~~~~~~~~~~~~~~~~~~~~~~~~~~~~~~~~
src/Mac/DirectX_9/CDirect3DDevice.c:959:21: warning: implicit conversion loses integer precision: 'GLenum' (aka 'unsigned long') to 'unsigned int' [-Wshorten-64-to-32]
  959 |     glTexParameteri(target, 0x2801 ,
      |     ~~~~~~~~~~~~~~~ ^~~~~~
src/Mac/DirectX_9/CDirect3DDevice.c:962:21: warning: implicit conversion loses integer precision: 'GLenum' (aka 'unsigned long') to 'int' [-Wshorten-64-to-32]
  961 |     glTexParameteri(target, 0x2800 ,
      |     ~~~~~~~~~~~~~~~
  962 |                     CDirect3DDevice_MapTextureMagFilter(magFilter));
      |                     ^~~~~~~~~~~~~~~~~~~~~~~~~~~~~~~~~~~~~~~~~~~~~~
src/Mac/DirectX_9/CDirect3DDevice.c:961:21: warning: implicit conversion loses integer precision: 'GLenum' (aka 'unsigned long') to 'unsigned int' [-Wshorten-64-to-32]
  961 |     glTexParameteri(target, 0x2800 ,
      |     ~~~~~~~~~~~~~~~ ^~~~~~
src/Mac/DirectX_9/CDirect3DDevice.c:1524:23: warning: passing arguments to 'glClearStencil' without a prototype is deprecated in all versions of C and is not supported in C23 [-Wdeprecated-non-prototype]
 1524 |         glClearStencil(Stencil);
      |                       ^
src/Mac/DirectX_9/CDirect3DDevice.c:1539:26: warning: passing arguments to 'glStencilMask' without a prototype is deprecated in all versions of C and is not supported in C23 [-Wdeprecated-non-prototype]
 1539 |             glStencilMask(0xffffffffu);
      |                          ^
src/Mac/DirectX_9/CDirect3DDevice.c:1552:26: warning: passing arguments to 'glStencilMask' without a prototype is deprecated in all versions of C and is not supported in C23 [-Wdeprecated-non-prototype]
 1552 |             glStencilMask(dev->stencilWriteMask);
      |                          ^
src/Mac/DirectX_9/CDirect3DDevice.c:1541:17: warning: implicit conversion loses integer precision: 'GLbitfield' (aka 'unsigned long') to 'unsigned int' [-Wshorten-64-to-32]
 1541 |         glClear(glFlags);
      |         ~~~~~~~ ^~~~~~~
src/Mac/DirectX_9/CDirect3DDevice.c:1677:29: warning: passing arguments to 'glClientActiveTextureARB' without a prototype is deprecated in all versions of C and is not supported in C23 [-Wdeprecated-non-prototype]
 1677 |     glClientActiveTextureARB(GL_TEXTURE0_ARB);
      |                             ^
src/Mac/DirectX_9/CDirect3DDevice.c:1691:33: warning: passing arguments to 'glBindProgramARB' without a prototype is deprecated in all versions of C and is not supported in C23 [-Wdeprecated-non-prototype]
 1691 |                 glBindProgramARB(0x8620, vsId);
      |                                 ^
src/Mac/DirectX_9/CDirect3DDevice.c:1699:33: warning: passing arguments to 'glBindProgramARB' without a prototype is deprecated in all versions of C and is not supported in C23 [-Wdeprecated-non-prototype]
 1699 |                 glBindProgramARB(0x8804, 0);
      |                                 ^
src/Mac/DirectX_9/CDirect3DDevice.c:1701:33: warning: passing arguments to 'glBindProgramARB' without a prototype is deprecated in all versions of C and is not supported in C23 [-Wdeprecated-non-prototype]
 1701 |                 glBindProgramARB(0x8620, 0);
      |                                 ^
src/Mac/DirectX_9/CDirect3DDevice.c:1706:24: warning: passing arguments to 'glDepthFunc' without a prototype is deprecated in all versions of C and is not supported in C23 [-Wdeprecated-non-prototype]
 1706 |             glDepthFunc(CDirect3DDevice_MapCompareFunc(dev->zFunc));
      |                        ^
src/Mac/DirectX_9/CDirect3DDevice.c:1775:30: warning: passing arguments to 'glLoadMatrixf' without a prototype is deprecated in all versions of C and is not supported in C23 [-Wdeprecated-non-prototype]
 1775 |                 glLoadMatrixf(proj);
      |                              ^
src/Mac/DirectX_9/CDirect3DDevice.c:1777:30: warning: passing arguments to 'glLoadMatrixf' without a prototype is deprecated in all versions of C and is not supported in C23 [-Wdeprecated-non-prototype]
 1777 |                 glLoadMatrixf(modelView);
      |                              ^
src/Mac/DirectX_9/CDirect3DDevice.c:1796:26: warning: passing arguments to 'glLoadMatrixf' without a prototype is deprecated in all versions of C and is not supported in C23 [-Wdeprecated-non-prototype]
 1796 |             glLoadMatrixf(ortho);
      |                          ^
src/Mac/DirectX_9/CDirect3DDevice.c:1876:50: warning: passing arguments to 'glTexEnvi' without a prototype is deprecated in all versions of C and is not supported in C23 [-Wdeprecated-non-prototype]
 1876 |                                         glTexEnvi(GL_TEXTURE_ENV, GL_TEXTURE_ENV_MODE, GL_COMBINE);
      |                                                  ^
src/Mac/DirectX_9/CDirect3DDevice.c:1877:50: warning: passing arguments to 'glTexEnvi' without a prototype is deprecated in all versions of C and is not supported in C23 [-Wdeprecated-non-prototype]
 1877 |                                         glTexEnvi(GL_TEXTURE_ENV, GL_COMBINE_RGB, 0x2100);
      |                                                  ^
src/Mac/DirectX_9/CDirect3DDevice.c:1878:50: warning: passing arguments to 'glTexEnvi' without a prototype is deprecated in all versions of C and is not supported in C23 [-Wdeprecated-non-prototype]
 1878 |                                         glTexEnvi(GL_TEXTURE_ENV, GL_RGB_SCALE, CDirect3DDevice_LightmapScale());
      |                                                  ^
src/Mac/DirectX_9/CDirect3DDevice.c:1879:50: warning: passing arguments to 'glTexEnvi' without a prototype is deprecated in all versions of C and is not supported in C23 [-Wdeprecated-non-prototype]
 1879 |                                         glTexEnvi(GL_TEXTURE_ENV, GL_SOURCE0_RGB, 0x1702);
      |                                                  ^
src/Mac/DirectX_9/CDirect3DDevice.c:1880:50: warning: passing arguments to 'glTexEnvi' without a prototype is deprecated in all versions of C and is not supported in C23 [-Wdeprecated-non-prototype]
 1880 |                                         glTexEnvi(GL_TEXTURE_ENV, GL_OPERAND0_RGB, 0x0300);
      |                                                  ^
src/Mac/DirectX_9/CDirect3DDevice.c:1881:50: warning: passing arguments to 'glTexEnvi' without a prototype is deprecated in all versions of C and is not supported in C23 [-Wdeprecated-non-prototype]
 1881 |                                         glTexEnvi(GL_TEXTURE_ENV, GL_SOURCE1_RGB, GL_PREVIOUS);
      |                                                  ^
src/Mac/DirectX_9/CDirect3DDevice.c:1882:50: warning: passing arguments to 'glTexEnvi' without a prototype is deprecated in all versions of C and is not supported in C23 [-Wdeprecated-non-prototype]
 1882 |                                         glTexEnvi(GL_TEXTURE_ENV, GL_OPERAND1_RGB, 0x0300);
      |                                                  ^
src/Mac/DirectX_9/CDirect3DDevice.c:1888:46: warning: passing arguments to 'glTexEnvi' without a prototype is deprecated in all versions of C and is not supported in C23 [-Wdeprecated-non-prototype]
 1888 |                                     glTexEnvi(GL_TEXTURE_ENV, GL_COMBINE_ALPHA, 0x1E01 );
      |                                              ^
src/Mac/DirectX_9/CDirect3DDevice.c:1889:46: warning: passing arguments to 'glTexEnvi' without a prototype is deprecated in all versions of C and is not supported in C23 [-Wdeprecated-non-prototype]
 1889 |                                     glTexEnvi(GL_TEXTURE_ENV, GL_SOURCE0_ALPHA, GL_PREVIOUS);
      |                                              ^
src/Mac/DirectX_9/CDirect3DDevice.c:1890:46: warning: passing arguments to 'glTexEnvi' without a prototype is deprecated in all versions of C and is not supported in C23 [-Wdeprecated-non-prototype]
 1890 |                                     glTexEnvi(GL_TEXTURE_ENV, GL_OPERAND0_ALPHA, 0x0302 );
      |                                              ^
src/Mac/DirectX_9/CDirect3DDevice.c:1891:46: warning: passing arguments to 'glTexEnvi' without a prototype is deprecated in all versions of C and is not supported in C23 [-Wdeprecated-non-prototype]
 1891 |                                     glTexEnvi(GL_TEXTURE_ENV, 0x0D1C , 1);
      |                                              ^
src/Mac/DirectX_9/CDirect3DDevice.c:1893:46: warning: passing arguments to 'glTexEnvi' without a prototype is deprecated in all versions of C and is not supported in C23 [-Wdeprecated-non-prototype]
 1893 |                                     glTexEnvi(GL_TEXTURE_ENV, GL_RGB_SCALE,
      |                                              ^
src/Mac/DirectX_9/CDirect3DDevice.c:1919:24: warning: passing arguments to 'glEnableClientState' without a prototype is deprecated in all versions of C and is not supported in C23 [-Wdeprecated-non-prototype]
 1919 |     glEnableClientState(0x8074);
      |                        ^
src/Mac/DirectX_9/CDirect3DDevice.c:1920:20: warning: passing arguments to 'glVertexPointer' without a prototype is deprecated in all versions of C and is not supported in C23 [-Wdeprecated-non-prototype]
 1920 |     glVertexPointer(positionComponents, 0x1406 , stride,
      |                    ^
src/Mac/DirectX_9/CDirect3DDevice.c:1929:32: warning: passing arguments to 'glEnableClientState' without a prototype is deprecated in all versions of C and is not supported in C23 [-Wdeprecated-non-prototype]
 1929 |             glEnableClientState(0x8076);
      |                                ^
src/Mac/DirectX_9/CDirect3DDevice.c:1931:31: warning: passing arguments to 'glColorPointer' without a prototype is deprecated in all versions of C and is not supported in C23 [-Wdeprecated-non-prototype]
 1931 |                 glColorPointer(4, 0x1401 , 0, colors);
      |                               ^
src/Mac/DirectX_9/CDirect3DDevice.c:1933:31: warning: passing arguments to 'glColorPointer' without a prototype is deprecated in all versions of C and is not supported in C23 [-Wdeprecated-non-prototype]
 1933 |                 glColorPointer(4, 0x1401 , stride,
      |                               ^
src/Mac/DirectX_9/CDirect3DDevice.c:1937:41: warning: passing arguments to 'glClientActiveTextureARB' without a prototype is deprecated in all versions of C and is not supported in C23 [-Wdeprecated-non-prototype]
 1937 |                 glClientActiveTextureARB(0x84C1);
      |                                         ^
src/Mac/DirectX_9/CDirect3DDevice.c:1938:36: warning: passing arguments to 'glEnableClientState' without a prototype is deprecated in all versions of C and is not supported in C23 [-Wdeprecated-non-prototype]
 1938 |                 glEnableClientState(0x8078);
      |                                    ^
src/Mac/DirectX_9/CDirect3DDevice.c:1939:34: warning: passing arguments to 'glTexCoordPointer' without a prototype is deprecated in all versions of C and is not supported in C23 [-Wdeprecated-non-prototype]
 1939 |                 glTexCoordPointer(2, 0x1406 , stride,
      |                                  ^
src/Mac/DirectX_9/CDirect3DDevice.c:1941:41: warning: passing arguments to 'glClientActiveTextureARB' without a prototype is deprecated in all versions of C and is not supported in C23 [-Wdeprecated-non-prototype]
 1941 |                 glClientActiveTextureARB(0x84C0);
      |                                         ^
src/Mac/DirectX_9/CDirect3DDevice.c:1948:32: warning: passing arguments to 'glEnableClientState' without a prototype is deprecated in all versions of C and is not supported in C23 [-Wdeprecated-non-prototype]
 1948 |             glEnableClientState(0x8076);
      |                                ^
src/Mac/DirectX_9/CDirect3DDevice.c:1950:31: warning: passing arguments to 'glColorPointer' without a prototype is deprecated in all versions of C and is not supported in C23 [-Wdeprecated-non-prototype]
 1950 |                 glColorPointer(4, 0x1401 , 0, colors);
      |                               ^
src/Mac/DirectX_9/CDirect3DDevice.c:1952:31: warning: passing arguments to 'glColorPointer' without a prototype is deprecated in all versions of C and is not supported in C23 [-Wdeprecated-non-prototype]
 1952 |                 glColorPointer(4, 0x1401 , stride, vertBase + colorOffset);
      |                               ^
src/Mac/DirectX_9/CDirect3DDevice.c:1955:32: warning: passing arguments to 'glEnableClientState' without a prototype is deprecated in all versions of C and is not supported in C23 [-Wdeprecated-non-prototype]
 1955 |             glEnableClientState(0x8078);
      |                                ^
src/Mac/DirectX_9/CDirect3DDevice.c:1958:38: warning: passing arguments to 'glTexCoordPointer' without a prototype is deprecated in all versions of C and is not supported in C23 [-Wdeprecated-non-prototype]
 1958 |                     glTexCoordPointer(3, 0x1406 , stride,
      |                                      ^
src/Mac/DirectX_9/CDirect3DDevice.c:1961:38: warning: passing arguments to 'glTexCoordPointer' without a prototype is deprecated in all versions of C and is not supported in C23 [-Wdeprecated-non-prototype]
 1961 |                     glTexCoordPointer(2, 0x1406 , stride, vertBase + texOffset);
      |                                      ^
src/Mac/DirectX_9/CDirect3DDevice.c:1963:34: warning: passing arguments to 'glTexCoordPointer' without a prototype is deprecated in all versions of C and is not supported in C23 [-Wdeprecated-non-prototype]
 1963 |                 glTexCoordPointer(2, 0x1406 , stride, vertBase + texOffset);
      |                                  ^
src/Mac/DirectX_9/CDirect3DDevice.c:1971:22: warning: passing arguments to 'glLoadMatrixf' without a prototype is deprecated in all versions of C and is not supported in C23 [-Wdeprecated-non-prototype]
 1971 |         glLoadMatrixf(dev->texMatrix);
      |                      ^
src/Mac/DirectX_9/CDirect3DDevice.c:1985:25: warning: passing arguments to 'glDisableClientState' without a prototype is deprecated in all versions of C and is not supported in C23 [-Wdeprecated-non-prototype]
 1985 |     glDisableClientState(0x8074);
      |                         ^
src/Mac/DirectX_9/CDirect3DDevice.c:1986:25: warning: passing arguments to 'glDisableClientState' without a prototype is deprecated in all versions of C and is not supported in C23 [-Wdeprecated-non-prototype]
 1986 |     glDisableClientState(0x8076);
      |                         ^
src/Mac/DirectX_9/CDirect3DDevice.c:1987:25: warning: passing arguments to 'glDisableClientState' without a prototype is deprecated in all versions of C and is not supported in C23 [-Wdeprecated-non-prototype]
 1987 |     glDisableClientState(0x8078);
      |                         ^
src/Mac/DirectX_9/CDirect3DDevice.c:1718:25: warning: implicit conversion loses integer precision: 'GLenum' (aka 'unsigned long') to 'unsigned int' [-Wshorten-64-to-32]
 1718 |             glAlphaFunc(CDirect3DDevice_MapCompareFunc(dev->alphaFuncVal), dev->alphaRef);
      |             ~~~~~~~~~~~ ^~~~~~~~~~~~~~~~~~~~~~~~~~~~~~~~~~~~~~~~~~~~~~~~~
src/Mac/DirectX_9/CDirect3DDevice.c:1914:21: warning: implicit conversion loses integer precision: 'GLenum' (aka 'unsigned long') to 'unsigned int' [-Wshorten-64-to-32]
 1913 |         glBlendFunc(CDirect3DDevice_MapBlendFunc(dev->srcBlend),
      |         ~~~~~~~~~~~
 1914 |                     CDirect3DDevice_MapBlendFunc(dev->destBlend));
      |                     ^~~~~~~~~~~~~~~~~~~~~~~~~~~~~~~~~~~~~~~~~~~~
src/Mac/DirectX_9/CDirect3DDevice.c:1913:21: warning: implicit conversion loses integer precision: 'GLenum' (aka 'unsigned long') to 'unsigned int' [-Wshorten-64-to-32]
 1913 |         glBlendFunc(CDirect3DDevice_MapBlendFunc(dev->srcBlend),
      |         ~~~~~~~~~~~ ^~~~~~~~~~~~~~~~~~~~~~~~~~~~~~~~~~~~~~~~~~~
src/Mac/DirectX_9/CDirect3DDevice.c:2091:16: warning: passing arguments to 'glFogfv' without a prototype is deprecated in all versions of C and is not supported in C23 [-Wdeprecated-non-prototype]
 2091 |         glFogfv(0x0B66 , fc);
      |                ^
src/Mac/DirectX_9/CDirect3DDevice.c:2286:33: warning: implicit conversion loses integer precision: 'const DWORD' (aka 'const unsigned long') to 'UINT32' (aka 'unsigned int') [-Wshorten-64-to-32]
 2286 |     dev->viewportX = pViewport->X;
      |                    ~ ~~~~~~~~~~~^
src/Mac/DirectX_9/CDirect3DDevice.c:2287:33: warning: implicit conversion loses integer precision: 'const DWORD' (aka 'const unsigned long') to 'UINT32' (aka 'unsigned int') [-Wshorten-64-to-32]
 2287 |     dev->viewportY = pViewport->Y;
      |                    ~ ~~~~~~~~~~~^
src/Mac/DirectX_9/CDirect3DDevice.c:2288:33: warning: implicit conversion loses integer precision: 'const DWORD' (aka 'const unsigned long') to 'UINT32' (aka 'unsigned int') [-Wshorten-64-to-32]
 2288 |     dev->viewportW = pViewport->Width;
      |                    ~ ~~~~~~~~~~~^~~~~
src/Mac/DirectX_9/CDirect3DDevice.c:2289:33: warning: implicit conversion loses integer precision: 'const DWORD' (aka 'const unsigned long') to 'UINT32' (aka 'unsigned int') [-Wshorten-64-to-32]
 2289 |     dev->viewportH = pViewport->Height;
      |                    ~ ~~~~~~~~~~~^~~~~~
src/Mac/DirectX_9/CDirect3DDevice.c:2293:73: warning: implicit conversion loses integer precision: 'const DWORD' (aka 'const unsigned long') to 'int' [-Wshorten-64-to-32]
 2293 |     glViewport(pViewport->X, pViewport->Y, pViewport->Width, pViewport->Height);
      |     ~~~~~~~~~~                                               ~~~~~~~~~~~^~~~~~
src/Mac/DirectX_9/CDirect3DDevice.c:2293:55: warning: implicit conversion loses integer precision: 'const DWORD' (aka 'const unsigned long') to 'int' [-Wshorten-64-to-32]
 2293 |     glViewport(pViewport->X, pViewport->Y, pViewport->Width, pViewport->Height);
      |     ~~~~~~~~~~                             ~~~~~~~~~~~^~~~~
src/Mac/DirectX_9/CDirect3DDevice.c:2293:41: warning: implicit conversion loses integer precision: 'const DWORD' (aka 'const unsigned long') to 'int' [-Wshorten-64-to-32]
 2293 |     glViewport(pViewport->X, pViewport->Y, pViewport->Width, pViewport->Height);
      |     ~~~~~~~~~~               ~~~~~~~~~~~^
src/Mac/DirectX_9/CDirect3DDevice.c:2293:27: warning: implicit conversion loses integer precision: 'const DWORD' (aka 'const unsigned long') to 'int' [-Wshorten-64-to-32]
 2293 |     glViewport(pViewport->X, pViewport->Y, pViewport->Width, pViewport->Height);
      |     ~~~~~~~~~~ ~~~~~~~~~~~^
src/Mac/DirectX_9/CDirect3DDevice.c:2480:36: warning: passing arguments to 'glProgramEnvParameter4fvARB' without a prototype is deprecated in all versions of C and is not supported in C23 [-Wdeprecated-non-prototype]
 2480 |         glProgramEnvParameter4fvARB(0x8620, i, pf);
      |                                    ^
src/Mac/DirectX_9/CDirect3DDevice.c:2731:18: warning: passing arguments to 'glLoadMatrixf' without a prototype is deprecated in all versions of C and is not supported in C23 [-Wdeprecated-non-prototype]
 2731 |     glLoadMatrixf(ortho);
      |                  ^
src/Mac/DirectX_9/CDirect3DDevice.c:2743:29: warning: passing arguments to 'glClientActiveTextureARB' without a prototype is deprecated in all versions of C and is not supported in C23 [-Wdeprecated-non-prototype]
 2743 |     glClientActiveTextureARB(GL_TEXTURE0_ARB);
      |                             ^
src/Mac/DirectX_9/CDirect3DDevice.c:2747:14: warning: passing arguments to 'glTexEnvi' without a prototype is deprecated in all versions of C and is not supported in C23 [-Wdeprecated-non-prototype]
 2747 |     glTexEnvi(0x2300 /*TEXTURE_ENV*/, 0x2200 /*TEXTURE_ENV_MODE*/, 0x1E01 /*REPLACE*/);
      |              ^
src/Mac/DirectX_9/CDirect3DDevice.c:2749:25: warning: passing arguments to 'glDisableClientState' without a prototype is deprecated in all versions of C and is not supported in C23 [-Wdeprecated-non-prototype]
 2749 |     glDisableClientState(0x8076 /*COLOR_ARRAY*/);
      |                         ^
src/Mac/DirectX_9/CDirect3DDevice.c:2750:24: warning: passing arguments to 'glEnableClientState' without a prototype is deprecated in all versions of C and is not supported in C23 [-Wdeprecated-non-prototype]
 2750 |     glEnableClientState(0x8074 /*VERTEX_ARRAY*/);
      |                        ^
src/Mac/DirectX_9/CDirect3DDevice.c:2751:20: warning: passing arguments to 'glVertexPointer' without a prototype is deprecated in all versions of C and is not supported in C23 [-Wdeprecated-non-prototype]
 2751 |     glVertexPointer(2, 0x1406 /*FLOAT*/, 0, pos);
      |                    ^
src/Mac/DirectX_9/CDirect3DDevice.c:2752:24: warning: passing arguments to 'glEnableClientState' without a prototype is deprecated in all versions of C and is not supported in C23 [-Wdeprecated-non-prototype]
 2752 |     glEnableClientState(0x8078 /*TEXTURE_COORD_ARRAY*/);
      |                        ^
src/Mac/DirectX_9/CDirect3DDevice.c:2753:22: warning: passing arguments to 'glTexCoordPointer' without a prototype is deprecated in all versions of C and is not supported in C23 [-Wdeprecated-non-prototype]
 2753 |     glTexCoordPointer(2, 0x1406, 0, uv);
      |                      ^
src/Mac/DirectX_9/CDirect3DDevice.c:2757:25: warning: passing arguments to 'glDisableClientState' without a prototype is deprecated in all versions of C and is not supported in C23 [-Wdeprecated-non-prototype]
 2757 |     glDisableClientState(0x8074);
      |                         ^
src/Mac/DirectX_9/CDirect3DDevice.c:2758:25: warning: passing arguments to 'glDisableClientState' without a prototype is deprecated in all versions of C and is not supported in C23 [-Wdeprecated-non-prototype]
 2758 |     glDisableClientState(0x8078);
      |                         ^
src/Mac/DirectX_9/CDirect3DDevice.c:3091:18: warning: passing arguments to 'glTexEnvi' without a prototype is deprecated in all versions of C and is not supported in C23 [-Wdeprecated-non-prototype]
 3091 |         glTexEnvi(GL_TEXTURE_ENV_, glEnum, val);
      |                  ^
src/Mac/DirectX_9/CDirect3DDevice.c:3109:52: warning: implicit conversion loses integer precision: 'GLenum' (aka 'unsigned long') to 'int' [-Wshorten-64-to-32]
 3109 |     Cmb_SetI(_this, Unit, u, 112, CMB_COMBINE_RGB, ColorOp);
      |     ~~~~~~~~                                       ^~~~~~~
src/Mac/DirectX_9/CDirect3DDevice.c:3111:49: warning: implicit conversion loses integer precision: 'GLenum' (aka 'unsigned long') to 'int' [-Wshorten-64-to-32]
 3111 |     Cmb_SetI(_this, Unit, u, 116, CMB_SRC0_RGB, Source0);
      |     ~~~~~~~~                                    ^~~~~~~
src/Mac/DirectX_9/CDirect3DDevice.c:3112:48: warning: implicit conversion loses integer precision: 'GLenum' (aka 'unsigned long') to 'int' [-Wshorten-64-to-32]
 3112 |     Cmb_SetI(_this, Unit, u, 120, CMB_OP0_RGB, Operand0);
      |     ~~~~~~~~                                   ^~~~~~~~
src/Mac/DirectX_9/CDirect3DDevice.c:3120:52: warning: implicit conversion loses integer precision: 'GLenum' (aka 'unsigned long') to 'int' [-Wshorten-64-to-32]
 3120 |     Cmb_SetI(_this, Unit, u, 112, CMB_COMBINE_RGB, ColorOp);
      |     ~~~~~~~~                                       ^~~~~~~
src/Mac/DirectX_9/CDirect3DDevice.c:3122:49: warning: implicit conversion loses integer precision: 'GLenum' (aka 'unsigned long') to 'int' [-Wshorten-64-to-32]
 3122 |     Cmb_SetI(_this, Unit, u, 124, CMB_SRC1_RGB, Source1);
      |     ~~~~~~~~                                    ^~~~~~~
src/Mac/DirectX_9/CDirect3DDevice.c:3123:48: warning: implicit conversion loses integer precision: 'GLenum' (aka 'unsigned long') to 'int' [-Wshorten-64-to-32]
 3123 |     Cmb_SetI(_this, Unit, u, 128, CMB_OP1_RGB, Operand1);
      |     ~~~~~~~~                                   ^~~~~~~~
src/Mac/DirectX_9/CDirect3DDevice.c:3124:49: warning: implicit conversion loses integer precision: 'GLenum' (aka 'unsigned long') to 'int' [-Wshorten-64-to-32]
 3124 |     Cmb_SetI(_this, Unit, u, 116, CMB_SRC0_RGB, Source0);
      |     ~~~~~~~~                                    ^~~~~~~
src/Mac/DirectX_9/CDirect3DDevice.c:3125:48: warning: implicit conversion loses integer precision: 'GLenum' (aka 'unsigned long') to 'int' [-Wshorten-64-to-32]
 3125 |     Cmb_SetI(_this, Unit, u, 120, CMB_OP0_RGB, Operand0);
      |     ~~~~~~~~                                   ^~~~~~~~
src/Mac/DirectX_9/CDirect3DDevice.c:3134:52: warning: implicit conversion loses integer precision: 'GLenum' (aka 'unsigned long') to 'int' [-Wshorten-64-to-32]
 3134 |     Cmb_SetI(_this, Unit, u, 112, CMB_COMBINE_RGB, ColorOp);
      |     ~~~~~~~~                                       ^~~~~~~
src/Mac/DirectX_9/CDirect3DDevice.c:3136:49: warning: implicit conversion loses integer precision: 'GLenum' (aka 'unsigned long') to 'int' [-Wshorten-64-to-32]
 3136 |     Cmb_SetI(_this, Unit, u, 132, CMB_SRC2_RGB, Source2);
      |     ~~~~~~~~                                    ^~~~~~~
src/Mac/DirectX_9/CDirect3DDevice.c:3137:48: warning: implicit conversion loses integer precision: 'GLenum' (aka 'unsigned long') to 'int' [-Wshorten-64-to-32]
 3137 |     Cmb_SetI(_this, Unit, u, 136, CMB_OP2_RGB, Operand2);
      |     ~~~~~~~~                                   ^~~~~~~~
src/Mac/DirectX_9/CDirect3DDevice.c:3138:49: warning: implicit conversion loses integer precision: 'GLenum' (aka 'unsigned long') to 'int' [-Wshorten-64-to-32]
 3138 |     Cmb_SetI(_this, Unit, u, 124, CMB_SRC1_RGB, Source1);
      |     ~~~~~~~~                                    ^~~~~~~
src/Mac/DirectX_9/CDirect3DDevice.c:3139:48: warning: implicit conversion loses integer precision: 'GLenum' (aka 'unsigned long') to 'int' [-Wshorten-64-to-32]
 3139 |     Cmb_SetI(_this, Unit, u, 128, CMB_OP1_RGB, Operand1);
      |     ~~~~~~~~                                   ^~~~~~~~
src/Mac/DirectX_9/CDirect3DDevice.c:3140:49: warning: implicit conversion loses integer precision: 'GLenum' (aka 'unsigned long') to 'int' [-Wshorten-64-to-32]
 3140 |     Cmb_SetI(_this, Unit, u, 116, CMB_SRC0_RGB, Source0);
      |     ~~~~~~~~                                    ^~~~~~~
src/Mac/DirectX_9/CDirect3DDevice.c:3141:48: warning: implicit conversion loses integer precision: 'GLenum' (aka 'unsigned long') to 'int' [-Wshorten-64-to-32]
 3141 |     Cmb_SetI(_this, Unit, u, 120, CMB_OP0_RGB, Operand0);
      |     ~~~~~~~~                                   ^~~~~~~~
src/Mac/DirectX_9/CDirect3DDevice.c:3149:54: warning: implicit conversion loses integer precision: 'GLenum' (aka 'unsigned long') to 'int' [-Wshorten-64-to-32]
 3149 |     Cmb_SetI(_this, Unit, u, 140, CMB_COMBINE_ALPHA, AlphaOp);
      |     ~~~~~~~~                                         ^~~~~~~
src/Mac/DirectX_9/CDirect3DDevice.c:3151:51: warning: implicit conversion loses integer precision: 'GLenum' (aka 'unsigned long') to 'int' [-Wshorten-64-to-32]
 3151 |     Cmb_SetI(_this, Unit, u, 144, CMB_SRC0_ALPHA, Source0);
      |     ~~~~~~~~                                      ^~~~~~~
src/Mac/DirectX_9/CDirect3DDevice.c:3152:50: warning: implicit conversion loses integer precision: 'GLenum' (aka 'unsigned long') to 'int' [-Wshorten-64-to-32]
 3152 |     Cmb_SetI(_this, Unit, u, 148, CMB_OP0_ALPHA, Operand0);
      |     ~~~~~~~~                                     ^~~~~~~~
src/Mac/DirectX_9/CDirect3DDevice.c:3160:54: warning: implicit conversion loses integer precision: 'GLenum' (aka 'unsigned long') to 'int' [-Wshorten-64-to-32]
 3160 |     Cmb_SetI(_this, Unit, u, 140, CMB_COMBINE_ALPHA, AlphaOp);
      |     ~~~~~~~~                                         ^~~~~~~
src/Mac/DirectX_9/CDirect3DDevice.c:3162:51: warning: implicit conversion loses integer precision: 'GLenum' (aka 'unsigned long') to 'int' [-Wshorten-64-to-32]
 3162 |     Cmb_SetI(_this, Unit, u, 152, CMB_SRC1_ALPHA, Source1);
      |     ~~~~~~~~                                      ^~~~~~~
src/Mac/DirectX_9/CDirect3DDevice.c:3163:50: warning: implicit conversion loses integer precision: 'GLenum' (aka 'unsigned long') to 'int' [-Wshorten-64-to-32]
 3163 |     Cmb_SetI(_this, Unit, u, 156, CMB_OP1_ALPHA, Operand1);
      |     ~~~~~~~~                                     ^~~~~~~~
src/Mac/DirectX_9/CDirect3DDevice.c:3164:51: warning: implicit conversion loses integer precision: 'GLenum' (aka 'unsigned long') to 'int' [-Wshorten-64-to-32]
 3164 |     Cmb_SetI(_this, Unit, u, 144, CMB_SRC0_ALPHA, Source0);
      |     ~~~~~~~~                                      ^~~~~~~
src/Mac/DirectX_9/CDirect3DDevice.c:3165:50: warning: implicit conversion loses integer precision: 'GLenum' (aka 'unsigned long') to 'int' [-Wshorten-64-to-32]
 3165 |     Cmb_SetI(_this, Unit, u, 148, CMB_OP0_ALPHA, Operand0);
      |     ~~~~~~~~                                     ^~~~~~~~
src/Mac/DirectX_9/CDirect3DDevice.c:3174:54: warning: implicit conversion loses integer precision: 'GLenum' (aka 'unsigned long') to 'int' [-Wshorten-64-to-32]
 3174 |     Cmb_SetI(_this, Unit, u, 140, CMB_COMBINE_ALPHA, AlphaOp);
      |     ~~~~~~~~                                         ^~~~~~~
src/Mac/DirectX_9/CDirect3DDevice.c:3176:51: warning: implicit conversion loses integer precision: 'GLenum' (aka 'unsigned long') to 'int' [-Wshorten-64-to-32]
 3176 |     Cmb_SetI(_this, Unit, u, 160, CMB_SRC2_ALPHA, Source2);
      |     ~~~~~~~~                                      ^~~~~~~
src/Mac/DirectX_9/CDirect3DDevice.c:3177:50: warning: implicit conversion loses integer precision: 'GLenum' (aka 'unsigned long') to 'int' [-Wshorten-64-to-32]
 3177 |     Cmb_SetI(_this, Unit, u, 164, CMB_OP2_ALPHA, Operand2);
      |     ~~~~~~~~                                     ^~~~~~~~
src/Mac/DirectX_9/CDirect3DDevice.c:3178:51: warning: implicit conversion loses integer precision: 'GLenum' (aka 'unsigned long') to 'int' [-Wshorten-64-to-32]
 3178 |     Cmb_SetI(_this, Unit, u, 152, CMB_SRC1_ALPHA, Source1);
      |     ~~~~~~~~                                      ^~~~~~~
src/Mac/DirectX_9/CDirect3DDevice.c:3179:50: warning: implicit conversion loses integer precision: 'GLenum' (aka 'unsigned long') to 'int' [-Wshorten-64-to-32]
 3179 |     Cmb_SetI(_this, Unit, u, 156, CMB_OP1_ALPHA, Operand1);
      |     ~~~~~~~~                                     ^~~~~~~~
src/Mac/DirectX_9/CDirect3DDevice.c:3180:51: warning: implicit conversion loses integer precision: 'GLenum' (aka 'unsigned long') to 'int' [-Wshorten-64-to-32]
 3180 |     Cmb_SetI(_this, Unit, u, 144, CMB_SRC0_ALPHA, Source0);
      |     ~~~~~~~~                                      ^~~~~~~
src/Mac/DirectX_9/CDirect3DDevice.c:3181:50: warning: implicit conversion loses integer precision: 'GLenum' (aka 'unsigned long') to 'int' [-Wshorten-64-to-32]
 3181 |     Cmb_SetI(_this, Unit, u, 148, CMB_OP0_ALPHA, Operand0);
      |     ~~~~~~~~                                     ^~~~~~~~
src/Mac/DirectX_9/CDirect3DDevice.c:3209:17: warning: incompatible pointer types assigning to 'void **' from 'fnptr_t[]' (aka 'void (*[])(void)') [-Wincompatible-pointer-types]
 3209 |     dev->vtable = vtbl_CDirect3DDevice;
      |                 ^ ~~~~~~~~~~~~~~~~~~~~
src/Mac/DirectX_9/CDirect3DDevice.c:3221:17: warning: incompatible pointer types assigning to 'void **' from 'fnptr_t[]' (aka 'void (*[])(void)') [-Wincompatible-pointer-types]
 3221 |     dev->vtable = vtbl_CDirect3DDevice;
      |                 ^ ~~~~~~~~~~~~~~~~~~~~
src/Mac/DirectX_9/CDirect3DDevice.c:3281:17: warning: incompatible pointer types assigning to 'void **' from 'fnptr_t[]' (aka 'void (*[])(void)') [-Wincompatible-pointer-types]
 3281 |     dev->vtable = vtbl_CDirect3DDevice;
      |                 ^ ~~~~~~~~~~~~~~~~~~~~
126 warnings generated.

# Translation unit: src/Mac/DirectX_9/CDirect3DIndexBuffer.c
src/Mac/DirectX_9/CDirect3DIndexBuffer.c:51:16: warning: incompatible pointer types assigning to 'void **' from 'fnptr_t[]' (aka 'void (*[])(void)') [-Wincompatible-pointer-types]
   51 |     ib->vtable = vtbl_CDirect3DIndexBuffer;
      |                ^ ~~~~~~~~~~~~~~~~~~~~~~~~~
src/Mac/DirectX_9/CDirect3DIndexBuffer.c:94:16: warning: incompatible pointer types assigning to 'void **' from 'fnptr_t[]' (aka 'void (*[])(void)') [-Wincompatible-pointer-types]
   94 |     ib->vtable = vtbl_CDirect3DIndexBuffer;
      |                ^ ~~~~~~~~~~~~~~~~~~~~~~~~~
2 warnings generated.

# Translation unit: src/Mac/DirectX_9/CDirect3DPixelShader.c
src/Mac/DirectX_9/CDirect3DPixelShader.c:129:20: warning: incompatible pointer types assigning to 'void **' from 'fnptr_t[]' (aka 'void (*[])(void)') [-Wincompatible-pointer-types]
  129 |     shader->vtable = vtbl_CDirect3DPixelShader_base;
      |                    ^ ~~~~~~~~~~~~~~~~~~~~~~~~~~~~~~
src/Mac/DirectX_9/CDirect3DPixelShader.c:148:5: warning: void function 'COpenGLATITextFragmentShader_Enable' should not return a value [-Wreturn-mismatch]
  148 |     return 0;
      |     ^      ~
src/Mac/DirectX_9/CDirect3DPixelShader.c:155:5: warning: void function 'COpenGLATITextFragmentShader_Disable' should not return a value [-Wreturn-mismatch]
  155 |     return 0;
      |     ^      ~
src/Mac/DirectX_9/CDirect3DPixelShader.c:166:5: warning: void function 'COpenGLATITextFragmentShader_SetConstants' should not return a value [-Wreturn-mismatch]
  166 |     return 0;
      |     ^      ~
src/Mac/DirectX_9/CDirect3DPixelShader.c:176:20: warning: incompatible pointer types assigning to 'void **' from 'fnptr_t[]' (aka 'void (*[])(void)') [-Wincompatible-pointer-types]
  176 |     shader->vtable = vtbl_CDirect3DPixelShader_ATI;
      |                    ^ ~~~~~~~~~~~~~~~~~~~~~~~~~~~~~
src/Mac/DirectX_9/CDirect3DPixelShader.c:181:5: warning: void function 'COpenGLATITextFragmentShader_COpenGLATITextFragmentShader' should not return a value [-Wreturn-mismatch]
  181 |     return 0;
      |     ^      ~
src/Mac/DirectX_9/CDirect3DPixelShader.c:187:20: warning: incompatible pointer types assigning to 'void **' from 'fnptr_t[]' (aka 'void (*[])(void)') [-Wincompatible-pointer-types]
  187 |     shader->vtable = vtbl_CDirect3DPixelShader_ATI;
      |                    ^ ~~~~~~~~~~~~~~~~~~~~~~~~~~~~~
src/Mac/DirectX_9/CDirect3DPixelShader.c:206:5: warning: void function 'COpenGLNVidiaRegisterCombinersProgram_Enable' should not return a value [-Wreturn-mismatch]
  206 |     return 0;
      |     ^      ~
src/Mac/DirectX_9/CDirect3DPixelShader.c:213:5: warning: void function 'COpenGLNVidiaRegisterCombinersProgram_Disable' should not return a value [-Wreturn-mismatch]
  213 |     return 0;
      |     ^      ~
src/Mac/DirectX_9/CDirect3DPixelShader.c:224:5: warning: void function 'COpenGLNVidiaRegisterCombinersProgram_SetConstants' should not return a value [-Wreturn-mismatch]
  224 |     return 0;
      |     ^      ~
src/Mac/DirectX_9/CDirect3DPixelShader.c:232:21: warning: incompatible pointer types assigning to 'void **' from 'fnptr_t[]' (aka 'void (*[])(void)') [-Wincompatible-pointer-types]
  232 |     program->vtable = vtbl_CDirect3DPixelShader_NVidia;
      |                     ^ ~~~~~~~~~~~~~~~~~~~~~~~~~~~~~~~~
src/Mac/DirectX_9/CDirect3DPixelShader.c:237:5: warning: void function 'COpenGLNVidiaRegisterCombinersProgram_COpenGLNVidiaRegisterCombinersProgram' should not return a value [-Wreturn-mismatch]
  237 |     return 0;
      |     ^      ~
src/Mac/DirectX_9/CDirect3DPixelShader.c:244:21: warning: incompatible pointer types assigning to 'void **' from 'fnptr_t[]' (aka 'void (*[])(void)') [-Wincompatible-pointer-types]
  244 |     program->vtable = vtbl_CDirect3DPixelShader_NVidia;
      |                     ^ ~~~~~~~~~~~~~~~~~~~~~~~~~~~~~~~~
src/Mac/DirectX_9/CDirect3DPixelShader.c:270:25: warning: passing arguments to 'glBindProgramARB' without a prototype is deprecated in all versions of C and is not supported in C23 [-Wdeprecated-non-prototype]
  270 |         glBindProgramARB(0x8804, program->programId);
      |                         ^
src/Mac/DirectX_9/CDirect3DPixelShader.c:272:5: warning: void function 'COpenGLARBFragmentProgram_Enable' should not return a value [-Wreturn-mismatch]
  272 |     return 0;
      |     ^      ~
src/Mac/DirectX_9/CDirect3DPixelShader.c:279:21: warning: passing arguments to 'glBindProgramARB' without a prototype is deprecated in all versions of C and is not supported in C23 [-Wdeprecated-non-prototype]
  279 |     glBindProgramARB(0x8804, 0);
      |                     ^
src/Mac/DirectX_9/CDirect3DPixelShader.c:280:5: warning: void function 'COpenGLARBFragmentProgram_Disable' should not return a value [-Wreturn-mismatch]
  280 |     return 0;
      |     ^      ~
src/Mac/DirectX_9/CDirect3DPixelShader.c:290:36: warning: passing arguments to 'glProgramEnvParameter4fvARB' without a prototype is deprecated in all versions of C and is not supported in C23 [-Wdeprecated-non-prototype]
  290 |         glProgramEnvParameter4fvARB(0x8804, Register + i, pf);
      |                                    ^
src/Mac/DirectX_9/CDirect3DPixelShader.c:293:5: warning: void function 'COpenGLARBFragmentProgram_SetConstants' should not return a value [-Wreturn-mismatch]
  293 |     return 0;
      |     ^      ~
src/Mac/DirectX_9/CDirect3DPixelShader.c:303:21: warning: incompatible pointer types assigning to 'void **' from 'fnptr_t[]' (aka 'void (*[])(void)') [-Wincompatible-pointer-types]
  303 |     program->vtable = vtbl_CDirect3DPixelShader_ARB;
      |                     ^ ~~~~~~~~~~~~~~~~~~~~~~~~~~~~~
src/Mac/DirectX_9/CDirect3DPixelShader.c:312:9: warning: void function 'COpenGLARBFragmentProgram_COpenGLARBFragmentProgram' should not return a value [-Wreturn-mismatch]
  312 |         return 0;
      |         ^      ~
src/Mac/DirectX_9/CDirect3DPixelShader.c:331:21: warning: passing arguments to 'glGenProgramsARB' without a prototype is deprecated in all versions of C and is not supported in C23 [-Wdeprecated-non-prototype]
  331 |     glGenProgramsARB(1, &program->programId);
      |                     ^
src/Mac/DirectX_9/CDirect3DPixelShader.c:332:21: warning: passing arguments to 'glBindProgramARB' without a prototype is deprecated in all versions of C and is not supported in C23 [-Wdeprecated-non-prototype]
  332 |     glBindProgramARB(0x8804, program->programId);
      |                     ^
src/Mac/DirectX_9/CDirect3DPixelShader.c:333:23: warning: passing arguments to 'glProgramStringARB' without a prototype is deprecated in all versions of C and is not supported in C23 [-Wdeprecated-non-prototype]
  333 |     glProgramStringARB(0x8804, 0x8875 ,
      |                       ^
src/Mac/DirectX_9/CDirect3DPixelShader.c:341:31: warning: format specifies type 'unsigned int' but the argument has type 'GLuint' (aka 'unsigned long') [-Wformat]
  340 |             fprintf(stderr, "[ARB FP] Compile error at position %d in program %u\n",
      |                                                                               ~~
      |                                                                               %lu
  341 |                     errorPos, program->programId);
      |                               ^~~~~~~~~~~~~~~~~~
src/Mac/DirectX_9/CDirect3DPixelShader.c:345:21: warning: passing arguments to 'glBindProgramARB' without a prototype is deprecated in all versions of C and is not supported in C23 [-Wdeprecated-non-prototype]
  345 |     glBindProgramARB(0x8804, 0);
      |                     ^
src/Mac/DirectX_9/CDirect3DPixelShader.c:347:5: warning: void function 'COpenGLARBFragmentProgram_COpenGLARBFragmentProgram' should not return a value [-Wreturn-mismatch]
  347 |     return 0;
      |     ^      ~
src/Mac/DirectX_9/CDirect3DPixelShader.c:314:15: warning: implicit conversion loses integer precision: 'unsigned long' to 'int' [-Wshorten-64-to-32]
  314 |     codeLen = strlen(codeStr);
      |             ~ ^~~~~~~~~~~~~~~
src/Mac/DirectX_9/CDirect3DPixelShader.c:354:21: warning: incompatible pointer types assigning to 'void **' from 'fnptr_t[]' (aka 'void (*[])(void)') [-Wincompatible-pointer-types]
  354 |     program->vtable = vtbl_CDirect3DPixelShader_ARB;
      |                     ^ ~~~~~~~~~~~~~~~~~~~~~~~~~~~~~
src/Mac/DirectX_9/CDirect3DPixelShader.c:356:28: warning: passing arguments to 'glDeleteProgramsARB' without a prototype is deprecated in all versions of C and is not supported in C23 [-Wdeprecated-non-prototype]
  356 |         glDeleteProgramsARB(1, &program->programId);
      |                            ^
30 warnings generated.

# Translation unit: src/Mac/DirectX_9/CDirect3DSurface.c
src/Mac/DirectX_9/CDirect3DSurface.c:85:21: warning: incompatible pointer types assigning to 'void **' from 'fnptr_t[]' (aka 'void (*[])(void)') [-Wincompatible-pointer-types]
   85 |     surface->vtable = vtbl_CDirect3DSurface;
      |                     ^ ~~~~~~~~~~~~~~~~~~~~~
src/Mac/DirectX_9/CDirect3DSurface.c:142:36: warning: cast to smaller integer type 'unsigned int' from 'byte *' (aka 'unsigned char *') [-Wpointer-to-int-cast]
  142 |     if (!surface->surfaceMemory || (unsigned int)surface->surfaceMemory >= 0xf0000000) {
      |                                    ^~~~~~~~~~~~~~~~~~~~~~~~~~~~~~~~~~~~
src/Mac/DirectX_9/CDirect3DSurface.c:207:34: warning: passing arguments to 'glCompressedTexImage2DARB' without a prototype is deprecated in all versions of C and is not supported in C23 [-Wdeprecated-non-prototype]
  207 |         glCompressedTexImage2DARB(target, surface->level,
      |                                  ^
src/Mac/DirectX_9/CDirect3DSurface.c:212:54: warning: implicit conversion loses integer precision: 'GLenum' (aka 'unsigned long') to 'unsigned int' [-Wshorten-64-to-32]
  210 |         glTexImage2D(target, surface->level,
      |         ~~~~~~~~~~~~
  211 |                      surface->openGLInternalFormat, w, h, 0,
  212 |                      surface->openGLFormat, surface->openGLElementType, surface->surfaceMemory);
      |                                             ~~~~~~~~~^~~~~~~~~~~~~~~~~
src/Mac/DirectX_9/CDirect3DSurface.c:212:31: warning: implicit conversion loses integer precision: 'GLenum' (aka 'unsigned long') to 'unsigned int' [-Wshorten-64-to-32]
  210 |         glTexImage2D(target, surface->level,
      |         ~~~~~~~~~~~~
  211 |                      surface->openGLInternalFormat, w, h, 0,
  212 |                      surface->openGLFormat, surface->openGLElementType, surface->surfaceMemory);
      |                      ~~~~~~~~~^~~~~~~~~~~~
src/Mac/DirectX_9/CDirect3DSurface.c:211:31: warning: implicit conversion loses integer precision: 'GLenum' (aka 'unsigned long') to 'int' [-Wshorten-64-to-32]
  210 |         glTexImage2D(target, surface->level,
      |         ~~~~~~~~~~~~
  211 |                      surface->openGLInternalFormat, w, h, 0,
      |                      ~~~~~~~~~^~~~~~~~~~~~~~~~~~~~
src/Mac/DirectX_9/CDirect3DSurface.c:210:22: warning: implicit conversion loses integer precision: 'GLenum' (aka 'unsigned long') to 'unsigned int' [-Wshorten-64-to-32]
  210 |         glTexImage2D(target, surface->level,
      |         ~~~~~~~~~~~~ ^~~~~~
src/Mac/DirectX_9/CDirect3DSurface.c:237:34: warning: passing arguments to 'glCompressedTexSubImage2D' without a prototype is deprecated in all versions of C and is not supported in C23 [-Wdeprecated-non-prototype]
  237 |         glCompressedTexSubImage2D(target, surface->level, 0, 0,
      |                                  ^
src/Mac/DirectX_9/CDirect3DSurface.c:240:24: warning: passing arguments to 'glTexSubImage2D' without a prototype is deprecated in all versions of C and is not supported in C23 [-Wdeprecated-non-prototype]
  240 |         glTexSubImage2D(target, surface->level, 0, 0,
      |                        ^
src/Mac/DirectX_9/CDirect3DSurface.c:265:21: warning: incompatible pointer types assigning to 'void **' from 'fnptr_t[]' (aka 'void (*[])(void)') [-Wincompatible-pointer-types]
  265 |     surface->vtable = vtbl_CDirect3DSurface;
      |                     ^ ~~~~~~~~~~~~~~~~~~~~~
10 warnings generated.

# Translation unit: src/Mac/DirectX_9/CDirect3DSwapChain.c
src/Mac/DirectX_9/CDirect3DSwapChain.c:36:23: warning: incompatible pointer types assigning to 'void **' from 'fnptr_t[]' (aka 'void (*[])(void)') [-Wincompatible-pointer-types]
   36 |     swapChain->vtable = vtbl_CDirect3DSwapChain;
      |                       ^ ~~~~~~~~~~~~~~~~~~~~~~~
src/Mac/DirectX_9/CDirect3DSwapChain.c:127:23: warning: incompatible pointer types assigning to 'void **' from 'fnptr_t[]' (aka 'void (*[])(void)') [-Wincompatible-pointer-types]
  127 |     swapChain->vtable = vtbl_CDirect3DSwapChain;
      |                       ^ ~~~~~~~~~~~~~~~~~~~~~~~
src/Mac/DirectX_9/CDirect3DSwapChain.c:130:12: warning: cast to smaller integer type 'int' from 'const CDirect3DSwapChain *' (aka 'const struct CDirect3DSwapChain *') [-Wpointer-to-int-cast]
  130 |     return (int)_this;
      |            ^~~~~~~~~~
3 warnings generated.

# Translation unit: src/Mac/DirectX_9/CDirect3DTexture.c
src/Mac/DirectX_9/CDirect3DTexture.c:130:43: warning: implicit conversion loses integer precision: 'GLuint' (aka 'unsigned long') to 'unsigned int' [-Wshorten-64-to-32]
  130 |         glBindTexture(GL_TEXTURE_2D, tex->texIDStorage);
      |         ~~~~~~~~~~~~~                ~~~~~^~~~~~~~~~~~
src/Mac/DirectX_9/CDirect3DTexture.c:191:24: warning: incompatible pointer types assigning to 'void **' from 'fnptr_t[]' (aka 'void (*[])(void)') [-Wincompatible-pointer-types]
  191 |     tex->primaryVtable = vtbl_CDirect3DTexture;
      |                        ^ ~~~~~~~~~~~~~~~~~~~~~
src/Mac/DirectX_9/CDirect3DTexture.c:204:29: warning: incompatible pointer types passing 'GLuint *' (aka 'unsigned long *') to parameter of type 'const unsigned int *' [-Wincompatible-pointer-types]
  204 |         glDeleteTextures(1, &tex->texIDStorage);
      |                             ^~~~~~~~~~~~~~~~~~
src/imports/opengl.h:127:50: note: passing argument to parameter 'textures' here
  127 | void glDeleteTextures(int n, const unsigned int *textures);
      |                                                  ^
src/Mac/DirectX_9/CDirect3DTexture.c:235:24: warning: incompatible pointer types assigning to 'void **' from 'fnptr_t[]' (aka 'void (*[])(void)') [-Wincompatible-pointer-types]
  235 |     tex->primaryVtable = vtbl_CDirect3DTexture;
      |                        ^ ~~~~~~~~~~~~~~~~~~~~~
src/Mac/DirectX_9/CDirect3DTexture.c:261:22: warning: incompatible pointer types passing 'GLuint *' (aka 'unsigned long *') to parameter of type 'unsigned int *' [-Wincompatible-pointer-types]
  261 |     glGenTextures(1, &tex->texIDStorage);
      |                      ^~~~~~~~~~~~~~~~~~
src/imports/opengl.h:150:41: note: passing argument to parameter 'textures' here
  150 | void glGenTextures(int n, unsigned int *textures);
      |                                         ^
src/Mac/DirectX_9/CDirect3DTexture.c:263:39: warning: implicit conversion loses integer precision: 'GLuint' (aka 'unsigned long') to 'unsigned int' [-Wshorten-64-to-32]
  263 |     glBindTexture(GL_TEXTURE_2D, tex->texIDStorage);
      |     ~~~~~~~~~~~~~                ~~~~~^~~~~~~~~~~~
src/Mac/DirectX_9/CDirect3DTexture.c:322:39: warning: implicit conversion loses integer precision: 'GLuint' (aka 'unsigned long') to 'unsigned int' [-Wshorten-64-to-32]
  322 |     glBindTexture(GL_TEXTURE_2D, tex->texIDStorage);
      |     ~~~~~~~~~~~~~                ~~~~~^~~~~~~~~~~~
7 warnings generated.

# Translation unit: src/Mac/DirectX_9/CDirect3DVertexBuffer.c
src/Mac/DirectX_9/CDirect3DVertexBuffer.c:78:16: warning: incompatible pointer types assigning to 'void **' from 'fnptr_t[]' (aka 'void (*[])(void)') [-Wincompatible-pointer-types]
   78 |     vb->vtable = vtbl_CDirect3DVertexBuffer;
      |                ^ ~~~~~~~~~~~~~~~~~~~~~~~~~~
src/Mac/DirectX_9/CDirect3DVertexBuffer.c:98:16: warning: incompatible pointer types assigning to 'void **' from 'fnptr_t[]' (aka 'void (*[])(void)') [-Wincompatible-pointer-types]
   98 |     vb->vtable = vtbl_CDirect3DVertexBuffer;
      |                ^ ~~~~~~~~~~~~~~~~~~~~~~~~~~
2 warnings generated.

# Translation unit: src/Mac/DirectX_9/CDirect3DVertexDeclaration.c
src/Mac/DirectX_9/CDirect3DVertexDeclaration.c:120:25: warning: incompatible pointer types assigning to 'void **' from 'fnptr_t[]' (aka 'void (*[])(void)') [-Wincompatible-pointer-types]
  120 |     declaration->vtable = vtbl_CDirect3DVertexDeclaration;
      |                         ^ ~~~~~~~~~~~~~~~~~~~~~~~~~~~~~~~
src/Mac/DirectX_9/CDirect3DVertexDeclaration.c:223:25: warning: incompatible pointer types assigning to 'void **' from 'fnptr_t[]' (aka 'void (*[])(void)') [-Wincompatible-pointer-types]
  223 |     declaration->vtable = vtbl_CDirect3DVertexDeclaration;
      |                         ^ ~~~~~~~~~~~~~~~~~~~~~~~~~~~~~~~
2 warnings generated.

# Translation unit: src/Mac/DirectX_9/CDirect3DVertexShader.c
src/Mac/DirectX_9/CDirect3DVertexShader.c:66:27: warning: incompatible pointer types assigning to 'void **' from 'fnptr_t[]' (aka 'void (*[])(void)') [-Wincompatible-pointer-types]
   66 |     shader->vtablePrimary = vtbl_CDirect3DVertexShader;
      |                           ^ ~~~~~~~~~~~~~~~~~~~~~~~~~~
src/Mac/DirectX_9/CDirect3DVertexShader.c:67:29: warning: incompatible pointer types assigning to 'void **' from 'fnptr_t[]' (aka 'void (*[])(void)') [-Wincompatible-pointer-types]
   67 |     shader->vtableSecondary = vtbl_CDirect3DVertexShader_secondary;
      |                             ^ ~~~~~~~~~~~~~~~~~~~~~~~~~~~~~~~~~~~~
src/Mac/DirectX_9/CDirect3DVertexShader.c:86:27: warning: incompatible pointer types assigning to 'void **' from 'fnptr_t[]' (aka 'void (*[])(void)') [-Wincompatible-pointer-types]
   86 |     shader->vtablePrimary = vtbl_CDirect3DVertexShader;
      |                           ^ ~~~~~~~~~~~~~~~~~~~~~~~~~~
src/Mac/DirectX_9/CDirect3DVertexShader.c:87:29: warning: incompatible pointer types assigning to 'void **' from 'fnptr_t[]' (aka 'void (*[])(void)') [-Wincompatible-pointer-types]
   87 |     shader->vtableSecondary = vtbl_CDirect3DVertexShader_secondary;
      |                             ^ ~~~~~~~~~~~~~~~~~~~~~~~~~~~~~~~~~~~~
src/Mac/DirectX_9/CDirect3DVertexShader.c:107:82: warning: incompatible pointer types passing 'char *' to parameter of type 'const CDirect3DVertexShader *' (aka 'const struct CDirect3DVertexShader *') [-Wincompatible-pointer-types]
  107 | void ZThn4_N21CDirect3DVertexShaderD0Ev(void *p) { ZN21CDirect3DVertexShaderD0Ev((char *)p - 4); }
      |                                                                                  ^~~~~~~~~~~~~
src/Mac/DirectX_9/CDirect3DVertexShader.c:71:65: note: passing argument to parameter '_this' here
   71 | void ZN21CDirect3DVertexShaderD0Ev(const CDirect3DVertexShader *_this)
      |                                                                 ^
src/Mac/DirectX_9/CDirect3DVertexShader.c:108:82: warning: incompatible pointer types passing 'char *' to parameter of type 'const CDirect3DVertexShader *' (aka 'const struct CDirect3DVertexShader *') [-Wincompatible-pointer-types]
  108 | void ZThn4_N21CDirect3DVertexShaderD1Ev(void *p) { ZN21CDirect3DVertexShaderD1Ev((char *)p - 4); }
      |                                                                                  ^~~~~~~~~~~~~
src/Mac/DirectX_9/CDirect3DVertexShader.c:61:65: note: passing argument to parameter '_this' here
   61 | void ZN21CDirect3DVertexShaderD1Ev(const CDirect3DVertexShader *_this)
      |                                                                 ^
6 warnings generated.

# Translation unit: src/Mac/DirectX_9/CDirect3DVolumeTexture.c
src/Mac/DirectX_9/CDirect3DVolumeTexture.c:122:34: warning: passing arguments to 'glCompressedTexImage3DARB' without a prototype is deprecated in all versions of C and is not supported in C23 [-Wdeprecated-non-prototype]
  122 |         glCompressedTexImage3DARB(GL_TEXTURE_3D, vol->level,
      |                                  ^
src/Mac/DirectX_9/CDirect3DVolumeTexture.c:125:21: warning: passing arguments to 'glTexImage3D' without a prototype is deprecated in all versions of C and is not supported in C23 [-Wdeprecated-non-prototype]
  125 |         glTexImage3D(GL_TEXTURE_3D, vol->level,
      |                     ^
src/Mac/DirectX_9/CDirect3DVolumeTexture.c:145:34: warning: passing arguments to 'glCompressedTexSubImage3D' without a prototype is deprecated in all versions of C and is not supported in C23 [-Wdeprecated-non-prototype]
  145 |         glCompressedTexSubImage3D(GL_TEXTURE_3D, vol->level, 0, 0, 0,
      |                                  ^
src/Mac/DirectX_9/CDirect3DVolumeTexture.c:148:24: warning: passing arguments to 'glTexSubImage3D' without a prototype is deprecated in all versions of C and is not supported in C23 [-Wdeprecated-non-prototype]
  148 |         glTexSubImage3D(GL_TEXTURE_3D, vol->level, 0, 0, 0,
      |                        ^
src/Mac/DirectX_9/CDirect3DVolumeTexture.c:280:43: warning: implicit conversion loses integer precision: 'GLuint' (aka 'unsigned long') to 'unsigned int' [-Wshorten-64-to-32]
  280 |         glBindTexture(GL_TEXTURE_3D, tex->texIDStorage);
      |         ~~~~~~~~~~~~~                ~~~~~^~~~~~~~~~~~
src/Mac/DirectX_9/CDirect3DVolumeTexture.c:341:29: warning: incompatible pointer types passing 'GLuint *' (aka 'unsigned long *') to parameter of type 'const unsigned int *' [-Wincompatible-pointer-types]
  341 |         glDeleteTextures(1, &tex->texIDStorage);
      |                             ^~~~~~~~~~~~~~~~~~
src/imports/opengl.h:127:50: note: passing argument to parameter 'textures' here
  127 | void glDeleteTextures(int n, const unsigned int *textures);
      |                                                  ^
src/Mac/DirectX_9/CDirect3DVolumeTexture.c:393:22: warning: incompatible pointer types passing 'GLuint *' (aka 'unsigned long *') to parameter of type 'unsigned int *' [-Wincompatible-pointer-types]
  393 |     glGenTextures(1, &tex->texIDStorage);
      |                      ^~~~~~~~~~~~~~~~~~
src/imports/opengl.h:150:41: note: passing argument to parameter 'textures' here
  150 | void glGenTextures(int n, unsigned int *textures);
      |                                         ^
src/Mac/DirectX_9/CDirect3DVolumeTexture.c:395:39: warning: implicit conversion loses integer precision: 'GLuint' (aka 'unsigned long') to 'unsigned int' [-Wshorten-64-to-32]
  395 |     glBindTexture(GL_TEXTURE_3D, tex->texIDStorage);
      |     ~~~~~~~~~~~~~                ~~~~~^~~~~~~~~~~~
8 warnings generated.

# Translation unit: src/Mac/DirectX_9/COpenGL.c
src/Mac/DirectX_9/COpenGL.c:69:27: warning: passing arguments to 'glBlendFuncSeparateEXT' without a prototype is deprecated in all versions of C and is not supported in C23 [-Wdeprecated-non-prototype]
   69 |     glBlendFuncSeparateEXT(SrcFactorRGB, DstFactorRGB, SrcFactorAlpha, DstFactorAlpha);
      |                           ^
src/Mac/DirectX_9/COpenGL.c:65:26: warning: implicit conversion loses integer precision: 'GLenum' (aka 'unsigned long') to 'int' [-Wshorten-64-to-32]
   65 |     *(int *)(p + 2084) = SrcFactorRGB;
      |                        ~ ^~~~~~~~~~~~
src/Mac/DirectX_9/COpenGL.c:66:26: warning: implicit conversion loses integer precision: 'GLenum' (aka 'unsigned long') to 'int' [-Wshorten-64-to-32]
   66 |     *(int *)(p + 2088) = DstFactorRGB;
      |                        ~ ^~~~~~~~~~~~
src/Mac/DirectX_9/COpenGL.c:67:26: warning: implicit conversion loses integer precision: 'GLenum' (aka 'unsigned long') to 'int' [-Wshorten-64-to-32]
   67 |     *(int *)(p + 2092) = SrcFactorAlpha;
      |                        ~ ^~~~~~~~~~~~~~
src/Mac/DirectX_9/COpenGL.c:68:26: warning: implicit conversion loses integer precision: 'GLenum' (aka 'unsigned long') to 'int' [-Wshorten-64-to-32]
   68 |     *(int *)(p + 2096) = DstFactorAlpha;
      |                        ~ ^~~~~~~~~~~~~~
src/Mac/DirectX_9/COpenGL.c:80:26: warning: implicit conversion loses integer precision: 'GLenum' (aka 'unsigned long') to 'int' [-Wshorten-64-to-32]
   80 |     *(int *)(p + 2084) = SrcFactorRGB;
      |                        ~ ^~~~~~~~~~~~
src/Mac/DirectX_9/COpenGL.c:81:26: warning: implicit conversion loses integer precision: 'GLenum' (aka 'unsigned long') to 'int' [-Wshorten-64-to-32]
   81 |     *(int *)(p + 2088) = DstFactorRGB;
      |                        ~ ^~~~~~~~~~~~
src/Mac/DirectX_9/COpenGL.c:82:31: warning: implicit conversion loses integer precision: 'GLenum' (aka 'unsigned long') to 'unsigned int' [-Wshorten-64-to-32]
   82 |     glBlendFunc(SrcFactorRGB, DstFactorRGB);
      |     ~~~~~~~~~~~               ^~~~~~~~~~~~
src/Mac/DirectX_9/COpenGL.c:82:17: warning: implicit conversion loses integer precision: 'GLenum' (aka 'unsigned long') to 'unsigned int' [-Wshorten-64-to-32]
   82 |     glBlendFunc(SrcFactorRGB, DstFactorRGB);
      |     ~~~~~~~~~~~ ^~~~~~~~~~~~
src/Mac/DirectX_9/COpenGL.c:340:25: warning: passing arguments to 'glGenProgramsARB' without a prototype is deprecated in all versions of C and is not supported in C23 [-Wdeprecated-non-prototype]
  340 |         glGenProgramsARB(1, progIdPtr);
      |                         ^
src/Mac/DirectX_9/COpenGL.c:341:25: warning: passing arguments to 'glBindProgramARB' without a prototype is deprecated in all versions of C and is not supported in C23 [-Wdeprecated-non-prototype]
  341 |         glBindProgramARB(0x8620 , *progIdPtr);
      |                         ^
src/Mac/DirectX_9/COpenGL.c:342:27: warning: passing arguments to 'glProgramStringARB' without a prototype is deprecated in all versions of C and is not supported in C23 [-Wdeprecated-non-prototype]
  342 |         glProgramStringARB(0x8620, 0x8875 ,
      |                           ^
src/Mac/DirectX_9/COpenGL.c:348:31: warning: format specifies type 'unsigned int' but the argument has type 'GLuint' (aka 'unsigned long') [-Wformat]
  347 |             fprintf(stderr, "[ARB VP] Compile error at position %d in program %u\n",
      |                                                                               ~~
      |                                                                               %lu
  348 |                     errorPos, *progIdPtr);
      |                               ^~~~~~~~~~
src/Mac/DirectX_9/COpenGL.c:351:25: warning: passing arguments to 'glBindProgramARB' without a prototype is deprecated in all versions of C and is not supported in C23 [-Wdeprecated-non-prototype]
  351 |         glBindProgramARB(0x8620, 0);
      |                         ^
src/Mac/DirectX_9/COpenGL.c:337:19: warning: implicit conversion loses integer precision: 'unsigned long' to 'int' [-Wshorten-64-to-32]
  337 |         int len = strlen(pSrcData);
      |             ~~~   ^~~~~~~~~~~~~~~~
15 warnings generated.

# Translation unit: src/Mac/DirectX_9/COpenGLVAO.c
src/Mac/DirectX_9/COpenGLVAO.c:112:27: warning: passing arguments to 'glGenVertexArraysAPPLE' without a prototype is deprecated in all versions of C and is not supported in C23 [-Wdeprecated-non-prototype]
  112 |     glGenVertexArraysAPPLE(1, vaoId);
      |                           ^
1 warning generated.

# Translation unit: src/Mac/DirectX_9/CVAOPacket.c
src/Mac/DirectX_9/CVAOPacket.c:138:20: warning: incompatible pointer types assigning to 'void **' from 'fnptr_t[]' (aka 'void (*[])(void)') [-Wincompatible-pointer-types]
  138 |     packet->vtable = vtbl_CVAOPacket;
      |                    ^ ~~~~~~~~~~~~~~~
src/Mac/DirectX_9/CVAOPacket.c:146:20: warning: incompatible pointer types assigning to 'void **' from 'fnptr_t[]' (aka 'void (*[])(void)') [-Wincompatible-pointer-types]
  146 |     packet->vtable = vtbl_CVAOPacket;
      |                    ^ ~~~~~~~~~~~~~~~
src/Mac/DirectX_9/CVAOPacket.c:227:33: warning: passing arguments to 'glVertexArrayParameteriAPPLE' without a prototype is deprecated in all versions of C and is not supported in C23 [-Wdeprecated-non-prototype]
  227 |     glVertexArrayParameteriAPPLE(0x851f, 0x85bf);
      |                                 ^
src/Mac/DirectX_9/CVAOPacket.c:313:78: warning: incompatible pointer types assigning to 'void **' from 'fnptr_t[]' (aka 'void (*[])(void)') [-Wincompatible-pointer-types]
  313 |                 ((CVAOPacketImpl *)((unsigned char *)erased + 0x14))->vtable = vtbl_CVAOPacket;
      |                                                                              ^ ~~~~~~~~~~~~~~~
src/Mac/DirectX_9/CVAOPacket.c:382:78: warning: incompatible pointer types assigning to 'void **' from 'fnptr_t[]' (aka 'void (*[])(void)') [-Wincompatible-pointer-types]
  382 |                 ((CVAOPacketImpl *)((unsigned char *)erased + 0x14))->vtable = vtbl_CVAOPacket;
      |                                                                              ^ ~~~~~~~~~~~~~~~
src/Mac/DirectX_9/CVAOPacket.c:427:26: warning: incompatible pointer types assigning to 'void **' from 'fnptr_t[]' (aka 'void (*[])(void)') [-Wincompatible-pointer-types]
  427 |     insertPacket->vtable = vtbl_CVAOPacket;
      |                          ^ ~~~~~~~~~~~~~~~
src/Mac/DirectX_9/CVAOPacket.c:430:23: warning: incompatible pointer types assigning to 'void **' from 'fnptr_t[]' (aka 'void (*[])(void)') [-Wincompatible-pointer-types]
  430 |     newPacket->vtable = vtbl_CVAOPacket;
      |                       ^ ~~~~~~~~~~~~~~~
src/Mac/DirectX_9/CVAOPacket.c:457:28: warning: incompatible pointer types assigning to 'void **' from 'fnptr_t[]' (aka 'void (*[])(void)') [-Wincompatible-pointer-types]
  457 |             packet->vtable = vtbl_CVAOPacket;
      |                            ^ ~~~~~~~~~~~~~~~
8 warnings generated.

# Translation unit: src/Mac/DirectX_9/CVertexArrays.c
src/Mac/DirectX_9/CVertexArrays.c:80:24: warning: passing arguments to 'glEnableClientState' without a prototype is deprecated in all versions of C and is not supported in C23 [-Wdeprecated-non-prototype]
   80 |     glEnableClientState(VA);
      |                        ^
src/Mac/DirectX_9/CVertexArrays.c:86:25: warning: passing arguments to 'glDisableClientState' without a prototype is deprecated in all versions of C and is not supported in C23 [-Wdeprecated-non-prototype]
   86 |     glDisableClientState(VA);
      |                         ^
src/Mac/DirectX_9/CVertexArrays.c:116:19: warning: passing arguments to 'glColorPointer' without a prototype is deprecated in all versions of C and is not supported in C23 [-Wdeprecated-non-prototype]
  116 |     glColorPointer(Size, Type, Stride, Pointer);
      |                   ^
src/Mac/DirectX_9/CVertexArrays.c:140:20: warning: passing arguments to 'glNormalPointer' without a prototype is deprecated in all versions of C and is not supported in C23 [-Wdeprecated-non-prototype]
  140 |     glNormalPointer(Type, Stride, Pointer);
      |                    ^
src/Mac/DirectX_9/CVertexArrays.c:164:20: warning: passing arguments to 'glVertexPointer' without a prototype is deprecated in all versions of C and is not supported in C23 [-Wdeprecated-non-prototype]
  164 |     glVertexPointer(Size, Type, Stride, Pointer);
      |                    ^
src/Mac/DirectX_9/CVertexArrays.c:188:22: warning: passing arguments to 'glTexCoordPointer' without a prototype is deprecated in all versions of C and is not supported in C23 [-Wdeprecated-non-prototype]
  188 |     glTexCoordPointer(Size, Type, Stride, Pointer);
      |                      ^
6 warnings generated.

# Translation unit: src/Mac/DirectX_9/D3DXMath.c
src/Mac/DirectX_9/D3DXMath.c:133:12: warning: cast to smaller integer type 'int' from 'float (*)[10][16]' [-Wpointer-to-int-cast]
  133 |     return (int)pOut;
      |            ^~~~~~~~~
1 warning generated.

# Translation unit: src/Mac/DirectX_9/D3DXShader.c
src/Mac/DirectX_9/D3DXShader.c:53:17: warning: incompatible pointer types assigning to 'void **' from 'fnptr_t[]' (aka 'void (*[])(void)') [-Wincompatible-pointer-types]
   53 |     buf->vtable = vtbl_CD3DXBuffer;
      |                 ^ ~~~~~~~~~~~~~~~~
src/Mac/DirectX_9/D3DXShader.c:67:17: warning: incompatible pointer types assigning to 'void **' from 'fnptr_t[]' (aka 'void (*[])(void)') [-Wincompatible-pointer-types]
   67 |     buf->vtable = vtbl_CD3DXBuffer;
      |                 ^ ~~~~~~~~~~~~~~~~
src/Mac/DirectX_9/D3DXShader.c:297:16: warning: incompatible pointer types assigning to 'void **' from 'fnptr_t[]' (aka 'void (*[])(void)') [-Wincompatible-pointer-types]
  297 |     ct->vtable = vtbl_CD3DXConstantTable;
      |                ^ ~~~~~~~~~~~~~~~~~~~~~~~
src/Mac/DirectX_9/D3DXShader.c:310:16: warning: implicit conversion loses integer precision: 'unsigned long' to 'int' [-Wshorten-64-to-32]
  310 |     int nlen = strlen(needle);
      |         ~~~~   ^~~~~~~~~~~~~~
src/Mac/DirectX_9/D3DXShader.c:600:20: warning: incompatible pointer types assigning to 'void **' from 'fnptr_t[]' (aka 'void (*[])(void)') [-Wincompatible-pointer-types]
  600 |         ct->vtable = vtbl_CD3DXConstantTable;
      |                    ^ ~~~~~~~~~~~~~~~~~~~~~~~
src/Mac/DirectX_9/D3DXShader.c:594:38: warning: implicit conversion loses integer precision: 'unsigned long' to 'int' [-Wshorten-64-to-32]
  594 |         int arbLen = strlen(arbCode) + 1;
      |             ~~~~~~   ~~~~~~~~~~~~~~~~^~~
6 warnings generated.

# Translation unit: src/Mac/Main/mac_common.c
src/Mac/Main/mac_common.c:183:23: warning: implicit conversion loses integer precision: 'unsigned long' to 'int' [-Wshorten-64-to-32]
  183 |             nameLen = strlen(d->d_name);
      |                     ~ ^~~~~~~~~~~~~~~~~
src/Mac/Main/mac_common.c:184:22: warning: implicit conversion loses integer precision: 'unsigned long' to 'int' [-Wshorten-64-to-32]
  184 |             extLen = strlen(extension);
      |                    ~ ^~~~~~~~~~~~~~~~~
2 warnings generated.

# Translation unit: src/Mac/Main/mac_configure.c
src/Mac/Main/mac_configure.c:29:5: warning: void function 'Sys_DetectVideoCard' should not return a value [-Wreturn-mismatch]
   29 |     return 0;
      |     ^      ~
1 warning generated.

# Translation unit: src/Mac/Main/mac_main.c
src/Mac/Main/mac_main.c:249:25: warning: passing arguments to 'UpdateSystemActivity' without a prototype is deprecated in all versions of C and is not supported in C23 [-Wdeprecated-non-prototype]
  249 |     UpdateSystemActivity(0);
      |                         ^
src/Mac/Main/mac_main.c:388:39: warning: cast to smaller integer type 'int' from 'const dvar_t *' (aka 'const struct dvar_s *') [-Wpointer-to-int-cast]
  388 |             sv_disableClientConsole = (int)Dvar_RegisterBool("sv_disableClientConsole", 0, 0x1008);
      |                                       ^~~~~~~~~~~~~~~~~~~~~~~~~~~~~~~~~~~~~~~~~~~~~~~~~~~~~~~~~~~~
src/Mac/Main/mac_main.c:487:15: warning: implicit conversion loses integer precision: 'unsigned long' to 'int' [-Wshorten-64-to-32]
  487 |         len = strlen(s);
      |             ~ ^~~~~~~~~
3 warnings generated.

# Translation unit: src/Mac/Main/mac_record_dsound.c
src/Mac/Main/mac_record_dsound.c:152:55: warning: passing 'unsigned int *' to parameter of type 'int *' converts between pointers to integer types with different sign [-Wpointer-sign]
  152 |     buffer = CAudioRecorder_GetBuffer(sAudioRecorder, &size);
      |                                                       ^~~~~
src/Mac/Main/mac_record_dsound.c:18:58: note: passing argument to parameter 'outSize' here
   18 | void *CAudioRecorder_GetBuffer(CAudioRecorder *rec, int *outSize);
      |                                                          ^
src/Mac/Main/mac_record_dsound.c:167:26: warning: passing arguments to a function without a prototype is deprecated in all versions of C and is not supported in C23 [-Wdeprecated-non-prototype]
  167 |     current_audioCallback(&audioSample);
      |                          ^
2 warnings generated.

# Translation unit: src/Mac/Main/mac_syscon.c
src/Mac/Main/mac_syscon.c:60:15: warning: implicit conversion loses integer precision: 'ssize_t' (aka 'long') to 'int' [-Wshorten-64-to-32]
   60 |         ret = read(STDIN_FILENO, &c, 1);
      |             ~ ^~~~~~~~~~~~~~~~~~~~~~~~~
1 warning generated.

# Translation unit: src/Mac/Tools/CAudioRecorder.c
src/Mac/Tools/CAudioRecorder.c:63:42: warning: passing arguments to 'AudioOutputUnitStart' without a prototype is deprecated in all versions of C and is not supported in C23 [-Wdeprecated-non-prototype]
   63 |     OSStatus error = AudioOutputUnitStart(*(AudioUnit *)(p + 0x14));
      |                                          ^
src/Mac/Tools/CAudioRecorder.c:77:24: warning: passing arguments to 'AudioOutputUnitStop' without a prototype is deprecated in all versions of C and is not supported in C23 [-Wdeprecated-non-prototype]
   77 |     AudioOutputUnitStop(*(AudioUnit *)(p + 0x14));
      |                        ^
2 warnings generated.

# Translation unit: src/Mac/Tools/CCircularBuffer.c
src/Mac/Tools/CCircularBuffer.c:62:21: warning: implicit conversion loses integer precision: 'UInt32' (aka 'unsigned long') to 'int' [-Wshorten-64-to-32]
   62 |     ((int *)p)[2] = readOffset;
      |                   ~ ^~~~~~~~~~
src/Mac/Tools/CCircularBuffer.c:86:21: warning: implicit conversion loses integer precision: 'UInt32' (aka 'unsigned long') to 'int' [-Wshorten-64-to-32]
   86 |     ((int *)p)[3] = size;
      |                   ~ ^~~~
src/Mac/Tools/CCircularBuffer.c:119:21: warning: cast to smaller integer type 'int' from 'void *' [-Wvoid-pointer-to-int-cast]
  119 |     ((int *)p)[0] = (int)malloc(inBufferSize);
      |                     ^~~~~~~~~~~~~~~~~~~~~~~~~
src/Mac/Tools/CCircularBuffer.c:120:21: warning: implicit conversion loses integer precision: 'UInt32' (aka 'unsigned long') to 'int' [-Wshorten-64-to-32]
  120 |     ((int *)p)[1] = inBufferSize;
      |                   ~ ^~~~~~~~~~~~
4 warnings generated.

# Translation unit: src/Mac/Tools/MacAppleEvents.c
src/Mac/Tools/MacAppleEvents.c:41:22: warning: passing arguments to 'AEDisposeDesc' without a prototype is deprecated in all versions of C and is not supported in C23 [-Wdeprecated-non-prototype]
   41 |         AEDisposeDesc(aeDesc);
      |                      ^
src/Mac/Tools/MacAppleEvents.c:63:12: warning: incompatible pointer types initializing 'Handle' (aka 'char **') with an expression of type 'AEDataStorage' (aka 'int **') [-Wincompatible-pointer-types]
   63 |     Handle dh = aeDesc->dataHandle;
      |            ^    ~~~~~~~~~~~~~~~~~~
src/Mac/Tools/MacAppleEvents.c:65:22: warning: passing arguments to 'AEDisposeDesc' without a prototype is deprecated in all versions of C and is not supported in C23 [-Wdeprecated-non-prototype]
   65 |         AEDisposeDesc(aeDesc);
      |                      ^
src/Mac/Tools/MacAppleEvents.c:74:12: warning: incompatible pointer types initializing 'Handle' (aka 'char **') with an expression of type 'AEDataStorage' (aka 'int **') [-Wincompatible-pointer-types]
   74 |     Handle dh = aeDesc->dataHandle;
      |            ^    ~~~~~~~~~~~~~~~~~~
src/Mac/Tools/MacAppleEvents.c:76:22: warning: passing arguments to 'AEDisposeDesc' without a prototype is deprecated in all versions of C and is not supported in C23 [-Wdeprecated-non-prototype]
   76 |         AEDisposeDesc(aeDesc);
      |                      ^
src/Mac/Tools/MacAppleEvents.c:92:38: warning: passing arguments to 'AECreateDesc' without a prototype is deprecated in all versions of C and is not supported in C23 [-Wdeprecated-non-prototype]
   92 |     status_raw = (SInt16)AECreateDesc(CAE_TYPE_PSN, inPSN, 8, aeDesc);
      |                                      ^
src/Mac/Tools/MacAppleEvents.c:108:39: warning: passing arguments to 'AEGetDescData' without a prototype is deprecated in all versions of C and is not supported in C23 [-Wdeprecated-non-prototype]
  108 |         status = (SInt16)AEGetDescData(sourceDesc, outDataPtr, inDataSize);
      |                                       ^
src/Mac/Tools/MacAppleEvents.c:114:34: warning: passing arguments to 'AECoerceDesc' without a prototype is deprecated in all versions of C and is not supported in C23 [-Wdeprecated-non-prototype]
  114 |     status = (SInt16)AECoerceDesc(sourceDesc, inTypeCode, &coercedDesc);
      |                                  ^
src/Mac/Tools/MacAppleEvents.c:116:39: warning: passing arguments to 'AEGetDescData' without a prototype is deprecated in all versions of C and is not supported in C23 [-Wdeprecated-non-prototype]
  116 |         status = (SInt16)AEGetDescData(&coercedDesc, outDataPtr, inDataSize);
      |                                       ^
src/Mac/Tools/MacAppleEvents.c:133:22: warning: passing arguments to 'AEDisposeDesc' without a prototype is deprecated in all versions of C and is not supported in C23 [-Wdeprecated-non-prototype]
  133 |         AEDisposeDesc(aeDesc);
      |                      ^
src/Mac/Tools/MacAppleEvents.c:138:38: warning: passing arguments to 'AECreateDesc' without a prototype is deprecated in all versions of C and is not supported in C23 [-Wdeprecated-non-prototype]
  138 |     status_raw = (SInt16)AECreateDesc(inTypeCode, inDataPtr, inDataSize, aeDesc);
      |                                      ^
src/Mac/Tools/MacAppleEvents.c:156:44: warning: passing arguments to 'CreateObjSpecifier' without a prototype is deprecated in all versions of C and is not supported in C23 [-Wdeprecated-non-prototype]
  156 |     status_raw = (SInt16)CreateObjSpecifier(inDesiredClass, inContainer, inKeyForm, inKeyData, 0, aeDesc);
      |                                            ^
src/Mac/Tools/MacAppleEvents.c:168:47: warning: passing arguments to 'AEPutParamDesc' without a prototype is deprecated in all versions of C and is not supported in C23 [-Wdeprecated-non-prototype]
  168 |     SInt16 status_raw = (SInt16)AEPutParamDesc(CAE_AsDesc(_this), inKeyword, inParam);
      |                                               ^
src/Mac/Tools/MacAppleEvents.c:182:12: warning: incompatible pointer types initializing 'Handle' (aka 'char **') with an expression of type 'AEDataStorage' (aka 'int **') [-Wincompatible-pointer-types]
  182 |     Handle dh = aeDesc->dataHandle;
      |            ^    ~~~~~~~~~~~~~~~~~~
src/Mac/Tools/MacAppleEvents.c:187:22: warning: passing arguments to 'AEDisposeDesc' without a prototype is deprecated in all versions of C and is not supported in C23 [-Wdeprecated-non-prototype]
  187 |         AEDisposeDesc(aeDesc);
      |                      ^
src/Mac/Tools/MacAppleEvents.c:192:44: warning: passing arguments to 'AECreateAppleEvent' without a prototype is deprecated in all versions of C and is not supported in C23 [-Wdeprecated-non-prototype]
  192 |     status_raw = (SInt16)AECreateAppleEvent(inEventClass, inEventID, CAE_AsDesc(inTarget), -1, 0, aeDesc);
      |                                            ^
src/Mac/Tools/MacAppleEvents.c:212:28: warning: passing arguments to 'AESend' without a prototype is deprecated in all versions of C and is not supported in C23 [-Wdeprecated-non-prototype]
  212 |     status = (SInt16)AESend(CAE_AsDesc(_this), &reply, 0x11, 0, -1, 0, 0);
      |                            ^
17 warnings generated.

# Translation unit: src/Mac/Tools/MacBuilder.c
src/Mac/Tools/MacBuilder.c:38:12: warning: passing arguments to 'GetPort' without a prototype is deprecated in all versions of C and is not supported in C23 [-Wdeprecated-non-prototype]
   38 |     GetPort(_this);
      |            ^
src/Mac/Tools/MacBuilder.c:39:22: warning: passing arguments to 'SetPortWindowPort' without a prototype is deprecated in all versions of C and is not supported in C23 [-Wdeprecated-non-prototype]
   39 |     SetPortWindowPort(inWindow);
      |                      ^
src/Mac/Tools/MacBuilder.c:44:12: warning: passing arguments to 'SetPort' without a prototype is deprecated in all versions of C and is not supported in C23 [-Wdeprecated-non-prototype]
   44 |     SetPort(*(void **)_this);
      |            ^
src/Mac/Tools/MacBuilder.c:50:21: warning: passing arguments to 'GetControlBounds' without a prototype is deprecated in all versions of C and is not supported in C23 [-Wdeprecated-non-prototype]
   50 |     GetControlBounds(theControl, &bounds);
      |                     ^
src/Mac/Tools/MacBuilder.c:51:20: warning: passing arguments to 'PtInRect' without a prototype is deprecated in all versions of C and is not supported in C23 [-Wdeprecated-non-prototype]
   51 |     return PtInRect(theWherePt, &bounds) != 0;
      |                    ^
src/Mac/Tools/MacBuilder.c:62:15: warning: passing arguments to 'ShowWindow' without a prototype is deprecated in all versions of C and is not supported in C23 [-Wdeprecated-non-prototype]
   62 |     ShowWindow(inWindow);
      |               ^
src/Mac/Tools/MacBuilder.c:63:29: warning: passing arguments to 'RunAppModalLoopForWindow' without a prototype is deprecated in all versions of C and is not supported in C23 [-Wdeprecated-non-prototype]
   63 |     RunAppModalLoopForWindow(inWindow);
      |                             ^
src/Mac/Tools/MacBuilder.c:64:15: warning: passing arguments to 'HideWindow' without a prototype is deprecated in all versions of C and is not supported in C23 [-Wdeprecated-non-prototype]
   64 |     HideWindow(inWindow);
      |               ^
src/Mac/Tools/MacBuilder.c:65:22: warning: passing arguments to 'GetWRefCon' without a prototype is deprecated in all versions of C and is not supported in C23 [-Wdeprecated-non-prototype]
   65 |     return GetWRefCon(inWindow);
      |                      ^
src/Mac/Tools/MacBuilder.c:70:18: warning: passing arguments to 'DisposeWindow' without a prototype is deprecated in all versions of C and is not supported in C23 [-Wdeprecated-non-prototype]
   70 |     DisposeWindow(inWindow);
      |                  ^
src/Mac/Tools/MacBuilder.c:81:36: warning: passing arguments to 'GetControlByID' without a prototype is deprecated in all versions of C and is not supported in C23 [-Wdeprecated-non-prototype]
   81 |     OSStatus error = GetControlByID(inWindow, &controlID, &theControl);
      |                                    ^
src/Mac/Tools/MacBuilder.c:90:1: warning: non-void function does not return a value [-Wreturn-type]
   90 | }
      | ^
src/Mac/Tools/MacBuilder.c:104:1: warning: non-void function does not return a value [-Wreturn-type]
  104 | }
      | ^
src/Mac/Tools/MacBuilder.c:116:36: warning: passing arguments to 'GetControlByID' without a prototype is deprecated in all versions of C and is not supported in C23 [-Wdeprecated-non-prototype]
  116 |     OSStatus error = GetControlByID(inWindow, &controlID, &theControl);
      |                                    ^
src/Mac/Tools/MacBuilder.c:124:27: warning: passing arguments to 'GetControlData' without a prototype is deprecated in all versions of C and is not supported in C23 [-Wdeprecated-non-prototype]
  124 |     error = GetControlData(theControl, 0, 0x74657874 , (short)inBufferSize - 1, outText, &actualSize);
      |                           ^
src/Mac/Tools/MacBuilder.c:136:36: warning: passing arguments to 'GetControlByID' without a prototype is deprecated in all versions of C and is not supported in C23 [-Wdeprecated-non-prototype]
  136 |     OSStatus error = GetControlByID(inWindow, &controlID, &theControl);
      |                                    ^
src/Mac/Tools/MacBuilder.c:143:19: warning: passing arguments to 'SetControlData' without a prototype is deprecated in all versions of C and is not supported in C23 [-Wdeprecated-non-prototype]
  143 |     SetControlData(theControl, 0, 0x74657874 , strlen(inText), inText);
      |                   ^
src/Mac/Tools/MacBuilder.c:153:36: warning: passing arguments to 'GetControlByID' without a prototype is deprecated in all versions of C and is not supported in C23 [-Wdeprecated-non-prototype]
  153 |     OSStatus error = GetControlByID(inWindow, &controlID, &theControl);
      |                                    ^
src/Mac/Tools/MacBuilder.c:161:20: warning: passing arguments to 'ShowControl' without a prototype is deprecated in all versions of C and is not supported in C23 [-Wdeprecated-non-prototype]
  161 |         ShowControl(theControl);
      |                    ^
src/Mac/Tools/MacBuilder.c:163:20: warning: passing arguments to 'HideControl' without a prototype is deprecated in all versions of C and is not supported in C23 [-Wdeprecated-non-prototype]
  163 |         HideControl(theControl);
      |                    ^
src/Mac/Tools/MacBuilder.c:173:36: warning: passing arguments to 'GetControlByID' without a prototype is deprecated in all versions of C and is not supported in C23 [-Wdeprecated-non-prototype]
  173 |     OSStatus error = GetControlByID(inWindow, &controlID, &theControl);
      |                                    ^
src/Mac/Tools/MacBuilder.c:183:23: warning: passing arguments to 'DisableControl' without a prototype is deprecated in all versions of C and is not supported in C23 [-Wdeprecated-non-prototype]
  183 |         DisableControl(theControl);
      |                       ^
src/Mac/Tools/MacBuilder.c:194:36: warning: passing arguments to 'GetControlByID' without a prototype is deprecated in all versions of C and is not supported in C23 [-Wdeprecated-non-prototype]
  194 |     OSStatus error = GetControlByID(inWindow, &controlID, &theControl);
      |                                    ^
src/Mac/Tools/MacBuilder.c:205:24: warning: passing arguments to 'SetControlFontStyle' without a prototype is deprecated in all versions of C and is not supported in C23 [-Wdeprecated-non-prototype]
  205 |     SetControlFontStyle(theControl, &fontStyle);
      |                        ^
src/Mac/Tools/MacBuilder.c:216:36: warning: passing arguments to 'GetControlByID' without a prototype is deprecated in all versions of C and is not supported in C23 [-Wdeprecated-non-prototype]
  216 |     OSStatus error = GetControlByID(inWindow, &controlID, &theControl);
      |                                    ^
src/Mac/Tools/MacBuilder.c:224:23: warning: passing arguments to 'GetControlKind' without a prototype is deprecated in all versions of C and is not supported in C23 [-Wdeprecated-non-prototype]
  224 |     if (GetControlKind(theControl, &kind) != 0)
      |                       ^
src/Mac/Tools/MacBuilder.c:240:36: warning: passing arguments to 'GetControlByID' without a prototype is deprecated in all versions of C and is not supported in C23 [-Wdeprecated-non-prototype]
  240 |     OSStatus error = GetControlByID(inWindow, &controlID, &theControl);
      |                                    ^
src/Mac/Tools/MacBuilder.c:247:63: warning: passing arguments to 'NewControlUserPaneDrawUPP' without a prototype is deprecated in all versions of C and is not supported in C23 [-Wdeprecated-non-prototype]
  247 |     ControlUserPaneDrawUPP drawUPP = NewControlUserPaneDrawUPP(inDrawProc);
      |                                                               ^
src/Mac/Tools/MacBuilder.c:248:19: warning: passing arguments to 'SetControlData' without a prototype is deprecated in all versions of C and is not supported in C23 [-Wdeprecated-non-prototype]
  248 |     SetControlData(theControl, 0, 0x64726177 , 4, &drawUPP);
      |                   ^
src/Mac/Tools/MacBuilder.c:253:69: warning: passing arguments to 'NewControlUserPaneHitTestUPP' without a prototype is deprecated in all versions of C and is not supported in C23 [-Wdeprecated-non-prototype]
  253 |     ControlUserPaneHitTestUPP testUPP = NewControlUserPaneHitTestUPP(UserPaneHitTestProc);
      |                                                                     ^
src/Mac/Tools/MacBuilder.c:254:19: warning: passing arguments to 'SetControlData' without a prototype is deprecated in all versions of C and is not supported in C23 [-Wdeprecated-non-prototype]
  254 |     SetControlData(theControl, 0, 0x68697474 , 4, &testUPP);
      |                   ^
src/Mac/Tools/MacBuilder.c:256:75: warning: passing arguments to 'NewControlUserPaneTrackingUPP' without a prototype is deprecated in all versions of C and is not supported in C23 [-Wdeprecated-non-prototype]
  256 |     ControlUserPaneTrackingUPP trackingUPP = NewControlUserPaneTrackingUPP(inTrackingProc);
      |                                                                           ^
src/Mac/Tools/MacBuilder.c:257:19: warning: passing arguments to 'SetControlData' without a prototype is deprecated in all versions of C and is not supported in C23 [-Wdeprecated-non-prototype]
  257 |     SetControlData(theControl, 0, 0x7472616b , 4, &trackingUPP);
      |                   ^
src/Mac/Tools/MacBuilder.c:262:1: warning: non-void function does not return a value [-Wreturn-type]
  262 | }
      | ^
34 warnings generated.

# Translation unit: src/Mac/Tools/MacDisplay.c
src/Mac/Tools/MacDisplay.c:153:35: warning: passing arguments to 'GetWindowPort' without a prototype is deprecated in all versions of C and is not supported in C23 [-Wdeprecated-non-prototype]
  153 |     return (CGrafPtr)GetWindowPort(sMainWindow);
      |                                   ^
src/Mac/Tools/MacDisplay.c:153:12: warning: cast to 'CGrafPtr' (aka 'int *') from smaller integer type 'int' [-Wint-to-pointer-cast]
  153 |     return (CGrafPtr)GetWindowPort(sMainWindow);
      |            ^~~~~~~~~~~~~~~~~~~~~~~~~~~~~~~~~~~~
src/Mac/Tools/MacDisplay.c:171:24: warning: passing arguments to 'GetWindowPortBounds' without a prototype is deprecated in all versions of C and is not supported in C23 [-Wdeprecated-non-prototype]
  171 |     GetWindowPortBounds(sMainWindow, &bounds);
      |                        ^
src/Mac/Tools/MacDisplay.c:172:20: warning: passing arguments to 'PtInRect' without a prototype is deprecated in all versions of C and is not supported in C23 [-Wdeprecated-non-prototype]
  172 |     return PtInRect(inPoint, &bounds);
      |                    ^
src/Mac/Tools/MacDisplay.c:186:1: warning: non-void function does not return a value [-Wreturn-type]
  186 | }
      | ^
src/Mac/Tools/MacDisplay.c:196:18: warning: passing arguments to 'CGDisplayFade' without a prototype is deprecated in all versions of C and is not supported in C23 [-Wdeprecated-non-prototype]
  196 |     CGDisplayFade(sFadeToken, inInterval, 0.0f, 1.0f, 0.0f, 0.0f, 0);
      |                  ^
src/Mac/Tools/MacDisplay.c:197:36: warning: passing arguments to 'CGReleaseDisplayFadeReservation' without a prototype is deprecated in all versions of C and is not supported in C23 [-Wdeprecated-non-prototype]
  197 |     CGReleaseDisplayFadeReservation(sFadeToken);
      |                                    ^
src/Mac/Tools/MacDisplay.c:199:1: warning: non-void function does not return a value in all control paths [-Wreturn-type]
  199 | }
      | ^
src/Mac/Tools/MacDisplay.c:210:28: warning: passing arguments to 'GetWindowPortBounds' without a prototype is deprecated in all versions of C and is not supported in C23 [-Wdeprecated-non-prototype]
  210 |         GetWindowPortBounds(sMainWindow, &bounds);
      |                            ^
src/Mac/Tools/MacDisplay.c:224:36: warning: passing arguments to 'CGDisplayPixelsWide' without a prototype is deprecated in all versions of C and is not supported in C23 [-Wdeprecated-non-prototype]
  224 |     *outWidth = CGDisplayPixelsWide(sDisplayID);
      |                                    ^
src/Mac/Tools/MacDisplay.c:225:37: warning: passing arguments to 'CGDisplayPixelsHigh' without a prototype is deprecated in all versions of C and is not supported in C23 [-Wdeprecated-non-prototype]
  225 |     *outHeight = CGDisplayPixelsHigh(sDisplayID);
      |                                     ^
src/Mac/Tools/MacDisplay.c:226:1: warning: non-void function does not return a value in all control paths [-Wreturn-type]
  226 | }
      | ^
src/Mac/Tools/MacDisplay.c:231:16: warning: implicit conversion loses integer precision: 'SInt32' (aka 'long') to 'int' [-Wshorten-64-to-32]
  231 |         return sDisplayDepth;
      |         ~~~~~~ ^~~~~~~~~~~~~
src/Mac/Tools/MacDisplay.c:234:12: warning: implicit conversion loses integer precision: 'SInt32' (aka 'long') to 'int' [-Wshorten-64-to-32]
  234 |     return sDisplayDepth;
      |     ~~~~~~ ^~~~~~~~~~~~~
src/Mac/Tools/MacDisplay.c:240:9: warning: non-void function 'MacDisplay_SwapContext' should return a value [-Wreturn-mismatch]
  240 |         return;
      |         ^
src/Mac/Tools/MacDisplay.c:242:19: warning: passing arguments to 'aglSwapBuffers' without a prototype is deprecated in all versions of C and is not supported in C23 [-Wdeprecated-non-prototype]
  242 |     aglSwapBuffers(*(void **)inContextRef);
      |                   ^
src/Mac/Tools/MacDisplay.c:244:1: warning: non-void function does not return a value in all control paths [-Wreturn-type]
  244 | }
      | ^
src/Mac/Tools/MacDisplay.c:251:32: warning: passing arguments to 'EndMediaEdits' without a prototype is deprecated in all versions of C and is not supported in C23 [-Wdeprecated-non-prototype]
  251 |     OSErr error = EndMediaEdits(sCaptureMedia);
      |                                ^
src/Mac/Tools/MacDisplay.c:253:46: warning: passing arguments to 'GetMediaDuration' without a prototype is deprecated in all versions of C and is not supported in C23 [-Wdeprecated-non-prototype]
  253 |         TimeValue duration = GetMediaDuration(sCaptureMedia);
      |                                              ^
src/Mac/Tools/MacDisplay.c:254:37: warning: passing arguments to 'InsertMediaIntoTrack' without a prototype is deprecated in all versions of C and is not supported in C23 [-Wdeprecated-non-prototype]
  254 |         error = InsertMediaIntoTrack(sCaptureTrack, 0, 0, duration, 0x10000);
      |                                     ^
src/Mac/Tools/MacDisplay.c:261:19: warning: passing arguments to 'CloseMovieFile' without a prototype is deprecated in all versions of C and is not supported in C23 [-Wdeprecated-non-prototype]
  261 |     CloseMovieFile((short)sCaptureRefNum);
      |                   ^
src/Mac/Tools/MacDisplay.c:263:1: warning: non-void function does not return a value in all control paths [-Wreturn-type]
  263 | }
      | ^
src/Mac/Tools/MacDisplay.c:284:18: warning: cast to 'char *' from smaller integer type 'int' [-Wint-to-pointer-cast]
  284 |     char *mode = (char *)(*(int *)(di + 0x14)) + inIndex * 16;
      |                  ^~~~~~~~~~~~~~~~~~~~~~~~~~~~~
src/Mac/Tools/MacDisplay.c:289:1: warning: non-void function does not return a value [-Wreturn-type]
  289 | }
      | ^
src/Mac/Tools/MacDisplay.c:318:29: warning: passing arguments to 'gluCheckExtension' without a prototype is deprecated in all versions of C and is not supported in C23 [-Wdeprecated-non-prototype]
  318 |     return gluCheckExtension(inExtension, *(const char **)(di + 0x38));
      |                             ^
src/Mac/Tools/MacDisplay.c:348:1: warning: non-void function does not return a value [-Wreturn-type]
  348 | }
      | ^
src/Mac/Tools/MacDisplay.c:384:36: warning: passing arguments to 'CGGetDisplayTransferByTable' without a prototype is deprecated in all versions of C and is not supported in C23 [-Wdeprecated-non-prototype]
  384 |         CGGetDisplayTransferByTable(sDisplayID, 0x100,
      |                                    ^
src/Mac/Tools/MacDisplay.c:410:1: warning: non-void function does not return a value in all control paths [-Wreturn-type]
  410 | }
      | ^
src/Mac/Tools/MacDisplay.c:417:16: warning: cast to smaller integer type 'int' from 'AGLDrawable' (aka 'int *') [-Wpointer-to-int-cast]
  417 |         port = (int)sScreenContext->mDrawable;
      |                ^~~~~~~~~~~~~~~~~~~~~~~~~~~~~~
src/Mac/Tools/MacDisplay.c:419:29: warning: passing arguments to 'GetWindowPort' without a prototype is deprecated in all versions of C and is not supported in C23 [-Wdeprecated-non-prototype]
  419 |         port = GetWindowPort(sMainWindow);
      |                             ^
src/Mac/Tools/MacDisplay.c:421:25: warning: passing arguments to 'QDLocalToGlobalPoint' without a prototype is deprecated in all versions of C and is not supported in C23 [-Wdeprecated-non-prototype]
  421 |     QDLocalToGlobalPoint(port, ioPoint);
      |                         ^
src/Mac/Tools/MacDisplay.c:422:1: warning: non-void function does not return a value [-Wreturn-type]
  422 | }
      | ^
src/Mac/Tools/MacDisplay.c:429:16: warning: cast to smaller integer type 'int' from 'AGLDrawable' (aka 'int *') [-Wpointer-to-int-cast]
  429 |         port = (int)sScreenContext->mDrawable;
      |                ^~~~~~~~~~~~~~~~~~~~~~~~~~~~~~
src/Mac/Tools/MacDisplay.c:431:29: warning: passing arguments to 'GetWindowPort' without a prototype is deprecated in all versions of C and is not supported in C23 [-Wdeprecated-non-prototype]
  431 |         port = GetWindowPort(sMainWindow);
      |                             ^
src/Mac/Tools/MacDisplay.c:433:25: warning: passing arguments to 'QDGlobalToLocalPoint' without a prototype is deprecated in all versions of C and is not supported in C23 [-Wdeprecated-non-prototype]
  433 |     QDGlobalToLocalPoint(port, ioPoint);
      |                         ^
src/Mac/Tools/MacDisplay.c:434:1: warning: non-void function does not return a value [-Wreturn-type]
  434 | }
      | ^
src/Mac/Tools/MacDisplay.c:460:23: warning: passing arguments to 'aglSwapBuffers' without a prototype is deprecated in all versions of C and is not supported in C23 [-Wdeprecated-non-prototype]
  460 |         aglSwapBuffers(ctx);
      |                       ^
src/Mac/Tools/MacDisplay.c:464:25: warning: passing arguments to 'aglSetCurrentContext' without a prototype is deprecated in all versions of C and is not supported in C23 [-Wdeprecated-non-prototype]
  464 |     aglSetCurrentContext(0);
      |                         ^
src/Mac/Tools/MacDisplay.c:467:23: warning: passing arguments to 'aglSetDrawable' without a prototype is deprecated in all versions of C and is not supported in C23 [-Wdeprecated-non-prototype]
  467 |         aglSetDrawable(ctx, 0);
      |                       ^
src/Mac/Tools/MacDisplay.c:469:22: warning: passing arguments to 'aglDestroyContext' without a prototype is deprecated in all versions of C and is not supported in C23 [-Wdeprecated-non-prototype]
  469 |     aglDestroyContext(ctx);
      |                      ^
src/Mac/Tools/MacDisplay.c:477:13: warning: comparison between pointer and integer ('int' and 'ContextRef' (aka 'struct OpaqueContextRef *')) [-Wpointer-integer-compare]
  477 |     if (ctx == sScreenContext)
      |         ~~~ ^  ~~~~~~~~~~~~~~
src/Mac/Tools/MacDisplay.c:481:34: warning: cast to 'char *' from smaller integer type 'int' [-Wint-to-pointer-cast]
  481 |         ZN16OpaqueContextRefD1Ev((char *)ctx);
      |                                  ^~~~~~~~~~~
src/Mac/Tools/MacDisplay.c:482:17: warning: cast to 'void *' from smaller integer type 'int' [-Wint-to-void-pointer-cast]
  482 |         __ZdlPv((void *)ctx);
      |                 ^~~~~~~~~~~
src/Mac/Tools/MacDisplay.c:485:1: warning: non-void function does not return a value [-Wreturn-type]
  485 | }
      | ^
src/Mac/Tools/MacDisplay.c:514:22: warning: passing arguments to 'DisposeWindow' without a prototype is deprecated in all versions of C and is not supported in C23 [-Wdeprecated-non-prototype]
  514 |         DisposeWindow(sMainWindow);
      |                      ^
src/Mac/Tools/MacDisplay.c:520:24: warning: passing arguments to 'SetSystemUIMode' without a prototype is deprecated in all versions of C and is not supported in C23 [-Wdeprecated-non-prototype]
  520 |         SetSystemUIMode(0, 0);
      |                        ^
src/Mac/Tools/MacDisplay.c:533:28: warning: passing arguments to 'GetWindowPortBounds' without a prototype is deprecated in all versions of C and is not supported in C23 [-Wdeprecated-non-prototype]
  533 |         GetWindowPortBounds(sMainWindow, &bounds);
      |                            ^
src/Mac/Tools/MacDisplay.c:545:40: warning: passing arguments to 'CGDisplayPixelsWide' without a prototype is deprecated in all versions of C and is not supported in C23 [-Wdeprecated-non-prototype]
  545 |         *outWidth = CGDisplayPixelsWide(sDisplayID);
      |                                        ^
src/Mac/Tools/MacDisplay.c:546:41: warning: passing arguments to 'CGDisplayPixelsHigh' without a prototype is deprecated in all versions of C and is not supported in C23 [-Wdeprecated-non-prototype]
  546 |         *outHeight = CGDisplayPixelsHigh(sDisplayID);
      |                                         ^
src/Mac/Tools/MacDisplay.c:554:44: warning: passing arguments to 'CGDisplayCurrentMode' without a prototype is deprecated in all versions of C and is not supported in C23 [-Wdeprecated-non-prototype]
  554 |         int modeDict = CGDisplayCurrentMode(sDisplayID);
      |                                            ^
src/Mac/Tools/MacDisplay.c:551:17: warning: implicit conversion loses integer precision: 'SInt32' (aka 'long') to 'int' [-Wshorten-64-to-32]
  551 |     *outDepth = sDisplayDepth;
      |               ~ ^~~~~~~~~~~~~
src/Mac/Tools/MacDisplay.c:558:24: warning: implicit conversion loses integer precision: 'SInt32' (aka 'long') to 'int' [-Wshorten-64-to-32]
  558 |                 rate = sDisplayRefreshRate;
      |                      ~ ^~~~~~~~~~~~~~~~~~~
src/Mac/Tools/MacDisplay.c:562:23: warning: implicit conversion loses integer precision: 'SInt32' (aka 'long') to 'int' [-Wshorten-64-to-32]
  562 |     *outRefreshRate = sDisplayRefreshRate;
      |                     ~ ^~~~~~~~~~~~~~~~~~~
src/Mac/Tools/MacDisplay.c:563:1: warning: non-void function does not return a value [-Wreturn-type]
  563 | }
      | ^
54 warnings generated.

# Translation unit: src/Mac/Tools/MacFolders.c
src/Mac/Tools/MacFolders.c:41:25: warning: passing arguments to 'FSGetCatalogInfo' without a prototype is deprecated in all versions of C and is not supported in C23 [-Wdeprecated-non-prototype]
   41 |     if (FSGetCatalogInfo(&sAppBundleRef, 0xC, &info, NULL, NULL, NULL) != noErr)
      |                         ^
src/Mac/Tools/MacFolders.c:67:25: warning: passing arguments to 'FSPathMakeRef' without a prototype is deprecated in all versions of C and is not supported in C23 [-Wdeprecated-non-prototype]
   67 |     return FSPathMakeRef((const UInt8 *)path, outRef, NULL);
      |                         ^
src/Mac/Tools/MacFolders.c:92:25: warning: passing arguments to 'FSpMakeFSRef' without a prototype is deprecated in all versions of C and is not supported in C23 [-Wdeprecated-non-prototype]
   92 |     error = FSpMakeFSRef(&spec, &ref);
      |                         ^
src/Mac/Tools/MacFolders.c:96:26: warning: passing arguments to 'FSRefMakePath' without a prototype is deprecated in all versions of C and is not supported in C23 [-Wdeprecated-non-prototype]
   96 |     error = FSRefMakePath(&ref, (UInt8 *)outPath, inMaxPath);
      |                          ^
src/Mac/Tools/MacFolders.c:121:25: warning: passing arguments to 'FSPathMakeRef' without a prototype is deprecated in all versions of C and is not supported in C23 [-Wdeprecated-non-prototype]
  121 |     return FSPathMakeRef((const UInt8 *)path, outRef, NULL);
      |                         ^
5 warnings generated.

# Translation unit: src/Mac/Tools/MacMSS_Engine.c
src/Mac/Tools/MacMSS_Engine.c:162:30: warning: passing arguments to 'CStreamSound_CStreamSound' without a prototype is deprecated in all versions of C and is not supported in C23 [-Wdeprecated-non-prototype]
  162 |     CStreamSound_CStreamSound(sound, _this);
      |                              ^
1 warning generated.

# Translation unit: src/Mac/Tools/MacMSS_Object.c
src/Mac/Tools/MacMSS_Object.c:83:23: warning: cast to smaller integer type 'int' from 'void *' [-Wvoid-pointer-to-int-cast]
   83 |     *(int *)(_this) = (int)CSOUNDOBJECT_VTABLE_PTR;
      |                       ^~~~~~~~~~~~~~~~~~~~~~~~~~~~
src/Mac/Tools/MacMSS_Object.c:89:23: warning: cast to smaller integer type 'int' from 'void *' [-Wvoid-pointer-to-int-cast]
   89 |     *(int *)(_this) = (int)CSOUNDOBJECT_VTABLE_PTR;
      |                       ^~~~~~~~~~~~~~~~~~~~~~~~~~~~
src/Mac/Tools/MacMSS_Object.c:95:23: warning: cast to smaller integer type 'int' from 'void *' [-Wvoid-pointer-to-int-cast]
   95 |     *(int *)(_this) = (int)CSOUNDOBJECT_VTABLE_PTR;
      |                       ^~~~~~~~~~~~~~~~~~~~~~~~~~~~
3 warnings generated.

# Translation unit: src/Mac/Tools/MacMSS_Sample.c
src/Mac/Tools/MacMSS_Sample.c:37:56: warning: implicit conversion loses integer precision: 'UInt32' (aka 'unsigned long') to 'unsigned int' [-Wshorten-64-to-32]
   37 |     CSoundObject_CSoundObject((char *)_this, inEngine, inBusIndex);
      |     ~~~~~~~~~~~~~~~~~~~~~~~~~                          ^~~~~~~~~~
src/Mac/Tools/MacMSS_Sample.c:130:46: warning: implicit conversion loses integer precision: 'UInt32' (aka 'unsigned long') to 'unsigned int' [-Wshorten-64-to-32]
  130 |     AudioUnitSetParameter(mixerUnit, 3 , 1 , busIndex, db, 0);
      |     ~~~~~~~~~~~~~~~~~~~~~                    ^~~~~~~~
2 warnings generated.

# Translation unit: src/Mac/Tools/MacPreferences.c
src/Mac/Tools/MacPreferences.c:40:14: warning: implicit conversion loses integer precision: 'unsigned long' to 'int' [-Wshorten-64-to-32]
   40 |     keylen = strlen(inKey);
      |            ~ ^~~~~~~~~~~~~
src/Mac/Tools/MacPreferences.c:84:13: warning: void function 'MacPreferences_PutString' should not return a value [-Wreturn-mismatch]
   84 |             return 0;
      |             ^      ~
src/Mac/Tools/MacPreferences.c:106:5: warning: void function 'MacPreferences_PutString' should not return a value [-Wreturn-mismatch]
  106 |     return 1;
      |     ^      ~
src/Mac/Tools/MacPreferences.c:77:14: warning: implicit conversion loses integer precision: 'unsigned long' to 'int' [-Wshorten-64-to-32]
   77 |     keylen = strlen(inKey);
      |            ~ ^~~~~~~~~~~~~
src/Mac/Tools/MacPreferences.c:129:32: warning: passing arguments to 'CFPreferencesAppSynchronize' without a prototype is deprecated in all versions of C and is not supported in C23 [-Wdeprecated-non-prototype]
  129 |     CFPreferencesAppSynchronize(*kCFPreferencesCurrentApplication);
      |                                ^
5 warnings generated.

# Translation unit: src/Mac/Tools/MacResources.c
src/Mac/Tools/MacResources.c:6:22: warning: 'packed' attribute ignored [-Wignored-attributes]
    6 | __attribute__((used, packed, aligned(4)))
      |                      ^
src/Mac/Tools/MacResources.c:47:39: warning: passing arguments to 'CFBundleCopyLocalizedString' without a prototype is deprecated in all versions of C and is not supported in C23 [-Wdeprecated-non-prototype]
   47 |     return CFBundleCopyLocalizedString(bundle, keyAddr, keyAddr, tableAddr);
      |                                       ^
src/Mac/Tools/MacResources.c:53:48: warning: passing arguments to 'CFBundleCopyLocalizedString' without a prototype is deprecated in all versions of C and is not supported in C23 [-Wdeprecated-non-prototype]
   53 |     int stringRef = CFBundleCopyLocalizedString(bundle, inKeyRef, inKeyRef, 0x32e6b4);
      |                                                ^
src/Mac/Tools/MacResources.c:57:41: warning: passing arguments to 'CFStringGetPascalString' without a prototype is deprecated in all versions of C and is not supported in C23 [-Wdeprecated-non-prototype]
   57 |     int result = CFStringGetPascalString(stringRef, outString, 0x100, 0);
      |                                         ^
src/Mac/Tools/MacResources.c:58:14: warning: passing arguments to 'CFRelease' without a prototype is deprecated in all versions of C and is not supported in C23 [-Wdeprecated-non-prototype]
   58 |     CFRelease(stringRef);
      |              ^
src/Mac/Tools/MacResources.c:68:42: warning: passing arguments to 'CFBundleCopyLocalizedString' without a prototype is deprecated in all versions of C and is not supported in C23 [-Wdeprecated-non-prototype]
   68 |     sResult = CFBundleCopyLocalizedString(bundle, 0x32e6c4, 0x32e6c4, 0x32e6b4);
      |                                          ^
src/Mac/Tools/MacResources.c:78:42: warning: passing arguments to 'CFBundleCopyLocalizedString' without a prototype is deprecated in all versions of C and is not supported in C23 [-Wdeprecated-non-prototype]
   78 |     sResult = CFBundleCopyLocalizedString(bundle, 0x32e704, 0x32e704, 0x32e6b4);
      |                                          ^
src/Mac/Tools/MacResources.c:98:42: warning: passing arguments to 'CFBundleCopyLocalizedString' without a prototype is deprecated in all versions of C and is not supported in C23 [-Wdeprecated-non-prototype]
   98 |     sResult = CFBundleCopyLocalizedString(bundle, 0x32e744, 0x32e744, 0);
      |                                          ^
8 warnings generated.

# Translation unit: src/Mac/Tools/MacStrings.c
src/Mac/Tools/MacStrings.c:12:58: warning: passing arguments to 'CFStringCreateWithCharacters' without a prototype is deprecated in all versions of C and is not supported in C23 [-Wdeprecated-non-prototype]
   12 |     stringRef = (CFStringRef)CFStringCreateWithCharacters(NULL, (const UniChar *)inUniStr + 1, *(const UInt16 *)inUniStr);
      |                                                          ^
src/Mac/Tools/MacStrings.c:12:17: warning: cast to 'CFStringRef' (aka 'const int *') from smaller integer type 'int' [-Wint-to-pointer-cast]
   12 |     stringRef = (CFStringRef)CFStringCreateWithCharacters(NULL, (const UniChar *)inUniStr + 1, *(const UInt16 *)inUniStr);
      |                 ^~~~~~~~~~~~~~~~~~~~~~~~~~~~~~~~~~~~~~~~~~~~~~~~~~~~~~~~~~~~~~~~~~~~~~~~~~~~~~~~~~~~~~~~~~~~~~~~~~~~~~~~~
src/Mac/Tools/MacStrings.c:16:23: warning: passing arguments to 'CFStringGetCString' without a prototype is deprecated in all versions of C and is not supported in C23 [-Wdeprecated-non-prototype]
   16 |     CFStringGetCString(stringRef, outCString, (short)inMaxString, 0);
      |                       ^
src/Mac/Tools/MacStrings.c:17:14: warning: passing arguments to 'CFRelease' without a prototype is deprecated in all versions of C and is not supported in C23 [-Wdeprecated-non-prototype]
   17 |     CFRelease(stringRef);
      |              ^
4 warnings generated.

# Translation unit: src/Mac/Tools/MacTools.c
src/Mac/Tools/MacTools.c:63:17: warning: passing arguments to 'MPDelayUntil' without a prototype is deprecated in all versions of C and is not supported in C23 [-Wdeprecated-non-prototype]
   63 |     MPDelayUntil(&deadline);
      |                 ^
src/Mac/Tools/MacTools.c:62:48: warning: implicit conversion loses integer precision: 'UInt32' (aka 'unsigned long') to 'int' [-Wshorten-64-to-32]
   62 |     long long deadline = AddDurationToAbsolute(inMillisecondsToSleep, now);
      |                          ~~~~~~~~~~~~~~~~~~~~~ ^~~~~~~~~~~~~~~~~~~~~
2 warnings generated.

# Translation unit: src/Mac/Tools/MacWin32.c
src/Mac/Tools/MacWin32.c:111:27: warning: implicit conversion loses integer precision: 'DWORD' (aka 'unsigned long') to 'useconds_t' (aka 'unsigned int') [-Wshorten-64-to-32]
  111 |     usleep(dwMilliseconds * 1000);
      |     ~~~~~~ ~~~~~~~~~~~~~~~^~~~~~
src/Mac/Tools/MacWin32.c:120:64: warning: implicit conversion loses integer precision: 'LONG' (aka 'long') to 'int' [-Wshorten-64-to-32]
  120 |     return cod2_sync_fetch_and_add_i32((volatile int *)Addend, Value);
      |            ~~~~~~~~~~~~~~~~~~~~~~~~~~~                         ^~~~~
src/Mac/Tools/MacWin32.c:129:87: warning: implicit conversion loses integer precision: 'LONG' (aka 'long') to 'int' [-Wshorten-64-to-32]
  129 |     return cod2_sync_val_compare_and_swap_i32((volatile int *)Destination, Comperand, Exchange);
      |            ~~~~~~~~~~~~~~~~~~~~~~~~~~~~~~~~~~                                         ^~~~~~~~
src/Mac/Tools/MacWin32.c:129:76: warning: implicit conversion loses integer precision: 'LONG' (aka 'long') to 'int' [-Wshorten-64-to-32]
  129 |     return cod2_sync_val_compare_and_swap_i32((volatile int *)Destination, Comperand, Exchange);
      |            ~~~~~~~~~~~~~~~~~~~~~~~~~~~~~~~~~~                              ^~~~~~~~~
src/Mac/Tools/MacWin32.c:139:68: warning: implicit conversion loses integer precision: 'LONG' (aka 'long') to 'int' [-Wshorten-64-to-32]
  139 |     return cod2_sync_lock_test_and_set_i32((volatile int *)Target, Value);
      |            ~~~~~~~~~~~~~~~~~~~~~~~~~~~~~~~                         ^~~~~
5 warnings generated.

# Translation unit: src/PC/EffectsCore/FxArchive.c
src/PC/EffectsCore/FxArchive.c:178:15: warning: implicit conversion loses integer precision: 'unsigned long' to 'int' [-Wshorten-64-to-32]
  178 |         len = strlen(effectName);
      |             ~ ^~~~~~~~~~~~~~~~~~
src/PC/EffectsCore/FxArchive.c:220:15: warning: implicit conversion loses integer precision: 'unsigned long' to 'int' [-Wshorten-64-to-32]
  220 |         len = strlen(materialName);
      |             ~ ^~~~~~~~~~~~~~~~~~~~
src/PC/EffectsCore/FxArchive.c:261:15: warning: implicit conversion loses integer precision: 'unsigned long' to 'int' [-Wshorten-64-to-32]
  261 |         len = strlen(pszModelName);
      |             ~ ^~~~~~~~~~~~~~~~~~~~
src/PC/EffectsCore/FxArchive.c:322:9: warning: 'memcpy' will always overflow; destination buffer has size 104, but size argument is 112 [-Wbuiltin-memcpy-chk-size]
  322 |         memcpy(temp, entity, sizeof(FxGfxEntity));
      |         ^
/Applications/Xcode.app/Contents/Developer/Platforms/MacOSX.platform/Developer/SDKs/MacOSX.sdk/usr/include/secure/_string.h:234:21: note: expanded from macro 'memcpy'
  234 | #define memcpy(...) __memcpy_chk_func (__VA_ARGS__)
      |                     ^
/Applications/Xcode.app/Contents/Developer/Platforms/MacOSX.platform/Developer/SDKs/MacOSX.sdk/usr/include/secure/_string.h:127:3: note: expanded from macro '__memcpy_chk_func'
  127 |                 __builtin___memcpy_chk (dest, __VA_ARGS__, __darwin_obsz0 (dest))
      |                 ^
4 warnings generated.

# Translation unit: src/PC/EffectsCore/FxPrimitives.c
src/PC/EffectsCore/FxPrimitives.c:523:5: warning: 'memset' will always overflow; destination buffer has size 116, but size argument is 128 [-Wbuiltin-memcpy-chk-size]
  523 |     memset(ent, 0, sizeof(GfxEntity));
      |     ^
/Applications/Xcode.app/Contents/Developer/Platforms/MacOSX.platform/Developer/SDKs/MacOSX.sdk/usr/include/secure/_string.h:244:21: note: expanded from macro 'memset'
  244 | #define memset(...) __memset_chk_func (__VA_ARGS__)
      |                     ^
/Applications/Xcode.app/Contents/Developer/Platforms/MacOSX.platform/Developer/SDKs/MacOSX.sdk/usr/include/secure/_string.h:137:3: note: expanded from macro '__memset_chk_func'
  137 |                 __builtin___memset_chk (dest, __VA_ARGS__, __darwin_obsz0 (dest))
      |                 ^
1 warning generated.

# Translation unit: src/PC/EffectsCore/FxScheduler_load_obj.c
src/PC/EffectsCore/FxScheduler_load_obj.c:149:72: warning: implicit conversion loses integer precision: 'unsigned long' to 'int' [-Wshorten-64-to-32]
  149 |     effect->mEffectName = (char *)Hunk_AllocAlignInternal(strlen(name) + 1, 4);
      |                                   ~~~~~~~~~~~~~~~~~~~~~~~ ~~~~~~~~~~~~~^~~
1 warning generated.

# Translation unit: src/PC/EffectsCore/FxTemplate.c
src/PC/EffectsCore/FxTemplate.c:709:15: warning: implicit conversion loses integer precision: 'unsigned long' to 'int' [-Wshorten-64-to-32]
  709 |     lineLen = strlen(line);
      |             ~ ^~~~~~~~~~~~
src/PC/EffectsCore/FxTemplate.c:722:22: warning: implicit conversion loses integer precision: 'unsigned long' to 'int' [-Wshorten-64-to-32]
  722 |         flagLength = strlen(flag);
      |                    ~ ^~~~~~~~~~~~
src/PC/EffectsCore/FxTemplate.c:945:19: warning: implicit conversion loses integer precision: 'unsigned long' to 'int' [-Wshorten-64-to-32]
  945 |         int len = strlen(token);
      |             ~~~   ^~~~~~~~~~~~~
3 warnings generated.

# Translation unit: src/PC/EffectsCore/FxUtil.c
src/PC/EffectsCore/FxUtil.c:172:14: warning: cast to smaller integer type 'int' from 'MaterialHandle' (aka 'struct Material *') [-Wpointer-to-int-cast]
  172 |     result = (int)fx0->mRefEnt.customMaterial - (int)fx1->mRefEnt.customMaterial;
      |              ^~~~~~~~~~~~~~~~~~~~~~~~~~~~~~~~
src/PC/EffectsCore/FxUtil.c:172:49: warning: cast to smaller integer type 'int' from 'MaterialHandle' (aka 'struct Material *') [-Wpointer-to-int-cast]
  172 |     result = (int)fx0->mRefEnt.customMaterial - (int)fx1->mRefEnt.customMaterial;
      |                                                 ^~~~~~~~~~~~~~~~~~~~~~~~~~~~~~~~
src/PC/EffectsCore/FxUtil.c:939:74: warning: cast to smaller integer type 'int' from 'const EffectTemplate *' (aka 'const struct EffectTemplate *') [-Wpointer-to-int-cast]
  939 |     (((Effect *)(particle))->impactEffect) = (struct Effect *)(uintptr_t)(int)ep->fx;
      |                                                                          ^~~~~~~~~~~
3 warnings generated.

# Translation unit: src/PC/EffectsCore/GenericParser2.c
src/PC/EffectsCore/GenericParser2.c:378:27: warning: implicit conversion loses integer precision: 'unsigned long' to 'int' [-Wshorten-64-to-32]
  378 |     length = strlen(text) + extra;
      |            ~ ~~~~~~~~~~~~~^~~~~~~
1 warning generated.

# Translation unit: src/PC/bgame/bg_animation_mp.c
src/PC/bgame/bg_animation_mp.c:1120:27: warning: implicit conversion loses integer precision: 'unsigned long' to 'int' [-Wshorten-64-to-32]
 1120 |                 int len = strlen(mutableToken);
      |                     ~~~   ^~~~~~~~~~~~~~~~~~~~
src/PC/bgame/bg_animation_mp.c:1225:23: warning: implicit conversion loses integer precision: 'unsigned long' to 'int' [-Wshorten-64-to-32]
 1225 |                 len = strlen(valueToken);
      |                     ~ ^~~~~~~~~~~~~~~~~~
src/PC/bgame/bg_animation_mp.c:1604:46: warning: implicit conversion loses integer precision: 'unsigned long' to 'int' [-Wshorten-64-to-32]
 1604 |                 if (I_strncmp(text_p, token, strlen(token))) {
      |                     ~~~~~~~~~                ^~~~~~~~~~~~~
src/PC/bgame/bg_animation_mp.c:1628:46: warning: implicit conversion loses integer precision: 'unsigned long' to 'int' [-Wshorten-64-to-32]
 1628 |                 if (I_strncmp(text_p, token, strlen(token))) {
      |                     ~~~~~~~~~                ^~~~~~~~~~~~~
src/PC/bgame/bg_animation_mp.c:1715:46: warning: implicit conversion loses integer precision: 'unsigned long' to 'int' [-Wshorten-64-to-32]
 1715 |                 if (I_strncmp(text_p, token, strlen(token))) {
      |                     ~~~~~~~~~                ^~~~~~~~~~~~~
src/PC/bgame/bg_animation_mp.c:1739:46: warning: implicit conversion loses integer precision: 'unsigned long' to 'int' [-Wshorten-64-to-32]
 1739 |                 if (I_strncmp(text_p, token, strlen(token))) {
      |                     ~~~~~~~~~                ^~~~~~~~~~~~~
6 warnings generated.

# Translation unit: src/PC/bgame/bg_misc.c
src/PC/bgame/bg_misc.c:1120:15: warning: '__stdcall' calling convention is not supported for this target [-Wignored-attributes]
 1120 |         void *__stdcall GetModuleHandleA(const char *);
      |               ^
src/PC/bgame/bg_misc.c:1127:13: warning: call to undeclared function 'Com_Printf'; ISO C99 and later do not support implicit function declarations [-Wimplicit-function-declaration]
 1127 |             Com_Printf("[trajerr] number=%d eType=%d caller_rva=0x%llx bytes@pos='%s' (DEGRADING to stationary)\n",
      |             ^
2 warnings generated.

# Translation unit: src/PC/bgame/bg_weapons_load_obj.c
src/PC/bgame/bg_weapons_load_obj.c:52:22: warning: 'packed' attribute ignored [-Wignored-attributes]
   52 | __attribute__((used, packed, aligned(4)))
      |                      ^
src/PC/bgame/bg_weapons_load_obj.c:77:22: warning: 'packed' attribute ignored [-Wignored-attributes]
   77 | __attribute__((used, packed, aligned(4)))
      |                      ^
src/PC/bgame/bg_weapons_load_obj.c:94:22: warning: 'packed' attribute ignored [-Wignored-attributes]
   94 | __attribute__((used, packed, aligned(4)))
      |                      ^
src/PC/bgame/bg_weapons_load_obj.c:192:17: warning: cast to smaller integer type 'char' from 'const char *' [-Wpointer-to-int-cast]
  192 |     buf[iLen] = (char)((const char *)('\0'));
      |                 ^~~~~~~~~~~~~~~~~~~~~~~~~~~~
src/PC/bgame/bg_weapons_load_obj.c:206:121: warning: implicit conversion loses integer precision: 'unsigned long' to 'int' [-Wshorten-64-to-32]
  206 |         g_playerAnimTypeNames[g_playerAnimTypeNamesCount] = (char *)((const char *)(Hunk_AllocLowInternal(strlen(token) + 1)));
      |                                                                                     ~~~~~~~~~~~~~~~~~~~~~ ~~~~~~~~~~~~~~^~~
src/PC/bgame/bg_weapons_load_obj.c:223:82: warning: implicit conversion loses integer precision: 'unsigned long' to 'int' [-Wshorten-64-to-32]
  223 |     buf = (char *)((const char *)(Hunk_AllocLowAlignInternal(strlen(pszKeyValue) + 1, 1)));
      |                                   ~~~~~~~~~~~~~~~~~~~~~~~~~~ ~~~~~~~~~~~~~~~~~~~~^~~
src/PC/bgame/bg_weapons_load_obj.c:242:67: warning: implicit conversion loses integer precision: 'unsigned long' to 'int' [-Wshorten-64-to-32]
  242 |     buf = (char *)(Hunk_AllocLowAlignInternal(strlen(pszKeyValue) + 1, 1));
      |                    ~~~~~~~~~~~~~~~~~~~~~~~~~~ ~~~~~~~~~~~~~~~~~~~~^~~
7 warnings generated.

# Translation unit: src/PC/botlib/l_memory.c
src/PC/botlib/l_memory.c:26:42: warning: implicit conversion loses integer precision: 'unsigned long' to 'int' [-Wshorten-64-to-32]
   26 |     base = (char *)Z_MallocInternal(size + GM_HDR);
      |                    ~~~~~~~~~~~~~~~~ ~~~~~^~~~~~~~
1 warning generated.

# Translation unit: src/PC/botlib/l_precomp.c
src/PC/botlib/l_precomp.c:459:11: warning: implicit conversion loses integer precision: 'unsigned long' to 'int' [-Wshorten-64-to-32]
  459 |     len = strlen(token->string);
      |         ~ ^~~~~~~~~~~~~~~~~~~~~
src/PC/botlib/l_precomp.c:464:15: warning: implicit conversion loses integer precision: 'unsigned long' to 'int' [-Wshorten-64-to-32]
  464 |         len = strlen((char *)token);
      |             ~ ^~~~~~~~~~~~~~~~~~~~~
src/PC/botlib/l_precomp.c:468:11: warning: implicit conversion loses integer precision: 'unsigned long' to 'int' [-Wshorten-64-to-32]
  468 |     len = strlen((char *)token);
      |         ~ ^~~~~~~~~~~~~~~~~~~~~
src/PC/botlib/l_precomp.c:1342:26: warning: implicit conversion loses integer precision: 'unsigned long' to 'int' [-Wshorten-64-to-32]
 1342 |         token->subtype = strlen(token->string);
      |                        ~ ^~~~~~~~~~~~~~~~~~~~~
src/PC/botlib/l_precomp.c:1363:26: warning: implicit conversion loses integer precision: 'unsigned long' to 'int' [-Wshorten-64-to-32]
 1363 |         token->subtype = strlen(token->string);
      |                        ~ ^~~~~~~~~~~~~~~~~~~~~
src/PC/botlib/l_precomp.c:1384:26: warning: implicit conversion loses integer precision: 'unsigned long' to 'int' [-Wshorten-64-to-32]
 1384 |         token->subtype = strlen(token->string);
      |                        ~ ^~~~~~~~~~~~~~~~~~~~~
src/PC/botlib/l_precomp.c:1769:40: warning: implicit conversion loses integer precision: 'unsigned long' to 'int' [-Wshorten-64-to-32]
 1769 |             pc_token->intvalue = token.intvalue;
      |                                ~ ~~~~~~^~~~~~~~
7 warnings generated.

# Translation unit: src/PC/botlib/l_script.c
src/PC/botlib/l_script.c:671:24: warning: implicit conversion loses integer precision: 'unsigned long' to 'int' [-Wshorten-64-to-32]
  671 |         int punc_len = strlen(punc->p);
      |             ~~~~~~~~   ^~~~~~~~~~~~~~~
1 warning generated.

# Translation unit: src/PC/cgame/cg_effects_load_obj.c
src/PC/cgame/cg_effects_load_obj.c:44:20: warning: cast to 'const char *' from smaller integer type 'int' [-Wint-to-pointer-cast]
   44 |     return stricmp((const char *)(*pe0), (const char *)(*pe1));
      |                    ^~~~~~~~~~~~~~~~~~~~
src/PC/cgame/cg_effects_load_obj.c:44:42: warning: cast to 'const char *' from smaller integer type 'int' [-Wint-to-pointer-cast]
   44 |     return stricmp((const char *)(*pe0), (const char *)(*pe1));
      |                                          ^~~~~~~~~~~~~~~~~~~~
src/PC/cgame/cg_effects_load_obj.c:124:28: warning: implicit conversion loses integer precision: 'unsigned long' to 'int' [-Wshorten-64-to-32]
  124 |             int tokenLen = strlen(token);
      |                 ~~~~~~~~   ^~~~~~~~~~~~~
src/PC/cgame/cg_effects_load_obj.c:187:45: warning: cast to smaller integer type 'int' from 'EffectTemplate *' (aka 'struct EffectTemplate *') [-Wpointer-to-int-cast]
  187 |                 ((int *)entries)[surfIdx] = (int)FX_RegisterEffect(effectFile);
      |                                             ^~~~~~~~~~~~~~~~~~~~~~~~~~~~~~~~~~
4 warnings generated.

# Translation unit: src/PC/cgame_mp/cg_draw_mp.c
src/PC/cgame_mp/cg_draw_mp.c:334:9: warning: call to undeclared function 'getenv'; ISO C99 and later do not support implicit function declarations [-Wimplicit-function-declaration]
  334 |     if (getenv("COD2_CNXDIAG")) {
      |         ^
src/PC/cgame_mp/cg_draw_mp.c:337:13: warning: call to undeclared function 'Com_Printf'; ISO C99 and later do not support implicit function declarations [-Wimplicit-function-declaration]
  337 |             Com_Printf("[cnxdiag] cmd.serverTime=%d snap->ps.commandTime=%d cg->time=%d cmdNum=%d\n",
      |             ^
src/PC/cgame_mp/cg_draw_mp.c:895:133: warning: cast to smaller integer type 'int' from 'int *' [-Wpointer-to-int-cast]
  895 |     if (!CL_PickMaterial((const vec_t *)cg->refdef.vieworg, (const vec_t *)cg->refdef.viewaxis, szName, szSurfaceFlags, szContents, (int)&__mh_execute_header)) {
      |                                                                                                                                     ^~~~~~~~~~~~~~~~~~~~~~~~~
src/PC/cgame_mp/cg_draw_mp.c:1838:68: warning: cast to 'MaterialHandle' (aka 'struct Material *') from smaller integer type 'int' [-Wint-to-pointer-cast]
 1838 |                     UI_DrawHandlePic(2.0f, y, 0.0f, 0.0f, 1, 0, 0, (MaterialHandle)entry[1]);
      |                                                                    ^~~~~~~~~~~~~~~~~~~~~~~~
4 warnings generated.

# Translation unit: src/PC/cgame_mp/cg_event_mp.c
src/PC/cgame_mp/cg_event_mp.c:827:57: warning: cast to 'snd_alias_list_t *' (aka 'struct snd_alias_list_t *') from smaller integer type 'int' [-Wint-to-pointer-cast]
  827 |                     CG_PlayEntitySoundAlias(es->number, (snd_alias_list_t *)(alias));
      |                                                         ^~~~~~~~~~~~~~~~~~~~~~~~~~~
src/PC/cgame_mp/cg_event_mp.c:833:57: warning: cast to 'snd_alias_list_t *' (aka 'struct snd_alias_list_t *') from smaller integer type 'int' [-Wint-to-pointer-cast]
  833 |                     CG_PlayEntitySoundAlias(es->number, (snd_alias_list_t *)(alias));
      |                                                         ^~~~~~~~~~~~~~~~~~~~~~~~~~~
src/PC/cgame_mp/cg_event_mp.c:844:57: warning: cast to 'snd_alias_list_t *' (aka 'struct snd_alias_list_t *') from smaller integer type 'int' [-Wint-to-pointer-cast]
  844 |                     CG_PlayEntitySoundAlias(es->number, (snd_alias_list_t *)(alias));
      |                                                         ^~~~~~~~~~~~~~~~~~~~~~~~~~~
src/PC/cgame_mp/cg_event_mp.c:850:57: warning: cast to 'snd_alias_list_t *' (aka 'struct snd_alias_list_t *') from smaller integer type 'int' [-Wint-to-pointer-cast]
  850 |                     CG_PlayEntitySoundAlias(es->number, (snd_alias_list_t *)(alias));
      |                                                         ^~~~~~~~~~~~~~~~~~~~~~~~~~~
src/PC/cgame_mp/cg_event_mp.c:867:57: warning: cast to 'snd_alias_list_t *' (aka 'struct snd_alias_list_t *') from smaller integer type 'int' [-Wint-to-pointer-cast]
  867 |                     CG_PlayEntitySoundAlias(es->number, (snd_alias_list_t *)(alias));
      |                                                         ^~~~~~~~~~~~~~~~~~~~~~~~~~~
src/PC/cgame_mp/cg_event_mp.c:873:57: warning: cast to 'snd_alias_list_t *' (aka 'struct snd_alias_list_t *') from smaller integer type 'int' [-Wint-to-pointer-cast]
  873 |                     CG_PlayEntitySoundAlias(es->number, (snd_alias_list_t *)(alias));
      |                                                         ^~~~~~~~~~~~~~~~~~~~~~~~~~~
src/PC/cgame_mp/cg_event_mp.c:884:57: warning: cast to 'snd_alias_list_t *' (aka 'struct snd_alias_list_t *') from smaller integer type 'int' [-Wint-to-pointer-cast]
  884 |                     CG_PlayEntitySoundAlias(es->number, (snd_alias_list_t *)(alias));
      |                                                         ^~~~~~~~~~~~~~~~~~~~~~~~~~~
src/PC/cgame_mp/cg_event_mp.c:890:57: warning: cast to 'snd_alias_list_t *' (aka 'struct snd_alias_list_t *') from smaller integer type 'int' [-Wint-to-pointer-cast]
  890 |                     CG_PlayEntitySoundAlias(es->number, (snd_alias_list_t *)(alias));
      |                                                         ^~~~~~~~~~~~~~~~~~~~~~~~~~~
src/PC/cgame_mp/cg_event_mp.c:907:57: warning: cast to 'snd_alias_list_t *' (aka 'struct snd_alias_list_t *') from smaller integer type 'int' [-Wint-to-pointer-cast]
  907 |                     CG_PlayEntitySoundAlias(es->number, (snd_alias_list_t *)(alias));
      |                                                         ^~~~~~~~~~~~~~~~~~~~~~~~~~~
src/PC/cgame_mp/cg_event_mp.c:913:57: warning: cast to 'snd_alias_list_t *' (aka 'struct snd_alias_list_t *') from smaller integer type 'int' [-Wint-to-pointer-cast]
  913 |                     CG_PlayEntitySoundAlias(es->number, (snd_alias_list_t *)(alias));
      |                                                         ^~~~~~~~~~~~~~~~~~~~~~~~~~~
src/PC/cgame_mp/cg_event_mp.c:923:57: warning: cast to 'snd_alias_list_t *' (aka 'struct snd_alias_list_t *') from smaller integer type 'int' [-Wint-to-pointer-cast]
  923 |                     CG_PlayEntitySoundAlias(es->number, (snd_alias_list_t *)(alias));
      |                                                         ^~~~~~~~~~~~~~~~~~~~~~~~~~~
src/PC/cgame_mp/cg_event_mp.c:939:57: warning: cast to 'snd_alias_list_t *' (aka 'struct snd_alias_list_t *') from smaller integer type 'int' [-Wint-to-pointer-cast]
  939 |                     CG_PlayEntitySoundAlias(es->number, (snd_alias_list_t *)(alias));
      |                                                         ^~~~~~~~~~~~~~~~~~~~~~~~~~~
src/PC/cgame_mp/cg_event_mp.c:945:57: warning: cast to 'snd_alias_list_t *' (aka 'struct snd_alias_list_t *') from smaller integer type 'int' [-Wint-to-pointer-cast]
  945 |                     CG_PlayEntitySoundAlias(es->number, (snd_alias_list_t *)(alias));
      |                                                         ^~~~~~~~~~~~~~~~~~~~~~~~~~~
src/PC/cgame_mp/cg_event_mp.c:955:57: warning: cast to 'snd_alias_list_t *' (aka 'struct snd_alias_list_t *') from smaller integer type 'int' [-Wint-to-pointer-cast]
  955 |                     CG_PlayEntitySoundAlias(es->number, (snd_alias_list_t *)(alias));
      |                                                         ^~~~~~~~~~~~~~~~~~~~~~~~~~~
src/PC/cgame_mp/cg_event_mp.c:1015:53: warning: cast to 'snd_alias_list_t *' (aka 'struct snd_alias_list_t *') from smaller integer type 'int' [-Wint-to-pointer-cast]
 1015 |                 CG_PlayEntitySoundAlias(es->number, (snd_alias_list_t *)(alias));
      |                                                     ^~~~~~~~~~~~~~~~~~~~~~~~~~~
src/PC/cgame_mp/cg_event_mp.c:1029:53: warning: cast to 'snd_alias_list_t *' (aka 'struct snd_alias_list_t *') from smaller integer type 'int' [-Wint-to-pointer-cast]
 1029 |                 CG_PlayEntitySoundAlias(es->number, (snd_alias_list_t *)(alias));
      |                                                     ^~~~~~~~~~~~~~~~~~~~~~~~~~~
src/PC/cgame_mp/cg_event_mp.c:1043:53: warning: cast to 'snd_alias_list_t *' (aka 'struct snd_alias_list_t *') from smaller integer type 'int' [-Wint-to-pointer-cast]
 1043 |                 CG_PlayEntitySoundAlias(es->number, (snd_alias_list_t *)(alias));
      |                                                     ^~~~~~~~~~~~~~~~~~~~~~~~~~~
src/PC/cgame_mp/cg_event_mp.c:1103:53: warning: cast to 'snd_alias_list_t *' (aka 'struct snd_alias_list_t *') from smaller integer type 'int' [-Wint-to-pointer-cast]
 1103 |                 CG_PlayEntitySoundAlias(es->number, (snd_alias_list_t *)(alias));
      |                                                     ^~~~~~~~~~~~~~~~~~~~~~~~~~~
src/PC/cgame_mp/cg_event_mp.c:1126:57: warning: cast to 'snd_alias_list_t *' (aka 'struct snd_alias_list_t *') from smaller integer type 'int' [-Wint-to-pointer-cast]
 1126 |                     CG_PlayEntitySoundAlias(es->number, (snd_alias_list_t *)(alias));
      |                                                         ^~~~~~~~~~~~~~~~~~~~~~~~~~~
src/PC/cgame_mp/cg_event_mp.c:1132:57: warning: cast to 'snd_alias_list_t *' (aka 'struct snd_alias_list_t *') from smaller integer type 'int' [-Wint-to-pointer-cast]
 1132 |                     CG_PlayEntitySoundAlias(es->number, (snd_alias_list_t *)(alias));
      |                                                         ^~~~~~~~~~~~~~~~~~~~~~~~~~~
src/PC/cgame_mp/cg_event_mp.c:1142:57: warning: cast to 'snd_alias_list_t *' (aka 'struct snd_alias_list_t *') from smaller integer type 'int' [-Wint-to-pointer-cast]
 1142 |                     CG_PlayEntitySoundAlias(es->number, (snd_alias_list_t *)(alias));
      |                                                         ^~~~~~~~~~~~~~~~~~~~~~~~~~~
src/PC/cgame_mp/cg_event_mp.c:1162:53: warning: cast to 'snd_alias_list_t *' (aka 'struct snd_alias_list_t *') from smaller integer type 'int' [-Wint-to-pointer-cast]
 1162 |                 CG_PlayEntitySoundAlias(es->number, (snd_alias_list_t *)(alias));
      |                                                     ^~~~~~~~~~~~~~~~~~~~~~~~~~~
src/PC/cgame_mp/cg_event_mp.c:1305:56: warning: cast to 'snd_alias_list_t *' (aka 'struct snd_alias_list_t *') from smaller integer type 'int' [-Wint-to-pointer-cast]
 1305 |                     CG_PlaySoundAlias(0x3fe, position, (snd_alias_list_t *)(sndAlias));
      |                                                        ^~~~~~~~~~~~~~~~~~~~~~~~~~~~~~
src/PC/cgame_mp/cg_event_mp.c:1349:56: warning: cast to 'snd_alias_list_t *' (aka 'struct snd_alias_list_t *') from smaller integer type 'int' [-Wint-to-pointer-cast]
 1349 |                     CG_PlaySoundAlias(0x3fe, position, (snd_alias_list_t *)(sndAlias));
      |                                                        ^~~~~~~~~~~~~~~~~~~~~~~~~~~~~~
src/PC/cgame_mp/cg_event_mp.c:1395:56: warning: cast to 'snd_alias_list_t *' (aka 'struct snd_alias_list_t *') from smaller integer type 'int' [-Wint-to-pointer-cast]
 1395 |                     CG_PlaySoundAlias(0x3fe, position, (snd_alias_list_t *)(sndAlias));
      |                                                        ^~~~~~~~~~~~~~~~~~~~~~~~~~~~~~
src/PC/cgame_mp/cg_event_mp.c:1438:52: warning: cast to 'snd_alias_list_t *' (aka 'struct snd_alias_list_t *') from smaller integer type 'int' [-Wint-to-pointer-cast]
 1438 |                 CG_PlaySoundAlias(0x3fe, position, (snd_alias_list_t *)(sndAlias));
      |                                                    ^~~~~~~~~~~~~~~~~~~~~~~~~~~~~~
26 warnings generated.

# Translation unit: src/PC/cgame_mp/cg_scoreboard_mp.c
src/PC/cgame_mp/cg_scoreboard_mp.c:66:27: warning: cast to 'int *' from smaller integer type 'int' [-Wint-to-pointer-cast]
   66 |         cg->scoresTop -= *(int *)(*(int *)imp_cg_scoreboardScrollStep + 8);
      |                           ^~~~~~~~~~~~~~~~~~~~~~~~~~~~~~~~~~~~~~~~~~~~~~~~
src/PC/cgame_mp/cg_scoreboard_mp.c:75:27: warning: cast to 'int *' from smaller integer type 'int' [-Wint-to-pointer-cast]
   75 |         cg->scoresTop += *(int *)(*(int *)imp_cg_scoreboardScrollStep + 8);
      |                           ^~~~~~~~~~~~~~~~~~~~~~~~~~~~~~~~~~~~~~~~~~~~~~~~
2 warnings generated.

# Translation unit: src/PC/client_mp/cl_cgame_mp.c
src/PC/client_mp/cl_cgame_mp.c:404:27: warning: implicit conversion loses integer precision: 'unsigned long' to 'int' [-Wshorten-64-to-32]
  404 |         len = strlen(dup) + 1;
      |             ~ ~~~~~~~~~~~~^~~
src/PC/client_mp/cl_cgame_mp.c:994:22: warning: implicit conversion loses integer precision: 'unsigned long' to 'int' [-Wshorten-64-to-32]
  994 |         int outLen = strlen(outbuf);
      |             ~~~~~~   ^~~~~~~~~~~~~~
src/PC/client_mp/cl_cgame_mp.c:1015:22: warning: implicit conversion loses integer precision: 'unsigned long' to 'int' [-Wshorten-64-to-32]
 1015 |     FS_Write(outstr, strlen(outstr), handle);
      |     ~~~~~~~~         ^~~~~~~~~~~~~~
3 warnings generated.

# Translation unit: src/PC/client_mp/cl_console_mp.c
src/PC/client_mp/cl_console_mp.c:312:26: warning: implicit conversion loses integer precision: 'unsigned long' to 'int' [-Wshorten-64-to-32]
  312 |         FS_Write(buffer, strlen(buffer), f);
      |         ~~~~~~~~         ^~~~~~~~~~~~~~
src/PC/client_mp/cl_console_mp.c:448:21: warning: implicit conversion loses integer precision: 'unsigned long' to 'int' [-Wshorten-64-to-32]
  448 |     int prefixLen = strlen(prefix);
      |         ~~~~~~~~~   ^~~~~~~~~~~~~~
src/PC/client_mp/cl_console_mp.c:1404:17: warning: implicit conversion loses integer precision: 'unsigned long' to 'int' [-Wshorten-64-to-32]
 1404 |     prefixLen = strlen(prefix);
      |               ~ ^~~~~~~~~~~~~~
src/PC/client_mp/cl_console_mp.c:1419:34: warning: implicit conversion loses integer precision: 'unsigned long' to 'int' [-Wshorten-64-to-32]
 1419 |         matchLen = strlen(match) + 1;
      |                  ~ ~~~~~~~~~~~~~~^~~
src/PC/client_mp/cl_console_mp.c:1562:37: warning: implicit conversion loses integer precision: 'unsigned long' to 'int' [-Wshorten-64-to-32]
 1562 |     conDrawInputGlob.inputTextLen = strlen(cmd);
      |                                   ~ ^~~~~~~~~~~
5 warnings generated.

# Translation unit: src/PC/client_mp/cl_main_mp.c
src/PC/client_mp/cl_main_mp.c:1697:11: warning: implicit conversion loses integer precision: 'unsigned long' to 'int' [-Wshorten-64-to-32]
 1697 |     len = strlen(key);
      |         ~ ^~~~~~~~~~~
src/PC/client_mp/cl_main_mp.c:1772:15: warning: implicit conversion loses integer precision: 'unsigned long' to 'int' [-Wshorten-64-to-32]
 1772 |         len = strlen(cdkey);
      |             ~ ^~~~~~~~~~~~~
src/PC/client_mp/cl_main_mp.c:1840:15: warning: implicit conversion loses integer precision: 'unsigned long' to 'int' [-Wshorten-64-to-32]
 1840 |     infoLen = strlen(info);
      |             ~ ^~~~~~~~~~~~
src/PC/client_mp/cl_main_mp.c:2874:14: warning: implicit conversion loses integer precision: 'unsigned long' to 'int' [-Wshorten-64-to-32]
 2874 |     argLen = strlen(arg);
      |            ~ ^~~~~~~~~~~
src/PC/client_mp/cl_main_mp.c:2875:14: warning: implicit conversion loses integer precision: 'unsigned long' to 'int' [-Wshorten-64-to-32]
 2875 |     extLen = strlen(extension);
      |            ~ ^~~~~~~~~~~~~~~~~
5 warnings generated.

# Translation unit: src/PC/client_mp/cl_main_pc_mp.c
src/PC/client_mp/cl_main_pc_mp.c:287:19: warning: implicit conversion loses integer precision: 'unsigned long' to 'int' [-Wshorten-64-to-32]
  287 |             len = strlen(info);
      |                 ~ ^~~~~~~~~~~~
src/PC/client_mp/cl_main_pc_mp.c:364:27: warning: implicit conversion loses integer precision: 'unsigned long' to 'int' [-Wshorten-64-to-32]
  364 |             int passLen = strlen(pass);
      |                 ~~~~~~~   ^~~~~~~~~~~~
src/PC/client_mp/cl_main_pc_mp.c:441:22: warning: implicit conversion loses integer precision: 'unsigned long' to 'int' [-Wshorten-64-to-32]
  441 |         int msgLen = strlen(message);
      |             ~~~~~~   ^~~~~~~~~~~~~~~
src/PC/client_mp/cl_main_pc_mp.c:495:25: warning: implicit conversion loses integer precision: 'unsigned long' to 'int' [-Wshorten-64-to-32]
  495 |         int statusLen = strlen(serverStatus->string);
      |             ~~~~~~~~~   ^~~~~~~~~~~~~~~~~~~~~~~~~~~~
src/PC/client_mp/cl_main_pc_mp.c:512:33: warning: implicit conversion loses integer precision: 'unsigned long' to 'int' [-Wshorten-64-to-32]
  512 |                 int statusLen = strlen(serverStatus->string);
      |                     ~~~~~~~~~   ^~~~~~~~~~~~~~~~~~~~~~~~~~~~
src/PC/client_mp/cl_main_pc_mp.c:538:25: warning: implicit conversion loses integer precision: 'unsigned long' to 'int' [-Wshorten-64-to-32]
  538 |         int statusLen = strlen(serverStatus->string);
      |             ~~~~~~~~~   ^~~~~~~~~~~~~~~~~~~~~~~~~~~~
src/PC/client_mp/cl_main_pc_mp.c:662:12: warning: cast to smaller integer type 'unsigned int' from 'byte *' (aka 'unsigned char *') [-Wpointer-to-int-cast]
  662 |     while ((unsigned int)(buffptr + 1) < (unsigned int)buffend) {
      |            ^~~~~~~~~~~~~~~~~~~~~~~~~~~
src/PC/client_mp/cl_main_pc_mp.c:662:42: warning: cast to smaller integer type 'unsigned int' from 'byte *' (aka 'unsigned char *') [-Wpointer-to-int-cast]
  662 |     while ((unsigned int)(buffptr + 1) < (unsigned int)buffend) {
      |                                          ^~~~~~~~~~~~~~~~~~~~~
src/PC/client_mp/cl_main_pc_mp.c:668:12: warning: cast to smaller integer type 'unsigned int' from 'byte *' (aka 'unsigned char *') [-Wpointer-to-int-cast]
  668 |     while ((unsigned int)(buffptr + 1) < (unsigned int)(buffend - 6)) {
      |            ^~~~~~~~~~~~~~~~~~~~~~~~~~~
src/PC/client_mp/cl_main_pc_mp.c:668:42: warning: cast to smaller integer type 'unsigned int' from 'byte *' (aka 'unsigned char *') [-Wpointer-to-int-cast]
  668 |     while ((unsigned int)(buffptr + 1) < (unsigned int)(buffend - 6)) {
      |                                          ^~~~~~~~~~~~~~~~~~~~~~~~~~~
10 warnings generated.

# Translation unit: src/PC/client_mp/cl_parse_mp.c
src/PC/client_mp/cl_parse_mp.c:230:19: warning: implicit conversion loses integer precision: 'unsigned long' to 'int' [-Wshorten-64-to-32]
  230 |             len = strlen(s);
      |                 ~ ^~~~~~~~~
1 warning generated.

# Translation unit: src/PC/client_mp/cl_scrn_mp.c
src/PC/client_mp/cl_scrn_mp.c:12:22: warning: 'packed' attribute ignored [-Wignored-attributes]
   12 | __attribute__((used, packed, aligned(4)))
      |                      ^
src/PC/client_mp/cl_scrn_mp.c:117:27: warning: cast to smaller integer type 'int' from 'FontHandle' (aka 'struct Font_s *') [-Wpointer-to-int-cast]
  117 |         string, maxChars, (int)font, (float)x, (float)y + (float)fontHeight,
      |                           ^~~~~~~~~
2 warnings generated.

# Translation unit: src/PC/game/g_load_utils.c
src/PC/game/g_load_utils.c:40:26: warning: implicit conversion loses integer precision: 'unsigned long' to 'int' [-Wshorten-64-to-32]
   40 |     len = strlen(string) + 1;
      |         ~ ~~~~~~~~~~~~~~~^~~
src/PC/game/g_load_utils.c:117:13: warning: implicit conversion loses integer precision: 'unsigned long' to 'int' [-Wshorten-64-to-32]
  117 |         l = strlen(keyname);
      |           ~ ^~~~~~~~~~~~~~~
src/PC/game/g_load_utils.c:126:13: warning: implicit conversion loses integer precision: 'unsigned long' to 'int' [-Wshorten-64-to-32]
  126 |         l = strlen(com_token);
      |           ~ ^~~~~~~~~~~~~~~~~
3 warnings generated.

# Translation unit: src/PC/game/g_weapon_load_obj.c
src/PC/game/g_weapon_load_obj.c:14:22: warning: 'packed' attribute ignored [-Wignored-attributes]
   14 | __attribute__((used, packed, aligned(4)))
      |                      ^
src/PC/game/g_weapon_load_obj.c:53:5: warning: array index 14 is past the end of the array (that has type 'char[14]') [-Warray-bounds]
   53 |     header[14] = '\0';
      |     ^      ~~
src/PC/game/g_weapon_load_obj.c:51:5: note: array 'header' declared here
   51 |     char header[14];
      |     ^
2 warnings generated.

# Translation unit: src/PC/game_mp/g_active_mp.c
src/PC/game_mp/g_active_mp.c:488:13: warning: call to undeclared function 'Com_Printf'; ISO C99 and later do not support implicit function declarations [-Wimplicit-function-declaration]
  488 |             Com_Printf("[touch] num=%d i=%d touch[i]=%d hit#=%d eType=%d posTr=%d\n",
      |             ^
1 warning generated.

# Translation unit: src/PC/game_mp/g_client_mp.c
src/PC/game_mp/g_client_mp.c:451:21: warning: implicit conversion loses integer precision: 'long' to 'int' [-Wshorten-64-to-32]
  451 |     clientNum = ent - g_entities;
      |               ~ ~~~~^~~~~~~~~~~~
src/PC/game_mp/g_client_mp.c:516:26: warning: implicit conversion loses integer precision: 'long' to 'int' [-Wshorten-64-to-32]
  516 |     SV_GetUsercmd(client - lev->clients, &client->sess.cmd);
      |     ~~~~~~~~~~~~~ ~~~~~~~^~~~~~~~~~~~~~
2 warnings generated.

# Translation unit: src/PC/game_mp/g_cmds_mp.c
src/PC/game_mp/g_cmds_mp.c:144:13: warning: implicit conversion loses integer precision: 'unsigned long' to 'int' [-Wshorten-64-to-32]
  144 |         j = strlen(entry);
      |           ~ ^~~~~~~~~~~~~
src/PC/game_mp/g_cmds_mp.c:153:34: warning: implicit conversion loses integer precision: 'long' to 'int' [-Wshorten-64-to-32]
  153 |     SV_GameSendServerCommand(ent - g_entities, SV_CMD_RELIABLE,
      |     ~~~~~~~~~~~~~~~~~~~~~~~~ ~~~~^~~~~~~~~~~~
src/PC/game_mp/g_cmds_mp.c:166:38: warning: implicit conversion loses integer precision: 'long' to 'int' [-Wshorten-64-to-32]
  166 |         SV_GameSendServerCommand(ent - g_entities, SV_CMD_CAN_IGNORE,
      |         ~~~~~~~~~~~~~~~~~~~~~~~~ ~~~~^~~~~~~~~~~~
src/PC/game_mp/g_cmds_mp.c:174:42: warning: implicit conversion loses integer precision: 'long' to 'int' [-Wshorten-64-to-32]
  174 |             SV_GameSendServerCommand(ent - g_entities, SV_CMD_CAN_IGNORE,
      |             ~~~~~~~~~~~~~~~~~~~~~~~~ ~~~~^~~~~~~~~~~~
src/PC/game_mp/g_cmds_mp.c:196:16: warning: implicit conversion loses integer precision: 'unsigned long' to 'int' [-Wshorten-64-to-32]
  196 |         tlen = strlen(arg);
      |              ~ ^~~~~~~~~~~
src/PC/game_mp/g_cmds_mp.c:228:16: warning: implicit conversion loses integer precision: 'unsigned long' to 'int' [-Wshorten-64-to-32]
  228 |         tlen = strlen(arg);
      |              ~ ^~~~~~~~~~~
src/PC/game_mp/g_cmds_mp.c:352:38: warning: implicit conversion loses integer precision: 'long' to 'int' [-Wshorten-64-to-32]
  352 |         SV_GameSendServerCommand(ent - g_entities, SV_CMD_CAN_IGNORE,
      |         ~~~~~~~~~~~~~~~~~~~~~~~~ ~~~~^~~~~~~~~~~~
src/PC/game_mp/g_cmds_mp.c:359:42: warning: implicit conversion loses integer precision: 'long' to 'int' [-Wshorten-64-to-32]
  359 |             SV_GameSendServerCommand(ent - g_entities, SV_CMD_CAN_IGNORE,
      |             ~~~~~~~~~~~~~~~~~~~~~~~~ ~~~~^~~~~~~~~~~~
src/PC/game_mp/g_cmds_mp.c:365:42: warning: implicit conversion loses integer precision: 'long' to 'int' [-Wshorten-64-to-32]
  365 |             SV_GameSendServerCommand(ent - g_entities, SV_CMD_CAN_IGNORE,
      |             ~~~~~~~~~~~~~~~~~~~~~~~~ ~~~~^~~~~~~~~~~~
src/PC/game_mp/g_cmds_mp.c:371:42: warning: implicit conversion loses integer precision: 'long' to 'int' [-Wshorten-64-to-32]
  371 |             SV_GameSendServerCommand(ent - g_entities, SV_CMD_CAN_IGNORE,
      |             ~~~~~~~~~~~~~~~~~~~~~~~~ ~~~~^~~~~~~~~~~~
src/PC/game_mp/g_cmds_mp.c:382:38: warning: implicit conversion loses integer precision: 'long' to 'int' [-Wshorten-64-to-32]
  382 |         SV_GameSendServerCommand(ent - g_entities, SV_CMD_CAN_IGNORE,
      |         ~~~~~~~~~~~~~~~~~~~~~~~~ ~~~~^~~~~~~~~~~~
src/PC/game_mp/g_cmds_mp.c:393:38: warning: implicit conversion loses integer precision: 'long' to 'int' [-Wshorten-64-to-32]
  393 |         SV_GameSendServerCommand(ent - g_entities, SV_CMD_CAN_IGNORE,
      |         ~~~~~~~~~~~~~~~~~~~~~~~~ ~~~~^~~~~~~~~~~~
src/PC/game_mp/g_cmds_mp.c:395:38: warning: implicit conversion loses integer precision: 'long' to 'int' [-Wshorten-64-to-32]
  395 |         SV_GameSendServerCommand(ent - g_entities, SV_CMD_CAN_IGNORE,
      |         ~~~~~~~~~~~~~~~~~~~~~~~~ ~~~~^~~~~~~~~~~~
src/PC/game_mp/g_cmds_mp.c:407:42: warning: implicit conversion loses integer precision: 'long' to 'int' [-Wshorten-64-to-32]
  407 |             SV_GameSendServerCommand(ent - g_entities, SV_CMD_CAN_IGNORE,
      |             ~~~~~~~~~~~~~~~~~~~~~~~~ ~~~~^~~~~~~~~~~~
src/PC/game_mp/g_cmds_mp.c:417:42: warning: implicit conversion loses integer precision: 'long' to 'int' [-Wshorten-64-to-32]
  417 |             SV_GameSendServerCommand(ent - g_entities, SV_CMD_CAN_IGNORE,
      |             ~~~~~~~~~~~~~~~~~~~~~~~~ ~~~~^~~~~~~~~~~~
src/PC/game_mp/g_cmds_mp.c:441:42: warning: implicit conversion loses integer precision: 'long' to 'int' [-Wshorten-64-to-32]
  441 |             SV_GameSendServerCommand(ent - g_entities, SV_CMD_CAN_IGNORE,
      |             ~~~~~~~~~~~~~~~~~~~~~~~~ ~~~~^~~~~~~~~~~~
src/PC/game_mp/g_cmds_mp.c:447:42: warning: implicit conversion loses integer precision: 'long' to 'int' [-Wshorten-64-to-32]
  447 |             SV_GameSendServerCommand(ent - g_entities, SV_CMD_CAN_IGNORE,
      |             ~~~~~~~~~~~~~~~~~~~~~~~~ ~~~~^~~~~~~~~~~~
src/PC/game_mp/g_cmds_mp.c:463:42: warning: implicit conversion loses integer precision: 'long' to 'int' [-Wshorten-64-to-32]
  463 |             SV_GameSendServerCommand(ent - g_entities, SV_CMD_CAN_IGNORE,
      |             ~~~~~~~~~~~~~~~~~~~~~~~~ ~~~~^~~~~~~~~~~~
src/PC/game_mp/g_cmds_mp.c:483:46: warning: implicit conversion loses integer precision: 'long' to 'int' [-Wshorten-64-to-32]
  483 |                 SV_GameSendServerCommand(ent - g_entities, SV_CMD_CAN_IGNORE,
      |                 ~~~~~~~~~~~~~~~~~~~~~~~~ ~~~~^~~~~~~~~~~~
src/PC/game_mp/g_cmds_mp.c:490:46: warning: implicit conversion loses integer precision: 'long' to 'int' [-Wshorten-64-to-32]
  490 |                 SV_GameSendServerCommand(ent - g_entities, SV_CMD_CAN_IGNORE,
      |                 ~~~~~~~~~~~~~~~~~~~~~~~~ ~~~~^~~~~~~~~~~~
src/PC/game_mp/g_cmds_mp.c:496:46: warning: implicit conversion loses integer precision: 'long' to 'int' [-Wshorten-64-to-32]
  496 |                 SV_GameSendServerCommand(ent - g_entities, SV_CMD_CAN_IGNORE,
      |                 ~~~~~~~~~~~~~~~~~~~~~~~~ ~~~~^~~~~~~~~~~~
src/PC/game_mp/g_cmds_mp.c:536:42: warning: implicit conversion loses integer precision: 'long' to 'int' [-Wshorten-64-to-32]
  536 |             SV_GameSendServerCommand(ent - g_entities, SV_CMD_CAN_IGNORE,
      |             ~~~~~~~~~~~~~~~~~~~~~~~~ ~~~~^~~~~~~~~~~~
src/PC/game_mp/g_cmds_mp.c:542:42: warning: implicit conversion loses integer precision: 'long' to 'int' [-Wshorten-64-to-32]
  542 |             SV_GameSendServerCommand(ent - g_entities, SV_CMD_CAN_IGNORE,
      |             ~~~~~~~~~~~~~~~~~~~~~~~~ ~~~~^~~~~~~~~~~~
src/PC/game_mp/g_cmds_mp.c:548:42: warning: implicit conversion loses integer precision: 'long' to 'int' [-Wshorten-64-to-32]
  548 |             SV_GameSendServerCommand(ent - g_entities, SV_CMD_CAN_IGNORE,
      |             ~~~~~~~~~~~~~~~~~~~~~~~~ ~~~~^~~~~~~~~~~~
src/PC/game_mp/g_cmds_mp.c:553:38: warning: implicit conversion loses integer precision: 'long' to 'int' [-Wshorten-64-to-32]
  553 |         SV_GameSendServerCommand(ent - g_entities, SV_CMD_CAN_IGNORE,
      |         ~~~~~~~~~~~~~~~~~~~~~~~~ ~~~~^~~~~~~~~~~~
src/PC/game_mp/g_cmds_mp.c:582:38: warning: implicit conversion loses integer precision: 'long' to 'int' [-Wshorten-64-to-32]
  582 |         SV_GameSendServerCommand(ent - g_entities, SV_CMD_RELIABLE, va("%c \"GAME_CHEATSNOTENABLED\"", 101));
      |         ~~~~~~~~~~~~~~~~~~~~~~~~ ~~~~^~~~~~~~~~~~
src/PC/game_mp/g_cmds_mp.c:587:38: warning: implicit conversion loses integer precision: 'long' to 'int' [-Wshorten-64-to-32]
  587 |         SV_GameSendServerCommand(ent - g_entities, SV_CMD_RELIABLE, va("%c \"GAME_USAGE\x15: setviewpos x y z yaw\"", 101));
      |         ~~~~~~~~~~~~~~~~~~~~~~~~ ~~~~^~~~~~~~~~~~
src/PC/game_mp/g_cmds_mp.c:659:36: warning: implicit conversion loses integer precision: 'long' to 'int' [-Wshorten-64-to-32]
  659 |     SV_GameSendServerCommand(other - g_entities, SV_CMD_CAN_IGNORE,
      |     ~~~~~~~~~~~~~~~~~~~~~~~~ ~~~~~~^~~~~~~~~~~~
src/PC/game_mp/g_cmds_mp.c:1111:38: warning: implicit conversion loses integer precision: 'long' to 'int' [-Wshorten-64-to-32]
 1111 |         SV_GameSendServerCommand(ent - g_entities, SV_CMD_CAN_IGNORE, va("%c \"%s\"", 101, message));
      |         ~~~~~~~~~~~~~~~~~~~~~~~~ ~~~~^~~~~~~~~~~~
src/PC/game_mp/g_cmds_mp.c:1121:38: warning: implicit conversion loses integer precision: 'long' to 'int' [-Wshorten-64-to-32]
 1121 |         SV_GameSendServerCommand(ent - g_entities, SV_CMD_CAN_IGNORE, va("%c \"%s\"", 101, message));
      |         ~~~~~~~~~~~~~~~~~~~~~~~~ ~~~~^~~~~~~~~~~~
src/PC/game_mp/g_cmds_mp.c:1131:38: warning: implicit conversion loses integer precision: 'long' to 'int' [-Wshorten-64-to-32]
 1131 |         SV_GameSendServerCommand(ent - g_entities, SV_CMD_CAN_IGNORE, va("%c \"%s\"", 101, message));
      |         ~~~~~~~~~~~~~~~~~~~~~~~~ ~~~~^~~~~~~~~~~~
src/PC/game_mp/g_cmds_mp.c:1147:38: warning: implicit conversion loses integer precision: 'long' to 'int' [-Wshorten-64-to-32]
 1147 |         SV_GameSendServerCommand(ent - g_entities, SV_CMD_CAN_IGNORE, va("%c \"%s\"", 101, message));
      |         ~~~~~~~~~~~~~~~~~~~~~~~~ ~~~~^~~~~~~~~~~~
src/PC/game_mp/g_cmds_mp.c:1163:38: warning: implicit conversion loses integer precision: 'long' to 'int' [-Wshorten-64-to-32]
 1163 |         SV_GameSendServerCommand(ent - g_entities, SV_CMD_CAN_IGNORE, va("%c \"%s\"", 101, message));
      |         ~~~~~~~~~~~~~~~~~~~~~~~~ ~~~~^~~~~~~~~~~~
src/PC/game_mp/g_cmds_mp.c:1189:38: warning: implicit conversion loses integer precision: 'long' to 'int' [-Wshorten-64-to-32]
 1189 |         SV_GameSendServerCommand(ent - g_entities, SV_CMD_CAN_IGNORE,
      |         ~~~~~~~~~~~~~~~~~~~~~~~~ ~~~~^~~~~~~~~~~~
34 warnings generated.

# Translation unit: src/PC/game_mp/g_combat_mp.c
src/PC/game_mp/g_combat_mp.c:48:22: warning: 'packed' attribute ignored [-Wignored-attributes]
   48 | __attribute__((used, packed, aligned(4)))
      |                      ^
1 warning generated.

# Translation unit: src/PC/game_mp/g_items_mp.c
src/PC/game_mp/g_items_mp.c:144:18: warning: implicit conversion loses integer precision: 'long' to 'int' [-Wshorten-64-to-32]
  144 |     index = item - (gitem_t *)imp_bg_itemlist;
      |           ~ ~~~~~^~~~~~~~~~~~~~~~~~~~~~~~~~~~
1 warning generated.

# Translation unit: src/PC/game_mp/g_main_mp.c
src/PC/game_mp/g_main_mp.c:225:11: warning: '__stdcall' calling convention is not supported for this target [-Wignored-attributes]
  225 |     void *__stdcall GetModuleHandleA(const char *);
      |           ^
src/PC/game_mp/g_main_mp.c:226:11: warning: '__stdcall' calling convention is not supported for this target [-Wignored-attributes]
  226 |     void *__stdcall GetProcAddress(void *, const char *);
      |           ^
src/PC/game_mp/g_main_mp.c:227:17: warning: '__stdcall' calling convention is not supported for this target [-Wignored-attributes]
  227 |     typedef int(__stdcall * VPt)(void *, unsigned long long, unsigned long, unsigned long *);
      |                 ^
src/PC/game_mp/g_main_mp.c:276:15: warning: '__stdcall' calling convention is not supported for this target [-Wignored-attributes]
  276 |         void *__stdcall GetModuleHandleA(const char *);
      |               ^
src/PC/game_mp/g_main_mp.c:422:22: warning: implicit conversion loses integer precision: 'unsigned long' to 'int' [-Wshorten-64-to-32]
  422 |     FS_Write(string, strlen(string), level.logFile);
      |     ~~~~~~~~         ^~~~~~~~~~~~~~
src/PC/game_mp/g_main_mp.c:1465:12: warning: cast to smaller integer type 'int' from 'void *' [-Wvoid-pointer-to-int-cast]
 1465 |     return (int)imp_bgs;
      |            ^~~~~~~~~~~~
6 warnings generated.

# Translation unit: src/PC/game_mp/g_scr_main_mp.c
src/PC/game_mp/g_scr_main_mp.c:1357:55: warning: cast to 'const char *' from smaller integer type 'int' [-Wint-to-pointer-cast]
 1357 |         Scr_ParamError(0, va("cannot cast %s to int", (const char *)Scr_GetTypeName(0)));
      |                                                       ^~~~~~~~~~~~~~~~~~~~~~~~~~~~~~~~
src/PC/game_mp/g_scr_main_mp.c:1514:16: warning: implicit conversion loses integer precision: 'unsigned long' to 'int' [-Wshorten-64-to-32]
 1514 |     delimLen = strlen(delim);
      |              ~ ^~~~~~~~~~~~~
src/PC/game_mp/g_scr_main_mp.c:1878:1: warning: non-void function does not return a value in all control paths [-Wreturn-type]
 1878 | }
      | ^
src/PC/game_mp/g_scr_main_mp.c:1990:13: warning: cast to 'unsigned short *' from smaller integer type 'int' [-Wint-to-pointer-cast]
 1990 |     name = ((unsigned short *)XModelBoneNames( (XModel *)(model)))[index];
      |             ^~~~~~~~~~~~~~~~~~~~~~~~~~~~~~~~~~~~~~~~~~~~~~~~~~~~~
src/PC/game_mp/g_scr_main_mp.c:2081:17: warning: cast to 'void *' from smaller integer type 'int' [-Wint-to-void-pointer-cast]
 2081 |     void *ent = (void *)SV_AddTestClient();
      |                 ^~~~~~~~~~~~~~~~~~~~~~~~~~
src/PC/game_mp/g_scr_main_mp.c:2168:34: warning: implicit conversion loses integer precision: 'long' to 'int' [-Wshorten-64-to-32]
 2168 |     SV_GameSendServerCommand(ent - g_entities, SV_CMD_CAN_IGNORE, va("%c \"%s\"", 'e', Scr_GetString(1)));
      |     ~~~~~~~~~~~~~~~~~~~~~~~~ ~~~~^~~~~~~~~~~~
src/PC/game_mp/g_scr_main_mp.c:2297:24: warning: implicit conversion loses integer precision: 'unsigned long' to 'int' [-Wshorten-64-to-32]
 2297 |         FS_Write(text, strlen(text), handle);
      |         ~~~~~~~~       ^~~~~~~~~~~~
src/PC/game_mp/g_scr_main_mp.c:2578:19: warning: implicit conversion loses integer precision: 'unsigned long' to 'int' [-Wshorten-64-to-32]
 2578 |             len = strlen(fileName);
      |                 ~ ^~~~~~~~~~~~~~~~
src/PC/game_mp/g_scr_main_mp.c:3228:24: warning: implicit conversion loses integer precision: 'unsigned long' to 'int' [-Wshorten-64-to-32]
 3228 |             tokenLen = strlen(token);
      |                      ~ ^~~~~~~~~~~~~
src/PC/game_mp/g_scr_main_mp.c:3254:24: warning: implicit conversion loses integer precision: 'unsigned long' to 'int' [-Wshorten-64-to-32]
 3254 |             tokenLen = strlen(token);
      |                      ~ ^~~~~~~~~~~~~
src/PC/game_mp/g_scr_main_mp.c:3260:24: warning: implicit conversion loses integer precision: 'unsigned long' to 'int' [-Wshorten-64-to-32]
 3260 |             tokenLen = strlen(token);
      |                      ~ ^~~~~~~~~~~~~
src/PC/game_mp/g_scr_main_mp.c:3918:38: warning: implicit conversion loses integer precision: 'long' to 'int' [-Wshorten-64-to-32]
 3918 |         SV_GameSendServerCommand(ent - g_entities, SV_CMD_CAN_IGNORE, va("%c \"%i\"", 0x49, 0));
      |         ~~~~~~~~~~~~~~~~~~~~~~~~ ~~~~^~~~~~~~~~~~
src/PC/game_mp/g_scr_main_mp.c:4239:25: warning: implicit conversion loses integer precision: 'long' to 'int' [-Wshorten-64-to-32]
 4239 |     int clientNum = ent - g_entities;
      |         ~~~~~~~~~   ~~~~^~~~~~~~~~~~
13 warnings generated.

# Translation unit: src/PC/game_mp/g_svcmds_mp.c
src/PC/game_mp/g_svcmds_mp.c:101:15: warning: implicit conversion loses integer precision: 'unsigned long' to 'int' [-Wshorten-64-to-32]
  101 |         len = strlen(iplist);
      |             ~ ^~~~~~~~~~~~~~
1 warning generated.

# Translation unit: src/PC/game_mp/g_utils_mp.c
src/PC/game_mp/g_utils_mp.c:101:27: warning: call to undeclared function 'SCR_ARENA_ENC'; ISO C99 and later do not support implicit function declarations [-Wimplicit-function-declaration]
  101 |     return tagInfo ? (int)SCR_ARENA_ENC(tagInfo) + 1 : 0;
      |                           ^
src/PC/game_mp/g_utils_mp.c:116:25: warning: call to undeclared function 'SCR_ARENA_PTR'; ISO C99 and later do not support implicit function declarations [-Wimplicit-function-declaration]
  116 |     return (tagInfo_t *)SCR_ARENA_PTR(off);
      |                         ^
src/PC/game_mp/g_utils_mp.c:116:12: warning: cast to 'tagInfo_t *' (aka 'struct tagInfo_s *') from smaller integer type 'int' [-Wint-to-pointer-cast]
  116 |     return (tagInfo_t *)SCR_ARENA_PTR(off);
      |            ^~~~~~~~~~~~~~~~~~~~~~~~~~~~~~~
src/PC/game_mp/g_utils_mp.c:333:1: warning: non-void function does not return a value in all control paths [-Wreturn-type]
  333 | }
      | ^
src/PC/game_mp/g_utils_mp.c:359:1: warning: non-void function does not return a value in all control paths [-Wreturn-type]
  359 | }
      | ^
src/PC/game_mp/g_utils_mp.c:533:1: warning: non-void function does not return a value in all control paths [-Wreturn-type]
  533 | }
      | ^
src/PC/game_mp/g_utils_mp.c:630:1: warning: non-void function does not return a value in all control paths [-Wreturn-type]
  630 | }
      | ^
src/PC/game_mp/g_utils_mp.c:662:1: warning: non-void function does not return a value in all control paths [-Wreturn-type]
  662 | }
      | ^
src/PC/game_mp/g_utils_mp.c:688:1: warning: non-void function does not return a value in all control paths [-Wreturn-type]
  688 | }
      | ^
src/PC/game_mp/g_utils_mp.c:742:1: warning: non-void function does not return a value in all control paths [-Wreturn-type]
  742 | }
      | ^
10 warnings generated.

# Translation unit: src/PC/gfx_d3d/r_bsp_load_obj.c
src/PC/gfx_d3d/r_bsp_load_obj.c:318:13: warning: cast to smaller integer type 'unsigned int' from 'GfxLight *' (aka 'struct GfxLight *') [-Wpointer-to-int-cast]
  318 |         if ((unsigned int)sunLight < 0x1000 ||
      |             ^~~~~~~~~~~~~~~~~~~~~~
src/PC/gfx_d3d/r_bsp_load_obj.c:319:14: warning: cast to smaller integer type 'unsigned int' from 'GfxLight *' (aka 'struct GfxLight *') [-Wpointer-to-int-cast]
  319 |             ((unsigned int)sunLight >= 0x08200000 && (unsigned int)sunLight < 0x08800000)) {
      |              ^~~~~~~~~~~~~~~~~~~~~~
src/PC/gfx_d3d/r_bsp_load_obj.c:319:54: warning: cast to smaller integer type 'unsigned int' from 'GfxLight *' (aka 'struct GfxLight *') [-Wpointer-to-int-cast]
  319 |             ((unsigned int)sunLight >= 0x08200000 && (unsigned int)sunLight < 0x08800000)) {
      |                                                      ^~~~~~~~~~~~~~~~~~~~~~
src/PC/gfx_d3d/r_bsp_load_obj.c:505:31: warning: implicit conversion loses integer precision: 'unsigned long' to 'int' [-Wshorten-64-to-32]
  505 |             n = strlen(token) + 1;
      |               ~ ~~~~~~~~~~~~~~^~~
src/PC/gfx_d3d/r_bsp_load_obj.c:511:31: warning: implicit conversion loses integer precision: 'unsigned long' to 'int' [-Wshorten-64-to-32]
  511 |             n = strlen(token) + 1;
      |               ~ ~~~~~~~~~~~~~~^~~
src/PC/gfx_d3d/r_bsp_load_obj.c:570:31: warning: implicit conversion loses integer precision: 'unsigned long' to 'int' [-Wshorten-64-to-32]
  570 |             n = strlen(token) + 1;
      |               ~ ~~~~~~~~~~~~~~^~~
src/PC/gfx_d3d/r_bsp_load_obj.c:576:31: warning: implicit conversion loses integer precision: 'unsigned long' to 'int' [-Wshorten-64-to-32]
  576 |             n = strlen(token) + 1;
      |               ~ ~~~~~~~~~~~~~~^~~
7 warnings generated.

# Translation unit: src/PC/gfx_d3d/r_dpvs.c
src/PC/gfx_d3d/r_dpvs.c:1961:32: warning: cast to smaller integer type 'unsigned int' from 'void *' [-Wvoid-pointer-to-int-cast]
 1961 |                 if (!bmodel || (unsigned int)bmodel < 0x1000)
      |                                ^~~~~~~~~~~~~~~~~~~~
1 warning generated.

# Translation unit: src/PC/gfx_d3d/r_dvars.c
src/PC/gfx_d3d/r_dvars.c:156:22: warning: 'packed' attribute ignored [-Wignored-attributes]
  156 | __attribute__((used, packed, aligned(4)))
      |                      ^
1 warning generated.

# Translation unit: src/PC/gfx_d3d/r_font.c
src/PC/gfx_d3d/r_font.c:141:63: warning: implicit conversion loses integer precision: 'unsigned long' to 'int' [-Wshorten-64-to-32]
  141 |     nameCopy = (char *)riPtr->Hunk_AllocInternal(strlen(name) + 1);
      |                        ~~~~~                     ~~~~~~~~~~~~~^~~
1 warning generated.

# Translation unit: src/PC/gfx_d3d/r_image.c
src/PC/gfx_d3d/r_image.c:39:22: warning: 'packed' attribute ignored [-Wignored-attributes]
   39 | __attribute__((used, packed, aligned(4)))
      |                      ^
src/PC/gfx_d3d/r_image.c:58:22: warning: 'packed' attribute ignored [-Wignored-attributes]
   58 | __attribute__((used, packed, aligned(4)))
      |                      ^
src/PC/gfx_d3d/r_image.c:656:32: warning: implicit conversion loses integer precision: 'unsigned long' to 'int' [-Wshorten-64-to-32]
  656 |     int nameLen = strlen(name) + 1;
      |         ~~~~~~~   ~~~~~~~~~~~~~^~~
src/PC/gfx_d3d/r_image.c:691:36: warning: 'stdcall' calling convention is not supported for this target [-Wignored-attributes]
  691 |     typedef HRESULT(__attribute__((stdcall)) * GetDescFunc)(void *, UINT, void *);
      |                                    ^
4 warnings generated.

# Translation unit: src/PC/gfx_d3d/r_init.c
src/PC/gfx_d3d/r_init.c:251:43: warning: 'stdcall' calling convention is not supported for this target [-Wignored-attributes]
  251 |             hr = ((HRESULT(__attribute__((stdcall)) *)(void *, int, int, HWND, DWORD, void *, void **))
      |                                           ^
src/PC/gfx_d3d/r_init.c:275:11: warning: cast to 'byte *' (aka 'unsigned char *') from smaller integer type 'int' [-Wint-to-pointer-cast]
  275 |     if (!*(byte *)(*(int *)imp_r_multiGpu + 8))
      |           ^~~~~~~~~~~~~~~~~~~~~~~~~~~~~~~~~~~~
src/PC/gfx_d3d/r_init.c:276:14: warning: cast to 'int *' from smaller integer type 'int' [-Wint-to-pointer-cast]
  276 |         v = *(int *)(*(int *)imp_r_gpuSync + 8);
      |              ^~~~~~~~~~~~~~~~~~~~~~~~~~~~~~~~~~
src/PC/gfx_d3d/r_init.c:488:24: warning: cast to 'float *' from smaller integer type 'int' [-Wint-to-pointer-cast]
  488 |     invGamma = 1.0f / *(float *)(*(int *)imp_r_gamma + 8);
      |                        ^~~~~~~~~~~~~~~~~~~~~~~~~~~~~~~~~~
src/PC/gfx_d3d/r_init.c:585:24: warning: cast to 'float *' from smaller integer type 'int' [-Wint-to-pointer-cast]
  585 |     invGamma = 1.0f / *(float *)(*(int *)imp_r_gamma + 8);
      |                        ^~~~~~~~~~~~~~~~~~~~~~~~~~~~~~~~~~
src/PC/gfx_d3d/r_init.c:885:22: warning: cast to 'int *' from smaller integer type 'int' [-Wint-to-pointer-cast]
  885 |     int aaSamples = *(int *)(*(int *)imp_r_aaSamples + 8);
      |                      ^~~~~~~~~~~~~~~~~~~~~~~~~~~~~~~~~~~~
src/PC/gfx_d3d/r_init.c:919:25: warning: cast to 'byte *' (aka 'unsigned char *') from smaller integer type 'int' [-Wint-to-pointer-cast]
  919 |     int swapInterval = *(byte *)(*(int *)imp_r_swapInterval + 8);
      |                         ^~~~~~~~~~~~~~~~~~~~~~~~~~~~~~~~~~~~~~~~
src/PC/gfx_d3d/r_init.c:915:19: warning: implicit conversion loses integer precision: 'DWORD' (aka 'unsigned long') to 'int' [-Wshorten-64-to-32]
  915 |     d3dpp[5] = dx.multiSampleQuality;
      |              ~ ~~~^~~~~~~~~~~~~~~~~~
8 warnings generated.

# Translation unit: src/PC/gfx_d3d/r_light_load_obj.c
src/PC/gfx_d3d/r_light_load_obj.c:35:63: warning: implicit conversion loses integer precision: 'unsigned long' to 'int' [-Wshorten-64-to-32]
   35 |     def->name = (const char *)Hunk_AllocInternal(strlen(name) + 1);
      |                               ~~~~~~~~~~~~~~~~~~ ~~~~~~~~~~~~~^~~
src/PC/gfx_d3d/r_light_load_obj.c:42:24: warning: implicit conversion loses integer precision: 'unsigned long' to 'int' [-Wshorten-64-to-32]
   42 |     int imageNameLen = strlen(imageName);
      |         ~~~~~~~~~~~~   ^~~~~~~~~~~~~~~~~
2 warnings generated.

# Translation unit: src/PC/gfx_d3d/r_loadworld_new.c
src/PC/gfx_d3d/r_loadworld_new.c:146:28: warning: implicit conversion loses integer precision: 'unsigned long' to 'int' [-Wshorten-64-to-32]
  146 |     nameLen = strlen(name) + 1;
      |             ~ ~~~~~~~~~~~~~^~~
src/PC/gfx_d3d/r_loadworld_new.c:152:32: warning: implicit conversion loses integer precision: 'unsigned long' to 'int' [-Wshorten-64-to-32]
  152 |     nameLen = strlen(baseName) + 1;
      |             ~ ~~~~~~~~~~~~~~~~~^~~
2 warnings generated.

# Translation unit: src/PC/gfx_d3d/r_marks.c
src/PC/gfx_d3d/r_marks.c:533:32: warning: array index 3 is past the end of the array (that has type 'vec_t[3]' (aka 'float[3]')) [-Warray-bounds]
  533 |                     u = (dx * (*axis)[3] + dy * (*axis)[4] + dz * (*axis)[5]) * texCoordScale + 0.5f;
      |                                ^      ~
src/PC/gfx_d3d/r_marks.c:533:50: warning: array index 4 is past the end of the array (that has type 'vec_t[3]' (aka 'float[3]')) [-Warray-bounds]
  533 |                     u = (dx * (*axis)[3] + dy * (*axis)[4] + dz * (*axis)[5]) * texCoordScale + 0.5f;
      |                                                  ^      ~
src/PC/gfx_d3d/r_marks.c:533:68: warning: array index 5 is past the end of the array (that has type 'vec_t[3]' (aka 'float[3]')) [-Warray-bounds]
  533 |                     u = (dx * (*axis)[3] + dy * (*axis)[4] + dz * (*axis)[5]) * texCoordScale + 0.5f;
      |                                                                    ^      ~
src/PC/gfx_d3d/r_marks.c:536:32: warning: array index 6 is past the end of the array (that has type 'vec_t[3]' (aka 'float[3]')) [-Warray-bounds]
  536 |                     t = (dx * (*axis)[6] + dy * (*axis)[7] + dz * (*axis)[8]) * texCoordScale + 0.5f;
      |                                ^      ~
src/PC/gfx_d3d/r_marks.c:536:50: warning: array index 7 is past the end of the array (that has type 'vec_t[3]' (aka 'float[3]')) [-Warray-bounds]
  536 |                     t = (dx * (*axis)[6] + dy * (*axis)[7] + dz * (*axis)[8]) * texCoordScale + 0.5f;
      |                                                  ^      ~
src/PC/gfx_d3d/r_marks.c:536:68: warning: array index 8 is past the end of the array (that has type 'vec_t[3]' (aka 'float[3]')) [-Warray-bounds]
  536 |                     t = (dx * (*axis)[6] + dy * (*axis)[7] + dz * (*axis)[8]) * texCoordScale + 0.5f;
      |                                                                    ^      ~
6 warnings generated.

# Translation unit: src/PC/gfx_d3d/r_material.c
src/PC/gfx_d3d/r_material.c:260:18: warning: cast to smaller integer type 'unsigned int' from 'MaterialTechniqueSet *' (aka 'struct MaterialTechniqueSet *') [-Wpointer-to-int-cast]
  260 |     diff = (int)((unsigned int)mtl0->techniqueSet - (unsigned int)mtl1->techniqueSet);
      |                  ^~~~~~~~~~~~~~~~~~~~~~~~~~~~~~~~
src/PC/gfx_d3d/r_material.c:260:53: warning: cast to smaller integer type 'unsigned int' from 'MaterialTechniqueSet *' (aka 'struct MaterialTechniqueSet *') [-Wpointer-to-int-cast]
  260 |     diff = (int)((unsigned int)mtl0->techniqueSet - (unsigned int)mtl1->techniqueSet);
      |                                                     ^~~~~~~~~~~~~~~~~~~~~~~~~~~~~~~~
src/PC/gfx_d3d/r_material.c:457:13: warning: cast to 'const char **' from smaller integer type 'int' [-Wint-to-pointer-cast]
  457 |     return *(const char **)(*(int *)&handle);
      |             ^~~~~~~~~~~~~~~~~~~~~~~~~~~~~~~~
src/PC/gfx_d3d/r_material.c:547:30: warning: implicit conversion loses integer precision: 'unsigned long' to 'int' [-Wshorten-64-to-32]
  547 |     nameLen = strlen(string) + 1;
      |             ~ ~~~~~~~~~~~~~~~^~~
src/PC/gfx_d3d/r_material.c:972:21: warning: cast to smaller integer type 'unsigned int' from 'GfxImage *' (aka 'struct GfxImage *') [-Wpointer-to-int-cast]
  972 |                 if ((unsigned int)img > (unsigned int)best)
      |                     ^~~~~~~~~~~~~~~~~
src/PC/gfx_d3d/r_material.c:972:41: warning: cast to smaller integer type 'unsigned int' from 'GfxImage *' (aka 'struct GfxImage *') [-Wpointer-to-int-cast]
  972 |                 if ((unsigned int)img > (unsigned int)best)
      |                                         ^~~~~~~~~~~~~~~~~~
src/PC/gfx_d3d/r_material.c:976:21: warning: cast to smaller integer type 'unsigned int' from 'GfxImage *' (aka 'struct GfxImage *') [-Wpointer-to-int-cast]
  976 |                 if ((unsigned int)img > (unsigned int)best &&
      |                     ^~~~~~~~~~~~~~~~~
src/PC/gfx_d3d/r_material.c:976:41: warning: cast to smaller integer type 'unsigned int' from 'GfxImage *' (aka 'struct GfxImage *') [-Wpointer-to-int-cast]
  976 |                 if ((unsigned int)img > (unsigned int)best &&
      |                                         ^~~~~~~~~~~~~~~~~~
src/PC/gfx_d3d/r_material.c:977:21: warning: cast to smaller integer type 'unsigned int' from 'GfxImage *' (aka 'struct GfxImage *') [-Wpointer-to-int-cast]
  977 |                     (unsigned int)img < (unsigned int)lastReloaded)
      |                     ^~~~~~~~~~~~~~~~~
src/PC/gfx_d3d/r_material.c:977:41: warning: cast to smaller integer type 'unsigned int' from 'GfxImage *' (aka 'struct GfxImage *') [-Wpointer-to-int-cast]
  977 |                     (unsigned int)img < (unsigned int)lastReloaded)
      |                                         ^~~~~~~~~~~~~~~~~~~~~~~~~~
src/PC/gfx_d3d/r_material.c:1016:28: warning: implicit conversion loses integer precision: 'unsigned long' to 'int' [-Wshorten-64-to-32]
 1016 |     nameLen = strlen(name) + 1;
      |             ~ ~~~~~~~~~~~~~^~~
11 warnings generated.

# Translation unit: src/PC/gfx_d3d/r_material_load_obj.c
src/PC/gfx_d3d/r_material_load_obj.c:187:66: warning: implicit conversion loses integer precision: 'unsigned long' to 'int' [-Wshorten-64-to-32]
  187 |     int allocSize = strlen(subdir) + strlen(filename) + fileSize + 2;
      |         ~~~~~~~~~   ~~~~~~~~~~~~~~~~~~~~~~~~~~~~~~~~~~~~~~~~~~~~~^~~
src/PC/gfx_d3d/r_material_load_obj.c:273:5: warning: cast to smaller integer type 'int' from 'GfxCachedShaderText *' (aka 'struct GfxCachedShaderText *') [-Wpointer-to-int-cast]
  273 |     MTLGLOB_SET_PTR(cache);
      |     ^~~~~~~~~~~~~~~~~~~~~~
src/PC/gfx_d3d/r_material_load_obj.c:22:61: note: expanded from macro 'MTLGLOB_SET_PTR'
   22 | #    define MTLGLOB_SET_PTR(p) (*(int *)(mtlLoadGlob + 4) = (int)(p))
      |                                                             ^~~~~~~~
src/PC/gfx_d3d/r_material_load_obj.c:755:10: warning: implicit conversion loses integer precision: 'HRESULT' (aka 'long') to 'int' [-Wshorten-64-to-32]
  755 |     hr = D3DXGetShaderConstantTable((const void *)((const MaterialShader *)mtlShader)->program, &constants);   /* was *(void**)(mtlShader+4) (x86 program offset) */
      |        ~ ^~~~~~~~~~~~~~~~~~~~~~~~~~~~~~~~~~~~~~~~~~~~~~~~~~~~~~~~~~~~~~~~~~~~~~~~~~~~~~~~~~~~~~~~~~~~~~~~~~
src/PC/gfx_d3d/r_material_load_obj.c:1785:26: warning: cast to smaller integer type 'int' from 'byte *' (aka 'unsigned char *') [-Wpointer-to-int-cast]
 1785 |     *(int *)(mtl + 0) += (int)mtl;
      |                          ^~~~~~~~
src/PC/gfx_d3d/r_material_load_obj.c:1786:26: warning: cast to smaller integer type 'int' from 'byte *' (aka 'unsigned char *') [-Wpointer-to-int-cast]
 1786 |     *(int *)(mtl + 4) += (int)mtl;
      |                          ^~~~~~~~
src/PC/gfx_d3d/r_material_load_obj.c:1787:58: warning: cast to smaller integer type 'int' from 'MaterialTextureDef *' (aka 'struct MaterialTextureDef *') [-Wpointer-to-int-cast]
 1787 |     ((Material *)mtl)->textures = (MaterialTextureDef *)((int)((Material *)mtl)->textures + (int)mtl);
      |                                                          ^~~~~~~~~~~~~~~~~~~~~~~~~~~~~~~~
src/PC/gfx_d3d/r_material_load_obj.c:1787:93: warning: cast to smaller integer type 'int' from 'byte *' (aka 'unsigned char *') [-Wpointer-to-int-cast]
 1787 |     ((Material *)mtl)->textures = (MaterialTextureDef *)((int)((Material *)mtl)->textures + (int)mtl);
      |                                                                                             ^~~~~~~~
src/PC/gfx_d3d/r_material_load_obj.c:1787:35: warning: cast to 'MaterialTextureDef *' (aka 'struct MaterialTextureDef *') from smaller integer type 'int' [-Wint-to-pointer-cast]
 1787 |     ((Material *)mtl)->textures = (MaterialTextureDef *)((int)((Material *)mtl)->textures + (int)mtl);
      |                                   ^~~~~~~~~~~~~~~~~~~~~~~~~~~~~~~~~~~~~~~~~~~~~~~~~~~~~~~~~~~~~~~~~~~
src/PC/gfx_d3d/r_material_load_obj.c:1793:71: warning: cast to smaller integer type 'int' from 'byte *' (aka 'unsigned char *') [-Wpointer-to-int-cast]
 1793 |             *(int *)tex = (int)Material_RegisterString((const char *)((int)mtl + *(int *)tex));
      |                                                                       ^~~~~~~~
src/PC/gfx_d3d/r_material_load_obj.c:1793:56: warning: cast to 'const char *' from smaller integer type 'int' [-Wint-to-pointer-cast]
 1793 |             *(int *)tex = (int)Material_RegisterString((const char *)((int)mtl + *(int *)tex));
      |                                                        ^~~~~~~~~~~~~~~~~~~~~~~~~~~~~~~~~~~~~~
src/PC/gfx_d3d/r_material_load_obj.c:1793:27: warning: cast to smaller integer type 'int' from 'const char *' [-Wpointer-to-int-cast]
 1793 |             *(int *)tex = (int)Material_RegisterString((const char *)((int)mtl + *(int *)tex));
      |                           ^~~~~~~~~~~~~~~~~~~~~~~~~~~~~~~~~~~~~~~~~~~~~~~~~~~~~~~~~~~~~~~~~~~~
src/PC/gfx_d3d/r_material_load_obj.c:1796:37: warning: cast to smaller integer type 'int' from 'byte *' (aka 'unsigned char *') [-Wpointer-to-int-cast]
 1796 |                 byte *wd = (byte *)((int)mtl + *(int *)(tex + 8));
      |                                     ^~~~~~~~
src/PC/gfx_d3d/r_material_load_obj.c:1796:28: warning: cast to 'byte *' (aka 'unsigned char *') from smaller integer type 'int' [-Wint-to-pointer-cast]
 1796 |                 byte *wd = (byte *)((int)mtl + *(int *)(tex + 8));
      |                            ^~~~~~~~~~~~~~~~~~~~~~~~~~~~~~~~~~~~~~
src/PC/gfx_d3d/r_material_load_obj.c:1797:37: warning: cast to smaller integer type 'int' from 'byte *' (aka 'unsigned char *') [-Wpointer-to-int-cast]
 1797 |                 *(int *)(tex + 8) = (int)wd;
      |                                     ^~~~~~~
src/PC/gfx_d3d/r_material_load_obj.c:1810:28: warning: cast to smaller integer type 'int' from 'water_t *' (aka 'struct water_t *') [-Wpointer-to-int-cast]
 1810 |                 int wres = (int)R_LoadWaterSetup( (const water_t *)(setup));
      |                            ^~~~~~~~~~~~~~~~~~~~~~~~~~~~~~~~~~~~~~~~~~~~~~~~
src/PC/gfx_d3d/r_material_load_obj.c:1819:63: warning: cast to smaller integer type 'int' from 'byte *' (aka 'unsigned char *') [-Wpointer-to-int-cast]
 1819 |                     void *img = Image_Register((const char *)((int)mtl + *(int *)(tex + 8)), sem, imageTrack);
      |                                                               ^~~~~~~~
src/PC/gfx_d3d/r_material_load_obj.c:1819:48: warning: cast to 'const char *' from smaller integer type 'int' [-Wint-to-pointer-cast]
 1819 |                     void *img = Image_Register((const char *)((int)mtl + *(int *)(tex + 8)), sem, imageTrack);
      |                                                ^~~~~~~~~~~~~~~~~~~~~~~~~~~~~~~~~~~~~~~~~~~~
src/PC/gfx_d3d/r_material_load_obj.c:1820:41: warning: cast to smaller integer type 'int' from 'void *' [-Wvoid-pointer-to-int-cast]
 1820 |                     *(int *)(tex + 8) = (int)img;
      |                                         ^~~~~~~~
src/PC/gfx_d3d/r_material_load_obj.c:1828:60: warning: cast to smaller integer type 'int' from 'MaterialConstantDef *' (aka 'struct MaterialConstantDefObj *') [-Wpointer-to-int-cast]
 1828 |     ((Material *)mtl)->constants = (MaterialConstantDef *)((int)((Material *)mtl)->constants + (int)mtl);
      |                                                            ^~~~~~~~~~~~~~~~~~~~~~~~~~~~~~~~~
src/PC/gfx_d3d/r_material_load_obj.c:1828:96: warning: cast to smaller integer type 'int' from 'byte *' (aka 'unsigned char *') [-Wpointer-to-int-cast]
 1828 |     ((Material *)mtl)->constants = (MaterialConstantDef *)((int)((Material *)mtl)->constants + (int)mtl);
      |                                                                                                ^~~~~~~~
src/PC/gfx_d3d/r_material_load_obj.c:1828:36: warning: cast to 'MaterialConstantDef *' (aka 'struct MaterialConstantDefObj *') from smaller integer type 'int' [-Wint-to-pointer-cast]
 1828 |     ((Material *)mtl)->constants = (MaterialConstantDef *)((int)((Material *)mtl)->constants + (int)mtl);
      |                                    ^~~~~~~~~~~~~~~~~~~~~~~~~~~~~~~~~~~~~~~~~~~~~~~~~~~~~~~~~~~~~~~~~~~~~
src/PC/gfx_d3d/r_material_load_obj.c:1833:70: warning: cast to smaller integer type 'int' from 'byte *' (aka 'unsigned char *') [-Wpointer-to-int-cast]
 1833 |             *(int *)ce = (int)Material_RegisterString((const char *)((int)mtl + *(int *)ce));
      |                                                                      ^~~~~~~~
src/PC/gfx_d3d/r_material_load_obj.c:1833:55: warning: cast to 'const char *' from smaller integer type 'int' [-Wint-to-pointer-cast]
 1833 |             *(int *)ce = (int)Material_RegisterString((const char *)((int)mtl + *(int *)ce));
      |                                                       ^~~~~~~~~~~~~~~~~~~~~~~~~~~~~~~~~~~~~
src/PC/gfx_d3d/r_material_load_obj.c:1833:26: warning: cast to smaller integer type 'int' from 'const char *' [-Wpointer-to-int-cast]
 1833 |             *(int *)ce = (int)Material_RegisterString((const char *)((int)mtl + *(int *)ce));
      |                          ^~~~~~~~~~~~~~~~~~~~~~~~~~~~~~~~~~~~~~~~~~~~~~~~~~~~~~~~~~~~~~~~~~~
src/PC/gfx_d3d/r_material_load_obj.c:2497:100: warning: cast to 'const char *' from smaller integer type 'int' [-Wint-to-pointer-cast]
 2497 |                         if (!Material_ValidatePassArguments_impl((const Material *)mtl, tsNameStr, (const char *)*(int *)tech, 2, (const MaterialShaderArgument *)&((MaterialPassDx9 *)pb)->pixelShader))
      |                                                                                                    ^~~~~~~~~~~~~~~~~~~~~~~~~~
25 warnings generated.

# Translation unit: src/PC/gfx_d3d/r_rendercmds.c
src/PC/gfx_d3d/r_rendercmds.c:743:11: warning: implicit conversion loses integer precision: 'unsigned long' to 'int' [-Wshorten-64-to-32]
  743 |     len = strlen(text);
      |         ~ ^~~~~~~~~~~~
src/PC/gfx_d3d/r_rendercmds.c:790:11: warning: implicit conversion loses integer precision: 'unsigned long' to 'int' [-Wshorten-64-to-32]
  790 |     len = strlen(text);
      |         ~ ^~~~~~~~~~~~
2 warnings generated.

# Translation unit: src/PC/gfx_d3d/r_scene.c
src/PC/gfx_d3d/r_scene.c:136:16: warning: cast to smaller integer type 'int' from 'const char *' [-Wpointer-to-int-cast]
  136 |         return (int)DObjGetModel((void *)sceneEnt0->u.obj, 0) - (int)DObjGetModel((void *)sceneEnt1->u.obj, 0);
      |                ^~~~~~~~~~~~~~~~~~~~~~~~~~~~~~~~~~~~~~~~~~~~~~
src/PC/gfx_d3d/r_scene.c:136:65: warning: cast to smaller integer type 'int' from 'const char *' [-Wpointer-to-int-cast]
  136 |         return (int)DObjGetModel((void *)sceneEnt0->u.obj, 0) - (int)DObjGetModel((void *)sceneEnt1->u.obj, 0);
      |                                                                 ^~~~~~~~~~~~~~~~~~~~~~~~~~~~~~~~~~~~~~~~~~~~~~
src/PC/gfx_d3d/r_scene.c:152:20: warning: implicit conversion loses integer precision: 'long' to 'int' [-Wshorten-64-to-32]
  152 |     entIndex = ent - scene.def.entities;
      |              ~ ~~~~^~~~~~~~~~~~~~~~~~~~
src/PC/gfx_d3d/r_scene.c:161:20: warning: implicit conversion loses integer precision: 'long' to 'int' [-Wshorten-64-to-32]
  161 |     entIndex = ent - scene.def.entities;
      |              ~ ~~~~^~~~~~~~~~~~~~~~~~~~
src/PC/gfx_d3d/r_scene.c:661:24: warning: cast to smaller integer type 'int' from 'GfxWorld *' (aka 'struct GfxWorld *') [-Wpointer-to-int-cast]
  661 |                        (int)rgp_p->world ? 1 : 0);
      |                        ^~~~~~~~~~~~~~~~~
5 warnings generated.

# Translation unit: src/PC/gfx_d3d/r_screenshot.c
src/PC/gfx_d3d/r_screenshot.c:83:10: warning: cast to 'void (*)(void *, int, int, int, int, float, int)' from smaller integer type 'int' [-Wint-to-pointer-cast]
   83 |         ((void(D3DVTCC *)(void *, int, int, int, int, float, int))vtable[0xAC / 4])(device, 0, 0, 7, 0xFFFF00FF, 1.0f, 0);
      |          ^~~~~~~~~~~~~~~~~~~~~~~~~~~~~~~~~~~~~~~~~~~~~~~~~~~~~~~~~~~~~~~~~~~~~~~~~
1 warning generated.

# Translation unit: src/PC/gfx_d3d/r_sky.c
src/PC/gfx_d3d/r_sky.c:161:15: warning: implicit conversion loses integer precision: 'unsigned long' to 'int' [-Wshorten-64-to-32]
  161 |         len = strlen(szFileBuffer);
      |             ~ ^~~~~~~~~~~~~~~~~~~~
1 warning generated.

# Translation unit: src/PC/gfx_d3d/r_staticmodelcache.c
src/PC/gfx_d3d/r_staticmodelcache.c:955:30: warning: implicit conversion loses integer precision: 'intptr_t' (aka 'long') to 'int' [-Wshorten-64-to-32]
  955 |                         ch = (intptr_t)floorf(r * (float)srcColor[2] * oneOver255 * 255.0f + 0.5f);
      |                            ~ ^~~~~~~~~~~~~~~~~~~~~~~~~~~~~~~~~~~~~~~~~~~~~~~~~~~~~~~~~~~~~~~~~~~~~
src/PC/gfx_d3d/r_staticmodelcache.c:962:30: warning: implicit conversion loses integer precision: 'intptr_t' (aka 'long') to 'int' [-Wshorten-64-to-32]
  962 |                         ch = (intptr_t)floorf(b * (float)srcColor[1] * oneOver255 * 255.0f + 0.5f);
      |                            ~ ^~~~~~~~~~~~~~~~~~~~~~~~~~~~~~~~~~~~~~~~~~~~~~~~~~~~~~~~~~~~~~~~~~~~~
src/PC/gfx_d3d/r_staticmodelcache.c:969:30: warning: implicit conversion loses integer precision: 'intptr_t' (aka 'long') to 'int' [-Wshorten-64-to-32]
  969 |                         ch = (intptr_t)floorf(g * (float)srcColor[0] * oneOver255 * 255.0f + 0.5f);
      |                            ~ ^~~~~~~~~~~~~~~~~~~~~~~~~~~~~~~~~~~~~~~~~~~~~~~~~~~~~~~~~~~~~~~~~~~~~
src/PC/gfx_d3d/r_staticmodelcache.c:976:30: warning: implicit conversion loses integer precision: 'intptr_t' (aka 'long') to 'int' [-Wshorten-64-to-32]
  976 |                         ch = (intptr_t)floorf((float)srcColor[3] * oneOver255 * 255.0f + 0.5f);
      |                            ~ ^~~~~~~~~~~~~~~~~~~~~~~~~~~~~~~~~~~~~~~~~~~~~~~~~~~~~~~~~~~~~~~~~
4 warnings generated.

# Translation unit: src/PC/gfx_d3d/r_utils.c
src/PC/gfx_d3d/r_utils.c:130:23: warning: implicit conversion loses integer precision: 'unsigned long' to 'int' [-Wshorten-64-to-32]
  130 |     surfaceFlagsLen = strlen(surfaceFlags);
      |                     ~ ^~~~~~~~~~~~~~~~~~~~
src/PC/gfx_d3d/r_utils.c:142:19: warning: implicit conversion loses integer precision: 'unsigned long' to 'int' [-Wshorten-64-to-32]
  142 |     contentsLen = strlen(contents);
      |                 ~ ^~~~~~~~~~~~~~~~
src/PC/gfx_d3d/r_utils.c:154:51: warning: implicit conversion loses integer precision: 'unsigned long' to 'int' [-Wshorten-64-to-32]
  154 |             surfaceFlagsLen = surfaceFlagsLen + 1 + strlen(appendPos);
      |                             ~ ~~~~~~~~~~~~~~~~~~~~^~~~~~~~~~~~~~~~~~~
src/PC/gfx_d3d/r_utils.c:163:43: warning: implicit conversion loses integer precision: 'unsigned long' to 'int' [-Wshorten-64-to-32]
  163 |             contentsLen = contentsLen + 1 + strlen(appendPos);
      |                         ~ ~~~~~~~~~~~~~~~~^~~~~~~~~~~~~~~~~~~
4 warnings generated.

# Translation unit: src/PC/gfx_d3d/rb_backend.c
src/PC/gfx_d3d/rb_backend.c:369:42: warning: implicit conversion loses integer precision: 'D3DCOLOR' (aka 'unsigned long') to 'unsigned int' [-Wshorten-64-to-32]
  369 |         ((GfxVertex *)v)->color.packed = color;
      |                                        ~ ^~~~~
src/PC/gfx_d3d/rb_backend.c:386:45: warning: implicit conversion loses integer precision: 'D3DCOLOR' (aka 'unsigned long') to 'unsigned int' [-Wshorten-64-to-32]
  386 |         ((GfxVertexDx7 *)v)->color.packed = color;
      |                                           ~ ^~~~~
src/PC/gfx_d3d/rb_backend.c:640:33: warning: implicit conversion loses integer precision: 'GLuint' (aka 'unsigned long') to 'unsigned int' [-Wshorten-64-to-32]
  640 |     finished = glTestFenceAPPLE(g_FenceID) != 0;
      |                ~~~~~~~~~~~~~~~~ ^~~~~~~~~
src/PC/gfx_d3d/rb_backend.c:852:5: warning: 'memset' will always overflow; destination buffer has size 224464, but size argument is 224912 [-Wbuiltin-memcpy-chk-size]
  852 |     memset(&backEnd, 0, 0x36e90);
      |     ^
/Applications/Xcode.app/Contents/Developer/Platforms/MacOSX.platform/Developer/SDKs/MacOSX.sdk/usr/include/secure/_string.h:244:21: note: expanded from macro 'memset'
  244 | #define memset(...) __memset_chk_func (__VA_ARGS__)
      |                     ^
/Applications/Xcode.app/Contents/Developer/Platforms/MacOSX.platform/Developer/SDKs/MacOSX.sdk/usr/include/secure/_string.h:137:3: note: expanded from macro '__memset_chk_func'
  137 |                 __builtin___memset_chk (dest, __VA_ARGS__, __darwin_obsz0 (dest))
      |                 ^
src/PC/gfx_d3d/rb_backend.c:1138:50: warning: implicit conversion loses integer precision: 'GLuint' (aka 'unsigned long') to 'unsigned int' [-Wshorten-64-to-32]
 1138 |             qboolean finished = glTestFenceAPPLE(g_FenceID) != 0;
      |                                 ~~~~~~~~~~~~~~~~ ^~~~~~~~~
src/PC/gfx_d3d/rb_backend.c:1154:50: warning: implicit conversion loses integer precision: 'GLuint' (aka 'unsigned long') to 'unsigned int' [-Wshorten-64-to-32]
 1154 |             qboolean finished = glTestFenceAPPLE(g_FenceID) != 0;
      |                                 ~~~~~~~~~~~~~~~~ ^~~~~~~~~
src/PC/gfx_d3d/rb_backend.c:1183:46: warning: implicit conversion loses integer precision: 'GLuint' (aka 'unsigned long') to 'unsigned int' [-Wshorten-64-to-32]
 1183 |         qboolean finished = glTestFenceAPPLE(g_FenceID) != 0;
      |                             ~~~~~~~~~~~~~~~~ ^~~~~~~~~
src/PC/gfx_d3d/rb_backend.c:1213:46: warning: implicit conversion loses integer precision: 'GLuint' (aka 'unsigned long') to 'unsigned int' [-Wshorten-64-to-32]
 1213 |         qboolean finished = glTestFenceAPPLE(g_FenceID) != 0;
      |                             ~~~~~~~~~~~~~~~~ ^~~~~~~~~
src/PC/gfx_d3d/rb_backend.c:1224:21: warning: implicit conversion loses integer precision: 'GLuint' (aka 'unsigned long') to 'unsigned int' [-Wshorten-64-to-32]
 1224 |     glSetFenceAPPLE(g_FenceID);
      |     ~~~~~~~~~~~~~~~ ^~~~~~~~~
src/PC/gfx_d3d/rb_backend.c:1229:46: warning: implicit conversion loses integer precision: 'GLuint' (aka 'unsigned long') to 'unsigned int' [-Wshorten-64-to-32]
 1229 |         qboolean finished = glTestFenceAPPLE(g_FenceID) != 0;
      |                             ~~~~~~~~~~~~~~~~ ^~~~~~~~~
src/PC/gfx_d3d/rb_backend.c:1255:46: warning: implicit conversion loses integer precision: 'GLuint' (aka 'unsigned long') to 'unsigned int' [-Wshorten-64-to-32]
 1255 |         qboolean finished = glTestFenceAPPLE(g_FenceID) != 0;
      |                             ~~~~~~~~~~~~~~~~ ^~~~~~~~~
src/PC/gfx_d3d/rb_backend.c:1266:21: warning: implicit conversion loses integer precision: 'GLuint' (aka 'unsigned long') to 'unsigned int' [-Wshorten-64-to-32]
 1266 |     glSetFenceAPPLE(g_FenceID);
      |     ~~~~~~~~~~~~~~~ ^~~~~~~~~
src/PC/gfx_d3d/rb_backend.c:1271:46: warning: implicit conversion loses integer precision: 'GLuint' (aka 'unsigned long') to 'unsigned int' [-Wshorten-64-to-32]
 1271 |         qboolean finished = glTestFenceAPPLE(g_FenceID) != 0;
      |                             ~~~~~~~~~~~~~~~~ ^~~~~~~~~
src/PC/gfx_d3d/rb_backend.c:1375:39: warning: cast to smaller integer type 'int' from 'GfxLightDef *' (aka 'struct GfxLightDef *') [-Wpointer-to-int-cast]
 1375 |     *(int *)&backEnd.light[idx].def = (int)(((GfxCmdSetLightProperties *)cmd)->lightDef);
      |                                       ^~~~~~~~~~~~~~~~~~~~~~~~~~~~~~~~~~~~~~~~~~~~~~~~~~
src/PC/gfx_d3d/rb_backend.c:1468:44: warning: implicit conversion loses integer precision: 'const DWORD' (aka 'const unsigned long') to 'int' [-Wshorten-64-to-32]
 1468 |     backEnd.sceneViewport.x = vp->viewport.X;
      |                             ~ ~~~~~~~~~~~~~^
src/PC/gfx_d3d/rb_backend.c:1469:44: warning: implicit conversion loses integer precision: 'const DWORD' (aka 'const unsigned long') to 'int' [-Wshorten-64-to-32]
 1469 |     backEnd.sceneViewport.y = vp->viewport.Y;
      |                             ~ ~~~~~~~~~~~~~^
src/PC/gfx_d3d/rb_backend.c:1470:48: warning: implicit conversion loses integer precision: 'const DWORD' (aka 'const unsigned long') to 'int' [-Wshorten-64-to-32]
 1470 |     backEnd.sceneViewport.width = vp->viewport.Width;
      |                                 ~ ~~~~~~~~~~~~~^~~~~
src/PC/gfx_d3d/rb_backend.c:1471:49: warning: implicit conversion loses integer precision: 'const DWORD' (aka 'const unsigned long') to 'int' [-Wshorten-64-to-32]
 1471 |     backEnd.sceneViewport.height = vp->viewport.Height;
      |                                  ~ ~~~~~~~~~~~~~^~~~~~
src/PC/gfx_d3d/rb_backend.c:2060:34: warning: 'stdcall' calling convention is not supported for this target [-Wignored-attributes]
 2060 |             ((int(__attribute__((stdcall)) *)(void *, int, const void *))vtable[0xb0 / 4])(
      |                                  ^
src/PC/gfx_d3d/rb_backend.c:2066:34: warning: 'stdcall' calling convention is not supported for this target [-Wignored-attributes]
 2066 |             ((int(__attribute__((stdcall)) *)(void *, int, const void *))vtable[0xb0 / 4])(
      |                                  ^
src/PC/gfx_d3d/rb_backend.c:2072:34: warning: 'stdcall' calling convention is not supported for this target [-Wignored-attributes]
 2072 |             ((int(__attribute__((stdcall)) *)(void *, int, const void *))vtable[0xb0 / 4])(
      |                                  ^
src/PC/gfx_d3d/rb_backend.c:2240:30: warning: 'stdcall' calling convention is not supported for this target [-Wignored-attributes]
 2240 |         ((int(__attribute__((stdcall)) *)(void *, void *, void *, void *, void *, int))vtable[0x88 / 4])(
      |                              ^
src/PC/gfx_d3d/rb_backend.c:2245:30: warning: 'stdcall' calling convention is not supported for this target [-Wignored-attributes]
 2245 |         ((int(__attribute__((stdcall)) *)(void *))((*(void ***)imageSurface)[2]))(imageSurface);
      |                              ^
src/PC/gfx_d3d/rb_backend.c:2286:34: warning: 'stdcall' calling convention is not supported for this target [-Wignored-attributes]
 2286 |             ((int(__attribute__((stdcall)) *)(void *, void *, void *, void *, void *, int))vtable[0x88 / 4])(
      |                                  ^
src/PC/gfx_d3d/rb_backend.c:2291:34: warning: 'stdcall' calling convention is not supported for this target [-Wignored-attributes]
 2291 |             ((int(__attribute__((stdcall)) *)(void *))((*(void ***)imageSurface)[2]))(imageSurface);
      |                                  ^
src/PC/gfx_d3d/rb_backend.c:2331:45: warning: cast to 'MaterialHandle' (aka 'struct Material *') from smaller integer type 'int' [-Wint-to-pointer-cast]
 2331 |     ((GfxEntity *)entity)->customMaterial = (MaterialHandle)((int)(uintptr_t)((GfxCmdDrawSprite *)cmd)->material);
      |                                             ^~~~~~~~~~~~~~~~~~~~~~~~~~~~~~~~~~~~~~~~~~~~~~~~~~~~~~~~~~~~~~~~~~~~~
src/PC/gfx_d3d/rb_backend.c:2325:5: warning: 'memset' will always overflow; destination buffer has size 116, but size argument is 128 [-Wbuiltin-memcpy-chk-size]
 2325 |     memset(entity, 0, sizeof(GfxEntity));
      |     ^
/Applications/Xcode.app/Contents/Developer/Platforms/MacOSX.platform/Developer/SDKs/MacOSX.sdk/usr/include/secure/_string.h:244:21: note: expanded from macro 'memset'
  244 | #define memset(...) __memset_chk_func (__VA_ARGS__)
      |                     ^
/Applications/Xcode.app/Contents/Developer/Platforms/MacOSX.platform/Developer/SDKs/MacOSX.sdk/usr/include/secure/_string.h:137:3: note: expanded from macro '__memset_chk_func'
  137 |                 __builtin___memset_chk (dest, __VA_ARGS__, __darwin_obsz0 (dest))
      |                 ^
src/PC/gfx_d3d/rb_backend.c:2361:45: warning: implicit conversion loses integer precision: 'D3DCOLOR' (aka 'unsigned long') to 'unsigned int' [-Wshorten-64-to-32]
 2361 |         ((GfxVertexDx7 *)v)->color.packed = color;
      |                                           ~ ^~~~~
src/PC/gfx_d3d/rb_backend.c:2373:42: warning: implicit conversion loses integer precision: 'D3DCOLOR' (aka 'unsigned long') to 'unsigned int' [-Wshorten-64-to-32]
 2373 |         ((GfxVertex *)v)->color.packed = color;
      |                                        ~ ^~~~~
src/PC/gfx_d3d/rb_backend.c:2464:45: warning: implicit conversion loses integer precision: 'D3DCOLOR' (aka 'unsigned long') to 'unsigned int' [-Wshorten-64-to-32]
 2464 |         ((GfxVertexDx7 *)v)->color.packed = color;
      |                                           ~ ^~~~~
src/PC/gfx_d3d/rb_backend.c:2476:42: warning: implicit conversion loses integer precision: 'D3DCOLOR' (aka 'unsigned long') to 'unsigned int' [-Wshorten-64-to-32]
 2476 |         ((GfxVertex *)v)->color.packed = color;
      |                                        ~ ^~~~~
src/PC/gfx_d3d/rb_backend.c:2649:45: warning: implicit conversion loses integer precision: 'D3DCOLOR' (aka 'unsigned long') to 'unsigned int' [-Wshorten-64-to-32]
 2649 |         ((GfxVertexDx7 *)t)->color.packed = white;
      |                                           ~ ^~~~~
src/PC/gfx_d3d/rb_backend.c:2660:42: warning: implicit conversion loses integer precision: 'D3DCOLOR' (aka 'unsigned long') to 'unsigned int' [-Wshorten-64-to-32]
 2660 |         ((GfxVertex *)t)->color.packed = white;
      |                                        ~ ^~~~~
src/PC/gfx_d3d/rb_backend.c:2681:45: warning: implicit conversion loses integer precision: 'D3DCOLOR' (aka 'unsigned long') to 'unsigned int' [-Wshorten-64-to-32]
 2681 |         ((GfxVertexDx7 *)t)->color.packed = white;
      |                                           ~ ^~~~~
src/PC/gfx_d3d/rb_backend.c:2692:42: warning: implicit conversion loses integer precision: 'D3DCOLOR' (aka 'unsigned long') to 'unsigned int' [-Wshorten-64-to-32]
 2692 |         ((GfxVertex *)t)->color.packed = white;
      |                                        ~ ^~~~~
src/PC/gfx_d3d/rb_backend.c:2707:45: warning: implicit conversion loses integer precision: 'D3DCOLOR' (aka 'unsigned long') to 'unsigned int' [-Wshorten-64-to-32]
 2707 |         ((GfxVertexDx7 *)t)->color.packed = white;
      |                                           ~ ^~~~~
src/PC/gfx_d3d/rb_backend.c:2718:42: warning: implicit conversion loses integer precision: 'D3DCOLOR' (aka 'unsigned long') to 'unsigned int' [-Wshorten-64-to-32]
 2718 |         ((GfxVertex *)t)->color.packed = white;
      |                                        ~ ^~~~~
src/PC/gfx_d3d/rb_backend.c:2739:45: warning: implicit conversion loses integer precision: 'D3DCOLOR' (aka 'unsigned long') to 'unsigned int' [-Wshorten-64-to-32]
 2739 |         ((GfxVertexDx7 *)t)->color.packed = white;
      |                                           ~ ^~~~~
src/PC/gfx_d3d/rb_backend.c:2750:42: warning: implicit conversion loses integer precision: 'D3DCOLOR' (aka 'unsigned long') to 'unsigned int' [-Wshorten-64-to-32]
 2750 |         ((GfxVertex *)t)->color.packed = white;
      |                                        ~ ^~~~~
src/PC/gfx_d3d/rb_backend.c:2859:46: warning: implicit conversion loses integer precision: 'D3DCOLOR' (aka 'unsigned long') to 'unsigned int' [-Wshorten-64-to-32]
 2859 |         ((GfxVertexDx7 *)v0)->color.packed = color;
      |                                            ~ ^~~~~
src/PC/gfx_d3d/rb_backend.c:2869:46: warning: implicit conversion loses integer precision: 'D3DCOLOR' (aka 'unsigned long') to 'unsigned int' [-Wshorten-64-to-32]
 2869 |         ((GfxVertexDx7 *)v1)->color.packed = color;
      |                                            ~ ^~~~~
src/PC/gfx_d3d/rb_backend.c:2879:46: warning: implicit conversion loses integer precision: 'D3DCOLOR' (aka 'unsigned long') to 'unsigned int' [-Wshorten-64-to-32]
 2879 |         ((GfxVertexDx7 *)v2)->color.packed = color;
      |                                            ~ ^~~~~
src/PC/gfx_d3d/rb_backend.c:2889:46: warning: implicit conversion loses integer precision: 'D3DCOLOR' (aka 'unsigned long') to 'unsigned int' [-Wshorten-64-to-32]
 2889 |         ((GfxVertexDx7 *)v3)->color.packed = color;
      |                                            ~ ^~~~~
src/PC/gfx_d3d/rb_backend.c:2906:43: warning: implicit conversion loses integer precision: 'D3DCOLOR' (aka 'unsigned long') to 'unsigned int' [-Wshorten-64-to-32]
 2906 |         ((GfxVertex *)v0)->color.packed = color;
      |                                         ~ ^~~~~
src/PC/gfx_d3d/rb_backend.c:2923:43: warning: implicit conversion loses integer precision: 'D3DCOLOR' (aka 'unsigned long') to 'unsigned int' [-Wshorten-64-to-32]
 2923 |         ((GfxVertex *)v1)->color.packed = color;
      |                                         ~ ^~~~~
src/PC/gfx_d3d/rb_backend.c:2940:43: warning: implicit conversion loses integer precision: 'D3DCOLOR' (aka 'unsigned long') to 'unsigned int' [-Wshorten-64-to-32]
 2940 |         ((GfxVertex *)v2)->color.packed = color;
      |                                         ~ ^~~~~
src/PC/gfx_d3d/rb_backend.c:2957:43: warning: implicit conversion loses integer precision: 'D3DCOLOR' (aka 'unsigned long') to 'unsigned int' [-Wshorten-64-to-32]
 2957 |         ((GfxVertex *)v3)->color.packed = color;
      |                                         ~ ^~~~~
src/PC/gfx_d3d/rb_backend.c:3072:47: warning: 'stdcall' calling convention is not supported for this target [-Wignored-attributes]
 3072 |         HRESULT hr = ((HRESULT(__attribute__((stdcall)) *)(void *))(vtable[0x0c / 4]))(device);
      |                                               ^
src/PC/gfx_d3d/rb_backend.c:3162:34: warning: 'stdcall' calling convention is not supported for this target [-Wignored-attributes]
 3162 |         ((HRESULT(__attribute__((stdcall)) *)(void *))(vtable[0xa4 / 4]))(device);
      |                                  ^
src/PC/gfx_d3d/rb_backend.c:3239:34: warning: 'stdcall' calling convention is not supported for this target [-Wignored-attributes]
 3239 |         ((HRESULT(__attribute__((stdcall)) *)(void *))(vtable[0xa8 / 4]))(device);
      |                                  ^
src/PC/gfx_d3d/rb_backend.c:3129:50: warning: implicit conversion loses integer precision: 'GLuint' (aka 'unsigned long') to 'unsigned int' [-Wshorten-64-to-32]
 3129 |             qboolean finished = glTestFenceAPPLE(g_FenceID) != 0;
      |                                 ~~~~~~~~~~~~~~~~ ^~~~~~~~~
src/PC/gfx_d3d/rb_backend.c:3141:50: warning: implicit conversion loses integer precision: 'GLuint' (aka 'unsigned long') to 'unsigned int' [-Wshorten-64-to-32]
 3141 |             qboolean finished = glTestFenceAPPLE(g_FenceID) != 0;
      |                                 ~~~~~~~~~~~~~~~~ ^~~~~~~~~
src/PC/gfx_d3d/rb_backend.c:3152:25: warning: implicit conversion loses integer precision: 'GLuint' (aka 'unsigned long') to 'unsigned int' [-Wshorten-64-to-32]
 3152 |         glSetFenceAPPLE(g_FenceID);
      |         ~~~~~~~~~~~~~~~ ^~~~~~~~~
src/PC/gfx_d3d/rb_backend.c:3326:25: warning: implicit conversion loses integer precision: 'GLuint' (aka 'unsigned long') to 'unsigned int' [-Wshorten-64-to-32]
 3326 |         glSetFenceAPPLE(g_FenceID);
      |         ~~~~~~~~~~~~~~~ ^~~~~~~~~
src/PC/gfx_d3d/rb_backend.c:3333:50: warning: implicit conversion loses integer precision: 'GLuint' (aka 'unsigned long') to 'unsigned int' [-Wshorten-64-to-32]
 3333 |             qboolean finished = glTestFenceAPPLE(g_FenceID) != 0;
      |                                 ~~~~~~~~~~~~~~~~ ^~~~~~~~~
src/PC/gfx_d3d/rb_backend.c:3347:54: warning: implicit conversion loses integer precision: 'GLuint' (aka 'unsigned long') to 'unsigned int' [-Wshorten-64-to-32]
 3347 |                 qboolean finished = glTestFenceAPPLE(g_FenceID) != 0;
      |                                     ~~~~~~~~~~~~~~~~ ^~~~~~~~~
src/PC/gfx_d3d/rb_backend.c:3375:21: warning: implicit conversion loses integer precision: 'GLuint' (aka 'unsigned long') to 'unsigned int' [-Wshorten-64-to-32]
 3375 |     glSetFenceAPPLE(g_FenceID);
      |     ~~~~~~~~~~~~~~~ ^~~~~~~~~
src/PC/gfx_d3d/rb_backend.c:3491:30: warning: 'stdcall' calling convention is not supported for this target [-Wignored-attributes]
 3491 |         ((int(__attribute__((stdcall)) *)(void *, void *, void *, void *, void *, int))vtable[0x88 / 4])(
      |                              ^
src/PC/gfx_d3d/rb_backend.c:3496:30: warning: 'stdcall' calling convention is not supported for this target [-Wignored-attributes]
 3496 |         ((int(__attribute__((stdcall)) *)(void *))((*(void ***)imageSurface)[2]))(imageSurface);
      |                              ^
src/PC/gfx_d3d/rb_backend.c:3808:38: warning: 'stdcall' calling convention is not supported for this target [-Wignored-attributes]
 3808 |             ((HRESULT(__attribute__((stdcall)) *)(void *, void *, void *, void *, void *, int))
      |                                      ^
src/PC/gfx_d3d/rb_backend.c:3813:38: warning: 'stdcall' calling convention is not supported for this target [-Wignored-attributes]
 3813 |             ((HRESULT(__attribute__((stdcall)) *)(void *))((*(void ***)imageSurface)[2]))(imageSurface);
      |                                      ^
src/PC/gfx_d3d/rb_backend.c:4278:55: warning: implicit conversion loses integer precision: 'D3DCOLOR' (aka 'unsigned long') to 'unsigned int' [-Wshorten-64-to-32]
 4278 |                 ((GfxVertexDx7 *)vp_)->color.packed = colA;
      |                                                     ~ ^~~~
src/PC/gfx_d3d/rb_backend.c:4289:55: warning: implicit conversion loses integer precision: 'D3DCOLOR' (aka 'unsigned long') to 'unsigned int' [-Wshorten-64-to-32]
 4289 |                 ((GfxVertexDx7 *)vp_)->color.packed = colB;
      |                                                     ~ ^~~~
src/PC/gfx_d3d/rb_backend.c:4300:55: warning: implicit conversion loses integer precision: 'D3DCOLOR' (aka 'unsigned long') to 'unsigned int' [-Wshorten-64-to-32]
 4300 |                 ((GfxVertexDx7 *)vp_)->color.packed = colB;
      |                                                     ~ ^~~~
src/PC/gfx_d3d/rb_backend.c:4311:55: warning: implicit conversion loses integer precision: 'D3DCOLOR' (aka 'unsigned long') to 'unsigned int' [-Wshorten-64-to-32]
 4311 |                 ((GfxVertexDx7 *)vp_)->color.packed = colA;
      |                                                     ~ ^~~~
src/PC/gfx_d3d/rb_backend.c:4343:52: warning: implicit conversion loses integer precision: 'D3DCOLOR' (aka 'unsigned long') to 'unsigned int' [-Wshorten-64-to-32]
 4343 |                 ((GfxVertex *)vp_)->color.packed = colB;
      |                                                  ~ ^~~~
src/PC/gfx_d3d/rb_backend.c:4361:52: warning: implicit conversion loses integer precision: 'D3DCOLOR' (aka 'unsigned long') to 'unsigned int' [-Wshorten-64-to-32]
 4361 |                 ((GfxVertex *)vp_)->color.packed = colB;
      |                                                  ~ ^~~~
src/PC/gfx_d3d/rb_backend.c:4379:52: warning: implicit conversion loses integer precision: 'D3DCOLOR' (aka 'unsigned long') to 'unsigned int' [-Wshorten-64-to-32]
 4379 |                 ((GfxVertex *)vp_)->color.packed = colA;
      |                                                  ~ ^~~~
src/PC/gfx_d3d/rb_backend.c:4433:45: warning: implicit conversion loses integer precision: 'D3DCOLOR' (aka 'unsigned long') to 'unsigned int' [-Wshorten-64-to-32]
 4433 |         ((GfxVertexDx7 *)v)->color.packed = color;
      |                                           ~ ^~~~~
src/PC/gfx_d3d/rb_backend.c:4445:42: warning: implicit conversion loses integer precision: 'D3DCOLOR' (aka 'unsigned long') to 'unsigned int' [-Wshorten-64-to-32]
 4445 |         ((GfxVertex *)v)->color.packed = color;
      |                                        ~ ^~~~~
src/PC/gfx_d3d/rb_backend.c:4590:53: warning: implicit conversion loses integer precision: 'D3DCOLOR' (aka 'unsigned long') to 'unsigned int' [-Wshorten-64-to-32]
 4590 |                 ((GfxVertexDx7 *)v)->color.packed = color;
      |                                                   ~ ^~~~~
src/PC/gfx_d3d/rb_backend.c:4600:53: warning: implicit conversion loses integer precision: 'D3DCOLOR' (aka 'unsigned long') to 'unsigned int' [-Wshorten-64-to-32]
 4600 |                 ((GfxVertexDx7 *)v)->color.packed = color;
      |                                                   ~ ^~~~~
src/PC/gfx_d3d/rb_backend.c:4610:53: warning: implicit conversion loses integer precision: 'D3DCOLOR' (aka 'unsigned long') to 'unsigned int' [-Wshorten-64-to-32]
 4610 |                 ((GfxVertexDx7 *)v)->color.packed = color;
      |                                                   ~ ^~~~~
src/PC/gfx_d3d/rb_backend.c:4620:53: warning: implicit conversion loses integer precision: 'D3DCOLOR' (aka 'unsigned long') to 'unsigned int' [-Wshorten-64-to-32]
 4620 |                 ((GfxVertexDx7 *)v)->color.packed = color;
      |                                                   ~ ^~~~~
src/PC/gfx_d3d/rb_backend.c:4633:50: warning: implicit conversion loses integer precision: 'D3DCOLOR' (aka 'unsigned long') to 'unsigned int' [-Wshorten-64-to-32]
 4633 |                 ((GfxVertex *)v)->color.packed = color;
      |                                                ~ ^~~~~
src/PC/gfx_d3d/rb_backend.c:4650:50: warning: implicit conversion loses integer precision: 'D3DCOLOR' (aka 'unsigned long') to 'unsigned int' [-Wshorten-64-to-32]
 4650 |                 ((GfxVertex *)v)->color.packed = color;
      |                                                ~ ^~~~~
src/PC/gfx_d3d/rb_backend.c:4667:50: warning: implicit conversion loses integer precision: 'D3DCOLOR' (aka 'unsigned long') to 'unsigned int' [-Wshorten-64-to-32]
 4667 |                 ((GfxVertex *)v)->color.packed = color;
      |                                                ~ ^~~~~
src/PC/gfx_d3d/rb_backend.c:4684:50: warning: implicit conversion loses integer precision: 'D3DCOLOR' (aka 'unsigned long') to 'unsigned int' [-Wshorten-64-to-32]
 4684 |                 ((GfxVertex *)v)->color.packed = color;
      |                                                ~ ^~~~~
src/PC/gfx_d3d/rb_backend.c:4730:53: warning: implicit conversion loses integer precision: 'D3DCOLOR' (aka 'unsigned long') to 'unsigned int' [-Wshorten-64-to-32]
 4730 |                 ((GfxVertexDx7 *)v)->color.packed = color;
      |                                                   ~ ^~~~~
src/PC/gfx_d3d/rb_backend.c:4740:53: warning: implicit conversion loses integer precision: 'D3DCOLOR' (aka 'unsigned long') to 'unsigned int' [-Wshorten-64-to-32]
 4740 |                 ((GfxVertexDx7 *)v)->color.packed = color;
      |                                                   ~ ^~~~~
src/PC/gfx_d3d/rb_backend.c:4750:53: warning: implicit conversion loses integer precision: 'D3DCOLOR' (aka 'unsigned long') to 'unsigned int' [-Wshorten-64-to-32]
 4750 |                 ((GfxVertexDx7 *)v)->color.packed = color;
      |                                                   ~ ^~~~~
src/PC/gfx_d3d/rb_backend.c:4760:53: warning: implicit conversion loses integer precision: 'D3DCOLOR' (aka 'unsigned long') to 'unsigned int' [-Wshorten-64-to-32]
 4760 |                 ((GfxVertexDx7 *)v)->color.packed = color;
      |                                                   ~ ^~~~~
src/PC/gfx_d3d/rb_backend.c:4773:50: warning: implicit conversion loses integer precision: 'D3DCOLOR' (aka 'unsigned long') to 'unsigned int' [-Wshorten-64-to-32]
 4773 |                 ((GfxVertex *)v)->color.packed = color;
      |                                                ~ ^~~~~
src/PC/gfx_d3d/rb_backend.c:4790:50: warning: implicit conversion loses integer precision: 'D3DCOLOR' (aka 'unsigned long') to 'unsigned int' [-Wshorten-64-to-32]
 4790 |                 ((GfxVertex *)v)->color.packed = color;
      |                                                ~ ^~~~~
src/PC/gfx_d3d/rb_backend.c:4807:50: warning: implicit conversion loses integer precision: 'D3DCOLOR' (aka 'unsigned long') to 'unsigned int' [-Wshorten-64-to-32]
 4807 |                 ((GfxVertex *)v)->color.packed = color;
      |                                                ~ ^~~~~
src/PC/gfx_d3d/rb_backend.c:4824:50: warning: implicit conversion loses integer precision: 'D3DCOLOR' (aka 'unsigned long') to 'unsigned int' [-Wshorten-64-to-32]
 4824 |                 ((GfxVertex *)v)->color.packed = color;
      |                                                ~ ^~~~~
86 warnings generated.

# Translation unit: src/PC/gfx_d3d/rb_debug.c
src/PC/gfx_d3d/rb_debug.c:330:58: warning: implicit conversion loses integer precision: 'D3DCOLOR' (aka 'unsigned long') to 'unsigned int' [-Wshorten-64-to-32]
  330 |                     ((GfxVertexDx7 *)to)->color.packed = colorBytes;
      |                                                        ~ ^~~~~~~~~~
src/PC/gfx_d3d/rb_debug.c:349:55: warning: implicit conversion loses integer precision: 'D3DCOLOR' (aka 'unsigned long') to 'unsigned int' [-Wshorten-64-to-32]
  349 |                     ((GfxVertex *)to)->color.packed = colorBytes;
      |                                                     ~ ^~~~~~~~~~
2 warnings generated.

# Translation unit: src/PC/gfx_d3d/rb_light.c
src/PC/gfx_d3d/rb_light.c:52:28: warning: implicit conversion loses integer precision: 'unsigned long' to 'unsigned int' [-Wshorten-64-to-32]
   52 |     len = strlen(filename) + 5;
      |         ~ ~~~~~~~~~~~~~~~~~^~~
src/PC/gfx_d3d/rb_light.c:89:31: warning: cast to 'vc_log_entry_t *' from smaller integer type 'int' [-Wint-to-pointer-cast]
   89 |     vc_log_entry_t *entries = (vc_log_entry_t *)s_vc_log;
      |                               ^~~~~~~~~~~~~~~~~~~~~~~~~~
src/PC/gfx_d3d/rb_light.c:121:31: warning: cast to 'vc_log_entry_t *' from smaller integer type 'int' [-Wint-to-pointer-cast]
  121 |     vc_log_entry_t *entries = (vc_log_entry_t *)s_vc_log;
      |                               ^~~~~~~~~~~~~~~~~~~~~~~~~~
src/PC/gfx_d3d/rb_light.c:147:28: warning: cast to 'void *' from smaller integer type 'int' [-Wint-to-void-pointer-cast]
  147 |     FS_WriteFile(filename, (void *)s_vc_log, s_vc_logCount * 6);
      |                            ^~~~~~~~~~~~~~~~
src/PC/gfx_d3d/rb_light.c:148:20: warning: cast to 'void *' from smaller integer type 'int' [-Wint-to-void-pointer-cast]
  148 |     Z_FreeInternal((void *)s_vc_log);
      |                    ^~~~~~~~~~~~~~~~
src/PC/gfx_d3d/rb_light.c:483:47: warning: cast to 'vc_log_entry_t *' from smaller integer type 'int' [-Wint-to-pointer-cast]
  483 |                     vc_log_entry_t *entries = (vc_log_entry_t *)s_vc_log;
      |                                               ^~~~~~~~~~~~~~~~~~~~~~~~~~
src/PC/gfx_d3d/rb_light.c:661:39: warning: cast to 'vc_log_entry_t *' from smaller integer type 'int' [-Wint-to-pointer-cast]
  661 |             vc_log_entry_t *entries = (vc_log_entry_t *)s_vc_log;
      |                                       ^~~~~~~~~~~~~~~~~~~~~~~~~~
src/PC/gfx_d3d/rb_light.c:977:16: warning: cast to smaller integer type 'int' from 'void *' [-Wvoid-pointer-to-int-cast]
  977 |     s_vc_log = (int)Z_MallocInternal(0x1800000);
      |                ^~~~~~~~~~~~~~~~~~~~~~~~~~~~~~~~
src/PC/gfx_d3d/rb_light.c:992:16: warning: cast to 'void *' from smaller integer type 'int' [-Wint-to-void-pointer-cast]
  992 |         memcpy((void *)s_vc_log, buffer, copySize);
      |                ^~~~~~~~~~~~~~~~
/Applications/Xcode.app/Contents/Developer/Platforms/MacOSX.platform/Developer/SDKs/MacOSX.sdk/usr/include/secure/_string.h:234:40: note: expanded from macro 'memcpy'
  234 | #define memcpy(...) __memcpy_chk_func (__VA_ARGS__)
      |                                        ^~~~~~~~~~~
/Applications/Xcode.app/Contents/Developer/Platforms/MacOSX.platform/Developer/SDKs/MacOSX.sdk/usr/include/secure/_string.h:127:27: note: expanded from macro '__memcpy_chk_func'
  127 |                 __builtin___memcpy_chk (dest, __VA_ARGS__, __darwin_obsz0 (dest))
      |                                         ^~~~
src/PC/gfx_d3d/rb_light.c:992:16: warning: cast to 'void *' from smaller integer type 'int' [-Wint-to-void-pointer-cast]
  992 |         memcpy((void *)s_vc_log, buffer, copySize);
      |                ^~~~~~~~~~~~~~~~
/Applications/Xcode.app/Contents/Developer/Platforms/MacOSX.platform/Developer/SDKs/MacOSX.sdk/usr/include/secure/_string.h:234:40: note: expanded from macro 'memcpy'
  234 | #define memcpy(...) __memcpy_chk_func (__VA_ARGS__)
      |                                        ^~~~~~~~~~~
/Applications/Xcode.app/Contents/Developer/Platforms/MacOSX.platform/Developer/SDKs/MacOSX.sdk/usr/include/secure/_string.h:127:62: note: expanded from macro '__memcpy_chk_func'
  127 |                 __builtin___memcpy_chk (dest, __VA_ARGS__, __darwin_obsz0 (dest))
      |                                                                            ^~~~
/Applications/Xcode.app/Contents/Developer/Platforms/MacOSX.platform/Developer/SDKs/MacOSX.sdk/usr/include/secure/_common.h:40:55: note: expanded from macro '__darwin_obsz0'
   40 | #define __darwin_obsz0(object) __builtin_object_size (object, 0)
      |                                                       ^~~~~~
10 warnings generated.

# Translation unit: src/PC/gfx_d3d/rb_shade.c
src/PC/gfx_d3d/rb_shade.c:829:35: warning: 'stdcall' calling convention is not supported for this target [-Wignored-attributes]
  829 |     hr = ((HRESULT(__attribute__((stdcall)) *)(IDirect3DVertexBuffer9 *, UINT, UINT, void **, DWORD))(*(void ***)(dxVb))[0x2c / 4])(dxVb, (UINT)writeOffset, (UINT)totalSize, (void **)&bufferData, lockFlags);
      |                                   ^
src/PC/gfx_d3d/rb_shade.c:875:34: warning: 'stdcall' calling convention is not supported for this target [-Wignored-attributes]
  875 |         ((HRESULT(__attribute__((stdcall)) *)(IDirect3DVertexBuffer9 *))(*(void ***)(dxVb))[0x30 / 4])(dxVb);
      |                                  ^
2 warnings generated.

# Translation unit: src/PC/gfx_d3d/rb_tess.c
src/PC/gfx_d3d/rb_tess.c:746:53: warning: implicit conversion loses integer precision: 'D3DCOLOR' (aka 'unsigned long') to 'int' [-Wshorten-64-to-32]
  746 |     (*(int *)&((GfxVertexDx7 *)v0)->color.packed) = nativeColor;
      |                                                   ~ ^~~~~~~~~~~
src/PC/gfx_d3d/rb_tess.c:747:53: warning: implicit conversion loses integer precision: 'D3DCOLOR' (aka 'unsigned long') to 'int' [-Wshorten-64-to-32]
  747 |     (*(int *)&((GfxVertexDx7 *)v1)->color.packed) = nativeColor;
      |                                                   ~ ^~~~~~~~~~~
src/PC/gfx_d3d/rb_tess.c:748:53: warning: implicit conversion loses integer precision: 'D3DCOLOR' (aka 'unsigned long') to 'int' [-Wshorten-64-to-32]
  748 |     (*(int *)&((GfxVertexDx7 *)v2)->color.packed) = nativeColor;
      |                                                   ~ ^~~~~~~~~~~
src/PC/gfx_d3d/rb_tess.c:749:53: warning: implicit conversion loses integer precision: 'D3DCOLOR' (aka 'unsigned long') to 'int' [-Wshorten-64-to-32]
  749 |     (*(int *)&((GfxVertexDx7 *)v3)->color.packed) = nativeColor;
      |                                                   ~ ^~~~~~~~~~~
src/PC/gfx_d3d/rb_tess.c:873:50: warning: implicit conversion loses integer precision: 'D3DCOLOR' (aka 'unsigned long') to 'int' [-Wshorten-64-to-32]
  873 |     (*(int *)&((GfxVertex *)v0)->color.packed) = nativeColor;
      |                                                ~ ^~~~~~~~~~~
src/PC/gfx_d3d/rb_tess.c:874:50: warning: implicit conversion loses integer precision: 'D3DCOLOR' (aka 'unsigned long') to 'int' [-Wshorten-64-to-32]
  874 |     (*(int *)&((GfxVertex *)v1)->color.packed) = nativeColor;
      |                                                ~ ^~~~~~~~~~~
src/PC/gfx_d3d/rb_tess.c:875:50: warning: implicit conversion loses integer precision: 'D3DCOLOR' (aka 'unsigned long') to 'int' [-Wshorten-64-to-32]
  875 |     (*(int *)&((GfxVertex *)v2)->color.packed) = nativeColor;
      |                                                ~ ^~~~~~~~~~~
src/PC/gfx_d3d/rb_tess.c:876:50: warning: implicit conversion loses integer precision: 'D3DCOLOR' (aka 'unsigned long') to 'int' [-Wshorten-64-to-32]
  876 |     (*(int *)&((GfxVertex *)v3)->color.packed) = nativeColor;
      |                                                ~ ^~~~~~~~~~~
src/PC/gfx_d3d/rb_tess.c:1282:38: warning: cast to smaller integer type 'int' from 'const GfxViewParms *' (aka 'const struct GfxViewParms *') [-Wpointer-to-int-cast]
 1282 |             int *viewParms = (int *)((int)((r_backEndGlobals_t *)backEnd)->viewParms);
      |                                      ^~~~~~~~~~~~~~~~~~~~~~~~~~~~~~~~~~~~~~~~~~~~~~~
src/PC/gfx_d3d/rb_tess.c:1282:30: warning: cast to 'int *' from smaller integer type 'int' [-Wint-to-pointer-cast]
 1282 |             int *viewParms = (int *)((int)((r_backEndGlobals_t *)backEnd)->viewParms);
      |                              ^~~~~~~~~~~~~~~~~~~~~~~~~~~~~~~~~~~~~~~~~~~~~~~~~~~~~~~~
src/PC/gfx_d3d/rb_tess.c:1322:38: warning: cast to smaller integer type 'int' from 'const GfxViewParms *' (aka 'const struct GfxViewParms *') [-Wpointer-to-int-cast]
 1322 |             int *viewParms = (int *)((int)((r_backEndGlobals_t *)backEnd)->viewParms);
      |                                      ^~~~~~~~~~~~~~~~~~~~~~~~~~~~~~~~~~~~~~~~~~~~~~~
src/PC/gfx_d3d/rb_tess.c:1322:30: warning: cast to 'int *' from smaller integer type 'int' [-Wint-to-pointer-cast]
 1322 |             int *viewParms = (int *)((int)((r_backEndGlobals_t *)backEnd)->viewParms);
      |                              ^~~~~~~~~~~~~~~~~~~~~~~~~~~~~~~~~~~~~~~~~~~~~~~~~~~~~~~~
src/PC/gfx_d3d/rb_tess.c:1305:38: warning: array index 2 is past the end of the array (that has type 'float[2]') [-Warray-bounds]
 1305 |                                      worldRadius[2] * viewRight[2];
      |                                      ^           ~
src/PC/gfx_d3d/rb_tess.c:1275:9: note: array 'worldRadius' declared here
 1275 |         float worldRadius[2];
      |         ^
13 warnings generated.

# Translation unit: src/PC/jpeg-6/jdhuff.c
src/PC/jpeg-6/jdhuff.c:454:13: warning: shifting a negative signed value is undefined [-Wshift-negative-value]
  454 |   { 0, ((-1)<<1) + 1, ((-1)<<2) + 1, ((-1)<<3) + 1, ((-1)<<4) + 1,
      |         ~~~~^
src/PC/jpeg-6/jdhuff.c:454:28: warning: shifting a negative signed value is undefined [-Wshift-negative-value]
  454 |   { 0, ((-1)<<1) + 1, ((-1)<<2) + 1, ((-1)<<3) + 1, ((-1)<<4) + 1,
      |                        ~~~~^
src/PC/jpeg-6/jdhuff.c:454:43: warning: shifting a negative signed value is undefined [-Wshift-negative-value]
  454 |   { 0, ((-1)<<1) + 1, ((-1)<<2) + 1, ((-1)<<3) + 1, ((-1)<<4) + 1,
      |                                       ~~~~^
src/PC/jpeg-6/jdhuff.c:454:58: warning: shifting a negative signed value is undefined [-Wshift-negative-value]
  454 |   { 0, ((-1)<<1) + 1, ((-1)<<2) + 1, ((-1)<<3) + 1, ((-1)<<4) + 1,
      |                                                      ~~~~^
src/PC/jpeg-6/jdhuff.c:455:10: warning: shifting a negative signed value is undefined [-Wshift-negative-value]
  455 |     ((-1)<<5) + 1, ((-1)<<6) + 1, ((-1)<<7) + 1, ((-1)<<8) + 1,
      |      ~~~~^
src/PC/jpeg-6/jdhuff.c:455:25: warning: shifting a negative signed value is undefined [-Wshift-negative-value]
  455 |     ((-1)<<5) + 1, ((-1)<<6) + 1, ((-1)<<7) + 1, ((-1)<<8) + 1,
      |                     ~~~~^
src/PC/jpeg-6/jdhuff.c:455:40: warning: shifting a negative signed value is undefined [-Wshift-negative-value]
  455 |     ((-1)<<5) + 1, ((-1)<<6) + 1, ((-1)<<7) + 1, ((-1)<<8) + 1,
      |                                    ~~~~^
src/PC/jpeg-6/jdhuff.c:455:55: warning: shifting a negative signed value is undefined [-Wshift-negative-value]
  455 |     ((-1)<<5) + 1, ((-1)<<6) + 1, ((-1)<<7) + 1, ((-1)<<8) + 1,
      |                                                   ~~~~^
src/PC/jpeg-6/jdhuff.c:456:10: warning: shifting a negative signed value is undefined [-Wshift-negative-value]
  456 |     ((-1)<<9) + 1, ((-1)<<10) + 1, ((-1)<<11) + 1, ((-1)<<12) + 1,
      |      ~~~~^
src/PC/jpeg-6/jdhuff.c:456:25: warning: shifting a negative signed value is undefined [-Wshift-negative-value]
  456 |     ((-1)<<9) + 1, ((-1)<<10) + 1, ((-1)<<11) + 1, ((-1)<<12) + 1,
      |                     ~~~~^
src/PC/jpeg-6/jdhuff.c:456:41: warning: shifting a negative signed value is undefined [-Wshift-negative-value]
  456 |     ((-1)<<9) + 1, ((-1)<<10) + 1, ((-1)<<11) + 1, ((-1)<<12) + 1,
      |                                     ~~~~^
src/PC/jpeg-6/jdhuff.c:456:57: warning: shifting a negative signed value is undefined [-Wshift-negative-value]
  456 |     ((-1)<<9) + 1, ((-1)<<10) + 1, ((-1)<<11) + 1, ((-1)<<12) + 1,
      |                                                     ~~~~^
src/PC/jpeg-6/jdhuff.c:457:10: warning: shifting a negative signed value is undefined [-Wshift-negative-value]
  457 |     ((-1)<<13) + 1, ((-1)<<14) + 1, ((-1)<<15) + 1 };
      |      ~~~~^
src/PC/jpeg-6/jdhuff.c:457:26: warning: shifting a negative signed value is undefined [-Wshift-negative-value]
  457 |     ((-1)<<13) + 1, ((-1)<<14) + 1, ((-1)<<15) + 1 };
      |                      ~~~~^
src/PC/jpeg-6/jdhuff.c:457:42: warning: shifting a negative signed value is undefined [-Wshift-negative-value]
  457 |     ((-1)<<13) + 1, ((-1)<<14) + 1, ((-1)<<15) + 1 };
      |                                      ~~~~^
15 warnings generated.

# Translation unit: src/PC/jpeg-6/jdphuff.c
src/PC/jpeg-6/jdphuff.c:214:13: warning: shifting a negative signed value is undefined [-Wshift-negative-value]
  214 |   { 0, ((-1)<<1) + 1, ((-1)<<2) + 1, ((-1)<<3) + 1, ((-1)<<4) + 1,
      |         ~~~~^
src/PC/jpeg-6/jdphuff.c:214:28: warning: shifting a negative signed value is undefined [-Wshift-negative-value]
  214 |   { 0, ((-1)<<1) + 1, ((-1)<<2) + 1, ((-1)<<3) + 1, ((-1)<<4) + 1,
      |                        ~~~~^
src/PC/jpeg-6/jdphuff.c:214:43: warning: shifting a negative signed value is undefined [-Wshift-negative-value]
  214 |   { 0, ((-1)<<1) + 1, ((-1)<<2) + 1, ((-1)<<3) + 1, ((-1)<<4) + 1,
      |                                       ~~~~^
src/PC/jpeg-6/jdphuff.c:214:58: warning: shifting a negative signed value is undefined [-Wshift-negative-value]
  214 |   { 0, ((-1)<<1) + 1, ((-1)<<2) + 1, ((-1)<<3) + 1, ((-1)<<4) + 1,
      |                                                      ~~~~^
src/PC/jpeg-6/jdphuff.c:215:10: warning: shifting a negative signed value is undefined [-Wshift-negative-value]
  215 |     ((-1)<<5) + 1, ((-1)<<6) + 1, ((-1)<<7) + 1, ((-1)<<8) + 1,
      |      ~~~~^
src/PC/jpeg-6/jdphuff.c:215:25: warning: shifting a negative signed value is undefined [-Wshift-negative-value]
  215 |     ((-1)<<5) + 1, ((-1)<<6) + 1, ((-1)<<7) + 1, ((-1)<<8) + 1,
      |                     ~~~~^
src/PC/jpeg-6/jdphuff.c:215:40: warning: shifting a negative signed value is undefined [-Wshift-negative-value]
  215 |     ((-1)<<5) + 1, ((-1)<<6) + 1, ((-1)<<7) + 1, ((-1)<<8) + 1,
      |                                    ~~~~^
src/PC/jpeg-6/jdphuff.c:215:55: warning: shifting a negative signed value is undefined [-Wshift-negative-value]
  215 |     ((-1)<<5) + 1, ((-1)<<6) + 1, ((-1)<<7) + 1, ((-1)<<8) + 1,
      |                                                   ~~~~^
src/PC/jpeg-6/jdphuff.c:216:10: warning: shifting a negative signed value is undefined [-Wshift-negative-value]
  216 |     ((-1)<<9) + 1, ((-1)<<10) + 1, ((-1)<<11) + 1, ((-1)<<12) + 1,
      |      ~~~~^
src/PC/jpeg-6/jdphuff.c:216:25: warning: shifting a negative signed value is undefined [-Wshift-negative-value]
  216 |     ((-1)<<9) + 1, ((-1)<<10) + 1, ((-1)<<11) + 1, ((-1)<<12) + 1,
      |                     ~~~~^
src/PC/jpeg-6/jdphuff.c:216:41: warning: shifting a negative signed value is undefined [-Wshift-negative-value]
  216 |     ((-1)<<9) + 1, ((-1)<<10) + 1, ((-1)<<11) + 1, ((-1)<<12) + 1,
      |                                     ~~~~^
src/PC/jpeg-6/jdphuff.c:216:57: warning: shifting a negative signed value is undefined [-Wshift-negative-value]
  216 |     ((-1)<<9) + 1, ((-1)<<10) + 1, ((-1)<<11) + 1, ((-1)<<12) + 1,
      |                                                     ~~~~^
src/PC/jpeg-6/jdphuff.c:217:10: warning: shifting a negative signed value is undefined [-Wshift-negative-value]
  217 |     ((-1)<<13) + 1, ((-1)<<14) + 1, ((-1)<<15) + 1 };
      |      ~~~~^
src/PC/jpeg-6/jdphuff.c:217:26: warning: shifting a negative signed value is undefined [-Wshift-negative-value]
  217 |     ((-1)<<13) + 1, ((-1)<<14) + 1, ((-1)<<15) + 1 };
      |                      ~~~~^
src/PC/jpeg-6/jdphuff.c:217:42: warning: shifting a negative signed value is undefined [-Wshift-negative-value]
  217 |     ((-1)<<13) + 1, ((-1)<<14) + 1, ((-1)<<15) + 1 };
      |                                      ~~~~^
15 warnings generated.

# Translation unit: src/PC/qcommon/cm_load_obj.c
src/PC/qcommon/cm_load_obj.c:530:36: warning: implicit conversion loses integer precision: 'unsigned long' to 'int' [-Wshorten-64-to-32]
  530 |         int nameLen = strlen(name) + 1;
      |             ~~~~~~~   ~~~~~~~~~~~~~^~~
1 warning generated.

# Translation unit: src/PC/qcommon/cmd.c
src/PC/qcommon/cmd.c:67:14: warning: implicit conversion loses integer precision: 'unsigned long' to 'int' [-Wshorten-64-to-32]
   67 |     length = strlen(text);
      |            ~ ^~~~~~~~~~~~
src/PC/qcommon/cmd.c:87:27: warning: implicit conversion loses integer precision: 'unsigned long' to 'int' [-Wshorten-64-to-32]
   87 |     length = strlen(text) + 1;
      |            ~ ~~~~~~~~~~~~~^~~
2 warnings generated.

# Translation unit: src/PC/qcommon/com_playerprofile.c
src/PC/qcommon/com_playerprofile.c:182:52: warning: implicit conversion loses integer precision: 'unsigned long' to 'int' [-Wshorten-64-to-32]
  182 |     FS_WriteFile("players/active.txt", cachedName, strlen(cachedName));
      |     ~~~~~~~~~~~~                                   ^~~~~~~~~~~~~~~~~~
1 warning generated.

# Translation unit: src/PC/qcommon/common.c
src/PC/qcommon/common.c:74:22: warning: 'packed' attribute ignored [-Wignored-attributes]
   74 | __attribute__((used, packed, aligned(4)))
      |                      ^
src/PC/qcommon/common.c:261:19: warning: implicit conversion loses integer precision: 'unsigned long' to 'int' [-Wshorten-64-to-32]
  261 |     FS_Write(msg, strlen(msg), logfile);
      |     ~~~~~~~~      ^~~~~~~~~~~
src/PC/qcommon/common.c:517:5: warning: indirection of non-volatile null pointer will be deleted, not trap [-Wnull-dereference]
  517 |     *(int *)0 = 0x12345678;
      |     ^~~~~~~~~
src/PC/qcommon/common.c:517:5: note: consider using __builtin_trap() or qualifying pointer with 'volatile'
3 warnings generated.

# Translation unit: src/PC/qcommon/huffman.c
src/PC/qcommon/huffman.c:83:13: warning: cast to smaller integer type 'int' from 'node_t *' (aka 'struct nodetype *') [-Wpointer-to-int-cast]
   83 |             SET_LEFT(par1, node2);
      |             ^~~~~~~~~~~~~~~~~~~~~
src/PC/qcommon/huffman.c:18:37: note: expanded from macro 'SET_LEFT'
   18 | #define SET_LEFT(n, v) ((n)->left = NODE_PTR_CAST(v))
      |                                     ^~~~~~~~~~~~~~~~
src/PC/qcommon/huffman.c:15:27: note: expanded from macro 'NODE_PTR_CAST'
   15 | #    define NODE_PTR_CAST (int)
      |                           ^
src/PC/qcommon/huffman.c:85:13: warning: cast to smaller integer type 'int' from 'node_t *' (aka 'struct nodetype *') [-Wpointer-to-int-cast]
   85 |             SET_RIGHT(par1, node2);
      |             ^~~~~~~~~~~~~~~~~~~~~~
src/PC/qcommon/huffman.c:19:39: note: expanded from macro 'SET_RIGHT'
   19 | #define SET_RIGHT(n, v) ((n)->right = NODE_PTR_CAST(v))
      |                                       ^~~~~~~~~~~~~~~~
src/PC/qcommon/huffman.c:15:27: note: expanded from macro 'NODE_PTR_CAST'
   15 | #    define NODE_PTR_CAST (int)
      |                           ^
src/PC/qcommon/huffman.c:93:13: warning: cast to smaller integer type 'int' from 'node_t *' (aka 'struct nodetype *') [-Wpointer-to-int-cast]
   93 |             SET_LEFT(par2, node1);
      |             ^~~~~~~~~~~~~~~~~~~~~
src/PC/qcommon/huffman.c:18:37: note: expanded from macro 'SET_LEFT'
   18 | #define SET_LEFT(n, v) ((n)->left = NODE_PTR_CAST(v))
      |                                     ^~~~~~~~~~~~~~~~
src/PC/qcommon/huffman.c:15:27: note: expanded from macro 'NODE_PTR_CAST'
   15 | #    define NODE_PTR_CAST (int)
      |                           ^
src/PC/qcommon/huffman.c:95:13: warning: cast to smaller integer type 'int' from 'node_t *' (aka 'struct nodetype *') [-Wpointer-to-int-cast]
   95 |             SET_RIGHT(par2, node1);
      |             ^~~~~~~~~~~~~~~~~~~~~~
src/PC/qcommon/huffman.c:19:39: note: expanded from macro 'SET_RIGHT'
   19 | #define SET_RIGHT(n, v) ((n)->right = NODE_PTR_CAST(v))
      |                                       ^~~~~~~~~~~~~~~~
src/PC/qcommon/huffman.c:15:27: note: expanded from macro 'NODE_PTR_CAST'
   15 | #    define NODE_PTR_CAST (int)
      |                           ^
src/PC/qcommon/huffman.c:101:5: warning: cast to smaller integer type 'int' from 'node_t *' (aka 'struct nodetype *') [-Wpointer-to-int-cast]
  101 |     SET_PARENT(node1, par2);
      |     ^~~~~~~~~~~~~~~~~~~~~~~
src/PC/qcommon/huffman.c:20:41: note: expanded from macro 'SET_PARENT'
   20 | #define SET_PARENT(n, v) ((n)->parent = NODE_PTR_CAST(v))
      |                                         ^~~~~~~~~~~~~~~~
src/PC/qcommon/huffman.c:15:27: note: expanded from macro 'NODE_PTR_CAST'
   15 | #    define NODE_PTR_CAST (int)
      |                           ^
src/PC/qcommon/huffman.c:102:5: warning: cast to smaller integer type 'int' from 'node_t *' (aka 'struct nodetype *') [-Wpointer-to-int-cast]
  102 |     SET_PARENT(node2, par1);
      |     ^~~~~~~~~~~~~~~~~~~~~~~
src/PC/qcommon/huffman.c:20:41: note: expanded from macro 'SET_PARENT'
   20 | #define SET_PARENT(n, v) ((n)->parent = NODE_PTR_CAST(v))
      |                                         ^~~~~~~~~~~~~~~~
src/PC/qcommon/huffman.c:15:27: note: expanded from macro 'NODE_PTR_CAST'
   15 | #    define NODE_PTR_CAST (int)
      |                           ^
src/PC/qcommon/huffman.c:110:5: warning: cast to smaller integer type 'int' from 'node_t *' (aka 'struct nodetype *') [-Wpointer-to-int-cast]
  110 |     SET_NEXT(node1, NODE_NEXT(node2));
      |     ^~~~~~~~~~~~~~~~~~~~~~~~~~~~~~~~~
src/PC/qcommon/huffman.c:21:37: note: expanded from macro 'SET_NEXT'
   21 | #define SET_NEXT(n, v) ((n)->next = NODE_PTR_CAST(v))
      |                                     ^~~~~~~~~~~~~~~~
src/PC/qcommon/huffman.c:15:27: note: expanded from macro 'NODE_PTR_CAST'
   15 | #    define NODE_PTR_CAST (int)
      |                           ^
src/PC/qcommon/huffman.c:111:5: warning: cast to smaller integer type 'int' from 'node_t *' (aka 'struct nodetype *') [-Wpointer-to-int-cast]
  111 |     SET_NEXT(node2, par1);
      |     ^~~~~~~~~~~~~~~~~~~~~
src/PC/qcommon/huffman.c:21:37: note: expanded from macro 'SET_NEXT'
   21 | #define SET_NEXT(n, v) ((n)->next = NODE_PTR_CAST(v))
      |                                     ^~~~~~~~~~~~~~~~
src/PC/qcommon/huffman.c:15:27: note: expanded from macro 'NODE_PTR_CAST'
   15 | #    define NODE_PTR_CAST (int)
      |                           ^
src/PC/qcommon/huffman.c:114:5: warning: cast to smaller integer type 'int' from 'node_t *' (aka 'struct nodetype *') [-Wpointer-to-int-cast]
  114 |     SET_PREV(node1, NODE_PREV(node2));
      |     ^~~~~~~~~~~~~~~~~~~~~~~~~~~~~~~~~
src/PC/qcommon/huffman.c:22:37: note: expanded from macro 'SET_PREV'
   22 | #define SET_PREV(n, v) ((n)->prev = NODE_PTR_CAST(v))
      |                                     ^~~~~~~~~~~~~~~~
src/PC/qcommon/huffman.c:15:27: note: expanded from macro 'NODE_PTR_CAST'
   15 | #    define NODE_PTR_CAST (int)
      |                           ^
src/PC/qcommon/huffman.c:115:5: warning: cast to smaller integer type 'int' from 'node_t *' (aka 'struct nodetype *') [-Wpointer-to-int-cast]
  115 |     SET_PREV(node2, par1);
      |     ^~~~~~~~~~~~~~~~~~~~~
src/PC/qcommon/huffman.c:22:37: note: expanded from macro 'SET_PREV'
   22 | #define SET_PREV(n, v) ((n)->prev = NODE_PTR_CAST(v))
      |                                     ^~~~~~~~~~~~~~~~
src/PC/qcommon/huffman.c:15:27: note: expanded from macro 'NODE_PTR_CAST'
   15 | #    define NODE_PTR_CAST (int)
      |                           ^
src/PC/qcommon/huffman.c:118:9: warning: cast to smaller integer type 'int' from 'node_t *' (aka 'struct nodetype *') [-Wpointer-to-int-cast]
  118 |         SET_NEXT(node1, node2);
      |         ^~~~~~~~~~~~~~~~~~~~~~
src/PC/qcommon/huffman.c:21:37: note: expanded from macro 'SET_NEXT'
   21 | #define SET_NEXT(n, v) ((n)->next = NODE_PTR_CAST(v))
      |                                     ^~~~~~~~~~~~~~~~
src/PC/qcommon/huffman.c:15:27: note: expanded from macro 'NODE_PTR_CAST'
   15 | #    define NODE_PTR_CAST (int)
      |                           ^
src/PC/qcommon/huffman.c:121:9: warning: cast to smaller integer type 'int' from 'node_t *' (aka 'struct nodetype *') [-Wpointer-to-int-cast]
  121 |         SET_NEXT(node2, node1);
      |         ^~~~~~~~~~~~~~~~~~~~~~
src/PC/qcommon/huffman.c:21:37: note: expanded from macro 'SET_NEXT'
   21 | #define SET_NEXT(n, v) ((n)->next = NODE_PTR_CAST(v))
      |                                     ^~~~~~~~~~~~~~~~
src/PC/qcommon/huffman.c:15:27: note: expanded from macro 'NODE_PTR_CAST'
   15 | #    define NODE_PTR_CAST (int)
      |                           ^
src/PC/qcommon/huffman.c:124:9: warning: cast to smaller integer type 'int' from 'node_t *' (aka 'struct nodetype *') [-Wpointer-to-int-cast]
  124 |         SET_PREV(NODE_NEXT(node1), node1);
      |         ^~~~~~~~~~~~~~~~~~~~~~~~~~~~~~~~~
src/PC/qcommon/huffman.c:22:37: note: expanded from macro 'SET_PREV'
   22 | #define SET_PREV(n, v) ((n)->prev = NODE_PTR_CAST(v))
      |                                     ^~~~~~~~~~~~~~~~
src/PC/qcommon/huffman.c:15:27: note: expanded from macro 'NODE_PTR_CAST'
   15 | #    define NODE_PTR_CAST (int)
      |                           ^
src/PC/qcommon/huffman.c:127:9: warning: cast to smaller integer type 'int' from 'node_t *' (aka 'struct nodetype *') [-Wpointer-to-int-cast]
  127 |         SET_PREV(NODE_NEXT(node2), node2);
      |         ^~~~~~~~~~~~~~~~~~~~~~~~~~~~~~~~~
src/PC/qcommon/huffman.c:22:37: note: expanded from macro 'SET_PREV'
   22 | #define SET_PREV(n, v) ((n)->prev = NODE_PTR_CAST(v))
      |                                     ^~~~~~~~~~~~~~~~
src/PC/qcommon/huffman.c:15:27: note: expanded from macro 'NODE_PTR_CAST'
   15 | #    define NODE_PTR_CAST (int)
      |                           ^
src/PC/qcommon/huffman.c:130:9: warning: cast to smaller integer type 'int' from 'node_t *' (aka 'struct nodetype *') [-Wpointer-to-int-cast]
  130 |         SET_NEXT(NODE_PREV(node1), node1);
      |         ^~~~~~~~~~~~~~~~~~~~~~~~~~~~~~~~~
src/PC/qcommon/huffman.c:21:37: note: expanded from macro 'SET_NEXT'
   21 | #define SET_NEXT(n, v) ((n)->next = NODE_PTR_CAST(v))
      |                                     ^~~~~~~~~~~~~~~~
src/PC/qcommon/huffman.c:15:27: note: expanded from macro 'NODE_PTR_CAST'
   15 | #    define NODE_PTR_CAST (int)
      |                           ^
src/PC/qcommon/huffman.c:133:9: warning: cast to smaller integer type 'int' from 'node_t *' (aka 'struct nodetype *') [-Wpointer-to-int-cast]
  133 |         SET_NEXT(NODE_PREV(node2), node2);
      |         ^~~~~~~~~~~~~~~~~~~~~~~~~~~~~~~~~
src/PC/qcommon/huffman.c:21:37: note: expanded from macro 'SET_NEXT'
   21 | #define SET_NEXT(n, v) ((n)->next = NODE_PTR_CAST(v))
      |                                     ^~~~~~~~~~~~~~~~
src/PC/qcommon/huffman.c:15:27: note: expanded from macro 'NODE_PTR_CAST'
   15 | #    define NODE_PTR_CAST (int)
      |                           ^
src/PC/qcommon/huffman.c:162:9: warning: cast to smaller integer type 'int' from 'node_t **' (aka 'struct nodetype **') [-Wpointer-to-int-cast]
  162 |         SET_HEAD(node, get_ppnode(huff));
      |         ^~~~~~~~~~~~~~~~~~~~~~~~~~~~~~~~
src/PC/qcommon/huffman.c:23:37: note: expanded from macro 'SET_HEAD'
   23 | #define SET_HEAD(n, v) ((n)->head = NODE_PTR_CAST(v))
      |                                     ^~~~~~~~~~~~~~~~
src/PC/qcommon/huffman.c:15:27: note: expanded from macro 'NODE_PTR_CAST'
   15 | #    define NODE_PTR_CAST (int)
      |                           ^
src/PC/qcommon/huffman.c:231:5: warning: cast to smaller integer type 'int' from 'node_t *' (aka 'struct nodetype *') [-Wpointer-to-int-cast]
  231 |     SET_NEXT(tnode2, NODE_NEXT(huff->lhead));
      |     ^~~~~~~~~~~~~~~~~~~~~~~~~~~~~~~~~~~~~~~~
src/PC/qcommon/huffman.c:21:37: note: expanded from macro 'SET_NEXT'
   21 | #define SET_NEXT(n, v) ((n)->next = NODE_PTR_CAST(v))
      |                                     ^~~~~~~~~~~~~~~~
src/PC/qcommon/huffman.c:15:27: note: expanded from macro 'NODE_PTR_CAST'
   15 | #    define NODE_PTR_CAST (int)
      |                           ^
src/PC/qcommon/huffman.c:233:9: warning: cast to smaller integer type 'int' from 'node_t *' (aka 'struct nodetype *') [-Wpointer-to-int-cast]
  233 |         SET_PREV(NODE_NEXT(huff->lhead), tnode2);
      |         ^~~~~~~~~~~~~~~~~~~~~~~~~~~~~~~~~~~~~~~~
src/PC/qcommon/huffman.c:22:37: note: expanded from macro 'SET_PREV'
   22 | #define SET_PREV(n, v) ((n)->prev = NODE_PTR_CAST(v))
      |                                     ^~~~~~~~~~~~~~~~
src/PC/qcommon/huffman.c:15:27: note: expanded from macro 'NODE_PTR_CAST'
   15 | #    define NODE_PTR_CAST (int)
      |                           ^
src/PC/qcommon/huffman.c:237:13: warning: cast to smaller integer type 'int' from 'node_t **' (aka 'struct nodetype **') [-Wpointer-to-int-cast]
  237 |             SET_HEAD(tnode2, get_ppnode(huff));
      |             ^~~~~~~~~~~~~~~~~~~~~~~~~~~~~~~~~~
src/PC/qcommon/huffman.c:23:37: note: expanded from macro 'SET_HEAD'
   23 | #define SET_HEAD(n, v) ((n)->head = NODE_PTR_CAST(v))
      |                                     ^~~~~~~~~~~~~~~~
src/PC/qcommon/huffman.c:15:27: note: expanded from macro 'NODE_PTR_CAST'
   15 | #    define NODE_PTR_CAST (int)
      |                           ^
src/PC/qcommon/huffman.c:241:9: warning: cast to smaller integer type 'int' from 'node_t **' (aka 'struct nodetype **') [-Wpointer-to-int-cast]
  241 |         SET_HEAD(tnode2, get_ppnode(huff));
      |         ^~~~~~~~~~~~~~~~~~~~~~~~~~~~~~~~~~
src/PC/qcommon/huffman.c:23:37: note: expanded from macro 'SET_HEAD'
   23 | #define SET_HEAD(n, v) ((n)->head = NODE_PTR_CAST(v))
      |                                     ^~~~~~~~~~~~~~~~
src/PC/qcommon/huffman.c:15:27: note: expanded from macro 'NODE_PTR_CAST'
   15 | #    define NODE_PTR_CAST (int)
      |                           ^
src/PC/qcommon/huffman.c:244:5: warning: cast to smaller integer type 'int' from 'node_t *' (aka 'struct nodetype *') [-Wpointer-to-int-cast]
  244 |     SET_NEXT(huff->lhead, tnode2);
      |     ^~~~~~~~~~~~~~~~~~~~~~~~~~~~~
src/PC/qcommon/huffman.c:21:37: note: expanded from macro 'SET_NEXT'
   21 | #define SET_NEXT(n, v) ((n)->next = NODE_PTR_CAST(v))
      |                                     ^~~~~~~~~~~~~~~~
src/PC/qcommon/huffman.c:15:27: note: expanded from macro 'NODE_PTR_CAST'
   15 | #    define NODE_PTR_CAST (int)
      |                           ^
src/PC/qcommon/huffman.c:245:5: warning: cast to smaller integer type 'int' from 'node_t *' (aka 'struct nodetype *') [-Wpointer-to-int-cast]
  245 |     SET_PREV(tnode2, huff->lhead);
      |     ^~~~~~~~~~~~~~~~~~~~~~~~~~~~~
src/PC/qcommon/huffman.c:22:37: note: expanded from macro 'SET_PREV'
   22 | #define SET_PREV(n, v) ((n)->prev = NODE_PTR_CAST(v))
      |                                     ^~~~~~~~~~~~~~~~
src/PC/qcommon/huffman.c:15:27: note: expanded from macro 'NODE_PTR_CAST'
   15 | #    define NODE_PTR_CAST (int)
      |                           ^
src/PC/qcommon/huffman.c:249:5: warning: cast to smaller integer type 'int' from 'node_t *' (aka 'struct nodetype *') [-Wpointer-to-int-cast]
  249 |     SET_NEXT(tnode, NODE_NEXT(huff->lhead));
      |     ^~~~~~~~~~~~~~~~~~~~~~~~~~~~~~~~~~~~~~~
src/PC/qcommon/huffman.c:21:37: note: expanded from macro 'SET_NEXT'
   21 | #define SET_NEXT(n, v) ((n)->next = NODE_PTR_CAST(v))
      |                                     ^~~~~~~~~~~~~~~~
src/PC/qcommon/huffman.c:15:27: note: expanded from macro 'NODE_PTR_CAST'
   15 | #    define NODE_PTR_CAST (int)
      |                           ^
src/PC/qcommon/huffman.c:251:9: warning: cast to smaller integer type 'int' from 'node_t *' (aka 'struct nodetype *') [-Wpointer-to-int-cast]
  251 |         SET_PREV(NODE_NEXT(huff->lhead), tnode);
      |         ^~~~~~~~~~~~~~~~~~~~~~~~~~~~~~~~~~~~~~~
src/PC/qcommon/huffman.c:22:37: note: expanded from macro 'SET_PREV'
   22 | #define SET_PREV(n, v) ((n)->prev = NODE_PTR_CAST(v))
      |                                     ^~~~~~~~~~~~~~~~
src/PC/qcommon/huffman.c:15:27: note: expanded from macro 'NODE_PTR_CAST'
   15 | #    define NODE_PTR_CAST (int)
      |                           ^
src/PC/qcommon/huffman.c:255:13: warning: cast to smaller integer type 'int' from 'node_t **' (aka 'struct nodetype **') [-Wpointer-to-int-cast]
  255 |             SET_HEAD(tnode, get_ppnode(huff));
      |             ^~~~~~~~~~~~~~~~~~~~~~~~~~~~~~~~~
src/PC/qcommon/huffman.c:23:37: note: expanded from macro 'SET_HEAD'
   23 | #define SET_HEAD(n, v) ((n)->head = NODE_PTR_CAST(v))
      |                                     ^~~~~~~~~~~~~~~~
src/PC/qcommon/huffman.c:15:27: note: expanded from macro 'NODE_PTR_CAST'
   15 | #    define NODE_PTR_CAST (int)
      |                           ^
src/PC/qcommon/huffman.c:259:9: warning: cast to smaller integer type 'int' from 'node_t **' (aka 'struct nodetype **') [-Wpointer-to-int-cast]
  259 |         SET_HEAD(tnode, get_ppnode(huff));
      |         ^~~~~~~~~~~~~~~~~~~~~~~~~~~~~~~~~
src/PC/qcommon/huffman.c:23:37: note: expanded from macro 'SET_HEAD'
   23 | #define SET_HEAD(n, v) ((n)->head = NODE_PTR_CAST(v))
      |                                     ^~~~~~~~~~~~~~~~
src/PC/qcommon/huffman.c:15:27: note: expanded from macro 'NODE_PTR_CAST'
   15 | #    define NODE_PTR_CAST (int)
      |                           ^
src/PC/qcommon/huffman.c:262:5: warning: cast to smaller integer type 'int' from 'node_t *' (aka 'struct nodetype *') [-Wpointer-to-int-cast]
  262 |     SET_NEXT(huff->lhead, tnode);
      |     ^~~~~~~~~~~~~~~~~~~~~~~~~~~~
src/PC/qcommon/huffman.c:21:37: note: expanded from macro 'SET_NEXT'
   21 | #define SET_NEXT(n, v) ((n)->next = NODE_PTR_CAST(v))
      |                                     ^~~~~~~~~~~~~~~~
src/PC/qcommon/huffman.c:15:27: note: expanded from macro 'NODE_PTR_CAST'
   15 | #    define NODE_PTR_CAST (int)
      |                           ^
src/PC/qcommon/huffman.c:263:5: warning: cast to smaller integer type 'int' from 'node_t *' (aka 'struct nodetype *') [-Wpointer-to-int-cast]
  263 |     SET_PREV(tnode, huff->lhead);
      |     ^~~~~~~~~~~~~~~~~~~~~~~~~~~~
src/PC/qcommon/huffman.c:22:37: note: expanded from macro 'SET_PREV'
   22 | #define SET_PREV(n, v) ((n)->prev = NODE_PTR_CAST(v))
      |                                     ^~~~~~~~~~~~~~~~
src/PC/qcommon/huffman.c:15:27: note: expanded from macro 'NODE_PTR_CAST'
   15 | #    define NODE_PTR_CAST (int)
      |                           ^
src/PC/qcommon/huffman.c:264:5: warning: cast to smaller integer type 'int' from 'void *' [-Wvoid-pointer-to-int-cast]
  264 |     SET_LEFT(tnode, NULL);
      |     ^~~~~~~~~~~~~~~~~~~~~
src/PC/qcommon/huffman.c:18:37: note: expanded from macro 'SET_LEFT'
   18 | #define SET_LEFT(n, v) ((n)->left = NODE_PTR_CAST(v))
      |                                     ^~~~~~~~~~~~~~~~
src/PC/qcommon/huffman.c:15:27: note: expanded from macro 'NODE_PTR_CAST'
   15 | #    define NODE_PTR_CAST (int)
      |                           ^
src/PC/qcommon/huffman.c:265:5: warning: cast to smaller integer type 'int' from 'void *' [-Wvoid-pointer-to-int-cast]
  265 |     SET_RIGHT(tnode, NULL);
      |     ^~~~~~~~~~~~~~~~~~~~~~
src/PC/qcommon/huffman.c:19:39: note: expanded from macro 'SET_RIGHT'
   19 | #define SET_RIGHT(n, v) ((n)->right = NODE_PTR_CAST(v))
      |                                       ^~~~~~~~~~~~~~~~
src/PC/qcommon/huffman.c:15:27: note: expanded from macro 'NODE_PTR_CAST'
   15 | #    define NODE_PTR_CAST (int)
      |                           ^
src/PC/qcommon/huffman.c:269:13: warning: cast to smaller integer type 'int' from 'node_t *' (aka 'struct nodetype *') [-Wpointer-to-int-cast]
  269 |             SET_LEFT(NODE_PARENT(huff->lhead), tnode2);
      |             ^~~~~~~~~~~~~~~~~~~~~~~~~~~~~~~~~~~~~~~~~~
src/PC/qcommon/huffman.c:18:37: note: expanded from macro 'SET_LEFT'
   18 | #define SET_LEFT(n, v) ((n)->left = NODE_PTR_CAST(v))
      |                                     ^~~~~~~~~~~~~~~~
src/PC/qcommon/huffman.c:15:27: note: expanded from macro 'NODE_PTR_CAST'
   15 | #    define NODE_PTR_CAST (int)
      |                           ^
src/PC/qcommon/huffman.c:271:13: warning: cast to smaller integer type 'int' from 'node_t *' (aka 'struct nodetype *') [-Wpointer-to-int-cast]
  271 |             SET_RIGHT(NODE_PARENT(huff->lhead), tnode2);
      |             ^~~~~~~~~~~~~~~~~~~~~~~~~~~~~~~~~~~~~~~~~~~
src/PC/qcommon/huffman.c:19:39: note: expanded from macro 'SET_RIGHT'
   19 | #define SET_RIGHT(n, v) ((n)->right = NODE_PTR_CAST(v))
      |                                       ^~~~~~~~~~~~~~~~
src/PC/qcommon/huffman.c:15:27: note: expanded from macro 'NODE_PTR_CAST'
   15 | #    define NODE_PTR_CAST (int)
      |                           ^
src/PC/qcommon/huffman.c:277:5: warning: cast to smaller integer type 'int' from 'node_t *' (aka 'struct nodetype *') [-Wpointer-to-int-cast]
  277 |     SET_RIGHT(tnode2, tnode);
      |     ^~~~~~~~~~~~~~~~~~~~~~~~
src/PC/qcommon/huffman.c:19:39: note: expanded from macro 'SET_RIGHT'
   19 | #define SET_RIGHT(n, v) ((n)->right = NODE_PTR_CAST(v))
      |                                       ^~~~~~~~~~~~~~~~
src/PC/qcommon/huffman.c:15:27: note: expanded from macro 'NODE_PTR_CAST'
   15 | #    define NODE_PTR_CAST (int)
      |                           ^
src/PC/qcommon/huffman.c:278:5: warning: cast to smaller integer type 'int' from 'node_t *' (aka 'struct nodetype *') [-Wpointer-to-int-cast]
  278 |     SET_LEFT(tnode2, huff->lhead);
      |     ^~~~~~~~~~~~~~~~~~~~~~~~~~~~~
src/PC/qcommon/huffman.c:18:37: note: expanded from macro 'SET_LEFT'
   18 | #define SET_LEFT(n, v) ((n)->left = NODE_PTR_CAST(v))
      |                                     ^~~~~~~~~~~~~~~~
src/PC/qcommon/huffman.c:15:27: note: expanded from macro 'NODE_PTR_CAST'
   15 | #    define NODE_PTR_CAST (int)
      |                           ^
src/PC/qcommon/huffman.c:280:5: warning: cast to smaller integer type 'int' from 'node_t *' (aka 'struct nodetype *') [-Wpointer-to-int-cast]
  280 |     SET_PARENT(tnode2, NODE_PARENT(huff->lhead));
      |     ^~~~~~~~~~~~~~~~~~~~~~~~~~~~~~~~~~~~~~~~~~~~
src/PC/qcommon/huffman.c:20:41: note: expanded from macro 'SET_PARENT'
   20 | #define SET_PARENT(n, v) ((n)->parent = NODE_PTR_CAST(v))
      |                                         ^~~~~~~~~~~~~~~~
src/PC/qcommon/huffman.c:15:27: note: expanded from macro 'NODE_PTR_CAST'
   15 | #    define NODE_PTR_CAST (int)
      |                           ^
src/PC/qcommon/huffman.c:281:5: warning: cast to smaller integer type 'int' from 'node_t *' (aka 'struct nodetype *') [-Wpointer-to-int-cast]
  281 |     SET_PARENT(huff->lhead, tnode2);
      |     ^~~~~~~~~~~~~~~~~~~~~~~~~~~~~~~
src/PC/qcommon/huffman.c:20:41: note: expanded from macro 'SET_PARENT'
   20 | #define SET_PARENT(n, v) ((n)->parent = NODE_PTR_CAST(v))
      |                                         ^~~~~~~~~~~~~~~~
src/PC/qcommon/huffman.c:15:27: note: expanded from macro 'NODE_PTR_CAST'
   15 | #    define NODE_PTR_CAST (int)
      |                           ^
src/PC/qcommon/huffman.c:282:5: warning: cast to smaller integer type 'int' from 'node_t *' (aka 'struct nodetype *') [-Wpointer-to-int-cast]
  282 |     SET_PARENT(tnode, tnode2);
      |     ^~~~~~~~~~~~~~~~~~~~~~~~~
src/PC/qcommon/huffman.c:20:41: note: expanded from macro 'SET_PARENT'
   20 | #define SET_PARENT(n, v) ((n)->parent = NODE_PTR_CAST(v))
      |                                         ^~~~~~~~~~~~~~~~
src/PC/qcommon/huffman.c:15:27: note: expanded from macro 'NODE_PTR_CAST'
   15 | #    define NODE_PTR_CAST (int)
      |                           ^
src/PC/qcommon/huffman.c:308:71: warning: cast to smaller integer type 'int' from 'void *' [-Wvoid-pointer-to-int-cast]
  308 |     huff->decompressor.lhead->next = huff->decompressor.lhead->prev = (int)NULL;
      |                                                                       ^~~~~~~~~
src/PC/qcommon/huffman.c:310:42: warning: cast to smaller integer type 'int' from 'void *' [-Wvoid-pointer-to-int-cast]
  310 |         huff->decompressor.tree->right = (int)NULL;
      |                                          ^~~~~~~~~
src/PC/qcommon/huffman.c:316:67: warning: cast to smaller integer type 'int' from 'void *' [-Wvoid-pointer-to-int-cast]
  316 |     huff->compressor.lhead->next = huff->compressor.lhead->prev = (int)NULL;
      |                                                                   ^~~~~~~~~
src/PC/qcommon/huffman.c:318:40: warning: cast to smaller integer type 'int' from 'void *' [-Wvoid-pointer-to-int-cast]
  318 |         huff->compressor.tree->right = (int)NULL;
      |                                        ^~~~~~~~~
42 warnings generated.

# Translation unit: src/PC/qcommon/msg_mp.c
src/PC/qcommon/msg_mp.c:679:15: warning: implicit conversion loses integer precision: 'unsigned long' to 'int' [-Wshorten-64-to-32]
  679 |     int len = strlen(pszCommand);
      |         ~~~   ^~~~~~~~~~~~~~~~~~
src/PC/qcommon/msg_mp.c:735:29: warning: cast to smaller integer type 'int' from 'int *' [-Wpointer-to-int-cast]
  735 |             cmd->buttons |= (int)&__mh_execute_header;
      |                             ^~~~~~~~~~~~~~~~~~~~~~~~~
src/PC/qcommon/msg_mp.c:902:13: warning: implicit conversion loses integer precision: 'unsigned long' to 'int' [-Wshorten-64-to-32]
  902 |     int l = strlen(s);
      |         ~   ^~~~~~~~~
src/PC/qcommon/msg_mp.c:922:13: warning: implicit conversion loses integer precision: 'unsigned long' to 'int' [-Wshorten-64-to-32]
  922 |     int l = strlen(s);
      |         ~   ^~~~~~~~~
src/PC/qcommon/msg_mp.c:2039:9: warning: call to undeclared function 'getenv'; ISO C99 and later do not support implicit function declarations [-Wimplicit-function-declaration]
 2039 |     if (getenv("COD2_PSWDIAG")) {
      |         ^
5 warnings generated.

# Translation unit: src/PC/qcommon/net_chan_mp.c
src/PC/qcommon/net_chan_mp.c:44:14: warning: incompatible redeclaration of library function 'malloc' [-Wincompatible-library-redeclaration]
   44 | extern void *malloc(int size);
      |              ^
src/PC/qcommon/net_chan_mp.c:44:14: note: 'malloc' is a builtin with type 'void *(unsigned long)'
src/PC/qcommon/net_chan_mp.c:524:15: warning: implicit conversion loses integer precision: 'unsigned long' to 'int' [-Wshorten-64-to-32]
  524 |     iLength = strlen(data);
      |             ~ ^~~~~~~~~~~~
src/PC/qcommon/net_chan_mp.c:532:15: warning: implicit conversion loses integer precision: 'unsigned long' to 'int' [-Wshorten-64-to-32]
  532 |     iLength = strlen((char *)string);
      |             ~ ^~~~~~~~~~~~~~~~~~~~~~
3 warnings generated.

# Translation unit: src/PC/qcommon/statmonitor.c
src/PC/qcommon/statmonitor.c:26:36: warning: cast to 'MaterialHandle' (aka 'struct Material *') from smaller integer type 'int' [-Wint-to-pointer-cast]
   26 |             stats[type].material = (MaterialHandle)((int (*)(const char *, int, int))((void **)sm_mtl_vtable)[4])(materialName, 0x30, 1);
      |                                    ^~~~~~~~~~~~~~~~~~~~~~~~~~~~~~~~~~~~~~~~~~~~~~~~~~~~~~~~~~~~~~~~~~~~~~~~~~~~~~~~~~~~~~~~~~~~~~~~~~~~~
1 warning generated.

# Translation unit: src/PC/script/scr_animtree.c
src/PC/script/scr_animtree.c:242:13: warning: cast to 'struct XAnim_s **' from smaller integer type 'int' [-Wint-to-pointer-cast]
  242 |     return *(struct XAnim_s **)(0x114e22c + index * 4);
      |             ^~~~~~~~~~~~~~~~~~~~~~~~~~~~~~~~~~~~~~~~~~
1 warning generated.

# Translation unit: src/PC/script/scr_compiler.c
src/PC/script/scr_compiler.c:159:32: warning: cast to smaller integer type 'int' from 'char *' [-Wpointer-to-int-cast]
  159 |                 CompileError2( (int)(codePtr), "normal script cannot reference a function in a /# ... #/ comment");
      |                                ^~~~~~~~~~~~~~
src/PC/script/scr_compiler.c:168:32: warning: cast to smaller integer type 'int' from 'char *' [-Wpointer-to-int-cast]
  168 |                 CompileError2( (int)(codePtr), "unknown function");
      |                                ^~~~~~~~~~~~~~
src/PC/script/scr_compiler.c:177:32: warning: cast to smaller integer type 'int' from 'char *' [-Wpointer-to-int-cast]
  177 |                 CompileError2( (int)(codePtr), "unknown function");
      |                                ^~~~~~~~~~~~~~
src/PC/script/scr_compiler.c:142:13: warning: implicit conversion loses integer precision: 'unsigned long long' to 'int' [-Wshorten-64-to-32]
  142 |     count = Scr_EvalVariable(varId);
      |           ~ ^~~~~~~~~~~~~~~~~~~~~~~
src/PC/script/scr_compiler.c:2105:40: warning: implicit conversion loses integer precision: 'intptr_t' (aka 'long') to 'int' [-Wshorten-64-to-32]
 2105 |                     value.u.intValue = func;
      |                                      ~ ^~~~
src/PC/script/scr_compiler.c:2190:40: warning: implicit conversion loses integer precision: 'intptr_t' (aka 'long') to 'int' [-Wshorten-64-to-32]
 2190 |                     value.u.intValue = meth;
      |                                      ~ ^~~~
src/PC/script/scr_compiler.c:2906:23: warning: implicit conversion loses integer precision: 'intptr_t' (aka 'long') to 'int' [-Wshorten-64-to-32]
 2906 |         opcode.type = node[3];
      |                     ~ ^~~~~~~
src/PC/script/scr_compiler.c:2931:23: warning: implicit conversion loses integer precision: 'intptr_t' (aka 'long') to 'int' [-Wshorten-64-to-32]
 2931 |         opcode.type = node[3];
      |                     ~ ^~~~~~~
src/PC/script/scr_compiler.c:2956:23: warning: implicit conversion loses integer precision: 'intptr_t' (aka 'long') to 'int' [-Wshorten-64-to-32]
 2956 |         opcode.type = node[3];
      |                     ~ ^~~~~~~
src/PC/script/scr_compiler.c:5545:47: warning: implicit conversion loses integer precision: 'long' to 'int' [-Wshorten-64-to-32]
 5545 |     SCRCP->programLen = (char *)TempMalloc(0) - SCRVP->programBuffer;
      |                       ~ ~~~~~~~~~~~~~~~~~~~~~~^~~~~~~~~~~~~~~~~~~~~~
10 warnings generated.

# Translation unit: src/PC/script/scr_memorytree.c
src/PC/script/scr_memorytree.c:271:66: warning: implicit conversion loses integer precision: 'long' to 'unsigned int' [-Wshorten-64-to-32]
  271 |     unsigned int nodeIdx = ((unsigned char *)p - scrMemTreeGlob) / 8;
      |                  ~~~~~~~   ~~~~~~~~~~~~~~~~~~~~~~~~~~~~~~~~~~~~~~^~~
1 warning generated.

# Translation unit: src/PC/script/scr_variable.c
src/PC/script/scr_variable.c:757:27: warning: implicit conversion loses integer precision: 'unsigned long' to 'int' [-Wshorten-64-to-32]
  757 |         len = strlen(pos) + 1;
      |             ~ ~~~~~~~~~~~~^~~
src/PC/script/scr_variable.c:945:23: warning: implicit conversion loses integer precision: 'unsigned long' to 'int' [-Wshorten-64-to-32]
  945 |             nameLen = strlen(fieldName);
      |                     ~ ^~~~~~~~~~~~~~~~~
src/PC/script/scr_variable.c:950:23: warning: implicit conversion loses integer precision: 'unsigned long' to 'int' [-Wshorten-64-to-32]
  950 |             nameLen = strlen(fieldName);
      |                     ~ ^~~~~~~~~~~~~~~~~
src/PC/script/scr_variable.c:954:49: warning: implicit conversion loses integer precision: 'unsigned long' to 'int' [-Wshorten-64-to-32]
  954 |                 int existingLen = strlen(field) + 1;
      |                     ~~~~~~~~~~~   ~~~~~~~~~~~~~~^~~
src/PC/script/scr_variable.c:1394:22: warning: cast to 'VariableStackBuffer *' (aka 'struct VariableStackBuffer *') from smaller integer type 'unsigned int' [-Wint-to-pointer-cast]
 1394 |         stackValue = (VariableStackBuffer *)VG_U32(id);
      |                      ^~~~~~~~~~~~~~~~~~~~~~~~~~~~~~~~~
src/PC/script/scr_variable.c:1574:55: warning: cast to 'const byte *' (aka 'const unsigned char *') from smaller integer type 'unsigned int' [-Wint-to-pointer-cast]
 1574 |             } else if (type == SCRVL_VAR_VECTOR && !*((const byte *)VG_U32(id) - 1)) {
      |                                                       ^~~~~~~~~~~~~~~~~~~~~~~~
src/PC/script/scr_variable.c:1575:38: warning: cast to 'byte *' (aka 'unsigned char *') from smaller integer type 'unsigned int' [-Wint-to-pointer-cast]
 1575 |                 (*(unsigned short *)((byte *)VG_U32(id) - 4))++;
      |                                      ^~~~~~~~~~~~~~~~~~
src/PC/script/scr_variable.c:1801:15: warning: implicit conversion loses integer precision: 'unsigned long' to 'int' [-Wshorten-64-to-32]
 1801 |         len = strlen(str);
      |             ~ ^~~~~~~~~~~
src/PC/script/scr_variable.c:3085:29: warning: implicit conversion loses integer precision: 'unsigned long' to 'int' [-Wshorten-64-to-32]
 3085 |         value->u.intValue = strlen(SL_ConvertToString(stringValue));
      |                           ~ ^~~~~~~~~~~~~~~~~~~~~~~~~~~~~~~~~~~~~~~
9 warnings generated.

# Translation unit: src/PC/script/scr_yacc.c
In file included from src/PC/script/scr_yacc.c:97:
src/PC/script/yyparse_impl.h:720:27: warning: implicit conversion loses integer precision: 'uintptr_t' (aka 'unsigned long') to 'unsigned int' [-Wshorten-64-to-32]
  720 |         unsigned int p1 = node_pos(yyvsp[-1].pos), p2 = node_pos(yyvsp[0].pos), p3 = node_pos(yyvsp[-2].pos);
      |                      ~~   ^~~~~~~~~~~~~~~~~~~~~~~
src/PC/script/yyparse_impl.h:720:57: warning: implicit conversion loses integer precision: 'uintptr_t' (aka 'unsigned long') to 'unsigned int' [-Wshorten-64-to-32]
  720 |         unsigned int p1 = node_pos(yyvsp[-1].pos), p2 = node_pos(yyvsp[0].pos), p3 = node_pos(yyvsp[-2].pos);
      |                                                    ~~   ^~~~~~~~~~~~~~~~~~~~~~
src/PC/script/yyparse_impl.h:720:86: warning: implicit conversion loses integer precision: 'uintptr_t' (aka 'unsigned long') to 'unsigned int' [-Wshorten-64-to-32]
  720 |         unsigned int p1 = node_pos(yyvsp[-1].pos), p2 = node_pos(yyvsp[0].pos), p3 = node_pos(yyvsp[-2].pos);
      |                                                                                 ~~   ^~~~~~~~~~~~~~~~~~~~~~~
src/PC/script/yyparse_impl.h:726:27: warning: implicit conversion loses integer precision: 'uintptr_t' (aka 'unsigned long') to 'unsigned int' [-Wshorten-64-to-32]
  726 |         unsigned int p1 = node_pos(yyvsp[-1].pos), p2 = node_pos(yyvsp[0].pos), p3 = node_pos(yyvsp[-2].pos);
      |                      ~~   ^~~~~~~~~~~~~~~~~~~~~~~
src/PC/script/yyparse_impl.h:726:57: warning: implicit conversion loses integer precision: 'uintptr_t' (aka 'unsigned long') to 'unsigned int' [-Wshorten-64-to-32]
  726 |         unsigned int p1 = node_pos(yyvsp[-1].pos), p2 = node_pos(yyvsp[0].pos), p3 = node_pos(yyvsp[-2].pos);
      |                                                    ~~   ^~~~~~~~~~~~~~~~~~~~~~
src/PC/script/yyparse_impl.h:726:86: warning: implicit conversion loses integer precision: 'uintptr_t' (aka 'unsigned long') to 'unsigned int' [-Wshorten-64-to-32]
  726 |         unsigned int p1 = node_pos(yyvsp[-1].pos), p2 = node_pos(yyvsp[0].pos), p3 = node_pos(yyvsp[-2].pos);
      |                                                                                 ~~   ^~~~~~~~~~~~~~~~~~~~~~~
src/PC/script/yyparse_impl.h:732:26: warning: implicit conversion loses integer precision: 'uintptr_t' (aka 'unsigned long') to 'unsigned int' [-Wshorten-64-to-32]
  732 |         unsigned int p = node_pos(yyvsp[-1].pos);
      |                      ~   ^~~~~~~~~~~~~~~~~~~~~~~
src/PC/script/yyparse_impl.h:738:26: warning: implicit conversion loses integer precision: 'uintptr_t' (aka 'unsigned long') to 'unsigned int' [-Wshorten-64-to-32]
  738 |         unsigned int p = node_pos(yyvsp[-1].pos);
      |                      ~   ^~~~~~~~~~~~~~~~~~~~~~~
src/PC/script/yyparse_impl.h:744:26: warning: implicit conversion loses integer precision: 'uintptr_t' (aka 'unsigned long') to 'unsigned int' [-Wshorten-64-to-32]
  744 |         unsigned int p = node_pos(yyvsp[-1].pos);
      |                      ~   ^~~~~~~~~~~~~~~~~~~~~~~
src/PC/script/yyparse_impl.h:750:26: warning: implicit conversion loses integer precision: 'uintptr_t' (aka 'unsigned long') to 'unsigned int' [-Wshorten-64-to-32]
  750 |         unsigned int p = node_pos(yyvsp[-1].pos);
      |                      ~   ^~~~~~~~~~~~~~~~~~~~~~~
src/PC/script/yyparse_impl.h:756:26: warning: implicit conversion loses integer precision: 'uintptr_t' (aka 'unsigned long') to 'unsigned int' [-Wshorten-64-to-32]
  756 |         unsigned int p = node_pos(yyvsp[-1].pos);
      |                      ~   ^~~~~~~~~~~~~~~~~~~~~~~
src/PC/script/yyparse_impl.h:762:26: warning: implicit conversion loses integer precision: 'uintptr_t' (aka 'unsigned long') to 'unsigned int' [-Wshorten-64-to-32]
  762 |         unsigned int p = node_pos(yyvsp[-1].pos);
      |                      ~   ^~~~~~~~~~~~~~~~~~~~~~~
src/PC/script/yyparse_impl.h:768:26: warning: implicit conversion loses integer precision: 'uintptr_t' (aka 'unsigned long') to 'unsigned int' [-Wshorten-64-to-32]
  768 |         unsigned int p = node_pos(yyvsp[-1].pos);
      |                      ~   ^~~~~~~~~~~~~~~~~~~~~~~
src/PC/script/yyparse_impl.h:774:26: warning: implicit conversion loses integer precision: 'uintptr_t' (aka 'unsigned long') to 'unsigned int' [-Wshorten-64-to-32]
  774 |         unsigned int p = node_pos(yyvsp[-1].pos);
      |                      ~   ^~~~~~~~~~~~~~~~~~~~~~~
src/PC/script/yyparse_impl.h:780:26: warning: implicit conversion loses integer precision: 'uintptr_t' (aka 'unsigned long') to 'unsigned int' [-Wshorten-64-to-32]
  780 |         unsigned int p = node_pos(yyvsp[-1].pos);
      |                      ~   ^~~~~~~~~~~~~~~~~~~~~~~
src/PC/script/yyparse_impl.h:786:26: warning: implicit conversion loses integer precision: 'uintptr_t' (aka 'unsigned long') to 'unsigned int' [-Wshorten-64-to-32]
  786 |         unsigned int p = node_pos(yyvsp[-1].pos);
      |                      ~   ^~~~~~~~~~~~~~~~~~~~~~~
src/PC/script/yyparse_impl.h:792:26: warning: implicit conversion loses integer precision: 'uintptr_t' (aka 'unsigned long') to 'unsigned int' [-Wshorten-64-to-32]
  792 |         unsigned int p = node_pos(yyvsp[-1].pos);
      |                      ~   ^~~~~~~~~~~~~~~~~~~~~~~
src/PC/script/yyparse_impl.h:798:26: warning: implicit conversion loses integer precision: 'uintptr_t' (aka 'unsigned long') to 'unsigned int' [-Wshorten-64-to-32]
  798 |         unsigned int p = node_pos(yyvsp[-1].pos);
      |                      ~   ^~~~~~~~~~~~~~~~~~~~~~~
src/PC/script/yyparse_impl.h:804:26: warning: implicit conversion loses integer precision: 'uintptr_t' (aka 'unsigned long') to 'unsigned int' [-Wshorten-64-to-32]
  804 |         unsigned int p = node_pos(yyvsp[-1].pos);
      |                      ~   ^~~~~~~~~~~~~~~~~~~~~~~
src/PC/script/yyparse_impl.h:810:26: warning: implicit conversion loses integer precision: 'uintptr_t' (aka 'unsigned long') to 'unsigned int' [-Wshorten-64-to-32]
  810 |         unsigned int p = node_pos(yyvsp[-1].pos);
      |                      ~   ^~~~~~~~~~~~~~~~~~~~~~~
src/PC/script/yyparse_impl.h:816:26: warning: implicit conversion loses integer precision: 'uintptr_t' (aka 'unsigned long') to 'unsigned int' [-Wshorten-64-to-32]
  816 |         unsigned int p = node_pos(yyvsp[-1].pos);
      |                      ~   ^~~~~~~~~~~~~~~~~~~~~~~
src/PC/script/yyparse_impl.h:822:26: warning: implicit conversion loses integer precision: 'uintptr_t' (aka 'unsigned long') to 'unsigned int' [-Wshorten-64-to-32]
  822 |         unsigned int p = node_pos(yyvsp[-1].pos);
      |                      ~   ^~~~~~~~~~~~~~~~~~~~~~~
src/PC/script/yyparse_impl.h:840:74: warning: implicit conversion loses integer precision: 'intptr_t' (aka 'long') to 'unsigned int' [-Wshorten-64-to-32]
  840 |         yyvsp[0].val.node = (intptr_t)SL_ConvertToLowercase(yyvsp[0].val.node, (unsigned int)(unsigned char)g_parse_user, 0xd);
      |                                       ~~~~~~~~~~~~~~~~~~~~~ ~~~~~~~~~~~~~^~~~
src/PC/script/yyparse_impl.h:844:74: warning: implicit conversion loses integer precision: 'intptr_t' (aka 'long') to 'unsigned int' [-Wshorten-64-to-32]
  844 |         yyvsp[0].val.node = (intptr_t)SL_ConvertToLowercase(yyvsp[0].val.node, (unsigned int)(unsigned char)g_parse_user, 0xd);
      |                                       ~~~~~~~~~~~~~~~~~~~~~ ~~~~~~~~~~~~~^~~~
src/PC/script/yyparse_impl.h:848:74: warning: implicit conversion loses integer precision: 'intptr_t' (aka 'long') to 'unsigned int' [-Wshorten-64-to-32]
  848 |         yyvsp[0].val.node = (intptr_t)SL_ConvertToLowercase(yyvsp[0].val.node, (unsigned int)(unsigned char)g_parse_user, 0xd);
      |                                       ~~~~~~~~~~~~~~~~~~~~~ ~~~~~~~~~~~~~^~~~
src/PC/script/yyparse_impl.h:854:74: warning: implicit conversion loses integer precision: 'intptr_t' (aka 'long') to 'unsigned int' [-Wshorten-64-to-32]
  854 |         yyvsp[0].val.node = (intptr_t)SL_ConvertToLowercase(yyvsp[0].val.node, (unsigned int)(unsigned char)g_parse_user, 0xd);
      |                                       ~~~~~~~~~~~~~~~~~~~~~ ~~~~~~~~~~~~~^~~~
src/PC/script/yyparse_impl.h:859:74: warning: implicit conversion loses integer precision: 'intptr_t' (aka 'long') to 'unsigned int' [-Wshorten-64-to-32]
  859 |         yyvsp[0].val.node = (intptr_t)SL_ConvertToLowercase(yyvsp[0].val.node, (unsigned int)(unsigned char)g_parse_user, 0xd);
      |                                       ~~~~~~~~~~~~~~~~~~~~~ ~~~~~~~~~~~~~^~~~
src/PC/script/yyparse_impl.h:866:74: warning: implicit conversion loses integer precision: 'intptr_t' (aka 'long') to 'unsigned int' [-Wshorten-64-to-32]
  866 |         yyvsp[0].val.node = (intptr_t)SL_ConvertToLowercase(yyvsp[0].val.node, (unsigned int)(unsigned char)g_parse_user, 0xd);
      |                                       ~~~~~~~~~~~~~~~~~~~~~ ~~~~~~~~~~~~~^~~~
src/PC/script/yyparse_impl.h:890:27: warning: implicit conversion loses integer precision: 'uintptr_t' (aka 'unsigned long') to 'unsigned int' [-Wshorten-64-to-32]
  890 |         unsigned int p1 = node_pos(yyvsp[-2].pos), p2 = node_pos(yyvsp[-4].pos);
      |                      ~~   ^~~~~~~~~~~~~~~~~~~~~~~
src/PC/script/yyparse_impl.h:890:57: warning: implicit conversion loses integer precision: 'uintptr_t' (aka 'unsigned long') to 'unsigned int' [-Wshorten-64-to-32]
  890 |         unsigned int p1 = node_pos(yyvsp[-2].pos), p2 = node_pos(yyvsp[-4].pos);
      |                                                    ~~   ^~~~~~~~~~~~~~~~~~~~~~~
src/PC/script/yyparse_impl.h:949:74: warning: implicit conversion loses integer precision: 'intptr_t' (aka 'long') to 'unsigned int' [-Wshorten-64-to-32]
  949 |         yyvsp[0].val.node = (intptr_t)SL_ConvertToLowercase(yyvsp[0].val.node, (unsigned int)(unsigned char)g_parse_user, 0xd);
      |                                       ~~~~~~~~~~~~~~~~~~~~~ ~~~~~~~~~~~~~^~~~
src/PC/script/yyparse_impl.h:963:74: warning: implicit conversion loses integer precision: 'intptr_t' (aka 'long') to 'unsigned int' [-Wshorten-64-to-32]
  963 |         yyvsp[0].val.node = (intptr_t)SL_ConvertToLowercase(yyvsp[0].val.node, (unsigned int)(unsigned char)g_parse_user, 0xd);
      |                                       ~~~~~~~~~~~~~~~~~~~~~ ~~~~~~~~~~~~~^~~~
src/PC/script/yyparse_impl.h:969:27: warning: implicit conversion loses integer precision: 'uintptr_t' (aka 'unsigned long') to 'unsigned int' [-Wshorten-64-to-32]
  969 |         unsigned int p1 = node_pos(yyvsp[-1].pos), p2 = node_pos(yyvsp[-3].pos);
      |                      ~~   ^~~~~~~~~~~~~~~~~~~~~~~
src/PC/script/yyparse_impl.h:969:57: warning: implicit conversion loses integer precision: 'uintptr_t' (aka 'unsigned long') to 'unsigned int' [-Wshorten-64-to-32]
  969 |         unsigned int p1 = node_pos(yyvsp[-1].pos), p2 = node_pos(yyvsp[-3].pos);
      |                                                    ~~   ^~~~~~~~~~~~~~~~~~~~~~~
src/PC/script/yyparse_impl.h:975:74: warning: implicit conversion loses integer precision: 'intptr_t' (aka 'long') to 'unsigned int' [-Wshorten-64-to-32]
  975 |         yyvsp[0].val.node = (intptr_t)SL_ConvertToLowercase(yyvsp[0].val.node, (unsigned int)(unsigned char)g_parse_user, 0xd);
      |                                       ~~~~~~~~~~~~~~~~~~~~~ ~~~~~~~~~~~~~^~~~
src/PC/script/yyparse_impl.h:980:74: warning: implicit conversion loses integer precision: 'intptr_t' (aka 'long') to 'unsigned int' [-Wshorten-64-to-32]
  980 |         yyvsp[0].val.node = (intptr_t)SL_ConvertToLowercase(yyvsp[0].val.node, (unsigned int)(unsigned char)g_parse_user, 0xd);
      |                                       ~~~~~~~~~~~~~~~~~~~~~ ~~~~~~~~~~~~~^~~~
src/PC/script/yyparse_impl.h:990:27: warning: implicit conversion loses integer precision: 'uintptr_t' (aka 'unsigned long') to 'unsigned int' [-Wshorten-64-to-32]
  990 |         unsigned int p1 = node_pos(yyvsp[0].pos), p2 = node_pos(yyvsp[-1].pos);
      |                      ~~   ^~~~~~~~~~~~~~~~~~~~~~
src/PC/script/yyparse_impl.h:990:56: warning: implicit conversion loses integer precision: 'uintptr_t' (aka 'unsigned long') to 'unsigned int' [-Wshorten-64-to-32]
  990 |         unsigned int p1 = node_pos(yyvsp[0].pos), p2 = node_pos(yyvsp[-1].pos);
      |                                                   ~~   ^~~~~~~~~~~~~~~~~~~~~~~
src/PC/script/yyparse_impl.h:1001:27: warning: implicit conversion loses integer precision: 'uintptr_t' (aka 'unsigned long') to 'unsigned int' [-Wshorten-64-to-32]
 1001 |         unsigned int p1 = node_pos(yyvsp[-1].pos), p2 = node_pos(yyvsp[0].pos);
      |                      ~~   ^~~~~~~~~~~~~~~~~~~~~~~
src/PC/script/yyparse_impl.h:1001:57: warning: implicit conversion loses integer precision: 'uintptr_t' (aka 'unsigned long') to 'unsigned int' [-Wshorten-64-to-32]
 1001 |         unsigned int p1 = node_pos(yyvsp[-1].pos), p2 = node_pos(yyvsp[0].pos);
      |                                                    ~~   ^~~~~~~~~~~~~~~~~~~~~~
src/PC/script/yyparse_impl.h:1012:26: warning: implicit conversion loses integer precision: 'uintptr_t' (aka 'unsigned long') to 'unsigned int' [-Wshorten-64-to-32]
 1012 |         unsigned int p = node_pos(yyvsp[-1].pos);
      |                      ~   ^~~~~~~~~~~~~~~~~~~~~~~
src/PC/script/yyparse_impl.h:1017:26: warning: implicit conversion loses integer precision: 'uintptr_t' (aka 'unsigned long') to 'unsigned int' [-Wshorten-64-to-32]
 1017 |         unsigned int p = node_pos(yyvsp[-1].pos);
      |                      ~   ^~~~~~~~~~~~~~~~~~~~~~~
src/PC/script/yyparse_impl.h:1022:26: warning: implicit conversion loses integer precision: 'uintptr_t' (aka 'unsigned long') to 'unsigned int' [-Wshorten-64-to-32]
 1022 |         unsigned int p = node_pos(yyvsp[-1].pos);
      |                      ~   ^~~~~~~~~~~~~~~~~~~~~~~
src/PC/script/yyparse_impl.h:1027:26: warning: implicit conversion loses integer precision: 'uintptr_t' (aka 'unsigned long') to 'unsigned int' [-Wshorten-64-to-32]
 1027 |         unsigned int p = node_pos(yyvsp[-1].pos);
      |                      ~   ^~~~~~~~~~~~~~~~~~~~~~~
src/PC/script/yyparse_impl.h:1032:26: warning: implicit conversion loses integer precision: 'uintptr_t' (aka 'unsigned long') to 'unsigned int' [-Wshorten-64-to-32]
 1032 |         unsigned int p = node_pos(yyvsp[-1].pos);
      |                      ~   ^~~~~~~~~~~~~~~~~~~~~~~
src/PC/script/yyparse_impl.h:1037:26: warning: implicit conversion loses integer precision: 'uintptr_t' (aka 'unsigned long') to 'unsigned int' [-Wshorten-64-to-32]
 1037 |         unsigned int p = node_pos(yyvsp[-1].pos);
      |                      ~   ^~~~~~~~~~~~~~~~~~~~~~~
src/PC/script/yyparse_impl.h:1042:26: warning: implicit conversion loses integer precision: 'uintptr_t' (aka 'unsigned long') to 'unsigned int' [-Wshorten-64-to-32]
 1042 |         unsigned int p = node_pos(yyvsp[-1].pos);
      |                      ~   ^~~~~~~~~~~~~~~~~~~~~~~
src/PC/script/yyparse_impl.h:1047:26: warning: implicit conversion loses integer precision: 'uintptr_t' (aka 'unsigned long') to 'unsigned int' [-Wshorten-64-to-32]
 1047 |         unsigned int p = node_pos(yyvsp[-1].pos);
      |                      ~   ^~~~~~~~~~~~~~~~~~~~~~~
src/PC/script/yyparse_impl.h:1052:26: warning: implicit conversion loses integer precision: 'uintptr_t' (aka 'unsigned long') to 'unsigned int' [-Wshorten-64-to-32]
 1052 |         unsigned int p = node_pos(yyvsp[-1].pos);
      |                      ~   ^~~~~~~~~~~~~~~~~~~~~~~
src/PC/script/yyparse_impl.h:1057:26: warning: implicit conversion loses integer precision: 'uintptr_t' (aka 'unsigned long') to 'unsigned int' [-Wshorten-64-to-32]
 1057 |         unsigned int p = node_pos(yyvsp[-1].pos);
      |                      ~   ^~~~~~~~~~~~~~~~~~~~~~~
src/PC/script/yyparse_impl.h:1062:27: warning: implicit conversion loses integer precision: 'uintptr_t' (aka 'unsigned long') to 'unsigned int' [-Wshorten-64-to-32]
 1062 |         unsigned int p1 = node_pos(yyvsp[-3].pos), p2 = node_pos(yyvsp[-4].pos);
      |                      ~~   ^~~~~~~~~~~~~~~~~~~~~~~
src/PC/script/yyparse_impl.h:1062:57: warning: implicit conversion loses integer precision: 'uintptr_t' (aka 'unsigned long') to 'unsigned int' [-Wshorten-64-to-32]
 1062 |         unsigned int p1 = node_pos(yyvsp[-3].pos), p2 = node_pos(yyvsp[-4].pos);
      |                                                    ~~   ^~~~~~~~~~~~~~~~~~~~~~~
src/PC/script/yyparse_impl.h:1067:27: warning: implicit conversion loses integer precision: 'uintptr_t' (aka 'unsigned long') to 'unsigned int' [-Wshorten-64-to-32]
 1067 |         unsigned int p1 = node_pos(yyvsp[-3].pos), p2 = node_pos(yyvsp[-4].pos);
      |                      ~~   ^~~~~~~~~~~~~~~~~~~~~~~
src/PC/script/yyparse_impl.h:1067:57: warning: implicit conversion loses integer precision: 'uintptr_t' (aka 'unsigned long') to 'unsigned int' [-Wshorten-64-to-32]
 1067 |         unsigned int p1 = node_pos(yyvsp[-3].pos), p2 = node_pos(yyvsp[-4].pos);
      |                                                    ~~   ^~~~~~~~~~~~~~~~~~~~~~~
src/PC/script/yyparse_impl.h:1075:27: warning: implicit conversion loses integer precision: 'uintptr_t' (aka 'unsigned long') to 'unsigned int' [-Wshorten-64-to-32]
 1075 |         unsigned int p1 = node_pos(yyvsp[-3].pos), p2 = node_pos(yyvsp[-4].pos);
      |                      ~~   ^~~~~~~~~~~~~~~~~~~~~~~
src/PC/script/yyparse_impl.h:1075:57: warning: implicit conversion loses integer precision: 'uintptr_t' (aka 'unsigned long') to 'unsigned int' [-Wshorten-64-to-32]
 1075 |         unsigned int p1 = node_pos(yyvsp[-3].pos), p2 = node_pos(yyvsp[-4].pos);
      |                                                    ~~   ^~~~~~~~~~~~~~~~~~~~~~~
src/PC/script/yyparse_impl.h:1080:27: warning: implicit conversion loses integer precision: 'uintptr_t' (aka 'unsigned long') to 'unsigned int' [-Wshorten-64-to-32]
 1080 |         unsigned int p1 = node_pos(yyvsp[-1].pos), p2 = node_pos(yyvsp[-4].pos);
      |                      ~~   ^~~~~~~~~~~~~~~~~~~~~~~
src/PC/script/yyparse_impl.h:1080:57: warning: implicit conversion loses integer precision: 'uintptr_t' (aka 'unsigned long') to 'unsigned int' [-Wshorten-64-to-32]
 1080 |         unsigned int p1 = node_pos(yyvsp[-1].pos), p2 = node_pos(yyvsp[-4].pos);
      |                                                    ~~   ^~~~~~~~~~~~~~~~~~~~~~~
src/PC/script/yyparse_impl.h:1111:27: warning: implicit conversion loses integer precision: 'uintptr_t' (aka 'unsigned long') to 'unsigned int' [-Wshorten-64-to-32]
 1111 |         unsigned int p1 = node_pos(yyvsp[0].pos), p2 = node_pos(yyvsp[-2].pos);
      |                      ~~   ^~~~~~~~~~~~~~~~~~~~~~
src/PC/script/yyparse_impl.h:1111:56: warning: implicit conversion loses integer precision: 'uintptr_t' (aka 'unsigned long') to 'unsigned int' [-Wshorten-64-to-32]
 1111 |         unsigned int p1 = node_pos(yyvsp[0].pos), p2 = node_pos(yyvsp[-2].pos);
      |                                                   ~~   ^~~~~~~~~~~~~~~~~~~~~~~
src/PC/script/yyparse_impl.h:1120:27: warning: implicit conversion loses integer precision: 'uintptr_t' (aka 'unsigned long') to 'unsigned int' [-Wshorten-64-to-32]
 1120 |         unsigned int p1 = node_pos(yyvsp[-1].pos), p2 = node_pos(yyvsp[-4].pos);
      |                      ~~   ^~~~~~~~~~~~~~~~~~~~~~~
src/PC/script/yyparse_impl.h:1120:57: warning: implicit conversion loses integer precision: 'uintptr_t' (aka 'unsigned long') to 'unsigned int' [-Wshorten-64-to-32]
 1120 |         unsigned int p1 = node_pos(yyvsp[-1].pos), p2 = node_pos(yyvsp[-4].pos);
      |                                                    ~~   ^~~~~~~~~~~~~~~~~~~~~~~
src/PC/script/yyparse_impl.h:1125:27: warning: implicit conversion loses integer precision: 'uintptr_t' (aka 'unsigned long') to 'unsigned int' [-Wshorten-64-to-32]
 1125 |         unsigned int p1 = node_pos(yyvsp[-4].pos), p2 = node_pos(yyvsp[-2].pos);
      |                      ~~   ^~~~~~~~~~~~~~~~~~~~~~~
src/PC/script/yyparse_impl.h:1125:57: warning: implicit conversion loses integer precision: 'uintptr_t' (aka 'unsigned long') to 'unsigned int' [-Wshorten-64-to-32]
 1125 |         unsigned int p1 = node_pos(yyvsp[-4].pos), p2 = node_pos(yyvsp[-2].pos);
      |                                                    ~~   ^~~~~~~~~~~~~~~~~~~~~~~
src/PC/script/yyparse_impl.h:1130:27: warning: implicit conversion loses integer precision: 'uintptr_t' (aka 'unsigned long') to 'unsigned int' [-Wshorten-64-to-32]
 1130 |         unsigned int p1 = node_pos(yyvsp[-7].pos), p2 = node_pos(yyvsp[-4].pos);
      |                      ~~   ^~~~~~~~~~~~~~~~~~~~~~~
src/PC/script/yyparse_impl.h:1130:57: warning: implicit conversion loses integer precision: 'uintptr_t' (aka 'unsigned long') to 'unsigned int' [-Wshorten-64-to-32]
 1130 |         unsigned int p1 = node_pos(yyvsp[-7].pos), p2 = node_pos(yyvsp[-4].pos);
      |                                                    ~~   ^~~~~~~~~~~~~~~~~~~~~~~
src/PC/script/yyparse_impl.h:1175:74: warning: implicit conversion loses integer precision: 'intptr_t' (aka 'long') to 'unsigned int' [-Wshorten-64-to-32]
 1175 |         yyvsp[0].val.node = (intptr_t)SL_ConvertToLowercase(yyvsp[0].val.node, (unsigned int)(unsigned char)g_parse_user, 0xd);
      |                                       ~~~~~~~~~~~~~~~~~~~~~ ~~~~~~~~~~~~~^~~~
src/PC/script/yyparse_impl.h:1180:74: warning: implicit conversion loses integer precision: 'intptr_t' (aka 'long') to 'unsigned int' [-Wshorten-64-to-32]
 1180 |         yyvsp[0].val.node = (intptr_t)SL_ConvertToLowercase(yyvsp[0].val.node, (unsigned int)(unsigned char)g_parse_user, 0xd);
      |                                       ~~~~~~~~~~~~~~~~~~~~~ ~~~~~~~~~~~~~^~~~
src/PC/script/yyparse_impl.h:1188:74: warning: implicit conversion loses integer precision: 'intptr_t' (aka 'long') to 'unsigned int' [-Wshorten-64-to-32]
 1188 |         yyvsp[0].val.node = (intptr_t)SL_ConvertToLowercase(yyvsp[0].val.node, (unsigned int)(unsigned char)g_parse_user, 0xd);
      |                                       ~~~~~~~~~~~~~~~~~~~~~ ~~~~~~~~~~~~~^~~~
src/PC/script/yyparse_impl.h:1218:76: warning: implicit conversion loses integer precision: 'intptr_t' (aka 'long') to 'unsigned int' [-Wshorten-64-to-32]
 1218 |         yyvsp[-6].val.node = (intptr_t)SL_ConvertToLowercase(yyvsp[-6].val.node, (unsigned int)(unsigned char)g_parse_user, 0xd);
      |                                        ~~~~~~~~~~~~~~~~~~~~~ ~~~~~~~~~~~~~~^~~~
src/PC/script/yyparse_impl.h:1219:27: warning: implicit conversion loses integer precision: 'uintptr_t' (aka 'unsigned long') to 'unsigned int' [-Wshorten-64-to-32]
 1219 |         unsigned int p1 = node_pos(yyvsp[0].pos), p2 = node_pos(yyvsp[-6].pos);
      |                      ~~   ^~~~~~~~~~~~~~~~~~~~~~
src/PC/script/yyparse_impl.h:1219:56: warning: implicit conversion loses integer precision: 'uintptr_t' (aka 'unsigned long') to 'unsigned int' [-Wshorten-64-to-32]
 1219 |         unsigned int p1 = node_pos(yyvsp[0].pos), p2 = node_pos(yyvsp[-6].pos);
      |                                                   ~~   ^~~~~~~~~~~~~~~~~~~~~~~
src/PC/script/yyparse_impl.h:1224:27: warning: implicit conversion loses integer precision: 'uintptr_t' (aka 'unsigned long') to 'unsigned int' [-Wshorten-64-to-32]
 1224 |         unsigned int p1 = node_pos(yyvsp[-2].pos), p2 = node_pos(yyvsp[-4].pos);
      |                      ~~   ^~~~~~~~~~~~~~~~~~~~~~~
src/PC/script/yyparse_impl.h:1224:57: warning: implicit conversion loses integer precision: 'uintptr_t' (aka 'unsigned long') to 'unsigned int' [-Wshorten-64-to-32]
 1224 |         unsigned int p1 = node_pos(yyvsp[-2].pos), p2 = node_pos(yyvsp[-4].pos);
      |                                                    ~~   ^~~~~~~~~~~~~~~~~~~~~~~
74 warnings generated.

# Translation unit: src/PC/server_mp/sv_client_mp.c
src/PC/server_mp/sv_client_mp.c:334:15: warning: implicit conversion loses integer precision: 'unsigned long' to 'int' [-Wshorten-64-to-32]
  334 |     nameLen = strlen(cleanName);
      |             ~ ^~~~~~~~~~~~~~~~~
src/PC/server_mp/sv_client_mp.c:356:32: warning: implicit conversion loses integer precision: 'long' to 'int' [-Wshorten-64-to-32]
  356 |             int removed = text - line;
      |                 ~~~~~~~   ~~~~~^~~~~~
src/PC/server_mp/sv_client_mp.c:357:57: warning: implicit conversion loses integer precision: 'long' to 'int' [-Wshorten-64-to-32]
  357 |             int tail = fileSize - (text - (char *)file) + 1;
      |                 ~~~~   ~~~~~~~~~~~~~~~~~~~~~~~~~~~~~~~~~^~~
src/PC/server_mp/sv_client_mp.c:619:24: warning: implicit conversion loses integer precision: 'long' to 'int' [-Wshorten-64-to-32]
  619 |     clientNum = client - svs->clients;
      |               ~ ~~~~~~~^~~~~~~~~~~~~~
src/PC/server_mp/sv_client_mp.c:638:24: warning: implicit conversion loses integer precision: 'long' to 'int' [-Wshorten-64-to-32]
  638 |     clientNum = client - svs.clients;
      |               ~ ~~~~~~~^~~~~~~~~~~~~
src/PC/server_mp/sv_client_mp.c:645:24: warning: implicit conversion loses integer precision: 'long' to 'int' [-Wshorten-64-to-32]
  645 |     ClientBegin(client - svs.clients);
      |     ~~~~~~~~~~~ ~~~~~~~^~~~~~~~~~~~~
src/PC/server_mp/sv_client_mp.c:1560:9: warning: call to undeclared function 'getenv'; ISO C99 and later do not support implicit function declarations [-Wimplicit-function-declaration]
 1560 |     if (getenv("COD2_MOVEDIAG")) {
      |         ^
7 warnings generated.

# Translation unit: src/PC/server_mp/sv_game_mp.c
src/PC/server_mp/sv_game_mp.c:326:23: warning: cast to smaller integer type 'int' from 'const char *' [-Wpointer-to-int-cast]
  326 |     int parse_point = (int)(CM_EntityString());
      |                       ^~~~~~~~~~~~~~~~~~~~~~~~
src/PC/server_mp/sv_game_mp.c:328:27: warning: cast to 'const char *' from smaller integer type 'int' [-Wint-to-pointer-cast]
  328 |     sv.entityParsePoint = (const char *)(parse_point);
      |                           ^~~~~~~~~~~~~~~~~~~~~~~~~~~
src/PC/server_mp/sv_game_mp.c:524:23: warning: implicit conversion loses integer precision: 'long' to 'int' [-Wshorten-64-to-32]
  524 |     int index = svEnt - sv.svEntities;
      |         ~~~~~   ~~~~~~^~~~~~~~~~~~~~~
3 warnings generated.

# Translation unit: src/PC/server_mp/sv_init_mp.c
src/PC/server_mp/sv_init_mp.c:416:63: warning: cast to smaller integer type 'int' from 'int *' [-Wpointer-to-int-cast]
  416 |     sv_showCommands = Dvar_RegisterBool("sv_showCommands", 0, (int)&__mh_execute_header);
      |                                                               ^~~~~~~~~~~~~~~~~~~~~~~~~
src/PC/server_mp/sv_init_mp.c:427:62: warning: cast to smaller integer type 'int' from 'int *' [-Wpointer-to-int-cast]
  427 |     rcon_password = Dvar_RegisterString("rcon_password", "", (int)&__mh_execute_header);
      |                                                              ^~~~~~~~~~~~~~~~~~~~~~~~~
src/PC/server_mp/sv_init_mp.c:428:72: warning: cast to smaller integer type 'int' from 'int *' [-Wpointer-to-int-cast]
  428 |     sv_privatePassword = Dvar_RegisterString("sv_privatePassword", "", (int)&__mh_execute_header);
      |                                                                        ^~~~~~~~~~~~~~~~~~~~~~~~~
src/PC/server_mp/sv_init_mp.c:429:55: warning: cast to smaller integer type 'int' from 'int *' [-Wpointer-to-int-cast]
  429 |     sv_fps = Dvar_RegisterInt("sv_fps", 20, 10, 1000, (int)&__mh_execute_header);
      |                                                       ^~~~~~~~~~~~~~~~~~~~~~~~~
src/PC/server_mp/sv_init_mp.c:430:63: warning: cast to smaller integer type 'int' from 'int *' [-Wpointer-to-int-cast]
  430 |     sv_timeout = Dvar_RegisterInt("sv_timeout", 240, 0, 1800, (int)&__mh_execute_header);
      |                                                               ^~~~~~~~~~~~~~~~~~~~~~~~~
src/PC/server_mp/sv_init_mp.c:431:67: warning: cast to smaller integer type 'int' from 'int *' [-Wpointer-to-int-cast]
  431 |     sv_zombietime = Dvar_RegisterInt("sv_zombietime", 2, 0, 1800, (int)&__mh_execute_header);
      |                                                                   ^~~~~~~~~~~~~~~~~~~~~~~~~
src/PC/server_mp/sv_init_mp.c:434:73: warning: cast to smaller integer type 'int' from 'int *' [-Wpointer-to-int-cast]
  434 |     sv_padPackets = Dvar_RegisterInt("sv_padPackets", 0, 0, 0x7fffffff, (int)&__mh_execute_header);
      |                                                                         ^~~~~~~~~~~~~~~~~~~~~~~~~
src/PC/server_mp/sv_init_mp.c:441:66: warning: cast to smaller integer type 'int' from 'int *' [-Wpointer-to-int-cast]
  441 |     sv_allowedClan1 = Dvar_RegisterString("sv_allowedClan1", "", (int)&__mh_execute_header);
      |                                                                  ^~~~~~~~~~~~~~~~~~~~~~~~~
src/PC/server_mp/sv_init_mp.c:442:66: warning: cast to smaller integer type 'int' from 'int *' [-Wpointer-to-int-cast]
  442 |     sv_allowedClan2 = Dvar_RegisterString("sv_allowedClan2", "", (int)&__mh_execute_header);
      |                                                                  ^~~~~~~~~~~~~~~~~~~~~~~~~
src/PC/server_mp/sv_init_mp.c:443:61: warning: cast to smaller integer type 'int' from 'int *' [-Wpointer-to-int-cast]
  443 |     sv_packet_info = Dvar_RegisterBool("sv_packet_info", 0, (int)&__mh_execute_header);
      |                                                             ^~~~~~~~~~~~~~~~~~~~~~~~~
src/PC/server_mp/sv_init_mp.c:444:67: warning: cast to smaller integer type 'int' from 'int *' [-Wpointer-to-int-cast]
  444 |     sv_showAverageBPS = Dvar_RegisterBool("sv_showAverageBPS", 0, (int)&__mh_execute_header);
      |                                                                   ^~~~~~~~~~~~~~~~~~~~~~~~~
src/PC/server_mp/sv_init_mp.c:445:82: warning: cast to smaller integer type 'int' from 'int *' [-Wpointer-to-int-cast]
  445 |     sv_kickBanTime = Dvar_RegisterFloat("sv_kickBanTime", 300.0f, 0.0f, 3600.0f, (int)&__mh_execute_header);
      |                                                                                  ^~~~~~~~~~~~~~~~~~~~~~~~~
src/PC/server_mp/sv_init_mp.c:446:64: warning: cast to smaller integer type 'int' from 'int *' [-Wpointer-to-int-cast]
  446 |     sv_mapRotation = Dvar_RegisterString("sv_mapRotation", "", (int)&__mh_execute_header);
      |                                                                ^~~~~~~~~~~~~~~~~~~~~~~~~
src/PC/server_mp/sv_init_mp.c:447:78: warning: cast to smaller integer type 'int' from 'int *' [-Wpointer-to-int-cast]
  447 |     sv_mapRotationCurrent = Dvar_RegisterString("sv_mapRotationCurrent", "", (int)&__mh_execute_header);
      |                                                                              ^~~~~~~~~~~~~~~~~~~~~~~~~
src/PC/server_mp/sv_init_mp.c:448:57: warning: cast to smaller integer type 'int' from 'int *' [-Wpointer-to-int-cast]
  448 |     sv_debugRate = Dvar_RegisterBool("sv_debugRate", 0, (int)&__mh_execute_header);
      |                                                         ^~~~~~~~~~~~~~~~~~~~~~~~~
src/PC/server_mp/sv_init_mp.c:449:73: warning: cast to smaller integer type 'int' from 'int *' [-Wpointer-to-int-cast]
  449 |     sv_debugReliableCmds = Dvar_RegisterBool("sv_debugReliableCmds", 0, (int)&__mh_execute_header);
      |                                                                         ^~~~~~~~~~~~~~~~~~~~~~~~~
src/PC/server_mp/sv_init_mp.c:455:63: warning: cast to smaller integer type 'int' from 'int *' [-Wpointer-to-int-cast]
  455 |     *(dvar_t **)&nextmap = Dvar_RegisterString("nextmap", "", (int)&__mh_execute_header);
      |                                                               ^~~~~~~~~~~~~~~~~~~~~~~~~
src/PC/server_mp/sv_init_mp.c:493:11: warning: implicit conversion loses integer precision: 'unsigned long' to 'int' [-Wshorten-64-to-32]
  493 |     len = strlen(val);
      |         ~ ^~~~~~~~~~~
src/PC/server_mp/sv_init_mp.c:495:22: warning: implicit conversion loses integer precision: 'unsigned long' to 'int' [-Wshorten-64-to-32]
  495 |     maxChunk = 0x3fd - strlen(buf);
      |              ~ ~~~~~~^~~~~~~~~~~~~
src/PC/server_mp/sv_init_mp.c:830:23: warning: cast to smaller integer type 'int' from 'int *' [-Wpointer-to-int-cast]
  830 |         savepersist = (int)G_GetSavePersist();
      |                       ^~~~~~~~~~~~~~~~~~~~~~~
20 warnings generated.

# Translation unit: src/PC/server_mp/sv_main_pc_mp.c
src/PC/server_mp/sv_main_pc_mp.c:54:11: warning: implicit conversion loses integer precision: 'unsigned long' to 'int' [-Wshorten-64-to-32]
   54 |     len = strlen(outputbuf);
      |         ~ ^~~~~~~~~~~~~~~~~
1 warning generated.

# Translation unit: src/PC/server_mp/sv_snapshot_mp.c
src/PC/server_mp/sv_snapshot_mp.c:214:82: warning: cast to smaller integer type 'int' from 'int *' [-Wpointer-to-int-cast]
  214 |                         if (cf->first_client >= svs->nextCachedSnapshotClients - (int)&__mh_execute_header) {
      |                                                                                  ^~~~~~~~~~~~~~~~~~~~~~~~~
src/PC/server_mp/sv_snapshot_mp.c:518:102: warning: cast to smaller integer type 'int' from 'int *' [-Wpointer-to-int-cast]
  518 |                         if (((cachedSnapshot_t *)cf)->first_client < svs.nextCachedSnapshotClients - (int)&__mh_execute_header)
      |                                                                                                      ^~~~~~~~~~~~~~~~~~~~~~~~~
2 warnings generated.

# Translation unit: src/PC/server_mp/sv_voice_mp.c
src/PC/server_mp/sv_voice_mp.c:117:20: warning: cast to 'int *' from smaller integer type 'int' [-Wint-to-pointer-cast]
  117 |     if (*(byte *)(*(int *)(*(int *)imp_sv_voice) + 8) == 0)
      |                    ^~~~~~~~~~~~~~~~~~~~~~~~~~~~~
src/PC/server_mp/sv_voice_mp.c:117:10: warning: cast to 'byte *' (aka 'unsigned char *') from smaller integer type 'int' [-Wint-to-pointer-cast]
  117 |     if (*(byte *)(*(int *)(*(int *)imp_sv_voice) + 8) == 0)
      |          ^~~~~~~~~~~~~~~~~~~~~~~~~~~~~~~~~~~~~~~~~~~~
src/PC/server_mp/sv_voice_mp.c:152:20: warning: cast to 'int *' from smaller integer type 'int' [-Wint-to-pointer-cast]
  152 |     if (*(byte *)(*(int *)(*(int *)imp_sv_voice) + 8) == 0)
      |                    ^~~~~~~~~~~~~~~~~~~~~~~~~~~~~
src/PC/server_mp/sv_voice_mp.c:152:10: warning: cast to 'byte *' (aka 'unsigned char *') from smaller integer type 'int' [-Wint-to-pointer-cast]
  152 |     if (*(byte *)(*(int *)(*(int *)imp_sv_voice) + 8) == 0)
      |          ^~~~~~~~~~~~~~~~~~~~~~~~~~~~~~~~~~~~~~~~~~~~
4 warnings generated.

# Translation unit: src/PC/speex/ltp.c
src/PC/speex/ltp.c:257:25: warning: using floating point absolute value function 'fabs' when argument is of integer type [-Wabsolute-value]
  257 |             float tot = fabs(ptr[1]);
      |                         ^
src/PC/speex/ltp.c:257:25: note: use function 'abs' instead
  257 |             float tot = fabs(ptr[1]);
      |                         ^~~~
      |                         abs
src/PC/speex/ltp.c:257:25: note: include the header <stdlib.h> or explicitly provide a declaration for 'abs'
1 warning generated.

# Translation unit: src/PC/speex/misc.c
src/PC/speex/misc.c:133:40: warning: implicit conversion from 'int' to 'float' changes value from 2147483647 to 2147483648 [-Wimplicit-const-int-float-conversion]
  133 |       data[i]+=3*std*((((float)rand())/RAND_MAX)-.5);
      |                                       ~^~~~~~~~
/Applications/Xcode.app/Contents/Developer/Platforms/MacOSX.platform/Developer/SDKs/MacOSX.sdk/usr/include/_stdlib.h:124:18: note: expanded from macro 'RAND_MAX'
  124 | #define RAND_MAX        0x7fffffff
      |                         ^~~~~~~~~~
src/PC/speex/misc.c:138:35: warning: implicit conversion from 'int' to 'float' changes value from 2147483647 to 2147483648 [-Wimplicit-const-int-float-conversion]
  138 |    return 3*std*((((float)rand())/RAND_MAX)-.5);
      |                                  ~^~~~~~~~
/Applications/Xcode.app/Contents/Developer/Platforms/MacOSX.platform/Developer/SDKs/MacOSX.sdk/usr/include/_stdlib.h:124:18: note: expanded from macro 'RAND_MAX'
  124 | #define RAND_MAX        0x7fffffff
      |                         ^~~~~~~~~~
2 warnings generated.

# Translation unit: src/PC/stringed/stringed_hooks.c
src/PC/stringed/stringed_hooks.c:21:22: warning: 'packed' attribute ignored [-Wignored-attributes]
   21 | __attribute__((used, packed, aligned(4)))
      |                      ^
src/PC/stringed/stringed_hooks.c:156:57: warning: cast to smaller integer type 'int' from 'int *' [-Wpointer-to-int-cast]
  156 |     loc_warnings = Dvar_RegisterBool("loc_warnings", 0, (int)&__mh_execute_header);
      |                                                         ^~~~~~~~~~~~~~~~~~~~~~~~~
src/PC/stringed/stringed_hooks.c:157:73: warning: cast to smaller integer type 'int' from 'int *' [-Wpointer-to-int-cast]
  157 |     loc_warningsAsErrors = Dvar_RegisterBool("loc_warningsAsErrors", 0, (int)&__mh_execute_header);
      |                                                                         ^~~~~~~~~~~~~~~~~~~~~~~~~
src/PC/stringed/stringed_hooks.c:471:31: warning: implicit conversion loses integer precision: 'long' to 'int' [-Wshorten-64-to-32]
  471 |             iTokenLen = pszIn - pszScanStart;
      |                       ~ ~~~~~~^~~~~~~~~~~~~~
src/PC/stringed/stringed_hooks.c:510:29: warning: implicit conversion loses integer precision: 'unsigned long' to 'int' [-Wshorten-64-to-32]
  510 |                 iTokenLen = strlen(szTokenBuf);
      |                           ~ ^~~~~~~~~~~~~~~~~~
5 warnings generated.

# Translation unit: src/PC/stringed/stringed_ingame.c
src/PC/stringed/stringed_ingame.c:51:30: warning: implicit conversion loses integer precision: 'long' to 'int' [-Wshorten-64-to-32]
   51 |         int charsToCopy = nl - p;
      |             ~~~~~~~~~~~   ~~~^~~
src/PC/stringed/stringed_ingame.c:67:11: warning: implicit conversion loses integer precision: 'unsigned long' to 'int' [-Wshorten-64-to-32]
   67 |     len = strlen(psDest);
      |         ~ ^~~~~~~~~~~~~~
src/PC/stringed/stringed_ingame.c:97:19: warning: implicit conversion loses integer precision: 'unsigned long' to 'int' [-Wshorten-64-to-32]
   97 |             len = strlen(s);
      |                 ~ ^~~~~~~~~
src/PC/stringed/stringed_ingame.c:139:24: warning: implicit conversion loses integer precision: 'unsigned long' to 'unsigned int' [-Wshorten-64-to-32]
  139 |     len = strlen(text) + 1;
      |         ~ ~~~~~~~~~~~~~^~~
src/PC/stringed/stringed_ingame.c:239:11: warning: implicit conversion loses integer precision: 'unsigned long' to 'unsigned int' [-Wshorten-64-to-32]
  239 |     len = strlen(out);
      |         ~ ^~~~~~~~~~~
src/PC/stringed/stringed_ingame.c:377:46: warning: implicit conversion loses integer precision: 'unsigned long' to 'unsigned int' [-Wshorten-64-to-32]
  377 |     len = dot ? (unsigned int)(dot - base) : strlen(base);
      |         ~                                    ^~~~~~~~~~~~
6 warnings generated.

# Translation unit: src/PC/stringed/stringed_interface.c
src/PC/stringed/stringed_interface.c:69:50: warning: implicit conversion loses integer precision: 'unsigned long' to 'unsigned int' [-Wshorten-64-to-32]
   69 |         __ZNSs6appendEPKcm(strResults, sDirName, strlen(sDirName));
      |         ~~~~~~~~~~~~~~~~~~                       ^~~~~~~~~~~~~~~~
1 warning generated.

# Translation unit: src/PC/ui/ui_shared_obj.c
src/PC/ui/ui_shared_obj.c:367:20: warning: implicit conversion loses integer precision: 'unsigned long' to 'int' [-Wshorten-64-to-32]
  367 |         tokenLen = strlen(token);
      |                  ~ ^~~~~~~~~~~~~
1 warning generated.

# Translation unit: src/PC/ui/ui_utils.c
src/PC/ui/ui_utils.c:27:22: warning: 'packed' attribute ignored [-Wignored-attributes]
   27 | __attribute__((used, packed, aligned(4)))
      |                      ^
src/PC/ui/ui_utils.c:396:43: warning: implicit conversion loses integer precision: 'unsigned long' to 'int' [-Wshorten-64-to-32]
  396 |     str = (char *)STRPOOL_ALLOC(strlen(p) + 1, 1);
      |                   ~~~~~~~~~~~~~~~~~~~~~~~~^~~~~~~
src/PC/ui/ui_utils.c:22:59: note: expanded from macro 'STRPOOL_ALLOC'
   22 | #define STRPOOL_ALLOC(sz, al) Hunk_AllocLowAlignInternal((sz), (al))
      |                               ~~~~~~~~~~~~~~~~~~~~~~~~~~  ^~
2 warnings generated.

# Translation unit: src/PC/ui_mp/ui_gameinfo_mp.c
src/PC/ui_mp/ui_gameinfo_mp.c:77:19: warning: implicit conversion loses integer precision: 'unsigned long' to 'int' [-Wshorten-64-to-32]
   77 |         infoLen = strlen(info);
      |                 ~ ^~~~~~~~~~~~
src/PC/ui_mp/ui_gameinfo_mp.c:79:31: warning: implicit conversion loses integer precision: 'unsigned long' to 'int' [-Wshorten-64-to-32]
   79 |         vaLen = strlen(vaStr) + 1;
      |               ~ ~~~~~~~~~~~~~~^~~
src/PC/ui_mp/ui_gameinfo_mp.c:124:22: warning: implicit conversion loses integer precision: 'unsigned long' to 'int' [-Wshorten-64-to-32]
  124 |             dirlen = strlen(dirptr);
      |                    ~ ^~~~~~~~~~~~~~
3 warnings generated.

# Translation unit: src/PC/ui_mp/ui_main_mp.c
src/PC/ui_mp/ui_main_mp.c:369:42: warning: cast to 'snd_alias_list_t *' (aka 'struct snd_alias_list_t *') from smaller integer type 'int' [-Wint-to-pointer-cast]
  369 |     sharedUiInfo.assets.itemFocusSound = (snd_alias_list_t *)Com_FindSoundAlias("$itemfocussound");
      |                                          ^~~~~~~~~~~~~~~~~~~~~~~~~~~~~~~~~~~~~~~~~~~~~~~~~~~~~~~~~
src/PC/ui_mp/ui_main_mp.c:548:19: warning: implicit conversion loses integer precision: 'unsigned long' to 'int' [-Wshorten-64-to-32]
  548 |         int len = strlen(sharedUiInfo.mapList[i].mapLoadName);
      |             ~~~   ^~~~~~~~~~~~~~~~~~~~~~~~~~~~~~~~~~~~~~~~~~~
src/PC/ui_mp/ui_main_mp.c:1147:24: warning: implicit conversion loses integer precision: 'unsigned long' to 'int' [-Wshorten-64-to-32]
 1147 |             int iLen = strlen(pszFileName);
      |                 ~~~~   ^~~~~~~~~~~~~~~~~~~
src/PC/ui_mp/ui_main_mp.c:1627:15: warning: implicit conversion loses integer precision: 'unsigned long' to 'int' [-Wshorten-64-to-32]
 1627 |         len = strlen(buf);
      |             ~ ^~~~~~~~~~~
src/PC/ui_mp/ui_main_mp.c:1635:15: warning: implicit conversion loses integer precision: 'unsigned long' to 'int' [-Wshorten-64-to-32]
 1635 |         len = strlen(buf);
      |             ~ ^~~~~~~~~~~
src/PC/ui_mp/ui_main_mp.c:1672:26: warning: implicit conversion loses integer precision: 'unsigned long' to 'int' [-Wshorten-64-to-32]
 1672 |     sourceStringLength = strlen(sourceString);
      |                        ~ ^~~~~~~~~~~~~~~~~~~~
src/PC/ui_mp/ui_main_mp.c:1693:34: warning: implicit conversion loses integer precision: 'unsigned long' to 'int' [-Wshorten-64-to-32]
 1693 |                     int argLen = strlen(arguments->args[argIndex]);
      |                         ~~~~~~   ^~~~~~~~~~~~~~~~~~~~~~~~~~~~~~~~~
src/PC/ui_mp/ui_main_mp.c:1719:19: warning: cast to smaller integer type 'int' from 'const char *' [-Wpointer-to-int-cast]
 1719 |     convArgs[1] = (int)replaceString;
      |                   ^~~~~~~~~~~~~~~~~~
src/PC/ui_mp/ui_main_mp.c:2073:19: warning: implicit conversion loses integer precision: 'unsigned long' to 'int' [-Wshorten-64-to-32]
 2073 |         motdLen = strlen(sharedUiInfo.serverStatus.motd);
      |                 ~ ^~~~~~~~~~~~~~~~~~~~~~~~~~~~~~~~~~~~~~
src/PC/ui_mp/ui_main_mp.c:2078:23: warning: implicit conversion loses integer precision: 'unsigned long' to 'int' [-Wshorten-64-to-32]
 2078 |             motdLen = strlen(sharedUiInfo.serverStatus.motd);
      |                     ~ ^~~~~~~~~~~~~~~~~~~~~~~~~~~~~~~~~~~~~~
src/PC/ui_mp/ui_main_mp.c:2806:35: warning: cast to smaller integer type 'int' from 'char *' [-Wpointer-to-int-cast]
 2806 |                     convArgs[1] = (int)tempString;
      |                                   ^~~~~~~~~~~~~~~
src/PC/ui_mp/ui_main_mp.c:2824:27: warning: cast to smaller integer type 'int' from 'char *' [-Wpointer-to-int-cast]
 2824 |             convArgs[1] = (int)tempString;
      |                           ^~~~~~~~~~~~~~~
src/PC/ui_mp/ui_main_mp.c:3802:61: warning: cast to smaller integer type 'int' from 'int *' [-Wpointer-to-int-cast]
 3802 |         numMovies = FS_GetFileList("video", "roq", 0, addr, (int)&__mh_execute_header);
      |                                                             ^~~~~~~~~~~~~~~~~~~~~~~~~
src/PC/ui_mp/ui_main_mp.c:4509:27: warning: cast to smaller integer type 'int' from 'char *' [-Wpointer-to-int-cast]
 4509 |             convArgs[1] = (int)tempString;
      |                           ^~~~~~~~~~~~~~~
src/PC/ui_mp/ui_main_mp.c:4546:27: warning: cast to smaller integer type 'int' from 'char *' [-Wpointer-to-int-cast]
 4546 |             convArgs[1] = (int)tempString;
      |                           ^~~~~~~~~~~~~~~
15 warnings generated.

# Translation unit: src/PC/universal/com_files.c
src/PC/universal/com_files.c:482:11: warning: implicit conversion loses integer precision: 'long' to 'int' [-Wshorten-64-to-32]
  482 |     pos = ftell(h);
      |         ~ ^~~~~~~~
src/PC/universal/com_files.c:484:11: warning: implicit conversion loses integer precision: 'long' to 'int' [-Wshorten-64-to-32]
  484 |     end = ftell(h);
      |         ~ ^~~~~~~~
src/PC/universal/com_files.c:660:27: warning: implicit conversion loses integer precision: 'long' to 'int' [-Wshorten-64-to-32]
  660 |         Sys_StreamSeek(f, offset, origin);
      |         ~~~~~~~~~~~~~~    ^~~~~~
src/PC/universal/com_files.c:691:23: warning: implicit conversion loses integer precision: 'long' to 'int' [-Wshorten-64-to-32]
  691 |         int current = unztell(entry->handleFiles.file.z);
      |             ~~~~~~~   ^~~~~~~~~~~~~~~~~~~~~~~~~~~~~~~~~~
src/PC/universal/com_files.c:697:32: warning: implicit conversion loses integer precision: 'long' to 'int' [-Wshorten-64-to-32]
  697 |                 skip = current + offset;
      |                      ~ ~~~~~~~~^~~~~~~~
src/PC/universal/com_files.c:699:24: warning: implicit conversion loses integer precision: 'long' to 'int' [-Wshorten-64-to-32]
  699 |                 skip = offset;
      |                      ~ ^~~~~~
src/PC/universal/com_files.c:702:43: warning: implicit conversion loses integer precision: 'long' to 'int' [-Wshorten-64-to-32]
  702 |             int target = FS_filelength(f) + offset;
      |                 ~~~~~~   ~~~~~~~~~~~~~~~~~^~~~~~~~
src/PC/universal/com_files.c:715:24: warning: implicit conversion loses integer precision: 'long' to 'int' [-Wshorten-64-to-32]
  715 |                 skip = offset;
      |                      ~ ^~~~~~
src/PC/universal/com_files.c:717:31: warning: implicit conversion loses integer precision: 'long' to 'int' [-Wshorten-64-to-32]
  717 |                 skip = offset - current;
      |                      ~ ~~~~~~~^~~~~~~~~
src/PC/universal/com_files.c:732:16: warning: implicit conversion loses integer precision: 'long' to 'int' [-Wshorten-64-to-32]
  732 |         return unztell(entry->handleFiles.file.z);
      |         ~~~~~~ ^~~~~~~~~~~~~~~~~~~~~~~~~~~~~~~~~~
src/PC/universal/com_files.c:735:12: warning: implicit conversion loses integer precision: 'long' to 'int' [-Wshorten-64-to-32]
  735 |     return ftell(entry->handleFiles.file.o);
      |     ~~~~~~ ^~~~~~~~~~~~~~~~~~~~~~~~~~~~~~~~
src/PC/universal/com_files.c:811:15: warning: implicit conversion loses integer precision: 'unsigned long' to 'int' [-Wshorten-64-to-32]
  811 |     lenBase = strlen(base);
      |             ~ ^~~~~~~~~~~~
src/PC/universal/com_files.c:812:15: warning: implicit conversion loses integer precision: 'unsigned long' to 'int' [-Wshorten-64-to-32]
  812 |     lenGame = strlen(useGame);
      |             ~ ^~~~~~~~~~~~~~~
src/PC/universal/com_files.c:813:16: warning: implicit conversion loses integer precision: 'unsigned long' to 'int' [-Wshorten-64-to-32]
  813 |     lenQpath = strlen(qpath);
      |              ~ ^~~~~~~~~~~~~
src/PC/universal/com_files.c:1560:91: warning: implicit conversion loses integer precision: 'unsigned long' to 'int' [-Wshorten-64-to-32]
 1560 |     buildBuffer = (fileInPack_t *)Z_MallocInternal(gi.number_entry * sizeof(fileInPack_t) + len);
      |                                   ~~~~~~~~~~~~~~~~ ~~~~~~~~~~~~~~~~~~~~~~~~~~~~~~~~~~~~~~~^~~~~
src/PC/universal/com_files.c:1562:62: warning: implicit conversion loses integer precision: 'unsigned long' to 'int' [-Wshorten-64-to-32]
 1562 |     fs_headerLongs = (int *)Z_MallocInternal(gi.number_entry * sizeof(int));
      |                             ~~~~~~~~~~~~~~~~ ~~~~~~~~~~~~~~~~^~~~~~~~~~~~~
src/PC/universal/com_files.c:1577:11: warning: implicit conversion loses integer precision: 'unsigned long' to 'int' [-Wshorten-64-to-32]
 1577 |     len = strlen(iwd->iwdBasename);
      |         ~ ^~~~~~~~~~~~~~~~~~~~~~~~
src/PC/universal/com_files.c:1583:24: warning: implicit conversion loses integer precision: 'uLong' (aka 'unsigned long') to 'int' [-Wshorten-64-to-32]
 1583 |     iwd->numfiles = gi.number_entry;
      |                   ~ ~~~^~~~~~~~~~~~
src/PC/universal/com_files.c:1594:61: warning: implicit conversion loses integer precision: 'uLong' (aka 'unsigned long') to 'int' [-Wshorten-64-to-32]
 1594 |             fs_headerLongs[fs_numHeaderLongs++] = file_info.crc;
      |                                                 ~ ~~~~~~~~~~^~~
src/PC/universal/com_files.c:1603:20: warning: implicit conversion loses integer precision: 'long' to 'int' [-Wshorten-64-to-32]
 1603 |         hashSize = FS_HashFileName(filename_inzip, iwd->hashSize);
      |                  ~ ^~~~~~~~~~~~~~~~~~~~~~~~~~~~~~~~~~~~~~~~~~~~~~
src/PC/universal/com_files.c:1774:11: warning: implicit conversion loses integer precision: 'long' to 'int' [-Wshorten-64-to-32]
 1774 |     len = ftell(in);
      |         ~ ^~~~~~~~~
21 warnings generated.

# Translation unit: src/PC/universal/com_memory.c
src/PC/universal/com_memory.c:215:22: warning: implicit conversion loses integer precision: 'unsigned long' to 'int' [-Wshorten-64-to-32]
  215 |     len = strlen(in) + 1;
      |         ~ ~~~~~~~~~~~^~~
src/PC/universal/com_memory.c:233:22: warning: implicit conversion loses integer precision: 'unsigned long' to 'int' [-Wshorten-64-to-32]
  233 |     len = strlen(in) + 1;
      |         ~ ~~~~~~~~~~~^~~
src/PC/universal/com_memory.c:238:18: warning: implicit conversion loses integer precision: 'unsigned long' to 'int' [-Wshorten-64-to-32]
  238 |         oldLen = strlen(newStr);
      |                ~ ^~~~~~~~~~~~~~
src/PC/universal/com_memory.c:351:12: warning: implicit conversion loses integer precision: 'long' to 'int' [-Wshorten-64-to-32]
  351 |     hash = FS_HashFileName(name, 0x400);
      |          ~ ^~~~~~~~~~~~~~~~~~~~~~~~~~~~
src/PC/universal/com_memory.c:372:12: warning: implicit conversion loses integer precision: 'long' to 'int' [-Wshorten-64-to-32]
  372 |     hash = FS_HashFileName(name, 0x400);
      |          ~ ^~~~~~~~~~~~~~~~~~~~~~~~~~~~
src/PC/universal/com_memory.c:373:28: warning: implicit conversion loses integer precision: 'unsigned long' to 'int' [-Wshorten-64-to-32]
  373 |     nameLen = strlen(name) + 1;
      |             ~ ~~~~~~~~~~~~~^~~
src/PC/universal/com_memory.c:403:12: warning: implicit conversion loses integer precision: 'long' to 'int' [-Wshorten-64-to-32]
  403 |     hash = FS_HashFileName(name, 0x400);
      |          ~ ^~~~~~~~~~~~~~~~~~~~~~~~~~~~
src/PC/universal/com_memory.c:490:23: warning: '__stdcall' calling convention is not supported for this target [-Wignored-attributes]
  490 | extern unsigned short __stdcall RtlCaptureStackBackTrace(unsigned long, unsigned long, void **, unsigned long *);
      |                       ^
src/PC/universal/com_memory.c:491:14: warning: '__stdcall' calling convention is not supported for this target [-Wignored-attributes]
  491 | extern void *__stdcall GetModuleHandleA(const char *);
      |              ^
9 warnings generated.

# Translation unit: src/PC/universal/com_shared.c
src/PC/universal/com_shared.c:79:23: warning: implicit conversion loses integer precision: 'unsigned long' to 'int' [-Wshorten-64-to-32]
   79 |             namelen = strlen(name);
      |                     ~ ^~~~~~~~~~~~
src/PC/universal/com_shared.c:80:22: warning: implicit conversion loses integer precision: 'unsigned long' to 'int' [-Wshorten-64-to-32]
   80 |             buflen = strlen(buf);
      |                    ~ ^~~~~~~~~~~
2 warnings generated.

# Translation unit: src/PC/universal/com_sndalias.c
src/PC/universal/com_sndalias.c:179:44: warning: implicit conversion loses integer precision: 'unsigned long' to 'int' [-Wshorten-64-to-32]
  179 |                     int fnLen = strlen(fn) - 8;
      |                         ~~~~~   ~~~~~~~~~~~^~~
src/PC/universal/com_sndalias.c:181:33: warning: implicit conversion loses integer precision: 'unsigned long' to 'int' [-Wshorten-64-to-32]
  181 |                         fnLen = strlen(fn);
      |                               ~ ^~~~~~~~~~
src/PC/universal/com_sndalias.c:605:65: warning: implicit conversion loses integer precision: 'unsigned long' to 'int' [-Wshorten-64-to-32]
  605 |         char *newName = (char *)Hunk_AllocInternal(strlen(name) + 1);
      |                                 ~~~~~~~~~~~~~~~~~~ ~~~~~~~~~~~~~^~~
3 warnings generated.

# Translation unit: src/PC/universal/com_sndalias_load_obj.c
src/PC/universal/com_sndalias_load_obj.c:151:18: warning: implicit conversion loses integer precision: 'long' to 'int' [-Wshorten-64-to-32]
  151 |         length = ftell(in);
      |                ~ ^~~~~~~~~
src/PC/universal/com_sndalias_load_obj.c:850:28: warning: implicit conversion loses integer precision: 'unsigned long' to 'int' [-Wshorten-64-to-32]
  850 |     FS_Write(pszReference, strlen(pszReference), hOutFile);
      |     ~~~~~~~~               ^~~~~~~~~~~~~~~~~~~~
src/PC/universal/com_sndalias_load_obj.c:852:27: warning: implicit conversion loses integer precision: 'unsigned long' to 'int' [-Wshorten-64-to-32]
  852 |     FS_Write(pszSubtitle, strlen(pszSubtitle), hOutFile);
      |     ~~~~~~~~              ^~~~~~~~~~~~~~~~~~~
src/PC/universal/com_sndalias_load_obj.c:905:11: warning: implicit conversion loses integer precision: 'unsigned long' to 'int' [-Wshorten-64-to-32]
  905 |     len = strlen(loadspec);
      |         ~ ^~~~~~~~~~~~~~~~
src/PC/universal/com_sndalias_load_obj.c:991:15: warning: implicit conversion loses integer precision: 'unsigned long' to 'int' [-Wshorten-64-to-32]
  991 |         len = strlen(token);
      |             ~ ^~~~~~~~~~~~~
src/PC/universal/com_sndalias_load_obj.c:1210:20: warning: implicit conversion loses integer precision: 'unsigned long' to 'int' [-Wshorten-64-to-32]
 1210 |     FS_Write(text, strlen(text), h);
      |     ~~~~~~~~       ^~~~~~~~~~~~
src/PC/universal/com_sndalias_load_obj.c:1569:42: warning: implicit conversion loses integer precision: 'unsigned long' to 'int' [-Wshorten-64-to-32]
 1569 |                 FS_Write(szNewReference, strlen(szNewReference), hAliasOutFile);
      |                 ~~~~~~~~                 ^~~~~~~~~~~~~~~~~~~~~~
7 warnings generated.

# Translation unit: src/PC/universal/fft.c
src/PC/universal/fft.c:30:19: warning: implicit conversion loses integer precision: 'unsigned long' to 'int' [-Wshorten-64-to-32]
   30 |     int shift = 8 - log2_count;
      |         ~~~~~   ~~^~~~~~~~~~~~
src/PC/universal/fft.c:31:39: warning: implicit conversion loses integer precision: 'unsigned long' to 'unsigned int' [-Wshorten-64-to-32]
   31 |     unsigned int totalStride = stride * count;
      |                  ~~~~~~~~~~~   ~~~~~~~^~~~~~~
src/PC/universal/fft.c:87:48: warning: implicit conversion loses integer precision: 'unsigned long' to 'unsigned int' [-Wshorten-64-to-32]
   87 |                 unsigned int mmaxStride = mmax * stride;
      |                              ~~~~~~~~~~   ~~~~~^~~~~~~~
src/PC/universal/fft.c:88:50: warning: implicit conversion loses integer precision: 'unsigned long' to 'unsigned int' [-Wshorten-64-to-32]
   88 |                 unsigned int iStepStride = iStep * stride;
      |                              ~~~~~~~~~~~   ~~~~~~^~~~~~~~
src/PC/universal/fft.c:97:32: warning: implicit conversion loses integer precision: 'unsigned long' to 'unsigned int' [-Wshorten-64-to-32]
   97 |                     for (j = m * stride; j < totalStride; j += iStepStride) {
      |                            ~ ~~^~~~~~~~
5 warnings generated.

# Translation unit: src/PC/universal/memfile.c
src/PC/universal/memfile.c:110:30: warning: implicit conversion loses integer precision: 'unsigned long' to 'int' [-Wshorten-64-to-32]
  110 |     int len = strlen(string) + 1;
      |         ~~~   ~~~~~~~~~~~~~~~^~~
1 warning generated.

# Translation unit: src/PC/universal/q_parse.c
src/PC/universal/q_parse.c:549:16: warning: implicit conversion loses integer precision: 'unsigned long' to 'int' [-Wshorten-64-to-32]
  549 |         plen = strlen(pstr);
      |              ~ ^~~~~~~~~~~~
1 warning generated.

# Translation unit: src/PC/universal/q_shared.c
src/PC/universal/q_shared.c:691:36: warning: implicit conversion loses integer precision: 'size_t' (aka 'unsigned long') to 'int' [-Wshorten-64-to-32]
  691 |     return I_strnicmp_core(s0, s1, n);
      |            ~~~~~~~~~~~~~~~         ^
src/PC/universal/q_shared.c:885:15: warning: implicit conversion loses integer precision: 'unsigned long' to 'int' [-Wshorten-64-to-32]
  885 |     destLen = strlen(dest);
      |             ~ ^~~~~~~~~~~~
2 warnings generated.

# Translation unit: src/PC/win32/cinematics.c
src/PC/win32/cinematics.c:180:75: warning: implicit conversion loses integer precision: 'long' to 'unsigned int' [-Wshorten-64-to-32]
  180 |             cin.mcomp[x * 16 + y] = cinTable[currentHandle].normalBuffer0 - (temp2 + temp);
      |                                   ~ ~~~~~~~~~~~~~~~~~~~~~~~~~~~~~~~~~~~~~~^~~~~~~~~~~~~~~~
src/PC/win32/cinematics.c:490:35: warning: implicit conversion loses integer precision: 'long' to 'int' [-Wshorten-64-to-32]
  490 |     spl = cinTable[currentHandle].samplesPerLine;
      |         ~ ~~~~~~~~~~~~~~~~~~~~~~~~^~~~~~~~~~~~~~
src/PC/win32/cinematics.c:792:20: warning: cast to smaller integer type 'int' from 'MaterialHandle' (aka 'struct Material *') [-Wpointer-to-int-cast]
  792 |         material = (int)(cls->whiteMaterial);
      |                    ^~~~~~~~~~~~~~~~~~~~~~~~~
src/PC/win32/cinematics.c:1091:40: warning: implicit conversion loses integer precision: 'long' to 'int' [-Wshorten-64-to-32]
 1091 |                 int numQ = cinTable[h].numQuads;
      |                     ~~~~   ~~~~~~~~~~~~^~~~~~~~
src/PC/win32/cinematics.c:1097:63: warning: implicit conversion loses integer precision: 'long' to 'int' [-Wshorten-64-to-32]
 1095 |                         Com_Memcpy((byte *)&cin + cinTable[h].screenDelta,
      |                         ~~~~~~~~~~
 1096 |                                    (byte *)&cin,
 1097 |                                    cinTable[h].samplesPerLine * cinTable[h].ysize);
      |                                    ~~~~~~~~~~~~~~~~~~~~~~~~~~~^~~~~~~~~~~~~~~~~~~
src/PC/win32/cinematics.c:1200:39: warning: implicit conversion loses integer precision: 'long' to 'int' [-Wshorten-64-to-32]
 1200 |                 int bpp = cinTable[h].samplesPerPixel;
      |                     ~~~   ~~~~~~~~~~~~^~~~~~~~~~~~~~~
src/PC/win32/cinematics.c:1238:39: warning: implicit conversion loses integer precision: 'long' to 'int' [-Wshorten-64-to-32]
 1238 |                 int bpp = cinTable[h].samplesPerPixel;
      |                     ~~~   ~~~~~~~~~~~~^~~~~~~~~~~~~~~
src/PC/win32/cinematics.c:1253:39: warning: implicit conversion loses integer precision: 'long' to 'int' [-Wshorten-64-to-32]
 1253 |                 int bpp = cinTable[h].samplesPerPixel;
      |                     ~~~   ~~~~~~~~~~~~^~~~~~~~~~~~~~~
8 warnings generated.

# Translation unit: src/PC/win32/snd_driver.c
src/PC/win32/snd_driver.c:999:77: warning: implicit conversion loses integer precision: 'unsigned long' to 'int' [-Wshorten-64-to-32]
  999 |         Com_Memcpy(sound->data, (void *)mixinfo.Info.data_ptr, mixinfo.Info.data_len);
      |         ~~~~~~~~~~                                             ~~~~~~~~~~~~~^~~~~~~~
src/PC/win32/snd_driver.c:1188:131: warning: implicit conversion loses integer precision: 'long' to 'int' [-Wshorten-64-to-32]
 1188 |     SND_SetChannelInfo(index, entnum, pAlias0, pAlias1, lerp, NULL, volume, pitch, channels, (int)((MssSound *)sound)->info.rate, total_msec, start_msec, startDelay, master, system);
      |     ~~~~~~~~~~~~~~~~~~                                                                                                            ^~~~~~~~~~
src/PC/win32/snd_driver.c:1661:29: warning: comparison between pointer and integer ('HDIGDRIVER' (aka 'unsigned long') and 'void *') [-Wpointer-integer-compare]
 1661 |     if (milesGlob.driver_2D == NULL) {
      |         ~~~~~~~~~~~~~~~~~~~ ^  ~~~~
src/PC/win32/snd_driver.c:1702:27: warning: incompatible pointer to integer conversion assigning to 'HPROVIDER' (aka 'unsigned long') from 'void *' [-Wint-conversion]
 1702 |     milesGlob.provider_3D = NULL;
      |                           ^ ~~~~
src/PC/win32/snd_driver.c:1713:31: warning: comparison between pointer and integer ('HPROVIDER' (aka 'unsigned long') and 'void *') [-Wpointer-integer-compare]
 1713 |     if (milesGlob.provider_3D != NULL) {
      |         ~~~~~~~~~~~~~~~~~~~~~ ^  ~~~~
src/PC/win32/snd_driver.c:1729:35: warning: comparison between pointer and integer ('HPROVIDER' (aka 'unsigned long') and 'void *') [-Wpointer-integer-compare]
 1729 |         if (milesGlob.provider_3D == NULL) {
      |             ~~~~~~~~~~~~~~~~~~~~~ ^  ~~~~
src/PC/win32/snd_driver.c:1735:35: warning: comparison between pointer and integer ('HPROVIDER' (aka 'unsigned long') and 'void *') [-Wpointer-integer-compare]
 1735 |         if (milesGlob.provider_3D == NULL) {
      |             ~~~~~~~~~~~~~~~~~~~~~ ^  ~~~~
7 warnings generated.

# Translation unit: src/PC/win32/win_net.c
src/PC/win32/win_net.c:193:54: warning: implicit conversion loses integer precision: '__darwin_time_t' (aka 'long') to '__darwin_suseconds_t' (aka 'int') [-Wshorten-64-to-32]
  193 |     timeout.tv_usec = (msec - timeout.tv_sec * 1000) * 1000;
      |                     ~ ~~~~~~~~~~~~~~~~~~~~~~~~~~~~~~~^~~~~~
src/PC/win32/win_net.c:214:32: warning: implicit conversion loses integer precision: 'unsigned long' to 'in_addr_t' (aka 'unsigned int') [-Wshorten-64-to-32]
  214 |         sadr.sin_addr.s_addr = *(unsigned long *)h->h_addr_list[0];
      |                              ~ ^~~~~~~~~~~~~~~~~~~~~~~~~~~~~~~~~~~
src/PC/win32/win_net.c:249:15: warning: implicit conversion loses integer precision: 'ssize_t' (aka 'long') to 'int' [-Wshorten-64-to-32]
  249 |         ret = recvfrom(net_socket, net_message->data, net_message->maxsize, 0, &from, &fromlen);
      |             ~ ^~~~~~~~~~~~~~~~~~~~~~~~~~~~~~~~~~~~~~~~~~~~~~~~~~~~~~~~~~~~~~~~~~~~~~~~~~~~~~~~~
src/PC/win32/win_net.c:336:32: warning: implicit conversion loses integer precision: 'unsigned long' to 'in_addr_t' (aka 'unsigned int') [-Wshorten-64-to-32]
  336 |         addr.sin_addr.s_addr = *(unsigned long *)to.ip;
      |                              ~ ^~~~~~~~~~~~~~~~~~~~~~~
src/PC/win32/win_net.c:348:15: warning: implicit conversion loses integer precision: 'ssize_t' (aka 'long') to 'int' [-Wshorten-64-to-32]
  348 |         ret = sendto(net_socket, socksBuf, length + 10, 0, (struct sockaddr *)&socksRelayAddr, 16);
      |             ~ ^~~~~~~~~~~~~~~~~~~~~~~~~~~~~~~~~~~~~~~~~~~~~~~~~~~~~~~~~~~~~~~~~~~~~~~~~~~~~~~~~~~~
src/PC/win32/win_net.c:350:15: warning: implicit conversion loses integer precision: 'ssize_t' (aka 'long') to 'int' [-Wshorten-64-to-32]
  350 |         ret = sendto(net_socket, data, length, 0, (struct sockaddr *)&addr, 16);
      |             ~ ^~~~~~~~~~~~~~~~~~~~~~~~~~~~~~~~~~~~~~~~~~~~~~~~~~~~~~~~~~~~~~~~~
src/PC/win32/win_net.c:438:51: warning: implicit conversion loses integer precision: 'unsigned long' to 'in_addr_t' (aka 'unsigned int') [-Wshorten-64-to-32]
  438 |                         address.sin_addr.s_addr = *(unsigned long *)h->h_addr_list[0];
      |                                                 ~ ^~~~~~~~~~~~~~~~~~~~~~~~~~~~~~~~~~~
src/PC/win32/win_net.c:502:49: warning: implicit conversion loses integer precision: 'unsigned long' to 'in_addr_t' (aka 'unsigned int') [-Wshorten-64-to-32]
  502 |                         saddr.sin_addr.s_addr = *(unsigned long *)((struct hostent *)hp)->h_addr_list[0];
      |                                               ~ ^~~~~~~~~~~~~~~~~~~~~~~~~~~~~~~~~~~~~~~~~~~~~~~~~~~~~~~~
src/PC/win32/win_net.c:532:32: warning: implicit conversion loses integer precision: 'ssize_t' (aka 'long') to 'int' [-Wshorten-64-to-32]
  532 |                         rlen = recv(socks_socket, buf, 64, 0);
      |                              ~ ^~~~~~~~~~~~~~~~~~~~~~~~~~~~~~
src/PC/win32/win_net.c:548:36: warning: implicit conversion loses integer precision: 'unsigned long' to 'int' [-Wshorten-64-to-32]
  548 |                             ulen = strlen(net_socksUsername->current.string);
      |                                  ~ ^~~~~~~~~~~~~~~~~~~~~~~~~~~~~~~~~~~~~~~~~
src/PC/win32/win_net.c:549:36: warning: implicit conversion loses integer precision: 'unsigned long' to 'int' [-Wshorten-64-to-32]
  549 |                             plen = strlen(net_socksPassword->current.string);
      |                                  ~ ^~~~~~~~~~~~~~~~~~~~~~~~~~~~~~~~~~~~~~~~~
src/PC/win32/win_net.c:565:36: warning: implicit conversion loses integer precision: 'ssize_t' (aka 'long') to 'int' [-Wshorten-64-to-32]
  565 |                             rlen = recv(socks_socket, buf, 64, 0);
      |                                  ~ ^~~~~~~~~~~~~~~~~~~~~~~~~~~~~~
src/PC/win32/win_net.c:599:32: warning: implicit conversion loses integer precision: 'ssize_t' (aka 'long') to 'int' [-Wshorten-64-to-32]
  599 |                         rlen = recv(socks_socket, buf, 64, 0);
      |                              ~ ^~~~~~~~~~~~~~~~~~~~~~~~~~~~~~
src/PC/win32/win_net.c:724:59: warning: implicit conversion loses integer precision: 'unsigned long' to 'unsigned int' [-Wshorten-64-to-32]
  724 |                                     ipaddr = cod2_bswap32(*(unsigned long *)(namebuf + 20));
      |                                              ~~~~~~~~~~~~ ^~~~~~~~~~~~~~~~~~~~~~~~~~~~~~~~
14 warnings generated.

# Translation unit: src/PC/win32/win_shared.c
src/PC/win32/win_shared.c:22:24: warning: implicit conversion loses integer precision: 'DWORD' (aka 'unsigned long') to 'int' [-Wshorten-64-to-32]
   22 |         sys_timeBase = timeGetTime();
      |                      ~ ^~~~~~~~~~~~~
src/PC/win32/win_shared.c:25:26: warning: implicit conversion loses integer precision: 'DWORD' (aka 'unsigned long') to 'int' [-Wshorten-64-to-32]
   25 |     return timeGetTime() - sys_timeBase;
      |     ~~~~~~ ~~~~~~~~~~~~~~^~~~~~~~~~~~~~
src/PC/win32/win_shared.c:30:12: warning: implicit conversion loses integer precision: 'DWORD' (aka 'unsigned long') to 'int' [-Wshorten-64-to-32]
   30 |     return timeGetTime();
      |     ~~~~~~ ^~~~~~~~~~~~~
3 warnings generated.

# Translation unit: src/PC/xanim/dobj.c
src/PC/xanim/dobj.c:144:40: warning: implicit conversion loses integer precision: 'unsigned long' to 'int' [-Wshorten-64-to-32]
  144 |             int len = strlen(str + 16) + 17;
      |                 ~~~   ~~~~~~~~~~~~~~~~~^~~~
src/PC/xanim/dobj.c:339:17: warning: cast to 'DSkel *' (aka 'struct DSkel *') from smaller integer type 'int' [-Wint-to-pointer-cast]
  339 |     obj->skel = (DSkel *)(*(int *)model + 0x14);
      |                 ^~~~~~~~~~~~~~~~~~~~~~~~~~~~~~~
src/PC/xanim/dobj.c:340:37: warning: cast to 'unsigned short *' from smaller integer type 'int' [-Wint-to-pointer-cast]
  340 |     obj->numBones = (unsigned char)*(unsigned short *)*(int *)model;
      |                                     ^~~~~~~~~~~~~~~~~~~~~~~~~~~~~~~
src/PC/xanim/dobj.c:1411:60: warning: address of array 'obj->skel->mat' will always evaluate to 'true' [-Wpointer-bool-conversion]
 1411 |     if (lenSq == 0.0f || !obj || !obj->skel || !obj->skel->mat || !obj->numModels) {
      |                                                ~~~~~~~~~~~~^~~
4 warnings generated.

# Translation unit: src/PC/xanim/xanim.c
src/PC/xanim/xanim.c:214:32: warning: implicit conversion loses integer precision: 'unsigned long' to 'int' [-Wshorten-64-to-32]
  214 |         int len = strlen(name) + 1;
      |             ~~~   ~~~~~~~~~~~~~^~~
src/PC/xanim/xanim.c:229:37: warning: implicit conversion loses integer precision: 'unsigned long' to 'int' [-Wshorten-64-to-32]
  229 |         int len = strlen(debugName) + 1;
      |             ~~~   ~~~~~~~~~~~~~~~~~~^~~
src/PC/xanim/xanim.c:566:64: warning: implicit conversion loses integer precision: 'unsigned long' to 'int' [-Wshorten-64-to-32]
  566 |         char *nameCopy = (char *)Z_MallocInternal(strlen(name) + 1);
      |                                  ~~~~~~~~~~~~~~~~ ~~~~~~~~~~~~~^~~
3 warnings generated.

# Translation unit: src/PC/xanim/xanim_load_obj.c
src/PC/xanim/xanim_load_obj.c:371:36: warning: implicit conversion loses integer precision: 'unsigned long' to 'int' [-Wshorten-64-to-32]
  371 |             slen = strlen(namePos) + 1;
      |                  ~ ~~~~~~~~~~~~~~~~^~~
1 warning generated.

# Translation unit: src/PC/xanim/xmodel.c
src/PC/xanim/xmodel.c:133:12: warning: cast to smaller integer type 'int' from 'unsigned short *' [-Wpointer-to-int-cast]
  133 |     return (int)parts->hierarchy->names;
      |            ^~~~~~~~~~~~~~~~~~~~~~~~~~~~
1 warning generated.

# Translation unit: src/PC/xanim/xmodel_load_obj.c
src/PC/xanim/xmodel_load_obj.c:166:62: warning: implicit conversion loses integer precision: 'unsigned long' to 'int' [-Wshorten-64-to-32]
  166 |             nameLens[j] = strlen(config.entries[j].filename) + 1;
      |                         ~ ~~~~~~~~~~~~~~~~~~~~~~~~~~~~~~~~~~~^~~
src/PC/xanim/xmodel_load_obj.c:314:43: warning: implicit conversion loses integer precision: 'unsigned long' to 'int' [-Wshorten-64-to-32]
  314 |                         len = strlen(str) + 1;
      |                             ~ ~~~~~~~~~~~~^~~
src/PC/xanim/xmodel_load_obj.c:463:74: warning: implicit conversion loses integer precision: 'unsigned long' to 'int' [-Wshorten-64-to-32]
  463 |                                 int slen = strlen((const char *)filePos) + 1;
      |                                     ~~~~   ~~~~~~~~~~~~~~~~~~~~~~~~~~~~~~^~~
3 warnings generated.

# Translation unit: src/PC/zlib/unzip.c
src/PC/zlib/unzip.c:316:48: warning: implicit conversion loses integer precision: 'uLong' (aka 'unsigned long') to 'uInt' (aka 'unsigned int') [-Wshorten-64-to-32]
  316 |         readInfo->stream.avail_out = readInfo->rest_read_uncompressed;
      |                                    ~ ~~~~~~~~~~^~~~~~~~~~~~~~~~~~~~~~
src/PC/zlib/unzip.c:326:38: warning: implicit conversion loses integer precision: 'uLong' (aka 'unsigned long') to 'unsigned int' [-Wshorten-64-to-32]
  326 |                 readThis = readInfo->rest_read_compressed;
      |                          ~ ~~~~~~~~~~^~~~~~~~~~~~~~~~~~~~
src/PC/zlib/unzip.c:466:51: warning: implicit conversion loses integer precision: 'uLong' (aka 'unsigned long') to 'uInt' (aka 'unsigned int') [-Wshorten-64-to-32]
  466 |         file_info.tmu_date.tm_year = (uDate >> 9) + 1980;
      |                                    ~ ~~~~~~~~~~~~~^~~~~~
3 warnings generated.

# Translation unit: src/stubs/link_stubs.c
src/stubs/link_stubs.c:792:30: warning: call to undeclared library function 'calloc' with type 'void *(unsigned long, unsigned long)'; ISO C99 and later do not support implicit function declarations [-Wimplicit-function-declaration]
  792 |         void **ct = (void **)calloc(1, 4 * sizeof(void *));   /* 16 was x86 (4*4); x64 needs 4*8 */
      |                              ^
src/stubs/link_stubs.c:792:30: note: include the header <stdlib.h> or explicitly provide a declaration for 'calloc'
1 warning generated.

# Translation unit: src/unix/linux_common.c
In file included from src/unix/linux_common.c:2:
In file included from src/headers/imports.h:11:
src/imports/libc.h:258:5: warning: a function declaration without a prototype is deprecated in all versions of C and is treated as a zero-parameter prototype in C23, conflicting with a subsequent definition [-Wdeprecated-non-prototype]
  258 | int UpdateSystemActivity();
      |     ^
src/unix/linux_common.c:118:5: note: conflicting prototype is here
  118 | int UpdateSystemActivity(int activity)
      |     ^
src/unix/linux_common.c:137:9: warning: call to undeclared function 'Com_Printf'; ISO C99 and later do not support implicit function declarations [-Wimplicit-function-declaration]
  137 |         Com_Printf("Sys_OpenURL: failed to open %s\n", url);
      |         ^
src/unix/linux_common.c:150:19: warning: implicit conversion loses integer precision: 'unsigned long' to 'int' [-Wshorten-64-to-32]
  150 |         int len = strlen(argv[i]);
      |             ~~~   ^~~~~~~~~~~~~~~
3 warnings generated.
