file	line	category	compile-database	source
src/Mac/DirectX 9/CDirect3DVertexBuffer.h	99	pointer-named-integer-field	header-or-unlisted	int _M_next;
src/Mac/DirectX 9/CDirect3DVertexBuffer.h	100	pointer-named-integer-field	header-or-unlisted	int _M_prev;
src/Mac/DirectX_9/CColorConverter.c	76	constant-pointer-arithmetic	listed-TU	return (void **)((char *)imp___ZTV15CColorConverter + 8);
src/Mac/DirectX_9/CDirect3D.c	95	fixed-size-memory-call	listed-TU	memset(pIdentifier, 0, 1024);
src/Mac/DirectX_9/CDirect3D.c	237	fixed-byte-access	listed-TU	*(void **)(deviceMem + 16) = ctx;            /* context */
src/Mac/DirectX_9/CDirect3D.c	237	constant-pointer-arithmetic	listed-TU	*(void **)(deviceMem + 16) = ctx;            /* context */
src/Mac/DirectX_9/CDirect3D.c	239	fixed-byte-access	listed-TU	*(void **)(deviceMem + 0x008) = ctx;
src/Mac/DirectX_9/CDirect3D.c	239	constant-pointer-arithmetic	listed-TU	*(void **)(deviceMem + 0x008) = ctx;
src/Mac/DirectX_9/CDirect3D.c	243	fixed-size-memory-call	listed-TU	void *bbSurf = calloc(1, 0x80);   /* 0x3c was x86 sizeof(CDirect3DSurfaceImpl); x64 is 0x50 */
src/Mac/DirectX_9/CDirect3D.c	247	fixed-byte-access	listed-TU	*(void **)(deviceMem + 48) = bbSurf;     /* backBuffer */
src/Mac/DirectX_9/CDirect3D.c	247	constant-pointer-arithmetic	listed-TU	*(void **)(deviceMem + 48) = bbSurf;     /* backBuffer */
src/Mac/DirectX_9/CDirect3D.c	248	fixed-byte-access	listed-TU	*(void **)(deviceMem + 32) = bbSurf;     /* renderTarget */
src/Mac/DirectX_9/CDirect3D.c	248	constant-pointer-arithmetic	listed-TU	*(void **)(deviceMem + 32) = bbSurf;     /* renderTarget */
src/Mac/DirectX_9/CDirect3D.c	250	fixed-byte-access	listed-TU	*(void **)(deviceMem + 0x01C) = bbSurf;
src/Mac/DirectX_9/CDirect3D.c	250	constant-pointer-arithmetic	listed-TU	*(void **)(deviceMem + 0x01C) = bbSurf;
src/Mac/DirectX_9/CDirect3D.c	251	fixed-byte-access	listed-TU	*(void **)(deviceMem + 0x014) = bbSurf;
src/Mac/DirectX_9/CDirect3D.c	251	constant-pointer-arithmetic	listed-TU	*(void **)(deviceMem + 0x014) = bbSurf;
src/Mac/DirectX_9/CDirect3D.c	273	small-integer-cast	listed-TU	/* returns a pointer -- was `int`/`(int)(unsigned long)` which truncated the
src/Mac/DirectX_9/CDirect3DCubeTexture.c	126	pointer-named-integer-field	listed-TU	int prevTex = 0;
src/Mac/DirectX_9/CDirect3DCubeTexture.c	183	fixed-byte-access	listed-TU	unsigned int texID = *(unsigned int *)(texBase + 0x54);
src/Mac/DirectX_9/CDirect3DCubeTexture.c	183	constant-pointer-arithmetic	listed-TU	unsigned int texID = *(unsigned int *)(texBase + 0x54);
src/Mac/DirectX_9/CDirect3DCubeTexture.c	234	pointer-named-integer-field	listed-TU	int prevTex = 0;
src/Mac/DirectX_9/CDirect3DCubeTexture.c	287	fixed-size-memory-call	listed-TU	void *surf = calloc(1, 128);
src/Mac/DirectX_9/CDirect3DDevice.c	460	constant-pointer-arithmetic	listed-TU	for (i = 0; i + 1 < declaration->elementCount; ++i) {
src/Mac/DirectX_9/CDirect3DDevice.c	609	fixed-byte-access	listed-TU	return *(unsigned int *)((byte *)texture + 5 * sizeof(void *) + 64);
src/Mac/DirectX_9/CDirect3DDevice.c	609	constant-pointer-arithmetic	listed-TU	return *(unsigned int *)((byte *)texture + 5 * sizeof(void *) + 64);
src/Mac/DirectX_9/CDirect3DDevice.c	1051	fixed-size-memory-call	listed-TU	tex = malloc(((0x68) + (sizeof(void*)>4 ? 0x100 : 0)));
src/Mac/DirectX_9/CDirect3DDevice.c	1065	fixed-size-memory-call	listed-TU	tex = malloc(((0x6c) + (sizeof(void*)>4 ? 0x100 : 0)));
src/Mac/DirectX_9/CDirect3DDevice.c	1079	fixed-size-memory-call	listed-TU	tex = malloc(((0x7c) + (sizeof(void*)>4 ? 0x100 : 0)));
src/Mac/DirectX_9/CDirect3DDevice.c	1092	fixed-size-memory-call	listed-TU	tex = malloc(((0x6c) + (sizeof(void*)>4 ? 0x100 : 0)));
src/Mac/DirectX_9/CDirect3DDevice.c	1106	fixed-size-memory-call	listed-TU	vb = malloc(((0x3c) + (sizeof(void*)>4 ? 0x100 : 0)));
src/Mac/DirectX_9/CDirect3DDevice.c	1119	fixed-size-memory-call	listed-TU	ib = malloc(((0x34) + (sizeof(void*)>4 ? 0x100 : 0)));
src/Mac/DirectX_9/CDirect3DDevice.c	1130	fixed-size-memory-call	listed-TU	decl = malloc(((0x10) + (sizeof(void*)>4 ? 0x100 : 0)));
src/Mac/DirectX_9/CDirect3DDevice.c	1142	fixed-size-memory-call	listed-TU	shader = malloc(((0x19c) + (sizeof(void*)>4 ? 0x100 : 0)));
src/Mac/DirectX_9/CDirect3DDevice.c	1143	fixed-size-memory-call	listed-TU	memset(shader, 0, 0x19c);
src/Mac/DirectX_9/CDirect3DDevice.c	1162	fixed-size-memory-call	listed-TU	void *program = calloc(1, 0x80);   /* 0x20 was x86 size; over-allocate for x64 COpenGLARBFragmentProgram */
src/Mac/DirectX_9/CDirect3DDevice.c	1191	fixed-size-memory-call	listed-TU	void *program = calloc(1, 0x80);   /* 0x20 was x86 size; over-allocate for x64 COpenGLARBFragmentProgram */
src/Mac/DirectX_9/CDirect3DDevice.c	1236	fixed-size-memory-call	listed-TU	surf = malloc(((0x3c) + (sizeof(void*)>4 ? 0x100 : 0)));
src/Mac/DirectX_9/CDirect3DDevice.c	1269	fixed-size-memory-call	listed-TU	surf = malloc(((0x3c) + (sizeof(void*)>4 ? 0x100 : 0)));
src/Mac/DirectX_9/CDirect3DDevice.c	1612	fixed-byte-access	listed-TU	vbData = *(byte **)((byte *)dev->streams[0] + sizeof(void *) + 8);   /* VB.data: vtable+refCount+lengthBytes (x86 was +12) */
src/Mac/DirectX_9/CDirect3DDevice.c	1612	constant-pointer-arithmetic	listed-TU	vbData = *(byte **)((byte *)dev->streams[0] + sizeof(void *) + 8);   /* VB.data: vtable+refCount+lengthBytes (x86 was +12) */
src/Mac/DirectX_9/CDirect3DDevice.c	1666	fixed-byte-access	listed-TU	ibData = *(byte **)((byte *)dev->indexBuffer + sizeof(void *) + 8);   /* IB.data (x86 was +12) */
src/Mac/DirectX_9/CDirect3DDevice.c	1666	constant-pointer-arithmetic	listed-TU	ibData = *(byte **)((byte *)dev->indexBuffer + sizeof(void *) + 8);   /* IB.data (x86 was +12) */
src/Mac/DirectX_9/CDirect3DDevice.c	1673	small-integer-cast	listed-TU	extern void glBindVertexArray(unsigned int);
src/Mac/DirectX_9/CDirect3DDevice.c	1686	fixed-byte-access	listed-TU	? *(GLuint *)((char *)g_activeVertexShader + 4)
src/Mac/DirectX_9/CDirect3DDevice.c	1686	constant-pointer-arithmetic	listed-TU	? *(GLuint *)((char *)g_activeVertexShader + 4)
src/Mac/DirectX_9/CDirect3DDevice.c	2212	small-integer-cast	listed-TU	if (Stage < 8 && (unsigned int)Type < 33)
src/Mac/DirectX_9/CDirect3DDevice.c	2221	small-integer-cast	listed-TU	*pValue = (Stage < 8 && (unsigned int)Type < 33) ? g_textureStageState[Stage][Type] : 0;
src/Mac/DirectX_9/CDirect3DDevice.c	2228	small-integer-cast	listed-TU	if (Sampler < 16 && (unsigned int)Type < 14)
src/Mac/DirectX_9/CDirect3DDevice.c	2237	small-integer-cast	listed-TU	*pValue = (Sampler < 16 && (unsigned int)Type < 14) ? g_samplerState[Sampler][Type] : 0;
src/Mac/DirectX_9/CDirect3DDevice.c	2249	fixed-size-memory-call	listed-TU	memcpy(dev->worldMatrix, pMatrix, 64);
src/Mac/DirectX_9/CDirect3DDevice.c	2252	fixed-size-memory-call	listed-TU	memcpy(dev->viewMatrix, pMatrix, 64);
src/Mac/DirectX_9/CDirect3DDevice.c	2255	fixed-size-memory-call	listed-TU	memcpy(dev->projMatrix, pMatrix, 64);
src/Mac/DirectX_9/CDirect3DDevice.c	2257	constant-pointer-arithmetic	listed-TU	} else if (State >= D3DTS_TEXTURE0 && State < D3DTS_TEXTURE0 + 8) {
src/Mac/DirectX_9/CDirect3DDevice.c	2258	fixed-size-memory-call	listed-TU	memcpy(dev->texMatrix, pMatrix, 64);
src/Mac/DirectX_9/CDirect3DDevice.c	2273	constant-pointer-arithmetic	listed-TU	} else if (State >= D3DTS_TEXTURE0 && State < D3DTS_TEXTURE0 + 8) {
src/Mac/DirectX_9/CDirect3DDevice.c	2277	fixed-size-memory-call	listed-TU	memcpy(pMatrix, src, 64);
src/Mac/DirectX_9/CDirect3DDevice.c	2482	fixed-size-memory-call	listed-TU	memcpy(g_vsConst + i * 4, pf, 16);
src/Mac/DirectX_9/CDirect3DDevice.c	3101	small-integer-cast	listed-TU	*(int *)(u + off) = (int)scale;
src/Mac/DirectX_9/CDirect3DIndexBuffer.c	96	constant-pointer-arithmetic	listed-TU	ib->lengthBytes = (Length + 3) & ~3U;
src/Mac/DirectX_9/CDirect3DSurface.c	44	constant-pointer-arithmetic	listed-TU	* offset (surf+40), which on x64 is surfaceMemory (owner is at 56) -> corrupted
src/Mac/DirectX_9/CDirect3DSurface.c	53	constant-pointer-arithmetic	listed-TU	(3 ptrs + 16 int fields + 2 ptrs), expressed portably rather than hardcoded to x86. */
src/Mac/DirectX_9/CDirect3DSurface.c	61	fixed-byte-access	listed-TU	id = *(const unsigned int *)((const byte *)s->owner + 5 * sizeof(void *) + 64);
src/Mac/DirectX_9/CDirect3DSurface.c	61	constant-pointer-arithmetic	listed-TU	id = *(const unsigned int *)((const byte *)s->owner + 5 * sizeof(void *) + 64);
src/Mac/DirectX_9/CDirect3DSurface.c	142	small-integer-cast	listed-TU	if (!surface->surfaceMemory || (unsigned int)surface->surfaceMemory >= 0xf0000000) {
src/Mac/DirectX_9/CDirect3DSurface.c	150	constant-pointer-arithmetic	listed-TU	UINT32 blocksWide = surface->width ? surface->width + 3 : 4;
src/Mac/DirectX_9/CDirect3DSurface.c	175	fixed-byte-access	listed-TU	unsigned int texID = *(unsigned int *)((byte *)surface->owner + 0x54);
src/Mac/DirectX_9/CDirect3DSurface.c	175	constant-pointer-arithmetic	listed-TU	unsigned int texID = *(unsigned int *)((byte *)surface->owner + 0x54);
src/Mac/DirectX_9/CDirect3DSurface.c	177	pointer-named-integer-field	listed-TU	int prevTex = 0;
src/Mac/DirectX_9/CDirect3DSwapChain.c	119	small-integer-cast	listed-TU	return (int)CDirect3DSwapChain_SurfaceAddRef(swapChain->backBuffer);
src/Mac/DirectX_9/CDirect3DSwapChain.c	130	small-integer-cast	listed-TU	return (int)_this;
src/Mac/DirectX_9/CDirect3DTexture.c	128	pointer-named-integer-field	listed-TU	int prevTex = 0;
src/Mac/DirectX_9/CDirect3DTexture.c	229	pointer-named-integer-field	listed-TU	int prevTex = 0;
src/Mac/DirectX_9/CDirect3DTexture.c	287	fixed-size-memory-call	listed-TU	void *surf = calloc(1, 128);
src/Mac/DirectX_9/CDirect3DTexture.c	291	constant-pointer-arithmetic	listed-TU	{   /* set surface->owner = tex via typed setter (was surf+40, an x86
src/Mac/DirectX_9/CDirect3DTexture.c	314	pointer-named-integer-field	listed-TU	int prevTex = 0;
src/Mac/DirectX_9/CDirect3DVertexDeclaration.c	61	constant-pointer-arithmetic	listed-TU	return (UINT32)element->UsageIndex + 8;
src/Mac/DirectX_9/CDirect3DVertexDeclaration.c	169	constant-pointer-arithmetic	listed-TU	for (i = 0; i + 1 < declaration->elementCount; ++i) {
src/Mac/DirectX_9/CDirect3DVolumeTexture.c	88	constant-pointer-arithmetic	listed-TU	pLockedVolume->RowPitch = ((vol->width + 3) / 4) * blockSize;
src/Mac/DirectX_9/CDirect3DVolumeTexture.c	89	constant-pointer-arithmetic	listed-TU	pLockedVolume->SlicePitch = pLockedVolume->RowPitch * ((vol->height + 3) / 4);
src/Mac/DirectX_9/CDirect3DVolumeTexture.c	278	pointer-named-integer-field	listed-TU	int prevTex = 0;
src/Mac/DirectX_9/CDirect3DVolumeTexture.c	364	pointer-named-integer-field	listed-TU	int prevTex = 0;
src/Mac/DirectX_9/CMemoryBuffer.c	13	pointer-named-integer-field	listed-TU	int vptr;
src/Mac/DirectX_9/CMemoryBuffer.c	30	constant-pointer-arithmetic	listed-TU	return (byte *)(((unsigned long)(allocation + 31)) & ~31UL);
src/Mac/DirectX_9/CMemoryBuffer.c	64	small-integer-cast	listed-TU	buffer->vptr = (int)(unsigned long)vtbl_CMemoryBuffer;
src/Mac/DirectX_9/CMemoryBuffer.c	69	constant-pointer-arithmetic	listed-TU	allocation = (byte *)malloc(((Length + 31) & ~31U) + 31);
src/Mac/DirectX_9/CMemoryBuffer.c	83	constant-pointer-arithmetic	listed-TU	buffer->allocation = (byte *)malloc(((buffer->length + 31) & ~31U) + 31);
src/Mac/DirectX_9/CMemoryBuffer.c	93	small-integer-cast	listed-TU	buffer->vptr = (int)(unsigned long)vtbl_CMemoryBuffer;
src/Mac/DirectX_9/CMemoryBuffer.c	120	constant-pointer-arithmetic	listed-TU	buffer->allocation = (byte *)malloc(((Length + 31) & ~31U) + 31);
src/Mac/DirectX_9/COpenGL.c	23	fixed-byte-access	listed-TU	if (*(void **)(p + 1628) == 0)
src/Mac/DirectX_9/COpenGL.c	23	constant-pointer-arithmetic	listed-TU	if (*(void **)(p + 1628) == 0)
src/Mac/DirectX_9/COpenGL.c	24	fixed-byte-access	listed-TU	*(void **)(p + 1628) = COpenGL_texUnitState;
src/Mac/DirectX_9/COpenGL.c	24	constant-pointer-arithmetic	listed-TU	*(void **)(p + 1628) = COpenGL_texUnitState;
src/Mac/DirectX_9/COpenGL.c	25	fixed-byte-access	listed-TU	return (unsigned char *)(*(void **)(p + 1628)) + Unit * COPENGL_TEXUNIT_STRIDE;
src/Mac/DirectX_9/COpenGL.c	25	constant-pointer-arithmetic	listed-TU	return (unsigned char *)(*(void **)(p + 1628)) + Unit * COPENGL_TEXUNIT_STRIDE;
src/Mac/DirectX_9/COpenGL.c	43	fixed-byte-access	listed-TU	if (*(int *)(p + 4) != (int)Unit) {
src/Mac/DirectX_9/COpenGL.c	43	constant-pointer-arithmetic	listed-TU	if (*(int *)(p + 4) != (int)Unit) {
src/Mac/DirectX_9/COpenGL.c	43	small-integer-cast	listed-TU	if (*(int *)(p + 4) != (int)Unit) {
src/Mac/DirectX_9/COpenGL.c	44	fixed-byte-access	listed-TU	*(int *)(p + 4) = (int)Unit;
src/Mac/DirectX_9/COpenGL.c	44	constant-pointer-arithmetic	listed-TU	*(int *)(p + 4) = (int)Unit;
src/Mac/DirectX_9/COpenGL.c	44	small-integer-cast	listed-TU	*(int *)(p + 4) = (int)Unit;
src/Mac/DirectX_9/COpenGL.c	45	constant-pointer-arithmetic	listed-TU	glActiveTextureARB(Unit + 0x84C0 );
src/Mac/DirectX_9/COpenGL.c	62	fixed-byte-access	listed-TU	SrcFactorRGB == *(int *)(p + 2084) && DstFactorRGB == *(int *)(p + 2088) &&
src/Mac/DirectX_9/COpenGL.c	62	constant-pointer-arithmetic	listed-TU	SrcFactorRGB == *(int *)(p + 2084) && DstFactorRGB == *(int *)(p + 2088) &&
src/Mac/DirectX_9/COpenGL.c	63	fixed-byte-access	listed-TU	SrcFactorAlpha == *(int *)(p + 2092) && DstFactorAlpha == *(int *)(p + 2096))
src/Mac/DirectX_9/COpenGL.c	63	constant-pointer-arithmetic	listed-TU	SrcFactorAlpha == *(int *)(p + 2092) && DstFactorAlpha == *(int *)(p + 2096))
src/Mac/DirectX_9/COpenGL.c	65	fixed-byte-access	listed-TU	*(int *)(p + 2084) = SrcFactorRGB;
src/Mac/DirectX_9/COpenGL.c	65	constant-pointer-arithmetic	listed-TU	*(int *)(p + 2084) = SrcFactorRGB;
src/Mac/DirectX_9/COpenGL.c	66	fixed-byte-access	listed-TU	*(int *)(p + 2088) = DstFactorRGB;
src/Mac/DirectX_9/COpenGL.c	66	constant-pointer-arithmetic	listed-TU	*(int *)(p + 2088) = DstFactorRGB;
src/Mac/DirectX_9/COpenGL.c	67	fixed-byte-access	listed-TU	*(int *)(p + 2092) = SrcFactorAlpha;
src/Mac/DirectX_9/COpenGL.c	67	constant-pointer-arithmetic	listed-TU	*(int *)(p + 2092) = SrcFactorAlpha;
src/Mac/DirectX_9/COpenGL.c	68	fixed-byte-access	listed-TU	*(int *)(p + 2096) = DstFactorAlpha;
src/Mac/DirectX_9/COpenGL.c	68	constant-pointer-arithmetic	listed-TU	*(int *)(p + 2096) = DstFactorAlpha;
src/Mac/DirectX_9/COpenGL.c	78	fixed-byte-access	listed-TU	SrcFactorRGB == *(int *)(p + 2084) && DstFactorRGB == *(int *)(p + 2088))
src/Mac/DirectX_9/COpenGL.c	78	constant-pointer-arithmetic	listed-TU	SrcFactorRGB == *(int *)(p + 2084) && DstFactorRGB == *(int *)(p + 2088))
src/Mac/DirectX_9/COpenGL.c	80	fixed-byte-access	listed-TU	*(int *)(p + 2084) = SrcFactorRGB;
src/Mac/DirectX_9/COpenGL.c	80	constant-pointer-arithmetic	listed-TU	*(int *)(p + 2084) = SrcFactorRGB;
src/Mac/DirectX_9/COpenGL.c	81	fixed-byte-access	listed-TU	*(int *)(p + 2088) = DstFactorRGB;
src/Mac/DirectX_9/COpenGL.c	81	constant-pointer-arithmetic	listed-TU	*(int *)(p + 2088) = DstFactorRGB;
src/Mac/DirectX_9/COpenGLVAO.c	90	constant-pointer-arithmetic	listed-TU	return (void **)((unsigned char *)vtbl_ptr + 8);
src/Mac/DirectX_9/COpenGLVAO.c	116	constant-pointer-arithmetic	listed-TU	bindingList = (void *)(COpenGL_sOpenGLE + 0x674);
src/Mac/DirectX_9/COpenGLVAO.c	159	constant-pointer-arithmetic	listed-TU	blockEnd = current + 0x100;
src/Mac/DirectX_9/COpenGLVAO.c	275	constant-pointer-arithmetic	listed-TU	fifoStart = (fifoStart + 1) % 16;
src/Mac/DirectX_9/CVAOPacket.c	107	constant-pointer-arithmetic	listed-TU	nextPacket = CVAOPacket_sCurrentPacket + 1;
src/Mac/DirectX_9/CVAOPacket.c	313	constant-pointer-arithmetic	listed-TU	((CVAOPacketImpl *)((unsigned char *)erased + 0x14))->vtable = vtbl_CVAOPacket;
src/Mac/DirectX_9/CVAOPacket.c	314	constant-pointer-arithmetic	listed-TU	ZN10COpenGLVAOD2Ev((const COpenGLVAO *)((unsigned char *)erased + 0x14));
src/Mac/DirectX_9/CVAOPacket.c	348	constant-pointer-arithmetic	listed-TU	cachedPacket = (CVAOPacketImpl *)((unsigned char *)iter + 0x14);
src/Mac/DirectX_9/CVAOPacket.c	382	constant-pointer-arithmetic	listed-TU	((CVAOPacketImpl *)((unsigned char *)erased + 0x14))->vtable = vtbl_CVAOPacket;
src/Mac/DirectX_9/CVAOPacket.c	383	constant-pointer-arithmetic	listed-TU	ZN10COpenGLVAOD2Ev((const COpenGLVAO *)((unsigned char *)erased + 0x14));
src/Mac/DirectX_9/CVAOPacket.c	409	constant-pointer-arithmetic	listed-TU	newPacket = (CVAOPacketImpl *)(NewPacketBuf + 4);
src/Mac/DirectX_9/CVAOPacket.c	415	constant-pointer-arithmetic	listed-TU	insertPacket = (CVAOPacketImpl *)(InsertBuf + 4);
src/Mac/DirectX_9/CVAOPacket.c	456	constant-pointer-arithmetic	listed-TU	CVAOPacketImpl *packet = (CVAOPacketImpl *)((unsigned char *)root + 0x14);
src/Mac/DirectX_9/CVertexArrays.c	46	constant-pointer-arithmetic	listed-TU	return (void **)((char *)imp___ZTV7CBaseVA + 8);
src/Mac/DirectX_9/D3DXMath.c	55	constant-pointer-arithmetic	listed-TU	for (row = column + 1; row < 4; ++row) {
src/Mac/DirectX_9/D3DXMath.c	85	constant-pointer-arithmetic	listed-TU	for (row = column + 1; row < 4; ++row) {
src/Mac/DirectX_9/D3DXMath.c	90	constant-pointer-arithmetic	listed-TU	for (reduceColumn = column + 1; reduceColumn < 4; ++reduceColumn) {
src/Mac/DirectX_9/D3DXMath.c	133	small-integer-cast	listed-TU	return (int)pOut;
src/Mac/DirectX_9/D3DXShader.c	120	fixed-size-memory-call	listed-TU	memset(pDesc, 0, 32);
src/Mac/DirectX_9/D3DXShader.c	517	small-integer-cast	listed-TU	int len = (int)SrcDataLen;
src/Mac/DirectX_9/D3DXShader.c	638	constant-pointer-arithmetic	listed-TU	int j = i + 1;
src/Mac/DirectX_9/D3DXShader.c	641	constant-pointer-arithmetic	listed-TU	"if (j + 8 <= len && memcmp(s + j, ""register"", 8) == 0) {"
src/Mac/DirectX_9/D3DXShader.c	642	constant-pointer-arithmetic	listed-TU	int k = j + 8;
src/Mac/DirectX_9/D3DXShader.c	645	constant-pointer-arithmetic	listed-TU	int p = k + 1;
src/Mac/DirectX_9/D3DXShader.c	655	constant-pointer-arithmetic	listed-TU	i = k + 1;
src/Mac/DirectX_9/MacOpenGLMath.c	70	constant-pointer-arithmetic	listed-TU	for (column = row + 1; column < 4; ++column) {
src/Mac/DirectX_9/MacOpenGLMath.c	91	constant-pointer-arithmetic	listed-TU	augmented[row][columnIndex + 4] = row == columnIndex ? 1.0f : 0.0f;
src/Mac/DirectX_9/MacOpenGLMath.c	103	constant-pointer-arithmetic	listed-TU	for (row = column + 1; row < 4; ++row) {
src/Mac/DirectX_9/MacOpenGLMath.c	147	constant-pointer-arithmetic	listed-TU	COpenGLMatrix_Data(mResult)[row * 4 + column] = augmented[row][column + 4];
src/Mac/DirectX_9/MacOpenGLUtils.c	425	constant-pointer-arithmetic	listed-TU	return ((w + 3) / 4) * ((h + 3) / 4) * d * blockSize;
src/Mac/DirectX_9/MacOpenGLUtils.c	517	constant-pointer-arithmetic	listed-TU	levelSize = ((ew + 3) / 4) * ((eh + 3) / 4) * ed * blockSize;
src/Mac/DirectX_9/d3d9_real.c	73	fixed-size-memory-call	listed-TU	memset(p, 0, 56);
src/Mac/DirectX_9/d3d9_real.c	74	small-integer-cast	listed-TU	*(unsigned int *)(p + 0) = (unsigned int)w;
src/Mac/DirectX_9/d3d9_real.c	75	fixed-byte-access	listed-TU	*(unsigned int *)(p + 4) = (unsigned int)h;
src/Mac/DirectX_9/d3d9_real.c	75	constant-pointer-arithmetic	listed-TU	*(unsigned int *)(p + 4) = (unsigned int)h;
src/Mac/DirectX_9/d3d9_real.c	75	small-integer-cast	listed-TU	*(unsigned int *)(p + 4) = (unsigned int)h;
src/Mac/DirectX_9/d3d9_real.c	76	fixed-byte-access	listed-TU	*(unsigned int *)(p + 8) = 22;
src/Mac/DirectX_9/d3d9_real.c	76	constant-pointer-arithmetic	listed-TU	*(unsigned int *)(p + 8) = 22;
src/Mac/DirectX_9/d3d9_real.c	77	fixed-byte-access	listed-TU	*(unsigned int *)(p + 12) = 1;
src/Mac/DirectX_9/d3d9_real.c	77	constant-pointer-arithmetic	listed-TU	*(unsigned int *)(p + 12) = 1;
src/Mac/DirectX_9/d3d9_real.c	79	fixed-byte-access	listed-TU	*(unsigned int *)(p + 24) = 1;
src/Mac/DirectX_9/d3d9_real.c	79	constant-pointer-arithmetic	listed-TU	*(unsigned int *)(p + 24) = 1;
src/Mac/DirectX_9/d3d9_real.c	80	fixed-byte-access	listed-TU	*(void **)(p + 28) = hwnd;
src/Mac/DirectX_9/d3d9_real.c	80	constant-pointer-arithmetic	listed-TU	*(void **)(p + 28) = hwnd;
src/Mac/DirectX_9/d3d9_real.c	81	fixed-byte-access	listed-TU	*(int *)(p + 32) = 1;
src/Mac/DirectX_9/d3d9_real.c	81	constant-pointer-arithmetic	listed-TU	*(int *)(p + 32) = 1;
src/Mac/DirectX_9/d3d9_real.c	82	fixed-byte-access	listed-TU	*(int *)(p + 36) = 1;
src/Mac/DirectX_9/d3d9_real.c	82	constant-pointer-arithmetic	listed-TU	*(int *)(p + 36) = 1;
src/Mac/DirectX_9/d3d9_real.c	83	fixed-byte-access	listed-TU	*(unsigned int *)(p + 40) = 75;
src/Mac/DirectX_9/d3d9_real.c	83	constant-pointer-arithmetic	listed-TU	*(unsigned int *)(p + 40) = 75;
src/Mac/DirectX_9/d3d9_real.c	85	fixed-byte-access	listed-TU	*(unsigned int *)(p + 52) = 0;
src/Mac/DirectX_9/d3d9_real.c	85	constant-pointer-arithmetic	listed-TU	*(unsigned int *)(p + 52) = 0;
src/Mac/Extras/CoreAudio/CAStreamBasicDescription.c	11	fixed-size-memory-call	listed-TU	memset((void *)_this, 0, 40);
src/Mac/Main/mac_common.c	131	x86-only-width-guard	listed-TU	#if defined(__x86_64__) || defined(_M_X64)
src/Mac/Main/mac_common.c	132	constant-pointer-arithmetic	listed-TU	listCopy = (char **)Z_MallocInternal((nfiles + 1) * sizeof(char *));
src/Mac/Main/mac_common.c	134	constant-pointer-arithmetic	listed-TU	listCopy = (char **)Z_MallocInternal((nfiles + 1) * 4);
src/Mac/Main/mac_common.c	205	x86-only-width-guard	listed-TU	#if defined(__x86_64__) || defined(_M_X64)
src/Mac/Main/mac_common.c	206	constant-pointer-arithmetic	listed-TU	listCopy = (char **)Z_MallocInternal((nfiles + 1) * sizeof(char *));
src/Mac/Main/mac_common.c	208	constant-pointer-arithmetic	listed-TU	listCopy = (char **)Z_MallocInternal((nfiles + 1) * 4);
src/Mac/Main/mac_configure.c	17	small-integer-cast	listed-TU	int mb = (int)MacFeatures_GetMemorySizeInMB();
src/Mac/Main/mac_input.c	506	constant-pointer-arithmetic	listed-TU	UInt32 *mousestate = (UInt32 *)((char *)_this + 0x20);
src/Mac/Main/mac_input.c	524	constant-pointer-arithmetic	listed-TU	UInt32 *mousestate = (UInt32 *)((char *)_this + 0x20);
src/Mac/Main/mac_main.c	21	pointer-named-integer-field	listed-TU	static int eventHead;
src/Mac/Main/mac_main.c	91	small-integer-cast	listed-TU	"sys_sysMB = Dvar_RegisterInt(""sys_sysMB"", 0, (int)0x80000000, 0x7fffffff, 0x1011);"
src/Mac/Main/mac_main.c	93	small-integer-cast	listed-TU	"sys_configSum = Dvar_RegisterInt(""sys_configSum"", 0, (int)0x80000000, 0x7fffffff, 0x1011);"
src/Mac/Main/mac_main.c	309	small-integer-cast	listed-TU	e->req = req; e->sz = (unsigned)sz;
src/Mac/Main/mac_main.c	349	constant-pointer-arithmetic	listed-TU	g_hdLimit = g_hdBase + 0x800000; /* ~8MB exe span */
src/Mac/Main/mac_main.c	388	small-integer-cast	listed-TU	"sv_disableClientConsole = (int)Dvar_RegisterBool(""sv_disableClientConsole"", 0, 0x1008);"
src/Mac/Main/mac_main.c	488	constant-pointer-arithmetic	listed-TU	char *b = (char *)Z_MallocInternal(len + 1);
src/Mac/Main/mac_main.c	489	constant-pointer-arithmetic	listed-TU	I_strncpyz(b, s, len + 1);
src/Mac/Main/mac_main.c	490	constant-pointer-arithmetic	listed-TU	Sys_QueEventInternal(0, (sysEventType_t)4, 0, 0, len + 1, b);
src/Mac/Main/mac_main.c	495	constant-pointer-arithmetic	listed-TU	len = netmsg.cursize - netmsg.readcount + 12;
src/Mac/Main/mac_main.c	497	fixed-size-memory-call	listed-TU	memcpy(buf, &adr, 12);
src/Mac/Main/mac_main.c	498	constant-pointer-arithmetic	listed-TU	memcpy(buf + 12, netmsg.data + netmsg.readcount, netmsg.cursize - netmsg.readcount);
src/Mac/Main/mac_main.c	558	constant-pointer-arithmetic	listed-TU	if (sysMBCurrent > sys_info.sysMB + 32 || sysMBCurrent < sys_info.sysMB - 32) {
src/Mac/Main/mac_record_dsound.c	81	constant-pointer-arithmetic	listed-TU	s_recordingSamplePtr = (recordingSample_t *)((char *)s_recordingSamplePtr + 0x24);
src/Mac/Main/mac_record_dsound.c	83	small-integer-cast	listed-TU	memset(sample, 0, 9 * sizeof(int));
src/Mac/Main/mac_record_dsound.c	185	small-integer-cast	listed-TU	return (int)(level * 65535.0);
src/Mac/Main/mac_syscon.c	59	constant-pointer-arithmetic	listed-TU	while (select(STDIN_FILENO + 1, &fds, NULL, NULL, &tv) > 0) {
src/Mac/Main/mac_syscon.c	70	small-integer-cast	listed-TU	if (len < (int)sizeof(sConsoleText) - 1)
src/Mac/Tools/CAudioRecorder.c	34	fixed-byte-access	listed-TU	*(Float64 *)(p + 0x00) = inSampleRate;
src/Mac/Tools/CAudioRecorder.c	34	constant-pointer-arithmetic	listed-TU	*(Float64 *)(p + 0x00) = inSampleRate;
src/Mac/Tools/CAudioRecorder.c	35	fixed-byte-access	listed-TU	*(UInt32 *)(p + 0x08) = inNumChannels;
src/Mac/Tools/CAudioRecorder.c	35	constant-pointer-arithmetic	listed-TU	*(UInt32 *)(p + 0x08) = inNumChannels;
src/Mac/Tools/CAudioRecorder.c	36	fixed-byte-access	listed-TU	*(UInt32 *)(p + 0x0c) = inBitsPerChannel;
src/Mac/Tools/CAudioRecorder.c	36	constant-pointer-arithmetic	listed-TU	*(UInt32 *)(p + 0x0c) = inBitsPerChannel;
src/Mac/Tools/CAudioRecorder.c	37	fixed-byte-access	listed-TU	*(int *)(p + 0x10) = 0;
src/Mac/Tools/CAudioRecorder.c	37	constant-pointer-arithmetic	listed-TU	*(int *)(p + 0x10) = 0;
src/Mac/Tools/CAudioRecorder.c	38	fixed-byte-access	listed-TU	*(int *)(p + 0x14) = 0;
src/Mac/Tools/CAudioRecorder.c	38	constant-pointer-arithmetic	listed-TU	*(int *)(p + 0x14) = 0;
src/Mac/Tools/CAudioRecorder.c	39	fixed-byte-access	listed-TU	*(char *)(p + 0x18) = 0;
src/Mac/Tools/CAudioRecorder.c	39	constant-pointer-arithmetic	listed-TU	*(char *)(p + 0x18) = 0;
src/Mac/Tools/CAudioRecorder.c	40	fixed-byte-access	listed-TU	*(char *)(p + 0x19) = 0;
src/Mac/Tools/CAudioRecorder.c	40	constant-pointer-arithmetic	listed-TU	*(char *)(p + 0x19) = 0;
src/Mac/Tools/CAudioRecorder.c	41	fixed-byte-access	listed-TU	*(int *)(p + 0x1c) = 0;
src/Mac/Tools/CAudioRecorder.c	41	constant-pointer-arithmetic	listed-TU	*(int *)(p + 0x1c) = 0;
src/Mac/Tools/CAudioRecorder.c	43	constant-pointer-arithmetic	listed-TU	CMutex_CMutex((void *)(p + 0x20));
src/Mac/Tools/CAudioRecorder.c	45	fixed-byte-access	listed-TU	*(int *)(p + 0x4c) = 0;
src/Mac/Tools/CAudioRecorder.c	45	constant-pointer-arithmetic	listed-TU	*(int *)(p + 0x4c) = 0;
src/Mac/Tools/CAudioRecorder.c	46	fixed-byte-access	listed-TU	*(int *)(p + 0x50) = 0;
src/Mac/Tools/CAudioRecorder.c	46	constant-pointer-arithmetic	listed-TU	*(int *)(p + 0x50) = 0;
src/Mac/Tools/CAudioRecorder.c	47	fixed-byte-access	listed-TU	*(int *)(p + 0x54) = 0;
src/Mac/Tools/CAudioRecorder.c	47	constant-pointer-arithmetic	listed-TU	*(int *)(p + 0x54) = 0;
src/Mac/Tools/CAudioRecorder.c	48	fixed-byte-access	listed-TU	*(int *)(p + 0x58) = 0;
src/Mac/Tools/CAudioRecorder.c	48	constant-pointer-arithmetic	listed-TU	*(int *)(p + 0x58) = 0;
src/Mac/Tools/CAudioRecorder.c	49	fixed-byte-access	listed-TU	*(int *)(p + 0x5c) = 0;
src/Mac/Tools/CAudioRecorder.c	49	constant-pointer-arithmetic	listed-TU	*(int *)(p + 0x5c) = 0;
src/Mac/Tools/CAudioRecorder.c	51	constant-pointer-arithmetic	listed-TU	CCircularBuffer_CCircularBuffer((CCircularBuffer *)(p + 0x60));
src/Mac/Tools/CAudioRecorder.c	53	fixed-byte-access	listed-TU	*(char *)(p + 0x74) = 0;
src/Mac/Tools/CAudioRecorder.c	53	constant-pointer-arithmetic	listed-TU	*(char *)(p + 0x74) = 0;
src/Mac/Tools/CAudioRecorder.c	60	fixed-byte-access	listed-TU	if (*(char *)(p + 0x18))
src/Mac/Tools/CAudioRecorder.c	60	constant-pointer-arithmetic	listed-TU	if (*(char *)(p + 0x18))
src/Mac/Tools/CAudioRecorder.c	61	fixed-byte-access	listed-TU	return *(unsigned char *)(p + 0x18);
src/Mac/Tools/CAudioRecorder.c	61	constant-pointer-arithmetic	listed-TU	return *(unsigned char *)(p + 0x18);
src/Mac/Tools/CAudioRecorder.c	63	fixed-byte-access	listed-TU	OSStatus error = AudioOutputUnitStart(*(AudioUnit *)(p + 0x14));
src/Mac/Tools/CAudioRecorder.c	63	constant-pointer-arithmetic	listed-TU	OSStatus error = AudioOutputUnitStart(*(AudioUnit *)(p + 0x14));
src/Mac/Tools/CAudioRecorder.c	65	fixed-byte-access	listed-TU	*(char *)(p + 0x18) = 1;
src/Mac/Tools/CAudioRecorder.c	65	constant-pointer-arithmetic	listed-TU	*(char *)(p + 0x18) = 1;
src/Mac/Tools/CAudioRecorder.c	67	fixed-byte-access	listed-TU	return *(unsigned char *)(p + 0x18);
src/Mac/Tools/CAudioRecorder.c	67	constant-pointer-arithmetic	listed-TU	return *(unsigned char *)(p + 0x18);
src/Mac/Tools/CAudioRecorder.c	74	fixed-byte-access	listed-TU	if (!*(char *)(p + 0x18))
src/Mac/Tools/CAudioRecorder.c	74	constant-pointer-arithmetic	listed-TU	if (!*(char *)(p + 0x18))
src/Mac/Tools/CAudioRecorder.c	77	fixed-byte-access	listed-TU	AudioOutputUnitStop(*(AudioUnit *)(p + 0x14));
src/Mac/Tools/CAudioRecorder.c	77	constant-pointer-arithmetic	listed-TU	AudioOutputUnitStop(*(AudioUnit *)(p + 0x14));
src/Mac/Tools/CAudioRecorder.c	78	fixed-byte-access	listed-TU	*(char *)(p + 0x18) = 0;
src/Mac/Tools/CAudioRecorder.c	78	constant-pointer-arithmetic	listed-TU	*(char *)(p + 0x18) = 0;
src/Mac/Tools/CAudioRecorder.c	86	constant-pointer-arithmetic	listed-TU	StMutexLock_StMutexLock(&lock, (CMutex *)(p + 0x20));
src/Mac/Tools/CAudioRecorder.c	87	fixed-byte-access	listed-TU	*(char *)(p + 0x19) = (char)inMute;
src/Mac/Tools/CAudioRecorder.c	87	constant-pointer-arithmetic	listed-TU	*(char *)(p + 0x19) = (char)inMute;
src/Mac/Tools/CCircularBuffer.c	119	small-integer-cast	listed-TU	((int *)p)[0] = (int)malloc(inBufferSize);
src/Mac/Tools/MacDisplay.c	180	fixed-byte-access	listed-TU	int a = *(int *)(devData + 0x22);
src/Mac/Tools/MacDisplay.c	180	constant-pointer-arithmetic	listed-TU	int a = *(int *)(devData + 0x22);
src/Mac/Tools/MacDisplay.c	182	fixed-byte-access	listed-TU	int b = *(int *)(devData + 0x26);
src/Mac/Tools/MacDisplay.c	182	constant-pointer-arithmetic	listed-TU	int b = *(int *)(devData + 0x26);
src/Mac/Tools/MacDisplay.c	183	constant-pointer-arithmetic	listed-TU	*((int *)&gdRect + 1) = b;
src/Mac/Tools/MacDisplay.c	284	fixed-byte-access	listed-TU	char *mode = (char *)(*(int *)(di + 0x14)) + inIndex * 16;
src/Mac/Tools/MacDisplay.c	284	constant-pointer-arithmetic	listed-TU	char *mode = (char *)(*(int *)(di + 0x14)) + inIndex * 16;
src/Mac/Tools/MacDisplay.c	286	fixed-byte-access	listed-TU	*outHeight = *(int *)(mode + 4);
src/Mac/Tools/MacDisplay.c	286	constant-pointer-arithmetic	listed-TU	*outHeight = *(int *)(mode + 4);
src/Mac/Tools/MacDisplay.c	287	fixed-byte-access	listed-TU	*outDepth = *(int *)(mode + 8);
src/Mac/Tools/MacDisplay.c	287	constant-pointer-arithmetic	listed-TU	*outDepth = *(int *)(mode + 8);
src/Mac/Tools/MacDisplay.c	288	fixed-byte-access	listed-TU	*outRefreshRate = *(int *)(mode + 12);
src/Mac/Tools/MacDisplay.c	288	constant-pointer-arithmetic	listed-TU	*outRefreshRate = *(int *)(mode + 12);
src/Mac/Tools/MacDisplay.c	294	fixed-byte-access	listed-TU	return *(int *)(di + 0x2c);
src/Mac/Tools/MacDisplay.c	294	constant-pointer-arithmetic	listed-TU	return *(int *)(di + 0x2c);
src/Mac/Tools/MacDisplay.c	300	fixed-byte-access	listed-TU	return *(const char **)(di + 0x30);
src/Mac/Tools/MacDisplay.c	300	constant-pointer-arithmetic	listed-TU	return *(const char **)(di + 0x30);
src/Mac/Tools/MacDisplay.c	306	fixed-byte-access	listed-TU	return *(const char **)(di + 0x34);
src/Mac/Tools/MacDisplay.c	306	constant-pointer-arithmetic	listed-TU	return *(const char **)(di + 0x34);
src/Mac/Tools/MacDisplay.c	312	fixed-byte-access	listed-TU	return *(const char **)(di + 0x38);
src/Mac/Tools/MacDisplay.c	312	constant-pointer-arithmetic	listed-TU	return *(const char **)(di + 0x38);
src/Mac/Tools/MacDisplay.c	318	fixed-byte-access	listed-TU	return gluCheckExtension(inExtension, *(const char **)(di + 0x38));
src/Mac/Tools/MacDisplay.c	318	constant-pointer-arithmetic	listed-TU	return gluCheckExtension(inExtension, *(const char **)(di + 0x38));
src/Mac/Tools/MacDisplay.c	324	fixed-byte-access	listed-TU	*outVideoMemory = *(long *)(di + 0x3c);
src/Mac/Tools/MacDisplay.c	324	constant-pointer-arithmetic	listed-TU	*outVideoMemory = *(long *)(di + 0x3c);
src/Mac/Tools/MacDisplay.c	325	fixed-byte-access	listed-TU	*outTextureMemory = *(long *)(di + 0x40);
src/Mac/Tools/MacDisplay.c	325	constant-pointer-arithmetic	listed-TU	*outTextureMemory = *(long *)(di + 0x40);
src/Mac/Tools/MacDisplay.c	331	fixed-byte-access	listed-TU	return *(long *)(di + 0x44);
src/Mac/Tools/MacDisplay.c	331	constant-pointer-arithmetic	listed-TU	return *(long *)(di + 0x44);
src/Mac/Tools/MacDisplay.c	337	fixed-byte-access	listed-TU	return *(long *)(di + 0x48);
src/Mac/Tools/MacDisplay.c	337	constant-pointer-arithmetic	listed-TU	return *(long *)(di + 0x48);
src/Mac/Tools/MacDisplay.c	343	fixed-byte-access	listed-TU	*outMaxSampleBuffers = *(int *)(di + 0x58);
src/Mac/Tools/MacDisplay.c	343	constant-pointer-arithmetic	listed-TU	*outMaxSampleBuffers = *(int *)(di + 0x58);
src/Mac/Tools/MacDisplay.c	344	fixed-byte-access	listed-TU	*outMaxSamples = *(int *)(di + 0x5c);
src/Mac/Tools/MacDisplay.c	344	constant-pointer-arithmetic	listed-TU	*outMaxSamples = *(int *)(di + 0x5c);
src/Mac/Tools/MacDisplay.c	345	fixed-byte-access	listed-TU	*outDoesSuperSampling = *(unsigned char *)(di + 0x60);
src/Mac/Tools/MacDisplay.c	345	constant-pointer-arithmetic	listed-TU	*outDoesSuperSampling = *(unsigned char *)(di + 0x60);
src/Mac/Tools/MacDisplay.c	346	fixed-byte-access	listed-TU	*outDoesMultiSampling = *(unsigned char *)(di + 0x61);
src/Mac/Tools/MacDisplay.c	346	constant-pointer-arithmetic	listed-TU	*outDoesMultiSampling = *(unsigned char *)(di + 0x61);
src/Mac/Tools/MacDisplay.c	347	fixed-byte-access	listed-TU	*outDoesAlphaSampling = *(unsigned char *)(di + 0x62);
src/Mac/Tools/MacDisplay.c	347	constant-pointer-arithmetic	listed-TU	*outDoesAlphaSampling = *(unsigned char *)(di + 0x62);
src/Mac/Tools/MacDisplay.c	353	fixed-byte-access	listed-TU	return *(UInt32 *)(di + 0x4c);
src/Mac/Tools/MacDisplay.c	353	constant-pointer-arithmetic	listed-TU	return *(UInt32 *)(di + 0x4c);
src/Mac/Tools/MacDisplay.c	359	fixed-byte-access	listed-TU	return *(unsigned char *)(di + 0x51);
src/Mac/Tools/MacDisplay.c	359	constant-pointer-arithmetic	listed-TU	return *(unsigned char *)(di + 0x51);
src/Mac/Tools/MacDisplay.c	365	fixed-byte-access	listed-TU	return *(unsigned char *)(di + 0x52);
src/Mac/Tools/MacDisplay.c	365	constant-pointer-arithmetic	listed-TU	return *(unsigned char *)(di + 0x52);
src/Mac/Tools/MacDisplay.c	371	fixed-byte-access	listed-TU	return *(float *)(di + 0x54);
src/Mac/Tools/MacDisplay.c	371	constant-pointer-arithmetic	listed-TU	return *(float *)(di + 0x54);
src/Mac/Tools/MacDisplay.c	393	constant-pointer-arithmetic	listed-TU	const unsigned short *green = (const unsigned short *)((char *)inRamp + 0x200);
src/Mac/Tools/MacDisplay.c	394	constant-pointer-arithmetic	listed-TU	const unsigned short *blue = (const unsigned short *)((char *)inRamp + 0x400);
src/Mac/Tools/MacDisplay.c	417	small-integer-cast	listed-TU	port = (int)sScreenContext->mDrawable;
src/Mac/Tools/MacDisplay.c	429	small-integer-cast	listed-TU	port = (int)sScreenContext->mDrawable;
src/Mac/Tools/MacDisplay.c	440	fixed-byte-access	listed-TU	return (*(int *)(di + 0x18) - *(int *)(di + 0x14)) >> 4;
src/Mac/Tools/MacDisplay.c	440	constant-pointer-arithmetic	listed-TU	return (*(int *)(di + 0x18) - *(int *)(di + 0x14)) >> 4;
src/Mac/Tools/MacDisplay.c	459	fixed-byte-access	listed-TU	if ((sSwapCount & 1) && *(char *)(this_ptr + 0xc) && sEnableSwap) {
src/Mac/Tools/MacDisplay.c	459	constant-pointer-arithmetic	listed-TU	if ((sSwapCount & 1) && *(char *)(this_ptr + 0xc) && sEnableSwap) {
src/Mac/Tools/MacDisplay.c	466	fixed-byte-access	listed-TU	if (*(int *)(this_ptr + 4))
src/Mac/Tools/MacDisplay.c	466	constant-pointer-arithmetic	listed-TU	if (*(int *)(this_ptr + 4))
src/Mac/Tools/MacFeatures.c	39	constant-pointer-arithmetic	listed-TU	mhz = (float)atof(p + 1);
src/Mac/Tools/MacFeatures.c	58	constant-pointer-arithmetic	listed-TU	kb = strtoul(line + 9, NULL, 10);
src/Mac/Tools/MacFolders.c	103	constant-pointer-arithmetic	listed-TU	outPath[len + 1] = '\0';
src/Mac/Tools/MacMSS.c	160	fixed-byte-access	listed-TU	(*(void (**)(void *))((*(int **)sSoundEngine) + 1))(sSoundEngine);
src/Mac/Tools/MacMSS.c	236	fixed-byte-access	listed-TU	(*(void (**)(void *))(*((int **)theSound) + 3))(theSound);
src/Mac/Tools/MacMSS.c	245	fixed-byte-access	listed-TU	(*(void (**)(void *))(*((int **)theSound) + 4))(theSound);
src/Mac/Tools/MacMSS.c	254	fixed-byte-access	listed-TU	(*(void (**)(void *))(*((int **)theSound) + 5))(theSound);
src/Mac/Tools/MacMSS.c	263	fixed-byte-access	listed-TU	(*(void (**)(void *, long int))(*((int **)theSound) + 8))(theSound, playback_rate);
src/Mac/Tools/MacMSS.c	361	fixed-byte-access	listed-TU	(*(void (**)(void *, long int))(*((int **)theSound) + 7))(theSound, milliseconds);
src/Mac/Tools/MacMSS.c	370	fixed-byte-access	listed-TU	(*(void (**)(void *, long int *, long int *))(*((int **)theSound) + 6))(theSound, total_milliseconds, current_milliseconds);
src/Mac/Tools/MacMSS.c	394	fixed-byte-access	listed-TU	(*(void (**)(void *))(*((int **)theSound) + 4))(theSound);
src/Mac/Tools/MacMSS.c	398	fixed-byte-access	listed-TU	(*(void (**)(void *))(*((int **)theSound) + 3))(theSound);
src/Mac/Tools/MacMSS.c	434	fixed-byte-access	listed-TU	(*(void (**)(void *, long int))(*((int **)theSound) + 8))(theSound, rate);
src/Mac/Tools/MacMSS.c	484	fixed-byte-access	listed-TU	(*(void (**)(void *, long int))(*((int **)theSound) + 7))(theSound, milliseconds);
src/Mac/Tools/MacMSS.c	493	fixed-byte-access	listed-TU	(*(void (**)(void *, long int *, long int *))(*((int **)theSound) + 6))(theSound, total_milliseconds, current_milliseconds);
src/Mac/Tools/MacMSS.c	563	fixed-byte-access	listed-TU	(*(void (**)(void *))(*((int **)theSound) + 3))(theSound);
src/Mac/Tools/MacMSS.c	572	fixed-byte-access	listed-TU	(*(void (**)(void *))(*((int **)theSound) + 4))(theSound);
src/Mac/Tools/MacMSS.c	581	fixed-byte-access	listed-TU	(*(void (**)(void *))(*((int **)theSound) + 5))(theSound);
src/Mac/Tools/MacMSS.c	614	fixed-byte-access	listed-TU	(*(void (**)(void *, long int))(*((int **)theSound) + 8))(theSound, playback_rate);
src/Mac/Tools/MacMSS.c	685	fixed-byte-access	listed-TU	(*(void (**)(void *, float, float))(*((int **)theSound) + 9))(theSound, max_dist, min_dist);
src/Mac/Tools/MacMSS_Engine.c	66	fixed-byte-access	listed-TU	return *(long int *)((char *)_this + 0x50);
src/Mac/Tools/MacMSS_Engine.c	66	constant-pointer-arithmetic	listed-TU	return *(long int *)((char *)_this + 0x50);
src/Mac/Tools/MacMSS_Engine.c	72	fixed-byte-access	listed-TU	OSStatus error = AUGraphGetCPULoad(*(void **)((char *)_this + 0x3c), &cpuLoad);
src/Mac/Tools/MacMSS_Engine.c	72	constant-pointer-arithmetic	listed-TU	OSStatus error = AUGraphGetCPULoad(*(void **)((char *)_this + 0x3c), &cpuLoad);
src/Mac/Tools/MacMSS_Engine.c	76	small-integer-cast	listed-TU	int percent = (int)(cpuLoad * 100.0f);
src/Mac/Tools/MacMSS_Engine.c	85	fixed-byte-access	listed-TU	return *(long int *)((char *)_this + 0x50);
src/Mac/Tools/MacMSS_Engine.c	85	constant-pointer-arithmetic	listed-TU	return *(long int *)((char *)_this + 0x50);
src/Mac/Tools/MacMSS_Engine.c	90	fixed-byte-access	listed-TU	*(long int *)((char *)_this + 0x1a8) = room_type;
src/Mac/Tools/MacMSS_Engine.c	90	constant-pointer-arithmetic	listed-TU	*(long int *)((char *)_this + 0x1a8) = room_type;
src/Mac/Tools/MacMSS_Engine.c	118	constant-pointer-arithmetic	listed-TU	sDeviceName = strdup((const char *)_this + 0x58);
src/Mac/Tools/MacMSS_Engine.c	124	fixed-byte-access	listed-TU	*(float *)((char *)_this + 0x1ac) = factor;
src/Mac/Tools/MacMSS_Engine.c	124	constant-pointer-arithmetic	listed-TU	*(float *)((char *)_this + 0x1ac) = factor;
src/Mac/Tools/MacMSS_Engine.c	129	fixed-byte-access	listed-TU	return *(float *)((char *)_this + 0x1b0);
src/Mac/Tools/MacMSS_Engine.c	129	constant-pointer-arithmetic	listed-TU	return *(float *)((char *)_this + 0x1b0);
src/Mac/Tools/MacMSS_Engine.c	134	fixed-byte-access	listed-TU	*(float *)((char *)_this + 0x1b0) = factor;
src/Mac/Tools/MacMSS_Engine.c	134	constant-pointer-arithmetic	listed-TU	*(float *)((char *)_this + 0x1b0) = factor;
src/Mac/Tools/MacMSS_Engine.c	142	fixed-byte-access	listed-TU	*(float *)(p + 0x1b4) = X;
src/Mac/Tools/MacMSS_Engine.c	142	constant-pointer-arithmetic	listed-TU	*(float *)(p + 0x1b4) = X;
src/Mac/Tools/MacMSS_Engine.c	143	fixed-byte-access	listed-TU	*(float *)(p + 0x1b8) = Y;
src/Mac/Tools/MacMSS_Engine.c	143	constant-pointer-arithmetic	listed-TU	*(float *)(p + 0x1b8) = Y;
src/Mac/Tools/MacMSS_Engine.c	145	fixed-byte-access	listed-TU	*(unsigned int *)(p + 0x1bc) = zi;
src/Mac/Tools/MacMSS_Engine.c	145	constant-pointer-arithmetic	listed-TU	*(unsigned int *)(p + 0x1bc) = zi;
src/Mac/Tools/MacMSS_Engine.c	151	fixed-byte-access	listed-TU	*X = *(float *)(p + 0x1b4);
src/Mac/Tools/MacMSS_Engine.c	151	constant-pointer-arithmetic	listed-TU	*X = *(float *)(p + 0x1b4);
src/Mac/Tools/MacMSS_Engine.c	152	fixed-byte-access	listed-TU	*Y = *(float *)(p + 0x1b8);
src/Mac/Tools/MacMSS_Engine.c	152	constant-pointer-arithmetic	listed-TU	*Y = *(float *)(p + 0x1b8);
src/Mac/Tools/MacMSS_Engine.c	154	fixed-byte-access	listed-TU	unsigned int zi = *(unsigned int *)(p + 0x1bc);
src/Mac/Tools/MacMSS_Engine.c	154	constant-pointer-arithmetic	listed-TU	unsigned int zi = *(unsigned int *)(p + 0x1bc);
src/Mac/Tools/MacMSS_Engine.c	188	fixed-byte-access	listed-TU	return *(AudioUnit *)((char *)_this + 0x44);
src/Mac/Tools/MacMSS_Engine.c	188	constant-pointer-arithmetic	listed-TU	return *(AudioUnit *)((char *)_this + 0x44);
src/Mac/Tools/MacMSS_Engine.c	193	fixed-byte-access	listed-TU	return *(unsigned char *)((char *)_this + 0x190);
src/Mac/Tools/MacMSS_Engine.c	193	constant-pointer-arithmetic	listed-TU	return *(unsigned char *)((char *)_this + 0x190);
src/Mac/Tools/MacMSS_Engine.c	199	fixed-byte-access	listed-TU	float refDist = *(float *)(p + 0x194);
src/Mac/Tools/MacMSS_Engine.c	199	constant-pointer-arithmetic	listed-TU	float refDist = *(float *)(p + 0x194);
src/Mac/Tools/MacMSS_Engine.c	200	fixed-byte-access	listed-TU	float distFactor = *(float *)(p + 0x1b0);
src/Mac/Tools/MacMSS_Engine.c	200	constant-pointer-arithmetic	listed-TU	float distFactor = *(float *)(p + 0x1b0);
src/Mac/Tools/MacMSS_Engine.c	207	fixed-byte-access	listed-TU	float maxDist = *(float *)(p + 0x198);
src/Mac/Tools/MacMSS_Engine.c	207	constant-pointer-arithmetic	listed-TU	float maxDist = *(float *)(p + 0x198);
src/Mac/Tools/MacMSS_Engine.c	208	fixed-byte-access	listed-TU	float distFactor = *(float *)(p + 0x1b0);
src/Mac/Tools/MacMSS_Engine.c	208	constant-pointer-arithmetic	listed-TU	float distFactor = *(float *)(p + 0x1b0);
src/Mac/Tools/MacMSS_Engine.c	215	fixed-byte-access	listed-TU	*(float *)((char *)outFace + 0) = *(float *)(p + 0x1c0);
src/Mac/Tools/MacMSS_Engine.c	215	constant-pointer-arithmetic	listed-TU	*(float *)((char *)outFace + 0) = *(float *)(p + 0x1c0);
src/Mac/Tools/MacMSS_Engine.c	216	fixed-byte-access	listed-TU	*(float *)((char *)outFace + 4) = *(float *)(p + 0x1c4);
src/Mac/Tools/MacMSS_Engine.c	216	constant-pointer-arithmetic	listed-TU	*(float *)((char *)outFace + 4) = *(float *)(p + 0x1c4);
src/Mac/Tools/MacMSS_Engine.c	217	fixed-byte-access	listed-TU	*(float *)((char *)outFace + 8) = *(float *)(p + 0x1c8);
src/Mac/Tools/MacMSS_Engine.c	217	constant-pointer-arithmetic	listed-TU	*(float *)((char *)outFace + 8) = *(float *)(p + 0x1c8);
src/Mac/Tools/MacMSS_Engine.c	223	fixed-byte-access	listed-TU	*(float *)((char *)outUp + 0) = *(float *)(p + 0x1cc);
src/Mac/Tools/MacMSS_Engine.c	223	constant-pointer-arithmetic	listed-TU	*(float *)((char *)outUp + 0) = *(float *)(p + 0x1cc);
src/Mac/Tools/MacMSS_Engine.c	224	fixed-byte-access	listed-TU	*(float *)((char *)outUp + 4) = *(float *)(p + 0x1d0);
src/Mac/Tools/MacMSS_Engine.c	224	constant-pointer-arithmetic	listed-TU	*(float *)((char *)outUp + 4) = *(float *)(p + 0x1d0);
src/Mac/Tools/MacMSS_Engine.c	225	fixed-byte-access	listed-TU	*(float *)((char *)outUp + 8) = *(float *)(p + 0x1d4);
src/Mac/Tools/MacMSS_Engine.c	225	constant-pointer-arithmetic	listed-TU	*(float *)((char *)outUp + 8) = *(float *)(p + 0x1d4);
src/Mac/Tools/MacMSS_Engine.c	231	fixed-byte-access	listed-TU	UInt32 mixerCount = *(UInt32 *)(engine + 0x50);
src/Mac/Tools/MacMSS_Engine.c	231	constant-pointer-arithmetic	listed-TU	UInt32 mixerCount = *(UInt32 *)(engine + 0x50);
src/Mac/Tools/MacMSS_Engine.c	232	fixed-byte-access	listed-TU	CSoundObject **sampleBuses = *(CSoundObject ***)(engine + 0x54);
src/Mac/Tools/MacMSS_Engine.c	232	constant-pointer-arithmetic	listed-TU	CSoundObject **sampleBuses = *(CSoundObject ***)(engine + 0x54);
src/Mac/Tools/MacMSS_Engine.c	233	fixed-byte-access	listed-TU	UInt32 spatializationAlgorithm = *(UInt32 *)(engine + 0x19c);
src/Mac/Tools/MacMSS_Engine.c	233	constant-pointer-arithmetic	listed-TU	UInt32 spatializationAlgorithm = *(UInt32 *)(engine + 0x19c);
src/Mac/Tools/MacMSS_Engine.c	234	fixed-byte-access	listed-TU	UInt32 renderFlags = *(UInt32 *)(engine + 0x1a0);
src/Mac/Tools/MacMSS_Engine.c	234	constant-pointer-arithmetic	listed-TU	UInt32 renderFlags = *(UInt32 *)(engine + 0x1a0);
src/Mac/Tools/MacMSS_Engine.c	235	fixed-byte-access	listed-TU	UInt32 dopplerShift = *(UInt32 *)(engine + 0x1a4);
src/Mac/Tools/MacMSS_Engine.c	235	constant-pointer-arithmetic	listed-TU	UInt32 dopplerShift = *(UInt32 *)(engine + 0x1a4);
src/Mac/Tools/MacMSS_Engine.c	274	fixed-byte-access	listed-TU	*(long int *)((char *)_this + 0x1a8) = room_type;
src/Mac/Tools/MacMSS_Engine.c	274	constant-pointer-arithmetic	listed-TU	*(long int *)((char *)_this + 0x1a8) = room_type;
src/Mac/Tools/MacMSS_Object.c	83	small-integer-cast	listed-TU	*(int *)(_this) = (int)CSOUNDOBJECT_VTABLE_PTR;
src/Mac/Tools/MacMSS_Object.c	84	constant-pointer-arithmetic	listed-TU	ZN6CMutexD1Ev(_this + 0x20);
src/Mac/Tools/MacMSS_Object.c	89	small-integer-cast	listed-TU	*(int *)(_this) = (int)CSOUNDOBJECT_VTABLE_PTR;
src/Mac/Tools/MacMSS_Object.c	90	constant-pointer-arithmetic	listed-TU	ZN6CMutexD1Ev(_this + 0x20);
src/Mac/Tools/MacMSS_Object.c	95	small-integer-cast	listed-TU	*(int *)(_this) = (int)CSOUNDOBJECT_VTABLE_PTR;
src/Mac/Tools/MacMSS_Object.c	96	constant-pointer-arithmetic	listed-TU	ZN6CMutexD1Ev(_this + 0x20);
src/Mac/Tools/MacMSS_Object.c	114	fixed-byte-access	listed-TU	void *buf = *(void **)(p + 0x4c);
src/Mac/Tools/MacMSS_Object.c	114	constant-pointer-arithmetic	listed-TU	void *buf = *(void **)(p + 0x4c);
src/Mac/Tools/MacMSS_Object.c	117	fixed-byte-access	listed-TU	*(void **)(p + 0x4c) = 0;
src/Mac/Tools/MacMSS_Object.c	117	constant-pointer-arithmetic	listed-TU	*(void **)(p + 0x4c) = 0;
src/Mac/Tools/MacMSS_Object.c	122	fixed-byte-access	listed-TU	*(int *)(_this + 0x5c) = 0;
src/Mac/Tools/MacMSS_Object.c	122	constant-pointer-arithmetic	listed-TU	*(int *)(_this + 0x5c) = 0;
src/Mac/Tools/MacMSS_Object.c	123	fixed-byte-access	listed-TU	*(unsigned char *)(_this + 0xc) = 1;
src/Mac/Tools/MacMSS_Object.c	123	constant-pointer-arithmetic	listed-TU	*(unsigned char *)(_this + 0xc) = 1;
src/Mac/Tools/MacMSS_Object.c	128	fixed-byte-access	listed-TU	return *(unsigned char *)(_this + 0xc);
src/Mac/Tools/MacMSS_Object.c	128	constant-pointer-arithmetic	listed-TU	return *(unsigned char *)(_this + 0xc);
src/Mac/Tools/MacMSS_Object.c	133	fixed-byte-access	listed-TU	return *(int *)(_this + 0x10);
src/Mac/Tools/MacMSS_Object.c	133	constant-pointer-arithmetic	listed-TU	return *(int *)(_this + 0x10);
src/Mac/Tools/MacMSS_Object.c	138	fixed-byte-access	listed-TU	return *(int *)(_this + 0x10) == 1;
src/Mac/Tools/MacMSS_Object.c	138	constant-pointer-arithmetic	listed-TU	return *(int *)(_this + 0x10) == 1;
src/Mac/Tools/MacMSS_Object.c	152	constant-pointer-arithmetic	listed-TU	StMutexLock_StMutexLock(lock, _this + 0x20);
src/Mac/Tools/MacMSS_Object.c	154	fixed-byte-access	listed-TU	*(const void **)(_this + 0x84) = start;
src/Mac/Tools/MacMSS_Object.c	154	constant-pointer-arithmetic	listed-TU	*(const void **)(_this + 0x84) = start;
src/Mac/Tools/MacMSS_Object.c	155	fixed-byte-access	listed-TU	*(unsigned long *)(_this + 0x94) = len;
src/Mac/Tools/MacMSS_Object.c	155	constant-pointer-arithmetic	listed-TU	*(unsigned long *)(_this + 0x94) = len;
src/Mac/Tools/MacMSS_Object.c	159	fixed-byte-access	listed-TU	*(int *)(p + 0x88) = 0;
src/Mac/Tools/MacMSS_Object.c	159	constant-pointer-arithmetic	listed-TU	*(int *)(p + 0x88) = 0;
src/Mac/Tools/MacMSS_Object.c	160	fixed-byte-access	listed-TU	*(int *)(p + 0x98) = 0;
src/Mac/Tools/MacMSS_Object.c	160	constant-pointer-arithmetic	listed-TU	*(int *)(p + 0x98) = 0;
src/Mac/Tools/MacMSS_Object.c	164	fixed-byte-access	listed-TU	*(int *)(_this + 0xac) = 0;
src/Mac/Tools/MacMSS_Object.c	164	constant-pointer-arithmetic	listed-TU	*(int *)(_this + 0xac) = 0;
src/Mac/Tools/MacMSS_Object.c	165	fixed-byte-access	listed-TU	*(unsigned long *)(_this + 0xb0) = len;
src/Mac/Tools/MacMSS_Object.c	165	constant-pointer-arithmetic	listed-TU	*(unsigned long *)(_this + 0xb0) = len;
src/Mac/Tools/MacMSS_Object.c	166	fixed-byte-access	listed-TU	*(unsigned char *)(_this + 0x14) = 0;
src/Mac/Tools/MacMSS_Object.c	166	constant-pointer-arithmetic	listed-TU	*(unsigned char *)(_this + 0x14) = 0;
src/Mac/Tools/MacMSS_Object.c	183	constant-pointer-arithmetic	listed-TU	StMutexLock_StMutexLock(lock, obj + 0x20);
src/Mac/Tools/MacMSS_Object.c	200	fixed-byte-access	listed-TU	if (*(long int *)(obj + 0xa8) != format) {
src/Mac/Tools/MacMSS_Object.c	200	constant-pointer-arithmetic	listed-TU	if (*(long int *)(obj + 0xa8) != format) {
src/Mac/Tools/MacMSS_Object.c	201	fixed-byte-access	listed-TU	*(long int *)(obj + 0xa8) = format;
src/Mac/Tools/MacMSS_Object.c	201	constant-pointer-arithmetic	listed-TU	*(long int *)(obj + 0xa8) = format;
src/Mac/Tools/MacMSS_Object.c	220	fixed-byte-access	listed-TU	*(int *)(obj + 0x1c) = channels;
src/Mac/Tools/MacMSS_Object.c	220	constant-pointer-arithmetic	listed-TU	*(int *)(obj + 0x1c) = channels;
src/Mac/Tools/MacMSS_Object.c	233	fixed-byte-access	listed-TU	if (*(long unsigned int *)(obj + 0xa4) != blocksize) {
src/Mac/Tools/MacMSS_Object.c	233	constant-pointer-arithmetic	listed-TU	if (*(long unsigned int *)(obj + 0xa4) != blocksize) {
src/Mac/Tools/MacMSS_Object.c	234	fixed-byte-access	listed-TU	*(long unsigned int *)(obj + 0xa4) = blocksize;
src/Mac/Tools/MacMSS_Object.c	234	constant-pointer-arithmetic	listed-TU	*(long unsigned int *)(obj + 0xa4) = blocksize;
src/Mac/Tools/MacMSS_Object.c	246	fixed-byte-access	listed-TU	if (*(float *)(obj + 0x64) != volume) {
src/Mac/Tools/MacMSS_Object.c	246	constant-pointer-arithmetic	listed-TU	if (*(float *)(obj + 0x64) != volume) {
src/Mac/Tools/MacMSS_Object.c	247	fixed-byte-access	listed-TU	*(float *)(obj + 0x64) = volume;
src/Mac/Tools/MacMSS_Object.c	247	constant-pointer-arithmetic	listed-TU	*(float *)(obj + 0x64) = volume;
src/Mac/Tools/MacMSS_Object.c	260	fixed-byte-access	listed-TU	if (!(*(int *)(obj + 0xa8) & 2)) {
src/Mac/Tools/MacMSS_Object.c	260	constant-pointer-arithmetic	listed-TU	if (!(*(int *)(obj + 0xa8) & 2)) {
src/Mac/Tools/MacMSS_Object.c	275	fixed-byte-access	listed-TU	if (*(float *)(obj + 0x68) != left_level || *(float *)(obj + 0x6c) != right_level) {
src/Mac/Tools/MacMSS_Object.c	275	constant-pointer-arithmetic	listed-TU	if (*(float *)(obj + 0x68) != left_level || *(float *)(obj + 0x6c) != right_level) {
src/Mac/Tools/MacMSS_Object.c	276	fixed-byte-access	listed-TU	*(float *)(obj + 0x68) = left_level;
src/Mac/Tools/MacMSS_Object.c	276	constant-pointer-arithmetic	listed-TU	*(float *)(obj + 0x68) = left_level;
src/Mac/Tools/MacMSS_Object.c	277	fixed-byte-access	listed-TU	*(float *)(obj + 0x6c) = right_level;
src/Mac/Tools/MacMSS_Object.c	277	constant-pointer-arithmetic	listed-TU	*(float *)(obj + 0x6c) = right_level;
src/Mac/Tools/MacMSS_Object.c	289	fixed-byte-access	listed-TU	*(float *)(_this + 0x74) = dry_level;
src/Mac/Tools/MacMSS_Object.c	289	constant-pointer-arithmetic	listed-TU	*(float *)(_this + 0x74) = dry_level;
src/Mac/Tools/MacMSS_Object.c	290	fixed-byte-access	listed-TU	*(float *)(_this + 0x78) = wet_level;
src/Mac/Tools/MacMSS_Object.c	290	constant-pointer-arithmetic	listed-TU	*(float *)(_this + 0x78) = wet_level;
src/Mac/Tools/MacMSS_Object.c	301	fixed-byte-access	listed-TU	*(long unsigned int *)(_this + 0xac) = position;
src/Mac/Tools/MacMSS_Object.c	301	constant-pointer-arithmetic	listed-TU	*(long unsigned int *)(_this + 0xac) = position;
src/Mac/Tools/MacMSS_Object.c	302	fixed-byte-access	listed-TU	format = *(unsigned int *)(_this + 0xa8);
src/Mac/Tools/MacMSS_Object.c	302	constant-pointer-arithmetic	listed-TU	format = *(unsigned int *)(_this + 0xa8);
src/Mac/Tools/MacMSS_Object.c	304	fixed-byte-access	listed-TU	*(long unsigned int *)(_this + 0xac) = position & ~1ul;
src/Mac/Tools/MacMSS_Object.c	304	constant-pointer-arithmetic	listed-TU	*(long unsigned int *)(_this + 0xac) = position & ~1ul;
src/Mac/Tools/MacMSS_Object.c	306	fixed-byte-access	listed-TU	*(long unsigned int *)(_this + 0xac) = (position + 3) & ~3ul;
src/Mac/Tools/MacMSS_Object.c	306	constant-pointer-arithmetic	listed-TU	*(long unsigned int *)(_this + 0xac) = (position + 3) & ~3ul;
src/Mac/Tools/MacMSS_Object.c	308	fixed-byte-access	listed-TU	*(long unsigned int *)(_this + 0xac) = position;
src/Mac/Tools/MacMSS_Object.c	308	constant-pointer-arithmetic	listed-TU	*(long unsigned int *)(_this + 0xac) = position;
src/Mac/Tools/MacMSS_Object.c	316	fixed-byte-access	listed-TU	return *(long int *)(_this + 0x7c);
src/Mac/Tools/MacMSS_Object.c	316	constant-pointer-arithmetic	listed-TU	return *(long int *)(_this + 0x7c);
src/Mac/Tools/MacMSS_Object.c	325	fixed-byte-access	listed-TU	if (*(long int *)(obj + 0x7c) != playback_rate) {
src/Mac/Tools/MacMSS_Object.c	325	constant-pointer-arithmetic	listed-TU	if (*(long int *)(obj + 0x7c) != playback_rate) {
src/Mac/Tools/MacMSS_Object.c	326	fixed-byte-access	listed-TU	*(long int *)(obj + 0x7c) = playback_rate;
src/Mac/Tools/MacMSS_Object.c	326	constant-pointer-arithmetic	listed-TU	*(long int *)(obj + 0x7c) = playback_rate;
src/Mac/Tools/MacMSS_Object.c	337	fixed-byte-access	listed-TU	*(long unsigned int *)(_this + 0x80) = loops;
src/Mac/Tools/MacMSS_Object.c	337	constant-pointer-arithmetic	listed-TU	*(long unsigned int *)(_this + 0x80) = loops;
src/Mac/Tools/MacMSS_Object.c	347	fixed-byte-access	listed-TU	status = *(long unsigned int *)(_this + 0x60);
src/Mac/Tools/MacMSS_Object.c	347	constant-pointer-arithmetic	listed-TU	status = *(long unsigned int *)(_this + 0x60);
src/Mac/Tools/MacMSS_Object.c	362	fixed-byte-access	listed-TU	i = *(int *)(obj + 0x18);
src/Mac/Tools/MacMSS_Object.c	362	constant-pointer-arithmetic	listed-TU	i = *(int *)(obj + 0x18);
src/Mac/Tools/MacMSS_Object.c	364	fixed-byte-access	listed-TU	while (i < 4 && *(void **)(obj + 0x84 + i * 4) != 0) {
src/Mac/Tools/MacMSS_Object.c	364	constant-pointer-arithmetic	listed-TU	while (i < 4 && *(void **)(obj + 0x84 + i * 4) != 0) {
src/Mac/Tools/MacMSS_Object.c	378	fixed-byte-access	listed-TU	if (*(void **)(obj + 0x84) == 0) {
src/Mac/Tools/MacMSS_Object.c	378	constant-pointer-arithmetic	listed-TU	if (*(void **)(obj + 0x84) == 0) {
src/Mac/Tools/MacMSS_Object.c	386	fixed-byte-access	listed-TU	if (*(void **)(obj + 0x84 + slot * 4) == 0) {
src/Mac/Tools/MacMSS_Object.c	386	constant-pointer-arithmetic	listed-TU	if (*(void **)(obj + 0x84 + slot * 4) == 0) {
src/Mac/Tools/MacMSS_Object.c	406	fixed-byte-access	listed-TU	if (*(void **)(obj + 0x84 + buff_num * 4) == 0) {
src/Mac/Tools/MacMSS_Object.c	406	constant-pointer-arithmetic	listed-TU	if (*(void **)(obj + 0x84 + buff_num * 4) == 0) {
src/Mac/Tools/MacMSS_Object.c	407	fixed-byte-access	listed-TU	*(const void **)(obj + 0x84 + buff_num * 4) = buffer;
src/Mac/Tools/MacMSS_Object.c	407	constant-pointer-arithmetic	listed-TU	*(const void **)(obj + 0x84 + buff_num * 4) = buffer;
src/Mac/Tools/MacMSS_Object.c	408	fixed-byte-access	listed-TU	*(long unsigned int *)(obj + 0x94 + buff_num * 4) = len;
src/Mac/Tools/MacMSS_Object.c	408	constant-pointer-arithmetic	listed-TU	*(long unsigned int *)(obj + 0x94 + buff_num * 4) = len;
src/Mac/Tools/MacMSS_Object.c	410	fixed-byte-access	listed-TU	if (*(long unsigned int *)(obj + 0xb0) == 0) {
src/Mac/Tools/MacMSS_Object.c	410	constant-pointer-arithmetic	listed-TU	if (*(long unsigned int *)(obj + 0xb0) == 0) {
src/Mac/Tools/MacMSS_Object.c	411	fixed-byte-access	listed-TU	*(long unsigned int *)(obj + 0xb0) = len;
src/Mac/Tools/MacMSS_Object.c	411	constant-pointer-arithmetic	listed-TU	*(long unsigned int *)(obj + 0xb0) = len;
src/Mac/Tools/MacMSS_Object.c	425	fixed-byte-access	listed-TU	*(float *)(obj + 0xb4) = X;
src/Mac/Tools/MacMSS_Object.c	425	constant-pointer-arithmetic	listed-TU	*(float *)(obj + 0xb4) = X;
src/Mac/Tools/MacMSS_Object.c	426	fixed-byte-access	listed-TU	*(float *)(obj + 0xb8) = Y;
src/Mac/Tools/MacMSS_Object.c	426	constant-pointer-arithmetic	listed-TU	*(float *)(obj + 0xb8) = Y;
src/Mac/Tools/MacMSS_Object.c	427	fixed-byte-access	listed-TU	*(float *)(obj + 0xbc) = -Z;
src/Mac/Tools/MacMSS_Object.c	427	constant-pointer-arithmetic	listed-TU	*(float *)(obj + 0xbc) = -Z;
src/Mac/Tools/MacMSS_Object.c	437	fixed-byte-access	listed-TU	*(float *)(_this + 0x78) = effects_level;
src/Mac/Tools/MacMSS_Object.c	437	constant-pointer-arithmetic	listed-TU	*(float *)(_this + 0x78) = effects_level;
src/Mac/Tools/MacMSS_Object.c	446	fixed-byte-access	listed-TU	*sndtype = *(long int *)(_this + 0xa8);
src/Mac/Tools/MacMSS_Object.c	446	constant-pointer-arithmetic	listed-TU	*sndtype = *(long int *)(_this + 0xa8);
src/Mac/Tools/MacMSS_Object.c	471	fixed-byte-access	listed-TU	*(int *)(obj + 0x60) = 2;
src/Mac/Tools/MacMSS_Object.c	471	constant-pointer-arithmetic	listed-TU	*(int *)(obj + 0x60) = 2;
src/Mac/Tools/MacMSS_Object.c	474	fixed-byte-access	listed-TU	*(void **)(obj + 0x84) = 0;
src/Mac/Tools/MacMSS_Object.c	474	constant-pointer-arithmetic	listed-TU	*(void **)(obj + 0x84) = 0;
src/Mac/Tools/MacMSS_Object.c	475	fixed-byte-access	listed-TU	*(long unsigned int *)(obj + 0x94) = 0;
src/Mac/Tools/MacMSS_Object.c	475	constant-pointer-arithmetic	listed-TU	*(long unsigned int *)(obj + 0x94) = 0;
src/Mac/Tools/MacMSS_Object.c	479	fixed-byte-access	listed-TU	*(void **)(obj + 0x88 + i * 4) = 0;
src/Mac/Tools/MacMSS_Object.c	479	constant-pointer-arithmetic	listed-TU	*(void **)(obj + 0x88 + i * 4) = 0;
src/Mac/Tools/MacMSS_Object.c	480	fixed-byte-access	listed-TU	*(long unsigned int *)(obj + 0x98 + i * 4) = 0;
src/Mac/Tools/MacMSS_Object.c	480	constant-pointer-arithmetic	listed-TU	*(long unsigned int *)(obj + 0x98 + i * 4) = 0;
src/Mac/Tools/MacMSS_Object.c	483	fixed-byte-access	listed-TU	*(long unsigned int *)(obj + 0xac) = 0;
src/Mac/Tools/MacMSS_Object.c	483	constant-pointer-arithmetic	listed-TU	*(long unsigned int *)(obj + 0xac) = 0;
src/Mac/Tools/MacMSS_Object.c	484	fixed-byte-access	listed-TU	*(long unsigned int *)(obj + 0xb0) = 0;
src/Mac/Tools/MacMSS_Object.c	484	constant-pointer-arithmetic	listed-TU	*(long unsigned int *)(obj + 0xb0) = 0;
src/Mac/Tools/MacMSS_Object.c	488	fixed-byte-access	listed-TU	*(long unsigned int *)(obj + 0x80) = 1;
src/Mac/Tools/MacMSS_Object.c	488	constant-pointer-arithmetic	listed-TU	*(long unsigned int *)(obj + 0x80) = 1;
src/Mac/Tools/MacMSS_Object.c	492	fixed-byte-access	listed-TU	if (*(long int *)(obj + 0xa8) != 0) {
src/Mac/Tools/MacMSS_Object.c	492	constant-pointer-arithmetic	listed-TU	if (*(long int *)(obj + 0xa8) != 0) {
src/Mac/Tools/MacMSS_Object.c	493	fixed-byte-access	listed-TU	*(long int *)(obj + 0xa8) = 0;
src/Mac/Tools/MacMSS_Object.c	493	constant-pointer-arithmetic	listed-TU	*(long int *)(obj + 0xa8) = 0;
src/Mac/Tools/MacMSS_Object.c	494	fixed-byte-access	listed-TU	*(int *)(obj + 0x1c) = 1;
src/Mac/Tools/MacMSS_Object.c	494	constant-pointer-arithmetic	listed-TU	*(int *)(obj + 0x1c) = 1;
src/Mac/Tools/MacMSS_Object.c	500	fixed-byte-access	listed-TU	if (*(float *)(obj + 0x64) != 1.0f) {
src/Mac/Tools/MacMSS_Object.c	500	constant-pointer-arithmetic	listed-TU	if (*(float *)(obj + 0x64) != 1.0f) {
src/Mac/Tools/MacMSS_Object.c	501	fixed-byte-access	listed-TU	*(float *)(obj + 0x64) = 1.0f;
src/Mac/Tools/MacMSS_Object.c	501	constant-pointer-arithmetic	listed-TU	*(float *)(obj + 0x64) = 1.0f;
src/Mac/Tools/MacMSS_Object.c	506	fixed-byte-access	listed-TU	*(float *)(obj + 0x70) = 0.5f;
src/Mac/Tools/MacMSS_Object.c	506	constant-pointer-arithmetic	listed-TU	*(float *)(obj + 0x70) = 0.5f;
src/Mac/Tools/MacMSS_Object.c	507	fixed-byte-access	listed-TU	*(long unsigned int *)(obj + 0xac) = 0;
src/Mac/Tools/MacMSS_Object.c	507	constant-pointer-arithmetic	listed-TU	*(long unsigned int *)(obj + 0xac) = 0;
src/Mac/Tools/MacMSS_Object.c	508	fixed-byte-access	listed-TU	*(long unsigned int *)(obj + 0xb0) = 0;
src/Mac/Tools/MacMSS_Object.c	508	constant-pointer-arithmetic	listed-TU	*(long unsigned int *)(obj + 0xb0) = 0;
src/Mac/Tools/MacMSS_Object.c	511	fixed-byte-access	listed-TU	if (*(long int *)(obj + 0x10) == 1) {
src/Mac/Tools/MacMSS_Object.c	511	constant-pointer-arithmetic	listed-TU	if (*(long int *)(obj + 0x10) == 1) {
src/Mac/Tools/MacMSS_Sample.c	39	fixed-byte-access	listed-TU	*(int *)(p + 0x00) = 0x3322c8;
src/Mac/Tools/MacMSS_Sample.c	39	constant-pointer-arithmetic	listed-TU	*(int *)(p + 0x00) = 0x3322c8;
src/Mac/Tools/MacMSS_Sample.c	40	fixed-byte-access	listed-TU	*(int *)(p + 0x108) = 0;
src/Mac/Tools/MacMSS_Sample.c	40	constant-pointer-arithmetic	listed-TU	*(int *)(p + 0x108) = 0;
src/Mac/Tools/MacMSS_Sample.c	41	fixed-byte-access	listed-TU	*(char *)(p + 0x10c) = 0;
src/Mac/Tools/MacMSS_Sample.c	41	constant-pointer-arithmetic	listed-TU	*(char *)(p + 0x10c) = 0;
src/Mac/Tools/MacMSS_Sample.c	42	fixed-byte-access	listed-TU	*(char *)(p + 0x10d) = 0;
src/Mac/Tools/MacMSS_Sample.c	42	constant-pointer-arithmetic	listed-TU	*(char *)(p + 0x10d) = 0;
src/Mac/Tools/MacMSS_Sample.c	43	fixed-byte-access	listed-TU	*(char *)(p + 0x10e) = 0;
src/Mac/Tools/MacMSS_Sample.c	43	constant-pointer-arithmetic	listed-TU	*(char *)(p + 0x10e) = 0;
src/Mac/Tools/MacMSS_Sample.c	44	fixed-byte-access	listed-TU	*(char *)(p + 0x10f) = 1;
src/Mac/Tools/MacMSS_Sample.c	44	constant-pointer-arithmetic	listed-TU	*(char *)(p + 0x10f) = 1;
src/Mac/Tools/MacMSS_Sample.c	45	fixed-byte-access	listed-TU	*(char *)(p + 0x110) = 0;
src/Mac/Tools/MacMSS_Sample.c	45	constant-pointer-arithmetic	listed-TU	*(char *)(p + 0x110) = 0;
src/Mac/Tools/MacMSS_Sample.c	46	fixed-byte-access	listed-TU	*(char *)(p + 0x111) = 0;
src/Mac/Tools/MacMSS_Sample.c	46	constant-pointer-arithmetic	listed-TU	*(char *)(p + 0x111) = 0;
src/Mac/Tools/MacMSS_Sample.c	47	fixed-byte-access	listed-TU	*(int *)(p + 0x114) = 0;
src/Mac/Tools/MacMSS_Sample.c	47	constant-pointer-arithmetic	listed-TU	*(int *)(p + 0x114) = 0;
src/Mac/Tools/MacMSS_Sample.c	48	fixed-byte-access	listed-TU	*(int *)(p + 0x118) = 0;
src/Mac/Tools/MacMSS_Sample.c	48	constant-pointer-arithmetic	listed-TU	*(int *)(p + 0x118) = 0;
src/Mac/Tools/MacMSS_Sample.c	49	fixed-byte-access	listed-TU	*(char *)(p + 0x11c) = 0;
src/Mac/Tools/MacMSS_Sample.c	49	constant-pointer-arithmetic	listed-TU	*(char *)(p + 0x11c) = 0;
src/Mac/Tools/MacMSS_Sample.c	51	constant-pointer-arithmetic	listed-TU	int *slices = (int *)(p + 0xe0);
src/Mac/Tools/MacMSS_Sample.c	79	fixed-byte-access	listed-TU	*(char *)((char *)_this + 0x10f) = 1;
src/Mac/Tools/MacMSS_Sample.c	79	constant-pointer-arithmetic	listed-TU	*(char *)((char *)_this + 0x10f) = 1;
src/Mac/Tools/MacMSS_Sample.c	84	fixed-byte-access	listed-TU	*(char *)((char *)_this + 0x110) = 1;
src/Mac/Tools/MacMSS_Sample.c	84	constant-pointer-arithmetic	listed-TU	*(char *)((char *)_this + 0x110) = 1;
src/Mac/Tools/MacMSS_Sample.c	108	fixed-byte-access	listed-TU	float leftLevel = *(float *)(p + 0x68);
src/Mac/Tools/MacMSS_Sample.c	108	constant-pointer-arithmetic	listed-TU	float leftLevel = *(float *)(p + 0x68);
src/Mac/Tools/MacMSS_Sample.c	109	fixed-byte-access	listed-TU	float rightLevel = *(float *)(p + 0x6c);
src/Mac/Tools/MacMSS_Sample.c	109	constant-pointer-arithmetic	listed-TU	float rightLevel = *(float *)(p + 0x6c);
src/Mac/Tools/MacMSS_Sample.c	110	fixed-byte-access	listed-TU	float masterVolume = *(float *)(p + 0x64);
src/Mac/Tools/MacMSS_Sample.c	110	constant-pointer-arithmetic	listed-TU	float masterVolume = *(float *)(p + 0x64);
src/Mac/Tools/MacMSS_Sample.c	118	fixed-byte-access	listed-TU	*(char *)(p + 0x111) = 1;
src/Mac/Tools/MacMSS_Sample.c	118	constant-pointer-arithmetic	listed-TU	*(char *)(p + 0x111) = 1;
src/Mac/Tools/MacMSS_Sample.c	126	fixed-byte-access	listed-TU	UInt32 busIndex = *(UInt32 *)(p + 0x08);
src/Mac/Tools/MacMSS_Sample.c	126	constant-pointer-arithmetic	listed-TU	UInt32 busIndex = *(UInt32 *)(p + 0x08);
src/Mac/Tools/MacMSS_Sample.c	127	fixed-byte-access	listed-TU	CSoundEngine *engine = *(CSoundEngine **)(p + 0x04);
src/Mac/Tools/MacMSS_Sample.c	127	constant-pointer-arithmetic	listed-TU	CSoundEngine *engine = *(CSoundEngine **)(p + 0x04);
src/Mac/Tools/MacMSS_Sample.c	132	fixed-byte-access	listed-TU	*(char *)(p + 0x111) = 0;
src/Mac/Tools/MacMSS_Sample.c	132	constant-pointer-arithmetic	listed-TU	*(char *)(p + 0x111) = 0;
src/Mac/Tools/MacPreferences.c	46	constant-pointer-arithmetic	listed-TU	char *val = line + keylen + 1;
src/Mac/Tools/MacStrings.c	12	constant-pointer-arithmetic	listed-TU	stringRef = (CFStringRef)CFStringCreateWithCharacters(NULL, (const UniChar *)inUniStr + 1, *(const UInt16 *)inUniStr);
src/Mac/Tools/MacThreads.c	21	fixed-byte-access	listed-TU	if (*(char *)(p + 0x38))
src/Mac/Tools/MacThreads.c	21	constant-pointer-arithmetic	listed-TU	if (*(char *)(p + 0x38))
src/Mac/Tools/MacThreads.c	24	fixed-byte-access	listed-TU	*(void **)(p + 8) = inArg;
src/Mac/Tools/MacThreads.c	24	constant-pointer-arithmetic	listed-TU	*(void **)(p + 8) = inArg;
src/Mac/Tools/MacThreads.c	25	fixed-byte-access	listed-TU	*(char *)(p + 0x38) = 1;
src/Mac/Tools/MacThreads.c	25	constant-pointer-arithmetic	listed-TU	*(char *)(p + 0x38) = 1;
src/Mac/Tools/MacThreads.c	27	constant-pointer-arithmetic	listed-TU	int err = pthread_create((pthread_t *)(p + 4), NULL, CThread_ExecuteProc, self);
src/Mac/Tools/MacThreads.c	29	fixed-byte-access	listed-TU	*(char *)(p + 0x38) = 0;
src/Mac/Tools/MacThreads.c	29	constant-pointer-arithmetic	listed-TU	*(char *)(p + 0x38) = 0;
src/Mac/Tools/MacThreads.c	37	fixed-byte-access	listed-TU	*(char *)(p + 0x38) = 0;
src/Mac/Tools/MacThreads.c	37	constant-pointer-arithmetic	listed-TU	*(char *)(p + 0x38) = 0;
src/Mac/Tools/MacThreads.c	44	fixed-byte-access	listed-TU	return *(unsigned char *)(p + 0x38);
src/Mac/Tools/MacThreads.c	44	constant-pointer-arithmetic	listed-TU	return *(unsigned char *)(p + 0x38);
src/Mac/Tools/MacThreads.c	54	fixed-byte-access	listed-TU	execute(self, *(void **)(self + 8));
src/Mac/Tools/MacThreads.c	54	constant-pointer-arithmetic	listed-TU	execute(self, *(void **)(self + 8));
src/Mac/Tools/MacThreads.c	55	fixed-byte-access	listed-TU	*(char *)(self + 0x38) = 0;
src/Mac/Tools/MacThreads.c	55	constant-pointer-arithmetic	listed-TU	*(char *)(self + 0x38) = 0;
src/Mac/Tools/MacThreads.c	72	fixed-byte-access	listed-TU	*(int *)(p + 4) = 0;
src/Mac/Tools/MacThreads.c	72	constant-pointer-arithmetic	listed-TU	*(int *)(p + 4) = 0;
src/Mac/Tools/MacThreads.c	73	fixed-byte-access	listed-TU	*(void **)(p + 8) = NULL;
src/Mac/Tools/MacThreads.c	73	constant-pointer-arithmetic	listed-TU	*(void **)(p + 8) = NULL;
src/Mac/Tools/MacThreads.c	74	constant-pointer-arithmetic	listed-TU	CMutex_CMutex((const CMutex *)(p + 0xc));
src/Mac/Tools/MacThreads.c	75	fixed-byte-access	listed-TU	*(char *)(p + 0x38) = 0;
src/Mac/Tools/MacThreads.c	75	constant-pointer-arithmetic	listed-TU	*(char *)(p + 0x38) = 0;
src/Mac/Tools/MacThreads.c	81	fixed-byte-access	listed-TU	if (!*(char *)(p + 4))
src/Mac/Tools/MacThreads.c	81	constant-pointer-arithmetic	listed-TU	if (!*(char *)(p + 4))
src/Mac/Tools/MacThreads.c	89	fixed-byte-access	listed-TU	if (!*(char *)(p + 4))
src/Mac/Tools/MacThreads.c	89	constant-pointer-arithmetic	listed-TU	if (!*(char *)(p + 4))
src/Mac/Tools/MacThreads.c	91	constant-pointer-arithmetic	listed-TU	pthread_mutex_unlock((pthread_mutex_t *)(*(char **)p + 0xc));
src/Mac/Tools/MacThreads.c	114	fixed-byte-access	listed-TU	*(char *)(p + 4) = (err == 0) ? 1 : 0;
src/Mac/Tools/MacThreads.c	114	constant-pointer-arithmetic	listed-TU	*(char *)(p + 4) = (err == 0) ? 1 : 0;
src/Mac/Tools/MacThreads.c	121	constant-pointer-arithmetic	listed-TU	int err = pthread_mutex_lock((pthread_mutex_t *)((char *)inThread + 0xc));
src/Mac/Tools/MacThreads.c	122	fixed-byte-access	listed-TU	*(char *)(p + 4) = (err == 0) ? 1 : 0;
src/Mac/Tools/MacThreads.c	122	constant-pointer-arithmetic	listed-TU	*(char *)(p + 4) = (err == 0) ? 1 : 0;
src/Mac/Tools/MacWin32.c	18	x86-only-width-guard	listed-TU	#if !defined(_M_X64)  /* x64: use real Win32 (Mac/POSIX emulation collides by name) */
src/Mac/Tools/MacWin32.c	46	x86-only-width-guard	listed-TU	#if !defined(_M_X64)  /* x64: use real Win32 (Mac/POSIX emulation collides by name) */
src/Mac/Tools/MacWin32.c	57	x86-only-width-guard	listed-TU	#if !defined(_M_X64)  /* x64: use real Win32 (Mac/POSIX emulation collides by name) */
src/Mac/Tools/MacWin32.c	92	constant-pointer-arithmetic	listed-TU	return (DWORD)(2 * ((r + 1) != 0) - 1);
src/Mac/Tools/MacWin32.c	101	x86-only-width-guard	listed-TU	#if !defined(_M_X64)  /* x64: use real Win32 (Mac/POSIX emulation collides by name) */
src/Mac/Tools/MacWin32.c	191	x86-only-width-guard	listed-TU	#if !defined(_M_X64)  /* x64: use real Win32 (Mac/POSIX emulation collides by name) */
src/Mac/Tools/MacWin32.c	212	x86-only-width-guard	listed-TU	#if !defined(_M_X64)  /* x64: use real Win32 (Mac/POSIX emulation collides by name) */
src/Mac/Tools/MacWin32.c	230	small-integer-cast	listed-TU	int dirlen = (int)(slash - lpFileName);
src/Mac/Tools/MacWin32.c	231	small-integer-cast	listed-TU	if (dirlen >= (int)sizeof(state->dirpath))
src/Mac/Tools/MacWin32.c	232	small-integer-cast	listed-TU	dirlen = (int)sizeof(state->dirpath) - 1;
src/Mac/Tools/MacWin32.c	235	constant-pointer-arithmetic	listed-TU	strncpy(state->pattern, slash + 1, sizeof(state->pattern) - 1);
src/Mac/Tools/MacWin32.c	251	constant-pointer-arithmetic	listed-TU	strncpy(lpFindFileData->cFileName, slash ? slash + 1 : lpFileName, 259);
src/Mac/Tools/MacWin32.c	273	x86-only-width-guard	listed-TU	#if !defined(_M_X64)  /* x64: use real Win32 (Mac/POSIX emulation collides by name) */
src/Mac/Tools/i5stdlib.c	52	small-integer-cast	listed-TU	uval = (unsigned int)(-val);
src/Mac/Tools/i5stdlib.c	54	small-integer-cast	listed-TU	uval = (unsigned int)val;
src/PC/EffectsCore/FxChannel.c	12	constant-pointer-arithmetic	listed-TU	int keySize = dimensions + 1;
src/PC/EffectsCore/FxChannel.c	23	constant-pointer-arithmetic	listed-TU	keys[keySize + 1 + d] = value2;
src/PC/EffectsCore/FxChannel.c	115	constant-pointer-arithmetic	listed-TU	keySize = dimensions + 1;
src/PC/EffectsCore/FxChannel.c	121	constant-pointer-arithmetic	listed-TU	keys[keySize + 1 + dimensionId] = startVals[dimensionId];
src/PC/EffectsCore/FxChannel.c	133	constant-pointer-arithmetic	listed-TU	keySize = dimensions + 1;
src/PC/EffectsCore/FxChannel.c	138	constant-pointer-arithmetic	listed-TU	keys[keySize + 1 + dimensionId] = endVals[dimensionId];
src/PC/EffectsCore/FxChannel.c	146	constant-pointer-arithmetic	listed-TU	keySize = dimensions + 1;
src/PC/EffectsCore/FxChannel.c	212	constant-pointer-arithmetic	listed-TU	keys[keySize * timeStep + 1 + d] = flrand(0.0f, maxVal);
src/PC/EffectsCore/FxChannel.c	222	constant-pointer-arithmetic	listed-TU	keys[keySize * timeStep + 1 + d] = flrand(0.0f, blended);
src/PC/EffectsCore/FxChannel.c	231	constant-pointer-arithmetic	listed-TU	keys[keySize * timeStep + 1 + d] = 0.0f;
src/PC/EffectsCore/FxChannel.c	233	constant-pointer-arithmetic	listed-TU	keys[keySize * timeStep + 1 + d] = 1.0f;
src/PC/EffectsCore/FxChannel.c	244	constant-pointer-arithmetic	listed-TU	keys[keySize * timeStep + 1 + d] = blended;
src/PC/EffectsCore/FxCurve.c	12	constant-pointer-arithmetic	listed-TU	int keyStride = curve->dimensionCount + 1;
src/PC/EffectsCore/FxCurve.c	13	constant-pointer-arithmetic	listed-TU	const float *keys = (const float *)((const char *)curve + 8);
src/PC/EffectsCore/FxCurve_load_obj.c	8	constant-pointer-arithmetic	listed-TU	int keySize = dimensionCount + 1;
src/PC/EffectsCore/FxCurve_load_obj.c	16	constant-pointer-arithmetic	listed-TU	float *curveKeys = (float *)((char *)newCurve + 8);
src/PC/EffectsCore/FxCurve_load_obj.c	39	constant-pointer-arithmetic	listed-TU	curveKeys[keyIndex * keySize + 1 + d] = keyArray[1 + d];
src/PC/EffectsCore/FxPrimitives.c	50	small-integer-cast	listed-TU	extern struct XModel *XModelPrecache(const char *name, void *(*alloc1)(int), void *(*alloc2)(int));
src/PC/EffectsCore/FxPrimitives.c	377	constant-pointer-arithmetic	listed-TU	FxChannelInstance_Create((const FxChannel *)(p + 0x160), (FxChannelInstance *)&((Cloud *)t)->heightChannel.curveIterator.master);
src/PC/EffectsCore/FxPrimitives.c	378	constant-pointer-arithmetic	listed-TU	FxChannelInstance_Create((const FxChannel *)(p + 0x16c), (FxChannelInstance *)&((Cloud *)t)->heightRandChannel.curveIterator.master);
src/PC/EffectsCore/FxPrimitives.c	400	constant-pointer-arithmetic	listed-TU	FxChannelInstance_Create((const FxChannel *)(p + 0x160), (FxChannelInstance *)&((Tail *)t)->lengthChannelInstance.curveIterator.master);
src/PC/EffectsCore/FxPrimitives.c	401	constant-pointer-arithmetic	listed-TU	FxChannelInstance_Create((const FxChannel *)(p + 0x16c), (FxChannelInstance *)&((Tail *)t)->lengthRandChannelInstance.curveIterator.master);
src/PC/EffectsCore/FxPrimitives.c	428	constant-pointer-arithmetic	listed-TU	FxChannelInstance_Create((const FxChannel *)(p + 0x100), (FxChannelInstance *)&((Light *)t)->colorChannelInstance.curveIterator.master);
src/PC/EffectsCore/FxPrimitives.c	429	constant-pointer-arithmetic	listed-TU	FxChannelInstance_Create((const FxChannel *)(p + 0x10c), (FxChannelInstance *)&((Light *)t)->colorRandChannelInstance.curveIterator.master);
src/PC/EffectsCore/FxPrimitives.c	430	constant-pointer-arithmetic	listed-TU	FxChannelInstance_Create((const FxChannel *)(p + 0x130), (FxChannelInstance *)&((Light *)t)->sizeChannelInstance.curveIterator.master);
src/PC/EffectsCore/FxPrimitives.c	431	constant-pointer-arithmetic	listed-TU	FxChannelInstance_Create((const FxChannel *)(p + 0x13c), (FxChannelInstance *)&((Light *)t)->sizeRandChannelInstance.curveIterator.master);
src/PC/EffectsCore/FxPrimitives.c	465	fixed-byte-access	listed-TU	dif[2] = *(float *)(p + 0xc) - camOrigin[2];
src/PC/EffectsCore/FxPrimitives.c	465	constant-pointer-arithmetic	listed-TU	dif[2] = *(float *)(p + 0xc) - camOrigin[2];
src/PC/EffectsCore/FxPrimitives.c	484	fixed-byte-access	listed-TU	*(float *)(p + 0xd4) *= dot;
src/PC/EffectsCore/FxPrimitives.c	484	constant-pointer-arithmetic	listed-TU	*(float *)(p + 0xd4) *= dot;
src/PC/EffectsCore/FxPrimitives.c	505	constant-pointer-arithmetic	listed-TU	*countPtr = idx + 1;
src/PC/EffectsCore/FxPrimitives.c	641	fixed-byte-access	listed-TU	if (*(byte *)(p + 0xab) & 2) {
src/PC/EffectsCore/FxPrimitives.c	641	constant-pointer-arithmetic	listed-TU	if (*(byte *)(p + 0xab) & 2) {
src/PC/EffectsCore/FxPrimitives.c	667	fixed-byte-access	listed-TU	if (*(byte *)(p + 0xab) & 2) {
src/PC/EffectsCore/FxPrimitives.c	667	constant-pointer-arithmetic	listed-TU	if (*(byte *)(p + 0xab) & 2) {
src/PC/EffectsCore/FxPrimitives.c	701	fixed-byte-access	listed-TU	if (*(byte *)(p + 0xab) & 2) {
src/PC/EffectsCore/FxPrimitives.c	701	constant-pointer-arithmetic	listed-TU	if (*(byte *)(p + 0xab) & 2) {
src/PC/EffectsCore/FxPrimitives.c	714	fixed-byte-access	listed-TU	if (*(byte *)(p + 0xab) & 2) {
src/PC/EffectsCore/FxPrimitives.c	714	constant-pointer-arithmetic	listed-TU	if (*(byte *)(p + 0xab) & 2) {
src/PC/EffectsCore/FxPrimitives.c	727	fixed-byte-access	listed-TU	if (*(byte *)(p + 0xab) & 2) {
src/PC/EffectsCore/FxPrimitives.c	727	constant-pointer-arithmetic	listed-TU	if (*(byte *)(p + 0xab) & 2) {
src/PC/EffectsCore/FxPrimitives.c	864	small-integer-cast	listed-TU	int v = (int)(f * 255.0f);
src/PC/EffectsCore/FxPrimitives.c	874	small-integer-cast	listed-TU	int v = (int)floorf(f * 255.0f + 0.5f);
src/PC/EffectsCore/FxPrimitives.c	886	constant-pointer-arithmetic	listed-TU	const float *src = (const float *)(self + 0x6c);
src/PC/EffectsCore/FxPrimitives.c	995	fixed-byte-access	listed-TU	FxScheduler_PlayEffect(scheduler, (*(void **)&((Particle *)p)->base.emitEffect), (float *)(p + 4), norm);
src/PC/EffectsCore/FxPrimitives.c	995	constant-pointer-arithmetic	listed-TU	FxScheduler_PlayEffect(scheduler, (*(void **)&((Particle *)p)->base.emitEffect), (float *)(p + 4), norm);
src/PC/EffectsCore/FxPrimitives.c	1062	fixed-byte-access	listed-TU	#define KEY_V(k, i) (*(float *)((byte *)(k) + 4 + (i) * 4))
src/PC/EffectsCore/FxPrimitives.c	1069	constant-pointer-arithmetic	listed-TU	while (KEY_TIME(keys + (keyIdx + 1) * keyStride) < normTime)
src/PC/EffectsCore/FxPrimitives.c	1078	constant-pointer-arithmetic	listed-TU	int componentCount = *(int *)curve + 1;
src/PC/EffectsCore/FxPrimitives.c	1079	constant-pointer-arithmetic	listed-TU	byte *keys = curve + 8;
src/PC/EffectsCore/FxPrimitives.c	1085	constant-pointer-arithmetic	listed-TU	byte *k1 = k0 + 8;
src/PC/EffectsCore/FxPrimitives.c	1095	constant-pointer-arithmetic	listed-TU	int componentCount = *(int *)curve + 1;
src/PC/EffectsCore/FxPrimitives.c	1096	constant-pointer-arithmetic	listed-TU	byte *keys = curve + 8;
src/PC/EffectsCore/FxPrimitives.c	1102	constant-pointer-arithmetic	listed-TU	byte *k1 = k0 + 16;
src/PC/EffectsCore/FxPrimitives.c	1118	fixed-byte-access	listed-TU	if (*(byte *)(self + 0xa9) & 0x20) {
src/PC/EffectsCore/FxPrimitives.c	1118	constant-pointer-arithmetic	listed-TU	if (*(byte *)(self + 0xa9) & 0x20) {
src/PC/EffectsCore/FxPrimitives.c	1124	fixed-byte-access	listed-TU	float scale = *(float *)(((char *)self + offsetof(Light, colorChannelInstance.curveIterator.master)) + 8);
src/PC/EffectsCore/FxPrimitives.c	1132	fixed-byte-access	listed-TU	float scale = *(float *)(((char *)self + offsetof(Light, colorChannelInstance.curveIterator.master)) + 8);
src/PC/EffectsCore/FxPrimitives.c	1142	small-integer-cast	listed-TU	*(void **)self = (byte *)__ZTV6Effect + (2 * (int)sizeof(void *));
src/PC/EffectsCore/FxPrimitives.c	1204	small-integer-cast	listed-TU	*(void **)self = (byte *)__ZTV6Effect + (2 * (int)sizeof(void *));
src/PC/EffectsCore/FxPrimitives.c	1257	fixed-byte-access	listed-TU	if (*(byte *)(self + 0xa9) & 0x20) {
src/PC/EffectsCore/FxPrimitives.c	1257	constant-pointer-arithmetic	listed-TU	if (*(byte *)(self + 0xa9) & 0x20) {
src/PC/EffectsCore/FxPrimitives.c	1263	fixed-byte-access	listed-TU	float scale = *(float *)(((char *)self + offsetof(Particle, colorChannelInstance.curveIterator.master)) + 8);
src/PC/EffectsCore/FxPrimitives.c	1269	fixed-byte-access	listed-TU	float scale = *(float *)(((char *)self + offsetof(Particle, colorChannelInstance.curveIterator.master)) + 8);
src/PC/EffectsCore/FxPrimitives.c	1287	fixed-byte-access	listed-TU	int startTime = *(int *)(p + 0xb8);
src/PC/EffectsCore/FxPrimitives.c	1287	constant-pointer-arithmetic	listed-TU	int startTime = *(int *)(p + 0xb8);
src/PC/EffectsCore/FxPrimitives.c	1295	fixed-byte-access	listed-TU	endTime = *(int *)(p + 0xbc);
src/PC/EffectsCore/FxPrimitives.c	1295	constant-pointer-arithmetic	listed-TU	endTime = *(int *)(p + 0xbc);
src/PC/EffectsCore/FxPrimitives.c	1297	fixed-byte-access	listed-TU	*(float *)(p + 0x3c) = normDuration;
src/PC/EffectsCore/FxPrimitives.c	1297	constant-pointer-arithmetic	listed-TU	*(float *)(p + 0x3c) = normDuration;
src/PC/EffectsCore/FxPrimitives.c	1300	fixed-byte-access	listed-TU	*(float *)(p + 0x3c) = 1.0f;
src/PC/EffectsCore/FxPrimitives.c	1300	constant-pointer-arithmetic	listed-TU	*(float *)(p + 0x3c) = 1.0f;
src/PC/EffectsCore/FxPrimitives.c	1302	fixed-byte-access	listed-TU	if (0.0f > *(float *)(p + 0x3c))
src/PC/EffectsCore/FxPrimitives.c	1302	constant-pointer-arithmetic	listed-TU	if (0.0f > *(float *)(p + 0x3c))
src/PC/EffectsCore/FxPrimitives.c	1303	fixed-byte-access	listed-TU	*(float *)(p + 0x3c) = 0.0f;
src/PC/EffectsCore/FxPrimitives.c	1303	constant-pointer-arithmetic	listed-TU	*(float *)(p + 0x3c) = 0.0f;
src/PC/EffectsCore/FxPrimitives.c	1325	fixed-byte-access	listed-TU	int useBlend = (*(byte *)(self + 0xaa) & 8) != 0;
src/PC/EffectsCore/FxPrimitives.c	1325	constant-pointer-arithmetic	listed-TU	int useBlend = (*(byte *)(self + 0xaa) & 8) != 0;
src/PC/EffectsCore/FxPrimitives.c	1338	fixed-byte-access	listed-TU	if (!(*(byte *)(self + 0xaa) & 0x20)) {
src/PC/EffectsCore/FxPrimitives.c	1338	constant-pointer-arithmetic	listed-TU	if (!(*(byte *)(self + 0xaa) & 0x20)) {
src/PC/EffectsCore/FxPrimitives.c	1355	fixed-byte-access	listed-TU	int useBlend = (*(byte *)(self + 0xaa) & 8) != 0;
src/PC/EffectsCore/FxPrimitives.c	1355	constant-pointer-arithmetic	listed-TU	int useBlend = (*(byte *)(self + 0xaa) & 8) != 0;
src/PC/EffectsCore/FxPrimitives.c	1368	fixed-byte-access	listed-TU	if (!(*(byte *)(self + 0xaa) & 0x20)) {
src/PC/EffectsCore/FxPrimitives.c	1368	constant-pointer-arithmetic	listed-TU	if (!(*(byte *)(self + 0xaa) & 0x20)) {
src/PC/EffectsCore/FxPrimitives.c	1413	small-integer-cast	listed-TU	*(void **)_this = (byte *)__ZTV8Particle + (2 * (int)sizeof(void *));
src/PC/EffectsCore/FxPrimitives.c	1414	constant-pointer-arithmetic	listed-TU	p = (int *)((byte *)_this + 0xc4);
src/PC/EffectsCore/FxPrimitives.c	1423	small-integer-cast	listed-TU	*(void **)self = (byte *)__ZTV6Effect + (2 * (int)sizeof(void *));
src/PC/EffectsCore/FxPrimitives.c	1434	small-integer-cast	listed-TU	*(void **)self = (byte *)__ZTV6Effect + (2 * (int)sizeof(void *));
src/PC/EffectsCore/FxPrimitives.c	1447	small-integer-cast	listed-TU	*(void **)_this = (byte *)__ZTV5Light + (2 * (int)sizeof(void *));
src/PC/EffectsCore/FxPrimitives.c	1453	small-integer-cast	listed-TU	*(void **)self = (byte *)__ZTV6Effect + (2 * (int)sizeof(void *));
src/PC/EffectsCore/FxPrimitives.c	1464	small-integer-cast	listed-TU	*(void **)self = (byte *)__ZTV6Effect + (2 * (int)sizeof(void *));
src/PC/EffectsCore/FxPrimitives.c	1480	fixed-byte-access	listed-TU	if (*(byte *)(self + 0xaa) & 2) {
src/PC/EffectsCore/FxPrimitives.c	1480	constant-pointer-arithmetic	listed-TU	if (*(byte *)(self + 0xaa) & 2) {
src/PC/EffectsCore/FxPrimitives.c	1484	fixed-byte-access	listed-TU	tailLen = (v0 + (v1 - v0) * blendFactor) * *(float *)(((char *)self + offsetof(Tail, lengthChannelInstance.curveIterator.master)) + 8);
src/PC/EffectsCore/FxPrimitives.c	1486	fixed-byte-access	listed-TU	tailLen = EvalCurve1( (byte *)(((char *)self + offsetof(Tail, lengthChannelInstance.curveIterator.master))), normTime) * *(float *)(((char *)self + offsetof(Tail, lengthChannelInstance.curveIterator.master)) + 8);
src/PC/EffectsCore/FxPrimitives.c	1533	fixed-byte-access	listed-TU	radius = (v0 + (v1 - v0) * bf) * *(float *)(((char *)self + offsetof(Light, sizeChannelInstance.curveIterator.master)) + 8);
src/PC/EffectsCore/FxPrimitives.c	1535	fixed-byte-access	listed-TU	radius = EvalCurve1( (byte *)(((char *)self + offsetof(Light, sizeChannelInstance.curveIterator.master))), normTime) * *(float *)(((char *)self + offsetof(Light, sizeChannelInstance.curveIterator.master)) + 8);
src/PC/EffectsCore/FxPrimitives.c	1542	constant-pointer-arithmetic	listed-TU	OrientationPosToWorldPos(orient, (vec_t *)(self + 4), (vec_t *)&((Light *)self)->base.mRefEnt.origin[0]);
src/PC/EffectsCore/FxPrimitives.c	1556	fixed-byte-access	listed-TU	if (*(byte *)(self + 0xaa) & 8) {
src/PC/EffectsCore/FxPrimitives.c	1556	constant-pointer-arithmetic	listed-TU	if (*(byte *)(self + 0xaa) & 8) {
src/PC/EffectsCore/FxPrimitives.c	1561	fixed-byte-access	listed-TU	vx = (v0x + (v1x - v0x) * bfx) * *(float *)(((char *)self + offsetof(Particle, velocityXChannelInstance.curveIterator.master)) + 8);
src/PC/EffectsCore/FxPrimitives.c	1566	fixed-byte-access	listed-TU	vy = (v0y + (v1y - v0y) * bfy) * *(float *)(((char *)self + offsetof(Particle, velocityYChannelInstance.curveIterator.master)) + 8);
src/PC/EffectsCore/FxPrimitives.c	1571	fixed-byte-access	listed-TU	vz = (v0z + (v1z - v0z) * bfz) * *(float *)(((char *)self + offsetof(Particle, velocityZChannelInstance.curveIterator.master)) + 8);
src/PC/EffectsCore/FxPrimitives.c	1574	fixed-byte-access	listed-TU	vx = EvalCurve1( (byte *)(((char *)self + offsetof(Particle, velocityXChannelInstance.curveIterator.master))), normTime) * *(float *)(((char *)self + offsetof(Particle, velocityXChannelInstance.curveIterator.master)) + 8);
src/PC/EffectsCore/FxPrimitives.c	1575	fixed-byte-access	listed-TU	vy = EvalCurve1( (byte *)(((char *)self + offsetof(Particle, velocityYChannelInstance.curveIterator.master))), normTime) * *(float *)(((char *)self + offsetof(Particle, velocityYChannelInstance.curveIterator.master)) + 8);
src/PC/EffectsCore/FxPrimitives.c	1576	fixed-byte-access	listed-TU	vz = EvalCurve1( (byte *)(((char *)self + offsetof(Particle, velocityZChannelInstance.curveIterator.master))), normTime) * *(float *)(((char *)self + offsetof(Particle, velocityZChannelInstance.curveIterator.master)) + 8);
src/PC/EffectsCore/FxPrimitives.c	1579	fixed-byte-access	listed-TU	if (!(*(byte *)(self + 0xaa) & 0x20)) {
src/PC/EffectsCore/FxPrimitives.c	1579	constant-pointer-arithmetic	listed-TU	if (!(*(byte *)(self + 0xaa) & 0x20)) {
src/PC/EffectsCore/FxPrimitives.c	1594	fixed-byte-access	listed-TU	if (*(byte *)(self + 0xaa) & 8) {
src/PC/EffectsCore/FxPrimitives.c	1594	constant-pointer-arithmetic	listed-TU	if (*(byte *)(self + 0xaa) & 8) {
src/PC/EffectsCore/FxPrimitives.c	1598	fixed-byte-access	listed-TU	vx = (v0x + (v1x - v0x) * bfx) * *(float *)(((char *)self + offsetof(Particle, velocity2XChannelInstance.curveIterator.master)) + 8);
src/PC/EffectsCore/FxPrimitives.c	1603	fixed-byte-access	listed-TU	vy = (v0y + (v1y - v0y) * bfy) * *(float *)(((char *)self + offsetof(Particle, velocity2YChannelInstance.curveIterator.master)) + 8);
src/PC/EffectsCore/FxPrimitives.c	1608	fixed-byte-access	listed-TU	vz = (v0z + (v1z - v0z) * bfz) * *(float *)(((char *)self + offsetof(Particle, velocity2ZChannelInstance.curveIterator.master)) + 8);
src/PC/EffectsCore/FxPrimitives.c	1610	fixed-byte-access	listed-TU	vx = EvalCurve1( (byte *)(((char *)self + offsetof(Particle, velocity2XChannelInstance.curveIterator.master))), normTime) * *(float *)(((char *)self + offsetof(Particle, velocity2XChannelInstance.curveIterator.master)) + 8);
src/PC/EffectsCore/FxPrimitives.c	1611	fixed-byte-access	listed-TU	vy = EvalCurve1( (byte *)(((char *)self + offsetof(Particle, velocity2YChannelInstance.curveIterator.master))), normTime) * *(float *)(((char *)self + offsetof(Particle, velocity2YChannelInstance.curveIterator.master)) + 8);
src/PC/EffectsCore/FxPrimitives.c	1612	fixed-byte-access	listed-TU	vz = EvalCurve1( (byte *)(((char *)self + offsetof(Particle, velocity2ZChannelInstance.curveIterator.master))), normTime) * *(float *)(((char *)self + offsetof(Particle, velocity2ZChannelInstance.curveIterator.master)) + 8);
src/PC/EffectsCore/FxPrimitives.c	1615	fixed-byte-access	listed-TU	if (!(*(byte *)(self + 0xaa) & 0x20)) {
src/PC/EffectsCore/FxPrimitives.c	1615	constant-pointer-arithmetic	listed-TU	if (!(*(byte *)(self + 0xaa) & 0x20)) {
src/PC/EffectsCore/FxPrimitives.c	1633	small-integer-cast	listed-TU	int duration = (int)((float)lifetime * normTime);
src/PC/EffectsCore/FxPrimitives.c	1723	fixed-byte-access	listed-TU	boltInfo = (byte *)((*(byte **)&((Effect *)(self))->mBolt.value)) + 0x3c;
src/PC/EffectsCore/FxPrimitives.c	1754	small-integer-cast	listed-TU	dif = (int)(ftimeTotal * 1000.0f);
src/PC/EffectsCore/FxPrimitives.c	1858	fixed-byte-access	listed-TU	if (*(byte *)(self + 0xab) & 1)
src/PC/EffectsCore/FxPrimitives.c	1858	constant-pointer-arithmetic	listed-TU	if (*(byte *)(self + 0xab) & 1)
src/PC/EffectsCore/FxPrimitives.c	1877	constant-pointer-arithmetic	listed-TU	float *origin = (float *)(self + 4);
src/PC/EffectsCore/FxPrimitives.c	1919	fixed-byte-access	listed-TU	FxScheduler_PlayEffect(*(void **)imp_theFxScheduler, (*(void **)&((Effect *)self)->deathEffect), endpos, (vec_t *)(trace + 0x04));
src/PC/EffectsCore/FxPrimitives.c	1919	constant-pointer-arithmetic	listed-TU	FxScheduler_PlayEffect(*(void **)imp_theFxScheduler, (*(void **)&((Effect *)self)->deathEffect), endpos, (vec_t *)(trace + 0x04));
src/PC/EffectsCore/FxPrimitives.c	1932	constant-pointer-arithmetic	listed-TU	Particle_ApplyImpact(_this, or_, newNormTime, velocity, fraction, (vec_t *)(trace + 0x04));
src/PC/EffectsCore/FxPrimitives.c	1993	constant-pointer-arithmetic	listed-TU	OrientationPosToWorldPos(orient, (vec_t *)(self + 4), worldPos);
src/PC/EffectsCore/FxPrimitives.c	2014	fixed-byte-access	listed-TU	radius = (v0 + (v1 - v0) * bf) * *(float *)(((char *)self + offsetof(Emitter, _base[372])) + 8);
src/PC/EffectsCore/FxPrimitives.c	2016	fixed-byte-access	listed-TU	radius = EvalCurve1( (byte *)(((char *)self + offsetof(Emitter, _base[372]))), normTime) * *(float *)(((char *)self + offsetof(Emitter, _base[372])) + 8);
src/PC/EffectsCore/FxPrimitives.c	2037	fixed-byte-access	listed-TU	if (*(byte *)(self + 0xa9) & 0x40) {
src/PC/EffectsCore/FxPrimitives.c	2037	constant-pointer-arithmetic	listed-TU	if (*(byte *)(self + 0xa9) & 0x40) {
src/PC/EffectsCore/FxPrimitives.c	2046	fixed-byte-access	listed-TU	alpha *= *(float *)(((char *)self + offsetof(Particle, alphaChannelInstance.curveIterator.master)) + 8);
src/PC/EffectsCore/FxPrimitives.c	2056	small-integer-cast	listed-TU	[3] = (byte)(int)(alpha * 255.0f);
src/PC/EffectsCore/FxPrimitives.c	2060	small-integer-cast	listed-TU	[0] = (byte)(int)((float)((byte *)((byte *)(self) + offsetof(Effect, mRefEnt.materialRGBA)))[0] * alpha);
src/PC/EffectsCore/FxPrimitives.c	2062	small-integer-cast	listed-TU	[1] = (byte)(int)((float)((byte *)((byte *)(self) + offsetof(Effect, mRefEnt.materialRGBA)))[1] * alpha);
src/PC/EffectsCore/FxPrimitives.c	2064	small-integer-cast	listed-TU	[2] = (byte)(int)((float)((byte *)((byte *)(self) + offsetof(Effect, mRefEnt.materialRGBA)))[2] * alpha);
src/PC/EffectsCore/FxPrimitives.c	2110	constant-pointer-arithmetic	listed-TU	OrientationPosToWorldPos(orient, (vec_t *)(self + 4), (vec_t *)(self + 0x7c));
src/PC/EffectsCore/FxPrimitives.c	2118	fixed-byte-access	listed-TU	if (*(byte *)(self + 0xaa) & 2) {
src/PC/EffectsCore/FxPrimitives.c	2118	constant-pointer-arithmetic	listed-TU	if (*(byte *)(self + 0xaa) & 2) {
src/PC/EffectsCore/FxPrimitives.c	2119	fixed-byte-access	listed-TU	float bf = *(float *)(self + 0x25c);
src/PC/EffectsCore/FxPrimitives.c	2119	constant-pointer-arithmetic	listed-TU	float bf = *(float *)(self + 0x25c);
src/PC/EffectsCore/FxPrimitives.c	2120	fixed-byte-access	listed-TU	tailLen = (EvalCurve1(self + 0x260, normTime) + (EvalCurve1(self + 0x26c, normTime) - EvalCurve1(self + 0x260, normTime)) * bf) * *(float *)(self + 0x260 + 8);
src/PC/EffectsCore/FxPrimitives.c	2120	constant-pointer-arithmetic	listed-TU	tailLen = (EvalCurve1(self + 0x260, normTime) + (EvalCurve1(self + 0x26c, normTime) - EvalCurve1(self + 0x260, normTime)) * bf) * *(float *)(self + 0x260 + 8);
src/PC/EffectsCore/FxPrimitives.c	2122	fixed-byte-access	listed-TU	tailLen = EvalCurve1(self + 0x260, normTime) * *(float *)(self + 0x260 + 8);
src/PC/EffectsCore/FxPrimitives.c	2122	constant-pointer-arithmetic	listed-TU	tailLen = EvalCurve1(self + 0x260, normTime) * *(float *)(self + 0x260 + 8);
src/PC/EffectsCore/FxPrimitives.c	2128	constant-pointer-arithmetic	listed-TU	OrientationPosToWorldPos(orient, (vec_t *)(self + 0x9c), (vec_t *)(self + 0x9c));
src/PC/EffectsCore/FxPrimitives.c	2133	fixed-byte-access	listed-TU	radius1 = (EvalCurve1(self + 0x174, normTime) + (EvalCurve1(self + 0x180, normTime) - EvalCurve1(self + 0x174, normTime)) * bf) * *(float *)(self + 0x174 + 8);
src/PC/EffectsCore/FxPrimitives.c	2133	constant-pointer-arithmetic	listed-TU	radius1 = (EvalCurve1(self + 0x174, normTime) + (EvalCurve1(self + 0x180, normTime) - EvalCurve1(self + 0x174, normTime)) * bf) * *(float *)(self + 0x174 + 8);
src/PC/EffectsCore/FxPrimitives.c	2135	fixed-byte-access	listed-TU	if (*(byte *)(self + 0xaa) & 4) {
src/PC/EffectsCore/FxPrimitives.c	2135	constant-pointer-arithmetic	listed-TU	if (*(byte *)(self + 0xaa) & 4) {
src/PC/EffectsCore/FxPrimitives.c	2137	fixed-byte-access	listed-TU	radius2 = (EvalCurve1(self + 0x198, normTime) + (EvalCurve1(self + 0x1a4, normTime) - EvalCurve1(self + 0x198, normTime)) * bf2) * *(float *)(self + 0x198 + 8);
src/PC/EffectsCore/FxPrimitives.c	2137	constant-pointer-arithmetic	listed-TU	radius2 = (EvalCurve1(self + 0x198, normTime) + (EvalCurve1(self + 0x1a4, normTime) - EvalCurve1(self + 0x198, normTime)) * bf2) * *(float *)(self + 0x198 + 8);
src/PC/EffectsCore/FxPrimitives.c	2139	fixed-byte-access	listed-TU	radius2 = EvalCurve1(self + 0x198, normTime) * *(float *)(self + 0x198 + 8);
src/PC/EffectsCore/FxPrimitives.c	2139	constant-pointer-arithmetic	listed-TU	radius2 = EvalCurve1(self + 0x198, normTime) * *(float *)(self + 0x198 + 8);
src/PC/EffectsCore/FxPrimitives.c	2142	fixed-byte-access	listed-TU	radius1 = EvalCurve1(self + 0x174, normTime) * *(float *)(self + 0x174 + 8);
src/PC/EffectsCore/FxPrimitives.c	2142	constant-pointer-arithmetic	listed-TU	radius1 = EvalCurve1(self + 0x174, normTime) * *(float *)(self + 0x174 + 8);
src/PC/EffectsCore/FxPrimitives.c	2143	fixed-byte-access	listed-TU	if (*(byte *)(self + 0xaa) & 4) {
src/PC/EffectsCore/FxPrimitives.c	2143	constant-pointer-arithmetic	listed-TU	if (*(byte *)(self + 0xaa) & 4) {
src/PC/EffectsCore/FxPrimitives.c	2145	fixed-byte-access	listed-TU	radius2 = (EvalCurve1(self + 0x198, normTime) + (EvalCurve1(self + 0x1a4, normTime) - EvalCurve1(self + 0x198, normTime)) * bf2) * *(float *)(self + 0x198 + 8);
src/PC/EffectsCore/FxPrimitives.c	2145	constant-pointer-arithmetic	listed-TU	radius2 = (EvalCurve1(self + 0x198, normTime) + (EvalCurve1(self + 0x1a4, normTime) - EvalCurve1(self + 0x198, normTime)) * bf2) * *(float *)(self + 0x198 + 8);
src/PC/EffectsCore/FxPrimitives.c	2147	fixed-byte-access	listed-TU	radius2 = EvalCurve1(self + 0x198, normTime) * *(float *)(self + 0x198 + 8);
src/PC/EffectsCore/FxPrimitives.c	2147	constant-pointer-arithmetic	listed-TU	radius2 = EvalCurve1(self + 0x198, normTime) * *(float *)(self + 0x198 + 8);
src/PC/EffectsCore/FxPrimitives.c	2202	constant-pointer-arithmetic	listed-TU	OrientationPosToWorldPos(orient, (vec_t *)(self + 4), (vec_t *)&((Tail *)self)->base.base.mRefEnt.origin[0]);
src/PC/EffectsCore/FxPrimitives.c	2210	fixed-byte-access	listed-TU	if (*(byte *)(self + 0xaa) & 2) {
src/PC/EffectsCore/FxPrimitives.c	2210	constant-pointer-arithmetic	listed-TU	if (*(byte *)(self + 0xaa) & 2) {
src/PC/EffectsCore/FxPrimitives.c	2214	fixed-byte-access	listed-TU	tailLen = (v0 + (v1 - v0) * bf) * *(float *)(((char *)self + offsetof(Tail, lengthChannelInstance.curveIterator.master)) + 8);
src/PC/EffectsCore/FxPrimitives.c	2216	fixed-byte-access	listed-TU	tailLen = EvalCurve1( (byte *)(((char *)self + offsetof(Tail, lengthChannelInstance.curveIterator.master))), normTime) * *(float *)(((char *)self + offsetof(Tail, lengthChannelInstance.curveIterator.master)) + 8);
src/PC/EffectsCore/FxPrimitives.c	2228	fixed-byte-access	listed-TU	radius = (EvalCurve1( (byte *)(((char *)self + offsetof(Tail, base.sizeChannelInstance.curveIterator.master))), normTime) + (EvalCurve1((byte *)((char *)self + offsetof(Tail, base.sizeRandChannelInstance.curveIterator.master)), normTime) - EvalCurve1((byte *)((char *)self + offsetof(Tail, base.sizeChannelInstance.curveIterator.master)), normTime)) * bf) * *(float *)(((char *)self + offsetof(Tail, base.sizeChannelInstance.curveIterator.master)) + 8);
src/PC/EffectsCore/FxPrimitives.c	2230	fixed-byte-access	listed-TU	radius = EvalCurve1( (byte *)(((char *)self + offsetof(Tail, base.sizeChannelInstance.curveIterator.master))), normTime) * *(float *)(((char *)self + offsetof(Tail, base.sizeChannelInstance.curveIterator.master)) + 8);
src/PC/EffectsCore/FxPrimitives.c	2285	constant-pointer-arithmetic	listed-TU	OrientationPosToWorldPos(orient, (vec_t *)(self + 4), (vec_t *)&((Line *)self)->_base[124]);
src/PC/EffectsCore/FxPrimitives.c	2293	constant-pointer-arithmetic	listed-TU	OrientationPosToWorldPos(orient, (vec_t *)(self + 0x24c), (vec_t *)&((Line *)self)->_base[156]);
src/PC/EffectsCore/FxPrimitives.c	2303	fixed-byte-access	listed-TU	radius = (EvalCurve1( (byte *)(((char *)self + offsetof(Line, _base[372]))), normTime) + (EvalCurve1((byte *)((char *)self + offsetof(Line, _base[384])), normTime) - EvalCurve1((byte *)((char *)self + offsetof(Line, _base[372])), normTime)) * bf) * *(float *)(((char *)self + offsetof(Line, _base[372])) + 8);
src/PC/EffectsCore/FxPrimitives.c	2305	fixed-byte-access	listed-TU	radius = EvalCurve1( (byte *)(((char *)self + offsetof(Line, _base[372]))), normTime) * *(float *)(((char *)self + offsetof(Line, _base[372])) + 8);
src/PC/EffectsCore/FxPrimitives.c	2361	constant-pointer-arithmetic	listed-TU	OrientationPosToWorldPos(orient, (vec_t *)(self + 4), (vec_t *)&((Cloud *)self)->base.base.mRefEnt.origin[0]);
src/PC/EffectsCore/FxPrimitives.c	2371	fixed-byte-access	listed-TU	radius = (EvalCurve1( (byte *)(((char *)self + offsetof(Cloud, base.sizeChannelInstance.curveIterator.master))), normTime) + (EvalCurve1((byte *)((char *)self + offsetof(Cloud, base.sizeRandChannelInstance.curveIterator.master)), normTime) - EvalCurve1((byte *)((char *)self + offsetof(Cloud, base.sizeChannelInstance.curveIterator.master)), normTime)) * bf) * *(float *)(((char *)self + offsetof(Cloud, base.sizeChannelInstance.curveIterator.master)) + 8);
src/PC/EffectsCore/FxPrimitives.c	2373	fixed-byte-access	listed-TU	radius = EvalCurve1( (byte *)(((char *)self + offsetof(Cloud, base.sizeChannelInstance.curveIterator.master))), normTime) * *(float *)(((char *)self + offsetof(Cloud, base.sizeChannelInstance.curveIterator.master)) + 8);
src/PC/EffectsCore/FxPrimitives.c	2382	fixed-byte-access	listed-TU	if (*(byte *)(self + 0xaa) & 2) {
src/PC/EffectsCore/FxPrimitives.c	2382	constant-pointer-arithmetic	listed-TU	if (*(byte *)(self + 0xaa) & 2) {
src/PC/EffectsCore/FxPrimitives.c	2384	fixed-byte-access	listed-TU	height = (EvalCurve1( (byte *)(((char *)self + offsetof(Cloud, heightChannel.curveIterator.master))), normTime) + (EvalCurve1((byte *)((char *)self + offsetof(Cloud, heightRandChannel.curveIterator.master)), normTime) - EvalCurve1((byte *)((char *)self + offsetof(Cloud, heightChannel.curveIterator.master)), normTime)) * bf) * *(float *)(((char *)self + offsetof(Cloud, heightChannel.curveIterator.master)) + 8);
src/PC/EffectsCore/FxPrimitives.c	2386	fixed-byte-access	listed-TU	height = EvalCurve1( (byte *)(((char *)self + offsetof(Cloud, heightChannel.curveIterator.master))), normTime) * *(float *)(((char *)self + offsetof(Cloud, heightChannel.curveIterator.master)) + 8);
src/PC/EffectsCore/FxPrimitives.c	2394	fixed-byte-access	listed-TU	if (*(byte *)(self + 0xaa) & 1) {
src/PC/EffectsCore/FxPrimitives.c	2394	constant-pointer-arithmetic	listed-TU	if (*(byte *)(self + 0xaa) & 1) {
src/PC/EffectsCore/FxPrimitives.c	2396	fixed-byte-access	listed-TU	if (*(byte *)(self + 0xaa) & 0x10) {
src/PC/EffectsCore/FxPrimitives.c	2396	constant-pointer-arithmetic	listed-TU	if (*(byte *)(self + 0xaa) & 0x10) {
src/PC/EffectsCore/FxPrimitives.c	2398	fixed-byte-access	listed-TU	rot = (EvalCurve1( (byte *)(((char *)self + offsetof(Cloud, base.size2ChannelInstance.curveIterator.master))), normTime) + (EvalCurve1((byte *)((char *)self + offsetof(Cloud, base.size2RandChannelInstance.curveIterator.master)), normTime) - EvalCurve1((byte *)((char *)self + offsetof(Cloud, base.size2ChannelInstance.curveIterator.master)), normTime)) * bf) * *(float *)(((char *)self + offsetof(Cloud, base.size2ChannelInstance.curveIterator.master)) + 8);
src/PC/EffectsCore/FxPrimitives.c	2400	fixed-byte-access	listed-TU	rot = EvalCurve1( (byte *)(((char *)self + offsetof(Cloud, base.size2ChannelInstance.curveIterator.master))), normTime) * *(float *)(((char *)self + offsetof(Cloud, base.size2ChannelInstance.curveIterator.master)) + 8);
src/PC/EffectsCore/FxPrimitives.c	2450	constant-pointer-arithmetic	listed-TU	OrientationPosToWorldPos(orient, (vec_t *)(self + 4), (vec_t *)&((OrientedParticle *)self)->_base[124]);
src/PC/EffectsCore/FxPrimitives.c	2452	constant-pointer-arithmetic	listed-TU	OrientationDirFromWorldDir(orient, (vec_t *)(self + 0x24c), (vec_t *)&((OrientedParticle *)self)->_base[156]);
src/PC/EffectsCore/FxPrimitives.c	2465	fixed-byte-access	listed-TU	radius = (EvalCurve1( (byte *)(((char *)self + offsetof(OrientedParticle, _base[372]))), normTime) + (EvalCurve1((byte *)((char *)self + offsetof(OrientedParticle, _base[384])), normTime) - EvalCurve1((byte *)((char *)self + offsetof(OrientedParticle, _base[372])), normTime)) * bf) * *(float *)(((char *)self + offsetof(OrientedParticle, _base[372])) + 8);
src/PC/EffectsCore/FxPrimitives.c	2467	fixed-byte-access	listed-TU	radius = EvalCurve1( (byte *)(((char *)self + offsetof(OrientedParticle, _base[372]))), normTime) * *(float *)(((char *)self + offsetof(OrientedParticle, _base[372])) + 8);
src/PC/EffectsCore/FxPrimitives.c	2479	fixed-byte-access	listed-TU	rot = (EvalCurve1( (byte *)(((char *)self + offsetof(OrientedParticle, _base[396]))), normTime) + (EvalCurve1((byte *)((char *)self + offsetof(OrientedParticle, _base[408])), normTime) - EvalCurve1((byte *)((char *)self + offsetof(OrientedParticle, _base[396])), normTime)) * bf) * *(float *)(((char *)self + offsetof(OrientedParticle, _base[396])) + 8);
src/PC/EffectsCore/FxPrimitives.c	2481	fixed-byte-access	listed-TU	rot = EvalCurve1( (byte *)(((char *)self + offsetof(OrientedParticle, _base[396]))), normTime) * *(float *)(((char *)self + offsetof(OrientedParticle, _base[396])) + 8);
src/PC/EffectsCore/FxPrimitives.c	2537	constant-pointer-arithmetic	listed-TU	OrientationPosToWorldPos(orient, (vec_t *)(self + 4), worldPos);
src/PC/EffectsCore/FxPrimitives.c	2553	fixed-byte-access	listed-TU	radius = (v0 + (v1 - v0) * blendFactor) * *(float *)(((char *)self + offsetof(Particle, sizeChannelInstance.curveIterator.master)) + 8);
src/PC/EffectsCore/FxPrimitives.c	2555	fixed-byte-access	listed-TU	radius = EvalCurve1( (byte *)(((char *)self + offsetof(Particle, sizeChannelInstance.curveIterator.master))), normTime) * *(float *)(((char *)self + offsetof(Particle, sizeChannelInstance.curveIterator.master)) + 8);
src/PC/EffectsCore/FxPrimitives.c	2565	fixed-byte-access	listed-TU	if (*(byte *)(self + 0xaa) & 1) {
src/PC/EffectsCore/FxPrimitives.c	2565	constant-pointer-arithmetic	listed-TU	if (*(byte *)(self + 0xaa) & 1) {
src/PC/EffectsCore/FxPrimitives.c	2571	fixed-byte-access	listed-TU	if (*(byte *)(self + 0xaa) & 1) {
src/PC/EffectsCore/FxPrimitives.c	2571	constant-pointer-arithmetic	listed-TU	if (*(byte *)(self + 0xaa) & 1) {
src/PC/EffectsCore/FxPrimitives.c	2572	fixed-byte-access	listed-TU	rotation = EvalCurve1( (byte *)(((char *)self + offsetof(Particle, size2ChannelInstance.curveIterator.master))), normTime) * *(float *)(((char *)self + offsetof(Particle, size2ChannelInstance.curveIterator.master)) + 8);
src/PC/EffectsCore/FxPrimitives.c	2624	fixed-byte-access	listed-TU	f = *(float *)(self + offset + 4);
src/PC/EffectsCore/FxPrimitives.c	2624	constant-pointer-arithmetic	listed-TU	f = *(float *)(self + offset + 4);
src/PC/EffectsCore/FxPrimitives.c	2626	fixed-byte-access	listed-TU	f = *(float *)(self + offset + 8);
src/PC/EffectsCore/FxPrimitives.c	2626	constant-pointer-arithmetic	listed-TU	f = *(float *)(self + offset + 8);
src/PC/EffectsCore/FxPrimitives.c	2724	constant-pointer-arithmetic	listed-TU	end_xyz = (float *)(self + 0x24c);
src/PC/EffectsCore/FxPrimitives.c	2726	constant-pointer-arithmetic	listed-TU	FxArchive_ReadData((const FxArchive *)(arch), self + 0x24c, 0xc);
src/PC/EffectsCore/FxPrimitives.c	2784	constant-pointer-arithmetic	listed-TU	end_xyz = (float *)(self + 0x24c);
src/PC/EffectsCore/FxPrimitives.c	2786	constant-pointer-arithmetic	listed-TU	FxArchive_ReadData((const FxArchive *)(arch), self + 0x24c, 0xc);
src/PC/EffectsCore/FxPrimitives.c	2856	small-integer-cast	listed-TU	*(void **)self = (byte *)__ZTV6Effect + (2 * (int)sizeof(void *));
src/PC/EffectsCore/FxPrimitives.c	2869	small-integer-cast	listed-TU	*(void **)self = (byte *)__ZTV6Effect + (2 * (int)sizeof(void *));
src/PC/EffectsCore/FxPrimitives.c	2880	small-integer-cast	listed-TU	*(void **)_this = (byte *)__ZTV8Cylinder + (2 * (int)sizeof(void *));
src/PC/EffectsCore/FxPrimitives.c	2886	small-integer-cast	listed-TU	*(void **)_this = (byte *)__ZTV16OrientedParticle + (2 * (int)sizeof(void *));
src/PC/EffectsCore/FxPrimitives.c	2892	small-integer-cast	listed-TU	*(void **)self = (byte *)__ZTV6Effect + (2 * (int)sizeof(void *));
src/PC/EffectsCore/FxPrimitives.c	2903	small-integer-cast	listed-TU	*(void **)self = (byte *)__ZTV6Effect + (2 * (int)sizeof(void *));
src/PC/EffectsCore/FxPrimitives.c	2922	small-integer-cast	listed-TU	*(void **)p = (byte *)__ZTV5Cloud + (2 * (int)sizeof(void *));
src/PC/EffectsCore/FxPrimitives.c	2928	fixed-byte-access	listed-TU	*(float *)(q + 0x24c) = flrand(-1.0f, 1.0f);
src/PC/EffectsCore/FxPrimitives.c	2928	constant-pointer-arithmetic	listed-TU	*(float *)(q + 0x24c) = flrand(-1.0f, 1.0f);
src/PC/EffectsCore/FxPrimitives.c	2946	small-integer-cast	listed-TU	*(void **)self = (byte *)__ZTV6Effect + (2 * (int)sizeof(void *));
src/PC/EffectsCore/FxPrimitives.c	2957	small-integer-cast	listed-TU	*(void **)self = (byte *)__ZTV6Effect + (2 * (int)sizeof(void *));
src/PC/EffectsCore/FxPrimitives.c	2970	small-integer-cast	listed-TU	*(void **)_this = (byte *)__ZTV4Line + (2 * (int)sizeof(void *));
src/PC/EffectsCore/FxPrimitives.c	2976	small-integer-cast	listed-TU	*(void **)self = (byte *)__ZTV6Effect + (2 * (int)sizeof(void *));
src/PC/EffectsCore/FxPrimitives.c	2987	small-integer-cast	listed-TU	*(void **)self = (byte *)__ZTV6Effect + (2 * (int)sizeof(void *));
src/PC/EffectsCore/FxPrimitives.c	3000	small-integer-cast	listed-TU	*(void **)_this = (byte *)__ZTV4Tail + (2 * (int)sizeof(void *));
src/PC/EffectsCore/FxPrimitives.c	3006	small-integer-cast	listed-TU	*(void **)self = (byte *)__ZTV6Effect + (2 * (int)sizeof(void *));
src/PC/EffectsCore/FxPrimitives.c	3017	small-integer-cast	listed-TU	*(void **)self = (byte *)__ZTV6Effect + (2 * (int)sizeof(void *));
src/PC/EffectsCore/FxPrimitives.c	3030	small-integer-cast	listed-TU	*(void **)_this = (byte *)__ZTV7Emitter + (2 * (int)sizeof(void *));
src/PC/EffectsCore/FxPrimitives.c	3036	small-integer-cast	listed-TU	*(void **)self = (byte *)__ZTV6Effect + (2 * (int)sizeof(void *));
src/PC/EffectsCore/FxPrimitives.c	3047	small-integer-cast	listed-TU	*(void **)self = (byte *)__ZTV6Effect + (2 * (int)sizeof(void *));
src/PC/EffectsCore/FxPrimitives.c	3074	small-integer-cast	listed-TU	*(void **)self = (byte *)__ZTV6Effect + (2 * (int)sizeof(void *));
src/PC/EffectsCore/FxPrimitives.c	3087	small-integer-cast	listed-TU	*(void **)self = (byte *)__ZTV6Effect + (2 * (int)sizeof(void *));
src/PC/EffectsCore/FxPrimitives.c	3112	constant-pointer-arithmetic	listed-TU	* Object vptr points to &vtable[2] (i.e. (byte *)vtable + 2 * sizeof(void *)).
src/PC/EffectsCore/FxScheduler.c	185	small-integer-cast	listed-TU	boltFrame->_placeholder = (int)(size_t)(void *)newFrame;
src/PC/EffectsCore/FxScheduler.c	219	constant-pointer-arithmetic	listed-TU	RotatePointAroundVector(rotated, (const vec_t *)ax, (const vec_t *)axis + 3, angle);
src/PC/EffectsCore/FxScheduler.c	368	small-integer-cast	listed-TU	(unsigned)fx->mPrimitiveCount > 64u)
src/PC/EffectsCore/FxScheduler.c	412	small-integer-cast	listed-TU	count = (int)(fcount + 0.5f);
src/PC/EffectsCore/FxScheduler.c	435	small-integer-cast	listed-TU	delay = (int)((float)t * factor);
src/PC/EffectsCore/FxScheduler.c	439	small-integer-cast	listed-TU	delay = (int)fdelay;
src/PC/EffectsCore/FxScheduler.c	474	small-integer-cast	listed-TU	((FxScheduler *)_this)->mScheduledCount = (int)(size_t)sfx;
src/PC/EffectsCore/FxScheduler.c	528	constant-pointer-arithmetic	listed-TU	int keyStride = curve->dimensionCount + 1;
src/PC/EffectsCore/FxScheduler.c	550	constant-pointer-arithmetic	listed-TU	int stride = curve->dimensionCount + 1;
src/PC/EffectsCore/FxScheduler.c	558	constant-pointer-arithmetic	listed-TU	out[0] = keyBase[1] + (keyBase[stride + 1] - keyBase[1]) * frac;
src/PC/EffectsCore/FxScheduler.c	559	constant-pointer-arithmetic	listed-TU	out[1] = keyBase[2] + (keyBase[stride + 2] - keyBase[2]) * frac;
src/PC/EffectsCore/FxScheduler.c	560	constant-pointer-arithmetic	listed-TU	out[2] = keyBase[3] + (keyBase[stride + 3] - keyBase[3]) * frac;
src/PC/EffectsCore/FxScheduler.c	614	constant-pointer-arithmetic	listed-TU	int stride = randCurve->dimensionCount + 1;
src/PC/EffectsCore/FxScheduler.c	620	constant-pointer-arithmetic	listed-TU	randColor[0] = keyBase[1] + (keyBase[stride + 1] - keyBase[1]) * frac;
src/PC/EffectsCore/FxScheduler.c	621	constant-pointer-arithmetic	listed-TU	randColor[1] = keyBase[2] + (keyBase[stride + 2] - keyBase[2]) * frac;
src/PC/EffectsCore/FxScheduler.c	622	constant-pointer-arithmetic	listed-TU	randColor[2] = keyBase[3] + (keyBase[stride + 3] - keyBase[3]) * frac;
src/PC/EffectsCore/FxScheduler.c	882	small-integer-cast	listed-TU	newSfx->mScheduledNext = (int)(size_t)sched_self->mScheduledHead;
src/PC/EffectsCore/FxScheduler_load_obj.c	122	constant-pointer-arithmetic	listed-TU	buf = (char *)Hunk_AllocateTempMemoryInternal(fileLength + 1);
src/PC/EffectsCore/FxScheduler_load_obj.c	235	constant-pointer-arithmetic	listed-TU	Com_StripExtension(fileName + 3, strippedFileName);
src/PC/EffectsCore/FxTemplate.c	177	small-integer-cast	listed-TU	int iv = (int)val;
src/PC/EffectsCore/FxTemplate.c	198	fixed-byte-access	listed-TU	*(float *)(_this + channelOffset + 4) = maxRange;
src/PC/EffectsCore/FxTemplate.c	198	constant-pointer-arithmetic	listed-TU	*(float *)(_this + channelOffset + 4) = maxRange;
src/PC/EffectsCore/FxTemplate.c	199	fixed-byte-access	listed-TU	*(float *)(_this + channelOffset + 8) = maxRange;
src/PC/EffectsCore/FxTemplate.c	199	constant-pointer-arithmetic	listed-TU	*(float *)(_this + channelOffset + 8) = maxRange;
src/PC/EffectsCore/FxTemplate.c	219	fixed-byte-access	listed-TU	*(float *)(_this + channelOffset + 4) = range;
src/PC/EffectsCore/FxTemplate.c	219	constant-pointer-arithmetic	listed-TU	*(float *)(_this + channelOffset + 4) = range;
src/PC/EffectsCore/FxTemplate.c	220	fixed-byte-access	listed-TU	*(float *)(_this + channelOffset + 8) = range;
src/PC/EffectsCore/FxTemplate.c	220	constant-pointer-arithmetic	listed-TU	*(float *)(_this + channelOffset + 8) = range;
src/PC/EffectsCore/FxTemplate.c	239	fixed-byte-access	listed-TU	*(float *)(_this + channelOffset + 4) = 1.0f;
src/PC/EffectsCore/FxTemplate.c	239	constant-pointer-arithmetic	listed-TU	*(float *)(_this + channelOffset + 4) = 1.0f;
src/PC/EffectsCore/FxTemplate.c	240	fixed-byte-access	listed-TU	*(float *)(_this + channelOffset + 8) = 1.0f;
src/PC/EffectsCore/FxTemplate.c	240	constant-pointer-arithmetic	listed-TU	*(float *)(_this + channelOffset + 8) = 1.0f;
src/PC/EffectsCore/FxTemplate.c	276	constant-pointer-arithmetic	listed-TU	"count = sscanf(val, ""%s %s %s %s"", flags_buf, flags_buf + 0x20, flags_buf + 0x40, flags_buf + 0x60);"
src/PC/EffectsCore/FxTemplate.c	280	constant-pointer-arithmetic	listed-TU	for (i = 0; i + 1 <= count; i++) {
src/PC/EffectsCore/FxTemplate.c	296	constant-pointer-arithmetic	listed-TU	if (i + 1 == 4)
src/PC/EffectsCore/FxTemplate.c	326	constant-pointer-arithmetic	listed-TU	return FX_XModelPrecache(name + 7);
src/PC/EffectsCore/FxTemplate.c	341	constant-pointer-arithmetic	listed-TU	MediaHandles_AddHandle((MediaHandles *)((byte *)_this + 0x68), media);
src/PC/EffectsCore/FxTemplate.c	352	constant-pointer-arithmetic	listed-TU	MediaHandles_AddHandle((MediaHandles *)((byte *)_this + 0x68), media);
src/PC/EffectsCore/FxTemplate.c	371	constant-pointer-arithmetic	listed-TU	model = FX_XModelPrecache(str + 7);
src/PC/EffectsCore/FxTemplate.c	391	constant-pointer-arithmetic	listed-TU	model = FX_XModelPrecache(str + 7);
src/PC/EffectsCore/FxTemplate.c	696	fixed-byte-access	listed-TU	*(unsigned int *)(((char *)thisPtr + offsetof(PrimitiveTemplate, mFxChannels[0].curve)) + chanOff + 4) = *(unsigned int *)&graphScale;
src/PC/EffectsCore/FxTemplate.c	696	constant-pointer-arithmetic	listed-TU	*(unsigned int *)(((char *)thisPtr + offsetof(PrimitiveTemplate, mFxChannels[0].curve)) + chanOff + 4) = *(unsigned int *)&graphScale;
src/PC/EffectsCore/FxTemplate.c	697	fixed-byte-access	listed-TU	*(unsigned int *)(((char *)thisPtr + offsetof(PrimitiveTemplate, mFxChannels[0].curve)) + chanOff + 8) = *(unsigned int *)&graphScale;
src/PC/EffectsCore/FxTemplate.c	697	constant-pointer-arithmetic	listed-TU	*(unsigned int *)(((char *)thisPtr + offsetof(PrimitiveTemplate, mFxChannels[0].curve)) + chanOff + 8) = *(unsigned int *)&graphScale;
src/PC/EffectsCore/FxTemplate.c	739	constant-pointer-arithmetic	listed-TU	parsedLength += flagLength + 1;
src/PC/EffectsCore/FxTemplate.c	1055	fixed-size-memory-call	listed-TU	memset(backCompatibleParameters, 0, 0x600);
src/PC/EffectsCore/FxTemplate.c	1064	fixed-byte-access	listed-TU	*(float *)(chan + d * 8 + 0x00) = 1.0f;
src/PC/EffectsCore/FxTemplate.c	1065	fixed-byte-access	listed-TU	*(float *)(chan + d * 8 + 0x04) = 1.0f;
src/PC/EffectsCore/FxTemplate.c	1067	fixed-byte-access	listed-TU	*(float *)(chan + 0x18 + d * 8 + 0x00) = 1.0f;
src/PC/EffectsCore/FxTemplate.c	1067	constant-pointer-arithmetic	listed-TU	*(float *)(chan + 0x18 + d * 8 + 0x00) = 1.0f;
src/PC/EffectsCore/FxTemplate.c	1068	fixed-byte-access	listed-TU	*(float *)(chan + 0x18 + d * 8 + 0x04) = 1.0f;
src/PC/EffectsCore/FxTemplate.c	1068	constant-pointer-arithmetic	listed-TU	*(float *)(chan + 0x18 + d * 8 + 0x04) = 1.0f;
src/PC/EffectsCore/FxTemplate.c	1070	fixed-byte-access	listed-TU	*(float *)(chan + 0x30) = 1.0f;
src/PC/EffectsCore/FxTemplate.c	1070	constant-pointer-arithmetic	listed-TU	*(float *)(chan + 0x30) = 1.0f;
src/PC/EffectsCore/FxTemplate.c	1071	fixed-byte-access	listed-TU	*(float *)(chan + 0x34) = 1.0f;
src/PC/EffectsCore/FxTemplate.c	1071	constant-pointer-arithmetic	listed-TU	*(float *)(chan + 0x34) = 1.0f;
src/PC/EffectsCore/FxTemplate.c	1335	small-integer-cast	listed-TU	if ((unsigned int)n > 2)
src/PC/EffectsCore/FxTemplate.c	1349	small-integer-cast	listed-TU	if ((unsigned int)n > 1)
src/PC/EffectsCore/FxTemplate.c	1363	small-integer-cast	listed-TU	if ((unsigned int)n > 1)
src/PC/EffectsCore/FxUtil.c	172	small-integer-cast	listed-TU	result = (int)fx0->mRefEnt.customMaterial - (int)fx1->mRefEnt.customMaterial;
src/PC/EffectsCore/FxUtil.c	176	fixed-byte-access	listed-TU	return (*(float *)((byte *)e1 + 4) > *(float *)((byte *)e0 + 4)) ? 1 : -1;
src/PC/EffectsCore/FxUtil.c	176	constant-pointer-arithmetic	listed-TU	return (*(float *)((byte *)e1 + 4) > *(float *)((byte *)e0 + 4)) ? 1 : -1;
src/PC/EffectsCore/FxUtil.c	181	fixed-byte-access	listed-TU	float v1 = *(float *)((byte *)e1 + 4);
src/PC/EffectsCore/FxUtil.c	181	constant-pointer-arithmetic	listed-TU	float v1 = *(float *)((byte *)e1 + 4);
src/PC/EffectsCore/FxUtil.c	182	fixed-byte-access	listed-TU	float v0 = *(float *)((byte *)e0 + 4);
src/PC/EffectsCore/FxUtil.c	182	constant-pointer-arithmetic	listed-TU	float v0 = *(float *)((byte *)e0 + 4);
src/PC/EffectsCore/FxUtil.c	246	constant-pointer-arithmetic	listed-TU	float z = FxRange_GetVal((const FxRange *)(pt + 0xe0));
src/PC/EffectsCore/FxUtil.c	247	constant-pointer-arithmetic	listed-TU	float y = FxRange_GetVal((const FxRange *)(pt + 0xd8));
src/PC/EffectsCore/FxUtil.c	248	constant-pointer-arithmetic	listed-TU	float x = FxRange_GetVal((const FxRange *)(pt + 0xd0));
src/PC/EffectsCore/FxUtil.c	268	fixed-byte-access	listed-TU	FxHelper_Trace(*(FxHelper **)imp_theFxHelper, (trace_t *)(trace), org, (vec_t *)imp_vec3_origin, (vec_t *)imp_vec3_origin, temp, -1, 1);
src/PC/EffectsCore/FxUtil.c	276	constant-pointer-arithmetic	listed-TU	void *effect = MediaHandles_GetEffect((const MediaHandles *)(pt + 0x70));
src/PC/EffectsCore/FxUtil.c	277	constant-pointer-arithmetic	listed-TU	vec_t *traceNormal = (vec_t *)(trace + 4);
src/PC/EffectsCore/FxUtil.c	282	constant-pointer-arithmetic	listed-TU	float z = FxRange_GetVal((const FxRange *)(pt + 0xe0));
src/PC/EffectsCore/FxUtil.c	283	constant-pointer-arithmetic	listed-TU	float y = FxRange_GetVal((const FxRange *)(pt + 0xd8));
src/PC/EffectsCore/FxUtil.c	284	constant-pointer-arithmetic	listed-TU	float x = FxRange_GetVal((const FxRange *)(pt + 0xd0));
src/PC/EffectsCore/FxUtil.c	377	constant-pointer-arithmetic	listed-TU	MatrixTransformVector43(mtx + 0x10, axis, orient);
src/PC/EffectsCore/FxUtil.c	428	fixed-byte-access	listed-TU	byte *primTemp = *(byte **)(fx + 8 + primIndex * 4);
src/PC/EffectsCore/FxUtil.c	428	constant-pointer-arithmetic	listed-TU	byte *primTemp = *(byte **)(fx + 8 + primIndex * 4);
src/PC/EffectsCore/FxUtil.c	442	constant-pointer-arithmetic	listed-TU	Bool ok = FX_GetBoneOrientation( (const FxBoltInfo *)((void *)(scheduled + 0xc)), &orient);
src/PC/EffectsCore/FxUtil.c	445	constant-pointer-arithmetic	listed-TU	scheduled + 0xc, &orient, orient.axis,
src/PC/EffectsCore/FxUtil.c	451	constant-pointer-arithmetic	listed-TU	scheduled + 0xc, scheduled + 0x14, scheduled + 0x20,
src/PC/EffectsCore/FxUtil.c	523	fixed-byte-access	listed-TU	byte *primTemp = *(byte **)(prim + 4);
src/PC/EffectsCore/FxUtil.c	523	constant-pointer-arithmetic	listed-TU	byte *primTemp = *(byte **)(prim + 4);
src/PC/EffectsCore/FxUtil.c	524	constant-pointer-arithmetic	listed-TU	const vec_t *origin = (const vec_t *)((byte *)prim + 4);
src/PC/EffectsCore/FxUtil.c	623	constant-pointer-arithmetic	listed-TU	Vec3Cross((vec_t *)ax, up, (vec_t *)(axf2 + 3));
src/PC/EffectsCore/FxUtil.c	624	constant-pointer-arithmetic	listed-TU	Vec3Normalize((vec_t *)(axf2 + 3));
src/PC/EffectsCore/FxUtil.c	625	constant-pointer-arithmetic	listed-TU	Vec3Cross((vec_t *)ax, (vec_t *)(axf2 + 3), (vec_t *)(axf2 + 6));
src/PC/EffectsCore/FxUtil.c	630	fixed-byte-access	listed-TU	byte *bolt = *(byte **)(prim + 8);
src/PC/EffectsCore/FxUtil.c	630	constant-pointer-arithmetic	listed-TU	byte *bolt = *(byte **)(prim + 8);
src/PC/EffectsCore/FxUtil.c	654	fixed-byte-access	listed-TU	byte *primTemp = *(byte **)(prim + 4);
src/PC/EffectsCore/FxUtil.c	654	constant-pointer-arithmetic	listed-TU	byte *primTemp = *(byte **)(prim + 4);
src/PC/EffectsCore/FxUtil.c	702	small-integer-cast	listed-TU	FxHelper_CameraShake(theFxHelper, newOrigin, intensity, (int)duration, (int)fadeTime);
src/PC/EffectsCore/FxUtil.c	719	constant-pointer-arithmetic	listed-TU	FxScheduler_PlayEffect(scheduler, effect, newOrigin, NULL, (byte *)bolt + 0x3c);
src/PC/EffectsCore/FxUtil.c	809	fixed-byte-access	listed-TU	*(float *)(sortedClusters + i * 8 + 4) = dist;
src/PC/EffectsCore/FxUtil.c	853	small-integer-cast	listed-TU	int seqMode = (int)((PrimitiveTemplate *)primTemp)->mSequenceStartFrameMode;
src/PC/EffectsCore/FxUtil.c	864	small-integer-cast	listed-TU	int rateMode = (int)((PrimitiveTemplate *)primTemp)->mSequencePlayRateMode;
src/PC/EffectsCore/FxUtil.c	877	small-integer-cast	listed-TU	(((Particle *)(particle))->sequenceLoopMode) = (int)((PrimitiveTemplate *)primTemp)->mSequenceLoopMode;
src/PC/EffectsCore/FxUtil.c	901	constant-pointer-arithmetic	listed-TU	int slot = effectActiveCount + 1;
src/PC/EffectsCore/FxUtil.c	906	constant-pointer-arithmetic	listed-TU	int boltSlot = effectActiveCountBolt + 1;
src/PC/EffectsCore/FxUtil.c	911	constant-pointer-arithmetic	listed-TU	int slot = effectActiveCount + 1;
src/PC/EffectsCore/FxUtil.c	916	constant-pointer-arithmetic	listed-TU	int nbSlot = effectActiveCountNonBolt + 1;
src/PC/EffectsCore/FxUtil.c	936	small-integer-cast	listed-TU	int endTime = curTime + (int)lifeRange;
src/PC/EffectsCore/FxUtil.c	939	small-integer-cast	listed-TU	(((Effect *)(particle))->impactEffect) = (struct Effect *)(uintptr_t)(int)ep->fx;
src/PC/EffectsCore/FxUtil.c	1014	small-integer-cast	listed-TU	*(void **)p = (byte *)__ZTV5Flash + (2 * (int)sizeof(void *));
src/PC/EffectsCore/FxUtil.c	1092	fixed-size-memory-call	listed-TU	memset(p, 0, 0x278);
src/PC/EffectsCore/FxUtil.c	1140	fixed-size-memory-call	listed-TU	memset(p, 0, 0x258);
src/PC/EffectsCore/FxUtil.c	1184	fixed-byte-access	listed-TU	*(void **)(p + 0x40) = material;
src/PC/EffectsCore/FxUtil.c	1184	constant-pointer-arithmetic	listed-TU	*(void **)(p + 0x40) = material;
src/PC/EffectsCore/FxUtil.c	1196	fixed-byte-access	listed-TU	*(int *)(p + 0xb0) = 0;
src/PC/EffectsCore/FxUtil.c	1196	constant-pointer-arithmetic	listed-TU	*(int *)(p + 0xb0) = 0;
src/PC/EffectsCore/FxUtil.c	1198	fixed-byte-access	listed-TU	*(int *)(p + 0xb0) = -1;
src/PC/EffectsCore/FxUtil.c	1198	constant-pointer-arithmetic	listed-TU	*(int *)(p + 0xb0) = -1;
src/PC/EffectsCore/FxUtil.c	1289	fixed-size-memory-call	listed-TU	memset(p, 0, 0x29c);
src/PC/EffectsCore/FxUtil.c	1384	fixed-size-memory-call	listed-TU	memset(p, 0, 0x258);
src/PC/EffectsCore/GenericParser2.c	197	constant-pointer-arithmetic	listed-TU	memmove(token, token + 1, origLen - 1);
src/PC/EffectsCore/GenericParser2.c	381	constant-pointer-arithmetic	listed-TU	if (used + length + 1 <= pool->capacity) {
src/PC/EffectsCore/GenericParser2.c	405	small-integer-cast	listed-TU	newPool = (TextPool *)Z_MallocInternal((int)sizeof(TextPool));
src/PC/EffectsCore/GenericParser2.c	431	small-integer-cast	listed-TU	newGroup = (GPGroup *)Z_MallocInternal((int)sizeof(GPGroup));
src/PC/EffectsCore/GenericParser2.c	469	small-integer-cast	listed-TU	newNode = (GPValue *)Z_MallocInternal((int)sizeof(GPValue));
src/PC/EffectsCore/GenericParser2.c	483	small-integer-cast	listed-TU	newNode = (GPValue *)Z_MallocInternal((int)sizeof(GPValue));
src/PC/EffectsCore/GenericParser2.c	506	small-integer-cast	listed-TU	newPair = (GPValue *)Z_MallocInternal((int)sizeof(GPValue));
src/PC/EffectsCore/GenericParser2.c	649	small-integer-cast	listed-TU	TextPool *newPool = (TextPool *)Z_MallocInternal((int)sizeof(TextPool));
src/PC/bgame/bg_animation_mp.c	106	fixed-size-memory-call	listed-TU	memset(weaponStrings, 0, 0x400);
src/PC/bgame/bg_animation_mp.c	123	constant-pointer-arithmetic	listed-TU	duration = globalScriptData->animations[animNum].duration + 0x32;
src/PC/bgame/bg_animation_mp.c	529	small-integer-cast	listed-TU	if ((unsigned int)animIndex >= (unsigned int)globalScriptData->numAnimations) {
src/PC/bgame/bg_animation_mp.c	605	small-integer-cast	listed-TU	maxAnimations = (unsigned int)bgs->animScriptData.numAnimations;
src/PC/bgame/bg_animation_mp.c	606	small-integer-cast	listed-TU	if ((unsigned int)animNum >= maxAnimations) {
src/PC/bgame/bg_animation_mp.c	629	constant-pointer-arithmetic	listed-TU	ci->stanceTransitionTime = bgs->time + 400;
src/PC/bgame/bg_animation_mp.c	668	small-integer-cast	listed-TU	startTime -= (float)(int)startTime;
src/PC/bgame/bg_animation_mp.c	672	small-integer-cast	listed-TU	startTime -= (float)(int)startTime;
src/PC/bgame/bg_animation_mp.c	837	small-integer-cast	listed-TU	if (movetype != 0 && movetype != (long long)(int)bgs->clientinfo[client].clientConditions[3][0]) {
src/PC/bgame/bg_animation_mp.c	838	small-integer-cast	listed-TU	bgs->clientinfo[client].clientConditions[3][0] = (int)movetype;
src/PC/bgame/bg_animation_mp.c	1001	constant-pointer-arithmetic	listed-TU	*g_piNumLoadAnims = i + 1;
src/PC/bgame/bg_animation_mp.c	1023	constant-pointer-arithmetic	listed-TU	hash += (signed char)___tolower((signed char)str[i]) * (i + 0x77);
src/PC/bgame/bg_animation_mp.c	1290	small-integer-cast	listed-TU	if ((unsigned int)(parseMovetype - 18) <= 1 && anim->moveSpeed != 0.0f) {
src/PC/bgame/bg_animation_mp.c	1316	small-integer-cast	listed-TU	} else if (parseEvent == 10 || (unsigned int)(parseMovetype - 21) <= 9) {
src/PC/bgame/bg_animation_mp.c	1430	small-integer-cast	listed-TU	if ((unsigned int)iLen > 0x1869e) {
src/PC/bgame/bg_animation_mp.c	1446	fixed-size-memory-call	listed-TU	memset(weaponStrings, 0, 0x400);
src/PC/bgame/bg_animation_mp.c	1483	small-integer-cast	listed-TU	if ((unsigned int)parseMode > 4) {
src/PC/bgame/bg_animation_mp.c	1512	small-integer-cast	listed-TU	if (defineStringsOffset + (int)strlen(token) + 1 > 0x270f) {
src/PC/bgame/bg_animation_mp.c	1518	small-integer-cast	listed-TU	defineStringsOffset += (int)strlen(token) + 1;
src/PC/bgame/bg_animation_mp.c	1766	constant-pointer-arithmetic	listed-TU	hash += (signed char)___tolower((signed char)name[i]) * (i + 0x77);
src/PC/bgame/bg_animation_mp.c	1882	small-integer-cast	listed-TU	anim->duration = (int)(length * 1000.0f);
src/PC/bgame/bg_animation_mp.c	2022	small-integer-cast	listed-TU	if ((int)event != 1) {
src/PC/bgame/bg_jump.c	78	constant-pointer-arithmetic	listed-TU	if (ps->jumpOriginZ + 18.0f > ps->origin[2]) {
src/PC/bgame/bg_jump.c	177	constant-pointer-arithmetic	listed-TU	PM_AddEvent(ps, surfType + 0x46);
src/PC/bgame/bg_mantle.c	160	small-integer-cast	listed-TU	int viewDelta = (int)(delta * 182.04444885253906f) & 0xffff;
src/PC/bgame/bg_mantle.c	261	pointer-named-integer-field	listed-TU	int prevTime;
src/PC/bgame/bg_mantle.c	316	constant-pointer-arithmetic	listed-TU	moveType = s_mantleTrans[mstate->transIndex].overAnimIndex + 20;
src/PC/bgame/bg_mantle.c	318	constant-pointer-arithmetic	listed-TU	moveType = s_mantleTrans[mstate->transIndex].upAnimIndex + 20;
src/PC/bgame/bg_misc.c	410	constant-pointer-arithmetic	listed-TU	ps->eventSequence = seq + 1;
src/PC/bgame/bg_misc.c	444	small-integer-cast	listed-TU	s->pos.trBase[0] = (float)(int)s->pos.trBase[0];
src/PC/bgame/bg_misc.c	445	small-integer-cast	listed-TU	s->pos.trBase[1] = (float)(int)s->pos.trBase[1];
src/PC/bgame/bg_misc.c	446	small-integer-cast	listed-TU	s->pos.trBase[2] = (float)(int)s->pos.trBase[2];
src/PC/bgame/bg_misc.c	456	small-integer-cast	listed-TU	s->apos.trBase[0] = (float)(int)s->apos.trBase[0];
src/PC/bgame/bg_misc.c	457	small-integer-cast	listed-TU	s->apos.trBase[1] = (float)(int)s->apos.trBase[1];
src/PC/bgame/bg_misc.c	458	small-integer-cast	listed-TU	s->apos.trBase[2] = (float)(int)s->apos.trBase[2];
src/PC/bgame/bg_misc.c	558	constant-pointer-arithmetic	listed-TU	ps->entityEventSequence = eventOld + 1;
src/PC/bgame/bg_misc.c	588	constant-pointer-arithmetic	listed-TU	while (singleClientEvents[j + 1] > 0) {
src/PC/bgame/bg_misc.c	598	constant-pointer-arithmetic	listed-TU	if (singleClientEvents[j + 1] < 0) {
src/PC/bgame/bg_misc.c	606	constant-pointer-arithmetic	listed-TU	s->eventSequence = seqOut + 1;
src/PC/bgame/bg_misc.c	840	constant-pointer-arithmetic	listed-TU	firstScale = scale * frac + 6.0f;
src/PC/bgame/bg_misc.c	841	constant-pointer-arithmetic	listed-TU	if (fSize + 2.0f > firstScale) {
src/PC/bgame/bg_misc.c	860	constant-pointer-arithmetic	listed-TU	firstScale = len * frac + 6.0f;
src/PC/bgame/bg_misc.c	883	constant-pointer-arithmetic	listed-TU	vEnd[2] = vStart[2] - (fTraceHeight + 2.5f * fSize - 6.0f);
src/PC/bgame/bg_misc.c	899	constant-pointer-arithmetic	listed-TU	float downDist = fTraceHeight + 2.5f * fSize - 6.0f;
src/PC/bgame/bg_misc.c	900	constant-pointer-arithmetic	listed-TU	float hitDist = downDist * trace.fraction + 6.0f;
src/PC/bgame/bg_misc.c	926	constant-pointer-arithmetic	listed-TU	vStart[2] = vStart[2] + (vEnd[2] - vStart[2]) * frac + 18.0f;
src/PC/bgame/bg_misc.c	1122	constant-pointer-arithmetic	listed-TU	const int *es = (const int *)((const char *)tr - 12); /* &entityState (pos at +12) */
src/PC/bgame/bg_pmove.c	468	small-integer-cast	listed-TU	ps->stats[1] = (int)((float)yaw * shortToAngle);
src/PC/bgame/bg_pmove.c	474	small-integer-cast	listed-TU	minPitch = (int)(PM_DvarFloat(player_view_pitch_up, 85.0f) * angleToShort) & 0xffff;
src/PC/bgame/bg_pmove.c	475	small-integer-cast	listed-TU	maxPitch = (int)(PM_DvarFloat(player_view_pitch_down, 85.0f) * angleToShort) & 0xffff;
src/PC/bgame/bg_pmove.c	509	small-integer-cast	listed-TU	ps->delta_angles[i] += (int)(x * angleToShort) & 0xffff;
src/PC/bgame/bg_pmove.c	539	small-integer-cast	listed-TU	ps->delta_angles[1] += (int)(x * angleToShort) & 0xffff;
src/PC/bgame/bg_pmove.c	650	small-integer-cast	listed-TU	ps->delta_angles[1] += (int)stepShort & 0xffff;
src/PC/bgame/bg_pmove.c	674	small-integer-cast	listed-TU	ps->delta_angles[1] += (int)(x * angleToShort) & 0xffff;
src/PC/bgame/bg_pmove.c	695	small-integer-cast	listed-TU	ps->delta_angles[1] += (int)(adj * angleToShort) & 0xffff;
src/PC/bgame/bg_pmove.c	708	constant-pointer-arithmetic	listed-TU	x = pitchDelta + 45.0f;
src/PC/bgame/bg_pmove.c	710	small-integer-cast	listed-TU	ps->delta_angles[0] += (int)(x * angleToShort) & 0xffff;
src/PC/bgame/bg_pmove.c	1508	small-integer-cast	listed-TU	(int)((float)iLerpFrac * 0.01f * (float)newDuration);
src/PC/bgame/bg_pmove.c	1548	small-integer-cast	listed-TU	newBob = (oldBob + (int)(pm->xyspeed * pml->frametime * 0.75f)) & 0xff;
src/PC/bgame/bg_pmove.c	1732	small-integer-cast	listed-TU	int d = (int)((fallHeight - minH) / (maxH - minH) * 100.0f);
src/PC/bgame/bg_pmove.c	1744	small-integer-cast	listed-TU	int e = (int)((fallHeight - 12.0f) / 26.0f * 4.0f + 4.0f);
src/PC/bgame/bg_pmove.c	1758	constant-pointer-arithmetic	listed-TU	? surf + 24
src/PC/bgame/bg_pmove.c	1765	constant-pointer-arithmetic	listed-TU	? surf + 1
src/PC/bgame/bg_pmove.c	1812	constant-pointer-arithmetic	listed-TU	pm->numtouch = numtouch + 1;
src/PC/bgame/bg_pmove.c	1845	constant-pointer-arithmetic	listed-TU	if (finalTime > ps->commandTime + 1000)
src/PC/bgame/bg_slidemove.c	169	pointer-named-integer-field	listed-TU	int prev = pos - 1;
src/PC/bgame/bg_slidemove.c	294	small-integer-cast	listed-TU	rounded = (int)floorf(stepDelta + 0.5f);
src/PC/bgame/bg_slidemove.c	305	constant-pointer-arithmetic	listed-TU	stepEvent = rounded + 0x80;
src/PC/bgame/bg_slidemove.c	348	small-integer-cast	listed-TU	newBob = (int)((float)oldBob + vol * 1.25f + 7.0f) & 0xff;
src/PC/bgame/bg_weapons.c	59	small-integer-cast	listed-TU	int BG_SetupWeaponDef(WeaponDef *weapDef, void (*regWeap)(int));
src/PC/bgame/bg_weapons.c	188	small-integer-cast	listed-TU	return (unsigned int)val <= 1;
src/PC/bgame/bg_weapons.c	375	constant-pointer-arithmetic	listed-TU	*numItems = weapIndex + 1;
src/PC/bgame/bg_weapons.c	386	small-integer-cast	listed-TU	return (unsigned int)(val - 1) <= 1;
src/PC/bgame/bg_weapons.c	404	small-integer-cast	listed-TU	if ((unsigned int)(weapDef->weapSlot - 1) > 1)
src/PC/bgame/bg_weapons.c	417	small-integer-cast	listed-TU	if (!weapDef->bSlotStackable || (unsigned int)(weapDef->weapSlot - 1) > 1)
src/PC/bgame/bg_weapons.c	420	small-integer-cast	listed-TU	if ((unsigned int)(preferedSlot - 1) <= 1) {
src/PC/bgame/bg_weapons.c	427	small-integer-cast	listed-TU	if (!pPS->weaponslots[1] || bg_weaponDefs[(int)pPS->weaponslots[1]]->bSlotStackable)
src/PC/bgame/bg_weapons.c	429	small-integer-cast	listed-TU	if (!pPS->weaponslots[2] || bg_weaponDefs[(int)pPS->weaponslots[2]]->bSlotStackable)
src/PC/bgame/bg_weapons.c	507	small-integer-cast	listed-TU	if ((unsigned int)(weapDef->weapSlot - 1) > 1)
src/PC/bgame/bg_weapons.c	509	small-integer-cast	listed-TU	if ((int)pPS->weaponslots[1] == curWeaponIndex)
src/PC/bgame/bg_weapons.c	511	small-integer-cast	listed-TU	if ((int)pPS->weaponslots[2] == curWeaponIndex)
src/PC/bgame/bg_weapons.c	590	small-integer-cast	listed-TU	if ((unsigned int)reloadState <= 1 && !weapDef->iReloadStartAdd)
src/PC/bgame/bg_weapons.c	602	small-integer-cast	listed-TU	if ((unsigned int)reloadState <= 1)
src/PC/bgame/bg_weapons.c	788	small-integer-cast	listed-TU	if ((unsigned int)reloadState <= 1 && !weapDef->iReloadStartAddTime)
src/PC/bgame/bg_weapons.c	796	small-integer-cast	listed-TU	if ((unsigned int)reloadState <= 1) {
src/PC/bgame/bg_weapons.c	1045	small-integer-cast	listed-TU	(unsigned int)(weaponstate - 12) > 4 &&
src/PC/bgame/bg_weapons.c	1046	small-integer-cast	listed-TU	(unsigned int)(weaponstate - 10) > 1 &&
src/PC/bgame/bg_weapons.c	1047	small-integer-cast	listed-TU	(unsigned int)(weaponstate - 1) > 1) {
src/PC/bgame/bg_weapons.c	1048	small-integer-cast	listed-TU	if ((unsigned int)(weaponstate - 17) <= 5)
src/PC/bgame/bg_weapons.c	1049	small-integer-cast	listed-TU	canAds = (unsigned int)(weaponstate - 19) <= 1;
src/PC/bgame/bg_weapons.c	1083	small-integer-cast	listed-TU	if ((int)ps->weaponslots[1] == weaponIndex)
src/PC/bgame/bg_weapons.c	1085	small-integer-cast	listed-TU	if ((int)ps->weaponslots[2] == weaponIndex)
src/PC/bgame/bg_weapons.c	1191	small-integer-cast	listed-TU	if ((unsigned int)(slot - 1) <= 1 &&
src/PC/bgame/bg_weapons.c	1193	small-integer-cast	listed-TU	(unsigned int)(bg_weaponDefs[newweapon]->weapSlot - 1) <= 1) {
src/PC/bgame/bg_weapons.c	1194	small-integer-cast	listed-TU	if ((int)ps->weaponslots[slot] != newweapon && ps->weapon != newweapon)
src/PC/bgame/bg_weapons.c	1207	small-integer-cast	listed-TU	if ((unsigned int)(ps->weaponstate - 7) <= 1) {
src/PC/bgame/bg_weapons.c	1314	small-integer-cast	listed-TU	((unsigned int)(ps->weaponstate - 5) <= 3 ||
src/PC/bgame/bg_weapons.c	1368	small-integer-cast	listed-TU	if ((unsigned int)(ps->weaponstate - 0x11) <= 5) {
src/PC/bgame/bg_weapons.c	1387	small-integer-cast	listed-TU	if ((unsigned int)weaponstate <= 2 || weaponstate == 5 || weaponstate == 7 ||
src/PC/bgame/bg_weapons.c	1391	small-integer-cast	listed-TU	if (weaponstate == 3 || weaponstate == 11 || (unsigned int)(weaponstate - 12) <= 4)
src/PC/bgame/bg_weapons.c	1396	small-integer-cast	listed-TU	if ((unsigned int)(weaponstate - 0x11) <= 5) {
src/PC/bgame/bg_weapons.c	1483	small-integer-cast	listed-TU	return (unsigned int)(weaponstate - WEAPON_BINOCULARS_INIT) <=
src/PC/bgame/bg_weapons.c	1489	small-integer-cast	listed-TU	return (unsigned int)(weaponstate - WEAPON_OFFHAND_INIT) <=
src/PC/bgame/bg_weapons.c	1559	small-integer-cast	listed-TU	int holdTime = (int)(player_breath_hold_time->current.value * 1000.0f);
src/PC/bgame/bg_weapons.c	1560	small-integer-cast	listed-TU	int gaspTime = (int)(player_breath_gasp_time->current.value * 1000.0f);
src/PC/bgame/bg_weapons.c	1650	small-integer-cast	listed-TU	if (weapDef && (unsigned int)(ps->weaponstate - WEAPON_OFFHAND_INIT) <= (WEAPON_OFFHAND_FIRE - WEAPON_OFFHAND_INIT) &&
src/PC/bgame/bg_weapons.c	2101	small-integer-cast	listed-TU	ps->weaponDelay = (int)(fracLeft / weapDef->fOOPosAnimLength[0]);
src/PC/bgame/bg_weapons.c	2465	small-integer-cast	listed-TU	int BG_SetupWeaponDef(WeaponDef *weapDef, void (*regWeap)(int))
src/PC/bgame/bg_weapons.c	2541	small-integer-cast	listed-TU	return BG_SetupWeaponDef(weapDef, (void (*)(int))regWeap);
src/PC/bgame/bg_weapons.c	2746	small-integer-cast	listed-TU	*ws->weapIdleTime += (int)(idleSpeed * ws->frametime * 1000.0f);
src/PC/bgame/bg_weapons.c	2977	small-integer-cast	listed-TU	*vs->weapIdleTime += (int)(idleSpeed * vs->frametime * 1000.0f * ps->holdBreathScale);
src/PC/bgame/bg_weapons_load_obj.c	87	x86-only-width-guard	listed-TU	#if defined(__x86_64__) || defined(_M_X64)
src/PC/bgame/bg_weapons_load_obj.c	132	fixed-byte-access	listed-TU	"*(char **)((byte *)weapDef + pType[-1]) = (char *)"""";"
src/PC/bgame/bg_weapons_load_obj.c	373	fixed-size-memory-call	listed-TU	memset(szBuffer, 0, 8192);
src/PC/botlib/l_memory.c	10	constant-pointer-arithmetic	listed-TU	/* x86 prepends a 4-byte magic header and returns block+4 (still 4-byte/ptr
src/PC/botlib/l_memory.c	30	fixed-byte-access	listed-TU	*(int *)(base + GM_HDR - 4) = MEMORY_MAGIC;
src/PC/botlib/l_precomp.c	148	small-integer-cast	listed-TU	magnitude = (int)(0u - (unsigned int)value);
src/PC/botlib/l_precomp.c	199	small-integer-cast	listed-TU	return (unsigned int)(hash ^ (hash >> 10) ^ (hash >> 20)) & 0x3ff;
src/PC/botlib/l_precomp.c	199	integer-cast-hash-or-key	listed-TU	return (unsigned int)(hash ^ (hash >> 10) ^ (hash >> 20)) & 0x3ff;
src/PC/botlib/l_precomp.c	210	integer-cast-hash-or-key	listed-TU	for (define = source->definehash[PC_DefineHash(name)]; define; define = (define_t *)(uintptr_t)define->hashnext) {
src/PC/botlib/l_precomp.c	318	constant-pointer-arithmetic	listed-TU	strcat(left->string, right->string + 1);
src/PC/botlib/l_precomp.c	397	constant-pointer-arithmetic	listed-TU	strcpy(ptr, ptr + 1);
src/PC/botlib/l_precomp.c	461	constant-pointer-arithmetic	listed-TU	token->string[len + 1] = '\0';
src/PC/botlib/l_precomp.c	496	small-integer-cast	listed-TU	if ((unsigned)(handle - 1) > 0x3e)
src/PC/botlib/l_precomp.c	1030	integer-cast-hash-or-key	listed-TU	*bucket = (define_t *)(uintptr_t)define->hashnext;
src/PC/botlib/l_precomp.c	1066	small-integer-cast	listed-TU	if ((unsigned int)handle - 1u > 0x3e || !sourceFiles[handle])
src/PC/botlib/l_precomp.c	1356	constant-pointer-arithmetic	listed-TU	strncat(token->string, curtime + 4, 7);
src/PC/botlib/l_precomp.c	1357	constant-pointer-arithmetic	listed-TU	strncat(token->string + 7, curtime + 20, 4);
src/PC/botlib/l_precomp.c	1360	constant-pointer-arithmetic	listed-TU	token->string[len + 1] = '\0';
src/PC/botlib/l_precomp.c	1378	constant-pointer-arithmetic	listed-TU	strncat(token->string, curtime + 11, 8);
src/PC/botlib/l_precomp.c	1381	constant-pointer-arithmetic	listed-TU	token->string[len + 1] = '\0';
src/PC/botlib/l_precomp.c	1496	integer-cast-hash-or-key	listed-TU	for (define = source->definehash[PC_DefineHash(token->string)]; define; define = (define_t *)(uintptr_t)define->hashnext) {
src/PC/botlib/l_precomp.c	1533	small-integer-cast	listed-TU	if ((unsigned int)handle - 1u > 0x3e || !sourceFiles[handle]) {
src/PC/botlib/l_precomp.c	1541	small-integer-cast	listed-TU	pc_token->intvalue = (int)token.intvalue;
src/PC/botlib/l_precomp.c	1638	integer-cast-hash-or-key	listed-TU	define = (define_t *)(uintptr_t)define->hashnext;
src/PC/botlib/l_precomp.c	1653	integer-cast-hash-or-key	listed-TU	source->definehash[hash] = (define_t *)(uintptr_t)define->hashnext;
src/PC/botlib/l_precomp.c	1697	constant-pointer-arithmetic	listed-TU	if (strlen(token->string) + strlen(newtoken.string + 1) >= sizeof(token->string)) {
src/PC/botlib/l_precomp.c	1698	small-integer-cast	listed-TU	"SourceError(source, ""string longer than MAX_TOKEN %d\n"", (int)sizeof(token->string));"
src/PC/botlib/l_precomp.c	1702	constant-pointer-arithmetic	listed-TU	strcat(token->string, newtoken.string + 1);
src/PC/botlib/l_precomp.c	1833	constant-pointer-arithmetic	listed-TU	define->name = (char *)(define + 1);
src/PC/botlib/l_precomp.c	1837	integer-cast-hash-or-key	listed-TU	define->hashnext = (intptr_t)(uintptr_t)source->definehash[hash];
src/PC/botlib/l_precomp.c	1952	constant-pointer-arithmetic	listed-TU	newdefine->name = (char *)(newdefine + 1);
src/PC/botlib/l_precomp.c	1990	integer-cast-hash-or-key	listed-TU	copy->hashnext = (intptr_t)(uintptr_t)source->definehash[hash];
src/PC/botlib/l_precomp.c	2071	small-integer-cast	listed-TU	PC_UnreadEvalIntToken(source, (int)value, 0);
src/PC/botlib/l_precomp.c	2209	small-integer-cast	listed-TU	PC_UnreadEvalIntToken(source, (int)value, 1);
src/PC/botlib/l_script.c	65	constant-pointer-arithmetic	listed-TU	script->script_p = p + 1;
src/PC/botlib/l_script.c	74	constant-pointer-arithmetic	listed-TU	script->script_p = p + 1;
src/PC/botlib/l_script.c	80	constant-pointer-arithmetic	listed-TU	script->script_p = p + 1;
src/PC/botlib/l_script.c	95	constant-pointer-arithmetic	listed-TU	script->script_p = p + 1;
src/PC/botlib/l_script.c	106	constant-pointer-arithmetic	listed-TU	script->script_p = p + 2;
src/PC/botlib/l_script.c	134	small-integer-cast	listed-TU	script->punctuationtable = (punctuation_t **)(GetMemory(256 * (int)sizeof(punctuation_t *)));
src/PC/botlib/l_script.c	150	small-integer-cast	listed-TU	int newLen = (int)strlen(pp->p);
src/PC/botlib/l_script.c	154	small-integer-cast	listed-TU	if ((int)strlen(cur->p) < newLen)
src/PC/botlib/l_script.c	205	constant-pointer-arithmetic	listed-TU	script->script_p = p + 1;
src/PC/botlib/l_script.c	209	constant-pointer-arithmetic	listed-TU	"case '""': *ch = '""'; script->script_p = p + 2; return 1;"
src/PC/botlib/l_script.c	210	constant-pointer-arithmetic	listed-TU	case '\'': *ch = '\''; script->script_p = p + 2; return 1;
src/PC/botlib/l_script.c	211	constant-pointer-arithmetic	listed-TU	case '?': *ch = '?'; script->script_p = p + 2; return 1;
src/PC/botlib/l_script.c	212	constant-pointer-arithmetic	listed-TU	case '\\': *ch = '\\'; script->script_p = p + 2; return 1;
src/PC/botlib/l_script.c	213	constant-pointer-arithmetic	listed-TU	case 'a': *ch = '\a'; script->script_p = p + 2; return 1;
src/PC/botlib/l_script.c	214	constant-pointer-arithmetic	listed-TU	case 'b': *ch = '\b'; script->script_p = p + 2; return 1;
src/PC/botlib/l_script.c	215	constant-pointer-arithmetic	listed-TU	case 'f': *ch = '\f'; script->script_p = p + 2; return 1;
src/PC/botlib/l_script.c	216	constant-pointer-arithmetic	listed-TU	case 'n': *ch = '\n'; script->script_p = p + 2; return 1;
src/PC/botlib/l_script.c	217	constant-pointer-arithmetic	listed-TU	case 'r': *ch = '\r'; script->script_p = p + 2; return 1;
src/PC/botlib/l_script.c	218	constant-pointer-arithmetic	listed-TU	case 't': *ch = '\t'; script->script_p = p + 2; return 1;
src/PC/botlib/l_script.c	219	constant-pointer-arithmetic	listed-TU	case 'v': *ch = '\v'; script->script_p = p + 2; return 1;
src/PC/botlib/l_script.c	353	constant-pointer-arithmetic	listed-TU	script->script_p = p + 2;
src/PC/botlib/l_script.c	368	constant-pointer-arithmetic	listed-TU	script->script_p = p + 2;
src/PC/botlib/l_script.c	453	constant-pointer-arithmetic	listed-TU	len = strlen(string + 1);
src/PC/botlib/l_script.c	454	constant-pointer-arithmetic	listed-TU	memmove(string, string + 1, len + 1);
src/PC/botlib/l_script.c	489	small-integer-cast	listed-TU	script = (script_s *)(GetClearedMemory(length + (int)sizeof(*script) + 1));   /* 0x4d1 was x86 sizeof(script_s)+1 */
src/PC/botlib/l_script.c	540	constant-pointer-arithmetic	listed-TU	char *after_quote = p + 1;
src/PC/botlib/l_script.c	577	constant-pointer-arithmetic	listed-TU	script->script_p = p + 1;
src/PC/cgame/cg_effects_load_obj.c	77	constant-pointer-arithmetic	listed-TU	char *buf = (char *)Hunk_AllocateTempMemoryHighInternal(fileSize + 1);
src/PC/cgame/cg_effects_load_obj.c	130	constant-pointer-arithmetic	listed-TU	char *effectName = (char *)Hunk_AllocateTempMemoryInternal(tokenLen + 1);
src/PC/cgame/cg_effects_load_obj.c	187	small-integer-cast	listed-TU	((int *)entries)[surfIdx] = (int)FX_RegisterEffect(effectFile);
src/PC/cgame_mp/cg_compassfriendlies_mp.c	142	small-integer-cast	listed-TU	int duration = (int)floorf(fadeDvar->current.value * 1000.0f + 0.5f);
src/PC/cgame_mp/cg_compassfriendlies_mp.c	193	small-integer-cast	listed-TU	if ((int)clientIdx < 0)
src/PC/cgame_mp/cg_compassfriendlies_mp.c	218	constant-pointer-arithmetic	listed-TU	actor->pingTime = cgTime + 3000;
src/PC/cgame_mp/cg_compassfriendlies_mp.c	271	constant-pointer-arithmetic	listed-TU	pActor2->pingTime = cgTime2 + 3000;
src/PC/cgame_mp/cg_consolecmds_mp.c	94	constant-pointer-arithmetic	listed-TU	Dvar_SetInt(dvar, val + 10);
src/PC/cgame_mp/cg_consolecmds_mp.c	109	small-integer-cast	listed-TU	(int)cg->refdef.vieworg[0],
src/PC/cgame_mp/cg_consolecmds_mp.c	110	small-integer-cast	listed-TU	(int)cg->refdef.vieworg[1],
src/PC/cgame_mp/cg_consolecmds_mp.c	111	small-integer-cast	listed-TU	(int)cg->refdef.vieworg[2],
src/PC/cgame_mp/cg_consolecmds_mp.c	112	small-integer-cast	listed-TU	(int)cg->refdefViewAngles[1]);
src/PC/cgame_mp/cg_consolecmds_mp.c	130	constant-pointer-arithmetic	listed-TU	if (lastScoreTime + 2000 < currentTime) {
src/PC/cgame_mp/cg_consolecmds_mp.c	172	small-integer-cast	listed-TU	cg->testShock.duration = (int)floorf((float)duration * 1000.0f + 0.5f);
src/PC/cgame_mp/cg_draw_mp.c	63	pointer-named-integer-field	listed-TU	static int previous;
src/PC/cgame_mp/cg_draw_mp.c	65	pointer-named-integer-field	listed-TU	static int fps_previousTimes[32];
src/PC/cgame_mp/cg_draw_mp.c	118	pointer-named-integer-field	listed-TU	extern int __mh_execute_header;
src/PC/cgame_mp/cg_draw_mp.c	298	constant-pointer-arithmetic	listed-TU	fps_index = index + 1;
src/PC/cgame_mp/cg_draw_mp.c	305	constant-pointer-arithmetic	listed-TU	lagometer.frameCount = index + 1;
src/PC/cgame_mp/cg_draw_mp.c	314	constant-pointer-arithmetic	listed-TU	lagometer.snapshotCount = index + 1;
src/PC/cgame_mp/cg_draw_mp.c	318	fixed-byte-access	listed-TU	lagometer.snapshotSamples[index & 0x7f] = *(int *)((byte *)snap + 4);
src/PC/cgame_mp/cg_draw_mp.c	318	constant-pointer-arithmetic	listed-TU	lagometer.snapshotSamples[index & 0x7f] = *(int *)((byte *)snap + 4);
src/PC/cgame_mp/cg_draw_mp.c	320	constant-pointer-arithmetic	listed-TU	lagometer.snapshotCount = index + 1;
src/PC/cgame_mp/cg_draw_mp.c	392	constant-pointer-arithmetic	listed-TU	cgArray[0].centerPrintTime = cgArray[0].time + 0x7d0;
src/PC/cgame_mp/cg_draw_mp.c	393	small-integer-cast	listed-TU	cgArray[0].centerPrintCharWidth = (int)charWidth;
src/PC/cgame_mp/cg_draw_mp.c	411	small-integer-cast	listed-TU	/* qboolean (int), not Bool: callers (cg_weapons.c, cg_predict_mp.c) declare it
src/PC/cgame_mp/cg_draw_mp.c	556	constant-pointer-arithmetic	listed-TU	y = cg_drawCrosshairNamesPosY->current.integer + 16;
src/PC/cgame_mp/cg_draw_mp.c	848	small-integer-cast	listed-TU	(int)(sizeof(info) / sizeof(info[0])),
src/PC/cgame_mp/cg_draw_mp.c	895	small-integer-cast	listed-TU	if (!CL_PickMaterial((const vec_t *)cg->refdef.vieworg, (const vec_t *)cg->refdef.viewaxis, szName, szSurfaceFlags, szContents, (int)&__mh_execute_header)) {
src/PC/cgame_mp/cg_draw_mp.c	1124	small-integer-cast	listed-TU	hudChatX = (int)cg_hudChatPosition->current.vector[0];
src/PC/cgame_mp/cg_draw_mp.c	1125	small-integer-cast	listed-TU	hudChatY = (int)cg_hudChatPosition->current.vector[1];
src/PC/cgame_mp/cg_draw_mp.c	1168	constant-pointer-arithmetic	listed-TU	UI_DrawHandlePic(0.0f, y, (float)(textWidth + 24), 10.0f, 1, 1, color, cgs->media.whiteMaterial);
src/PC/cgame_mp/cg_draw_mp.c	1174	constant-pointer-arithmetic	listed-TU	UI_DrawText(msg, 0x7fffffff, font, (float)hudChatX, y + 9.0f, 1, 1, 1.0f / 3.0f, color, 3);
src/PC/cgame_mp/cg_draw_mp.c	1230	small-integer-cast	listed-TU	return (int)floorf(value + 0.5f);
src/PC/cgame_mp/cg_draw_mp.c	1496	small-integer-cast	listed-TU	if ((unsigned int)(weaponstate - 10) <= 1 || weaponstate == 5 ||
src/PC/cgame_mp/cg_draw_mp.c	1497	small-integer-cast	listed-TU	(unsigned int)(weaponstate - 1) <= 1)
src/PC/cgame_mp/cg_draw_mp.c	1634	small-integer-cast	listed-TU	Con_DrawSay((int)cg_hudSayPosition->current.vector[1] + 24);
src/PC/cgame_mp/cg_draw_mp.c	1867	small-integer-cast	listed-TU	int totalMsec = (int)(1000.0f * cg_centertime->current.value);
src/PC/cgame_mp/cg_draw_mp.c	1920	constant-pointer-arithmetic	listed-TU	(cg_hudCompassSize->current.value - 1.0f) * cgs->compassHeight + 12.0f + 0.5f);
src/PC/cgame_mp/cg_draw_mp.c	1932	small-integer-cast	listed-TU	Con_DrawNotify(6, (int)notifyY, alpha, (msgwnd_mode_t)2);
src/PC/cgame_mp/cg_ents_mp.c	139	constant-pointer-arithmetic	listed-TU	s1 = (const entityState_t *)((const byte *)cent + 0xf0);
src/PC/cgame_mp/cg_ents_mp.c	212	pointer-named-integer-field	listed-TU	int nextSnapTime = cg->nextSnap->serverTime;
src/PC/cgame_mp/cg_ents_mp.c	231	small-integer-cast	listed-TU	if ((unsigned int)clientNum > 63)
src/PC/cgame_mp/cg_ents_mp.c	245	fixed-byte-access	listed-TU	*(int *)(clientGunHand + 4) = 1;
src/PC/cgame_mp/cg_ents_mp.c	245	constant-pointer-arithmetic	listed-TU	*(int *)(clientGunHand + 4) = 1;
src/PC/cgame_mp/cg_ents_mp.c	248	fixed-byte-access	listed-TU	*(int *)(clientGunHand + 4) = 1;
src/PC/cgame_mp/cg_ents_mp.c	248	constant-pointer-arithmetic	listed-TU	*(int *)(clientGunHand + 4) = 1;
src/PC/cgame_mp/cg_ents_mp.c	422	small-integer-cast	listed-TU	if ((unsigned int)(moverNum - 1) > 0x3fc) {
src/PC/cgame_mp/cg_ents_mp.c	509	constant-pointer-arithmetic	listed-TU	CG_PlaySoundAliasByName(cent->nextState.number, origin, CL_GetConfigString(loopSound + 0x24e));
src/PC/cgame_mp/cg_ents_mp.c	511	constant-pointer-arithmetic	listed-TU	CG_PlaySoundAliasByName(cent->nextState.number, cent->lerpOrigin, CL_GetConfigString(loopSound + 0x24e));
src/PC/cgame_mp/cg_ents_mp.c	518	small-integer-cast	listed-TU	(float)((unsigned int)constantLight >> 24) * 4.0f,
src/PC/cgame_mp/cg_ents_mp.c	820	small-integer-cast	listed-TU	repeat = (int)s1->angles2[1];
src/PC/cgame_mp/cg_ents_mp.c	839	small-integer-cast	listed-TU	if ((unsigned int)(fxIndex - 1) > 0x3e) {
src/PC/cgame_mp/cg_ents_mp.c	899	small-integer-cast	listed-TU	if ((unsigned int)eType > 9) {
src/PC/cgame_mp/cg_event_mp.c	226	small-integer-cast	listed-TU	if ((unsigned int)mod > 5) {
src/PC/cgame_mp/cg_event_mp.c	267	small-integer-cast	listed-TU	if ((unsigned int)target > 63) {
src/PC/cgame_mp/cg_event_mp.c	289	fixed-byte-access	listed-TU	CG_DrawScoreboard_GetTeamColor(*(int *)(((char *)victimCI + offsetof(clientInfo_t, oldteam)) - 0x14), victimColor);
src/PC/cgame_mp/cg_event_mp.c	297	small-integer-cast	listed-TU	if ((unsigned int)attacker <= 63) {
src/PC/cgame_mp/cg_event_mp.c	309	fixed-byte-access	listed-TU	CG_DrawScoreboard_GetTeamColor(*(int *)(((char *)attackerCI + offsetof(clientInfo_t, oldteam)) - 0x14), attackerColor);
src/PC/cgame_mp/cg_event_mp.c	334	fixed-byte-access	listed-TU	int atkTeam = *(int *)(((char *)attackerCI + offsetof(clientInfo_t, oldteam)) - 0x14);
src/PC/cgame_mp/cg_event_mp.c	335	fixed-byte-access	listed-TU	if (atkTeam != 0 && atkTeam == *(int *)(((char *)victimCI + offsetof(clientInfo_t, oldteam)) - 0x14)) {
src/PC/cgame_mp/cg_event_mp.c	358	fixed-byte-access	listed-TU	int atkTeam = *(int *)(((char *)attackerCI + offsetof(clientInfo_t, oldteam)) - 0x14);
src/PC/cgame_mp/cg_event_mp.c	359	fixed-byte-access	listed-TU	if (atkTeam != 0 && atkTeam == *(int *)(((char *)victimCI + offsetof(clientInfo_t, oldteam)) - 0x14)) {
src/PC/cgame_mp/cg_event_mp.c	444	small-integer-cast	listed-TU	if ((unsigned int)clientNum >= 0x40) {
src/PC/cgame_mp/cg_event_mp.c	617	small-integer-cast	listed-TU	int tiltInt = (int)tilt;
src/PC/cgame_mp/cg_event_mp.c	638	small-integer-cast	listed-TU	if ((unsigned int)jmpIdx > 0x3b) {
src/PC/cgame_mp/cg_event_mp.c	679	fixed-byte-access	listed-TU	if (*(int *)(ui + 0xc)  != 0)
src/PC/cgame_mp/cg_event_mp.c	679	constant-pointer-arithmetic	listed-TU	if (*(int *)(ui + 0xc)  != 0)
src/PC/cgame_mp/cg_event_mp.c	682	fixed-byte-access	listed-TU	*(int *)(ui + 0x8)  = 0;
src/PC/cgame_mp/cg_event_mp.c	682	constant-pointer-arithmetic	listed-TU	*(int *)(ui + 0x8)  = 0;
src/PC/cgame_mp/cg_event_mp.c	694	fixed-byte-access	listed-TU	if (*(int *)(ui + 0xc)  != 0)
src/PC/cgame_mp/cg_event_mp.c	694	constant-pointer-arithmetic	listed-TU	if (*(int *)(ui + 0xc)  != 0)
src/PC/cgame_mp/cg_event_mp.c	697	fixed-byte-access	listed-TU	*(int *)(ui + 0x8)  = 1;
src/PC/cgame_mp/cg_event_mp.c	697	constant-pointer-arithmetic	listed-TU	*(int *)(ui + 0x8)  = 1;
src/PC/cgame_mp/cg_event_mp.c	709	fixed-byte-access	listed-TU	if (*(int *)(ui + 0xc)  != 0)
src/PC/cgame_mp/cg_event_mp.c	709	constant-pointer-arithmetic	listed-TU	if (*(int *)(ui + 0xc)  != 0)
src/PC/cgame_mp/cg_event_mp.c	712	fixed-byte-access	listed-TU	*(int *)(ui + 0x8)  = 2;
src/PC/cgame_mp/cg_event_mp.c	712	constant-pointer-arithmetic	listed-TU	*(int *)(ui + 0x8)  = 2;
src/PC/cgame_mp/cg_event_mp.c	731	pointer-named-integer-field	listed-TU	int prevTime = cg->stepTime;
src/PC/cgame_mp/cg_event_mp.c	774	fixed-byte-access	listed-TU	*(snd_alias_list_t **)(itemData + 0x1c) );
src/PC/cgame_mp/cg_event_mp.c	774	constant-pointer-arithmetic	listed-TU	*(snd_alias_list_t **)(itemData + 0x1c) );
src/PC/cgame_mp/cg_event_mp.c	778	fixed-byte-access	listed-TU	*(snd_alias_list_t **)(itemData + 0x20) );
src/PC/cgame_mp/cg_event_mp.c	778	constant-pointer-arithmetic	listed-TU	*(snd_alias_list_t **)(itemData + 0x20) );
src/PC/cgame_mp/cg_event_mp.c	791	fixed-byte-access	listed-TU	int weapId = *(int *)(item + 0x20) ;
src/PC/cgame_mp/cg_event_mp.c	791	constant-pointer-arithmetic	listed-TU	int weapId = *(int *)(item + 0x20) ;
src/PC/cgame_mp/cg_event_mp.c	792	fixed-byte-access	listed-TU	if (*(int *)(item + 0x1c)  != 1)
src/PC/cgame_mp/cg_event_mp.c	792	constant-pointer-arithmetic	listed-TU	if (*(int *)(item + 0x1c)  != 1)
src/PC/cgame_mp/cg_event_mp.c	1216	fixed-byte-access	listed-TU	char *fxData = *(char **)(fxLookup + 4);
src/PC/cgame_mp/cg_event_mp.c	1216	constant-pointer-arithmetic	listed-TU	char *fxData = *(char **)(fxLookup + 4);
src/PC/cgame_mp/cg_event_mp.c	1217	fixed-byte-access	listed-TU	EffectTemplate *effect = *(EffectTemplate **)(fxData + 0x33c);
src/PC/cgame_mp/cg_event_mp.c	1217	constant-pointer-arithmetic	listed-TU	EffectTemplate *effect = *(EffectTemplate **)(fxData + 0x33c);
src/PC/cgame_mp/cg_event_mp.c	1260	fixed-byte-access	listed-TU	char *fxData = *(char **)(fxLookup + 4);
src/PC/cgame_mp/cg_event_mp.c	1260	constant-pointer-arithmetic	listed-TU	char *fxData = *(char **)(fxLookup + 4);
src/PC/cgame_mp/cg_event_mp.c	1261	fixed-byte-access	listed-TU	EffectTemplate *effect = *(EffectTemplate **)(fxData + 0x2e0 + surfType * 4);
src/PC/cgame_mp/cg_event_mp.c	1261	constant-pointer-arithmetic	listed-TU	EffectTemplate *effect = *(EffectTemplate **)(fxData + 0x2e0 + surfType * 4);
src/PC/cgame_mp/cg_event_mp.c	1281	fixed-byte-access	listed-TU	char *fxData = *(char **)(fxLookup + 4);
src/PC/cgame_mp/cg_event_mp.c	1281	constant-pointer-arithmetic	listed-TU	char *fxData = *(char **)(fxLookup + 4);
src/PC/cgame_mp/cg_event_mp.c	1282	fixed-byte-access	listed-TU	EffectTemplate *effect = *(EffectTemplate **)(fxData + 0x33c + surfType2 * 4);
src/PC/cgame_mp/cg_event_mp.c	1282	constant-pointer-arithmetic	listed-TU	EffectTemplate *effect = *(EffectTemplate **)(fxData + 0x33c + surfType2 * 4);
src/PC/cgame_mp/cg_event_mp.c	1293	fixed-byte-access	listed-TU	EffectTemplate *effect = *(EffectTemplate **)(wepDefs + 0x164 + wepOff * 4);
src/PC/cgame_mp/cg_event_mp.c	1293	constant-pointer-arithmetic	listed-TU	EffectTemplate *effect = *(EffectTemplate **)(wepDefs + 0x164 + wepOff * 4);
src/PC/cgame_mp/cg_event_mp.c	1302	fixed-byte-access	listed-TU	int sndAlias = *(int *)(wepDefs + 0x168 + wepOff * 4);
src/PC/cgame_mp/cg_event_mp.c	1302	constant-pointer-arithmetic	listed-TU	int sndAlias = *(int *)(wepDefs + 0x168 + wepOff * 4);
src/PC/cgame_mp/cg_event_mp.c	1327	fixed-byte-access	listed-TU	char *fxData = *(char **)(fxLookup + 4);
src/PC/cgame_mp/cg_event_mp.c	1327	constant-pointer-arithmetic	listed-TU	char *fxData = *(char **)(fxLookup + 4);
src/PC/cgame_mp/cg_event_mp.c	1329	fixed-byte-access	listed-TU	EffectTemplate *effect = *(EffectTemplate **)(fxData + 0x398 + surfType4 * 4);
src/PC/cgame_mp/cg_event_mp.c	1329	constant-pointer-arithmetic	listed-TU	EffectTemplate *effect = *(EffectTemplate **)(fxData + 0x398 + surfType4 * 4);
src/PC/cgame_mp/cg_event_mp.c	1338	fixed-byte-access	listed-TU	EffectTemplate *effect = *(EffectTemplate **)(wepDefs + 0x164 + wepOff * 4);
src/PC/cgame_mp/cg_event_mp.c	1338	constant-pointer-arithmetic	listed-TU	EffectTemplate *effect = *(EffectTemplate **)(wepDefs + 0x164 + wepOff * 4);
src/PC/cgame_mp/cg_event_mp.c	1346	fixed-byte-access	listed-TU	int sndAlias = *(int *)(wepDefs + 0x168 + wepOff * 4);
src/PC/cgame_mp/cg_event_mp.c	1346	constant-pointer-arithmetic	listed-TU	int sndAlias = *(int *)(wepDefs + 0x168 + wepOff * 4);
src/PC/cgame_mp/cg_event_mp.c	1370	fixed-byte-access	listed-TU	char *fxData = *(char **)(fxLookup + 4);
src/PC/cgame_mp/cg_event_mp.c	1370	constant-pointer-arithmetic	listed-TU	char *fxData = *(char **)(fxLookup + 4);
src/PC/cgame_mp/cg_event_mp.c	1372	fixed-byte-access	listed-TU	EffectTemplate *effect = *(EffectTemplate **)(fxData + 0x398 + surfType6 * 4);
src/PC/cgame_mp/cg_event_mp.c	1372	constant-pointer-arithmetic	listed-TU	EffectTemplate *effect = *(EffectTemplate **)(fxData + 0x398 + surfType6 * 4);
src/PC/cgame_mp/cg_event_mp.c	1383	fixed-byte-access	listed-TU	EffectTemplate *effect = *(EffectTemplate **)(wepDefs + 0x164 + wepOff * 4);
src/PC/cgame_mp/cg_event_mp.c	1383	constant-pointer-arithmetic	listed-TU	EffectTemplate *effect = *(EffectTemplate **)(wepDefs + 0x164 + wepOff * 4);
src/PC/cgame_mp/cg_event_mp.c	1392	fixed-byte-access	listed-TU	int sndAlias = *(int *)(wepDefs + 0x168 + wepOff * 4);
src/PC/cgame_mp/cg_event_mp.c	1392	constant-pointer-arithmetic	listed-TU	int sndAlias = *(int *)(wepDefs + 0x168 + wepOff * 4);
src/PC/cgame_mp/cg_event_mp.c	1412	fixed-byte-access	listed-TU	EffectTemplate *effect = *(EffectTemplate **)(wepDefs + 0x164 + wepOff * 4);
src/PC/cgame_mp/cg_event_mp.c	1412	constant-pointer-arithmetic	listed-TU	EffectTemplate *effect = *(EffectTemplate **)(wepDefs + 0x164 + wepOff * 4);
src/PC/cgame_mp/cg_event_mp.c	1419	fixed-byte-access	listed-TU	effect = *(EffectTemplate **)(wepDefs + 0x164 + wepOff * 4);
src/PC/cgame_mp/cg_event_mp.c	1419	constant-pointer-arithmetic	listed-TU	effect = *(EffectTemplate **)(wepDefs + 0x164 + wepOff * 4);
src/PC/cgame_mp/cg_event_mp.c	1427	fixed-byte-access	listed-TU	int sndAlias = *(int *)(wepDefs + 0x168 + wepOff * 4);
src/PC/cgame_mp/cg_event_mp.c	1427	constant-pointer-arithmetic	listed-TU	int sndAlias = *(int *)(wepDefs + 0x168 + wepOff * 4);
src/PC/cgame_mp/cg_event_mp.c	1431	fixed-byte-access	listed-TU	if (*(char *)((char *)es + 0x0a)  & 1) {
src/PC/cgame_mp/cg_event_mp.c	1431	constant-pointer-arithmetic	listed-TU	if (*(char *)((char *)es + 0x0a)  & 1) {
src/PC/cgame_mp/cg_event_mp.c	1445	constant-pointer-arithmetic	listed-TU	int csIndex = es->eventParm + 0x24e;
src/PC/cgame_mp/cg_event_mp.c	1453	constant-pointer-arithmetic	listed-TU	int csIndex = es->eventParm + 0x24e;
src/PC/cgame_mp/cg_event_mp.c	1479	small-integer-cast	listed-TU	if ((unsigned int)fxIdx > 62) {
src/PC/cgame_mp/cg_event_mp.c	1495	constant-pointer-arithmetic	listed-TU	int csIndex2 = es->eventParm + 0x38e;
src/PC/cgame_mp/cg_event_mp.c	1507	constant-pointer-arithmetic	listed-TU	tagName = SL_GetString(csStr2 + 2, 0);
src/PC/cgame_mp/cg_event_mp.c	1523	small-integer-cast	listed-TU	unsigned int e = (unsigned int)event;
src/PC/cgame_mp/cg_event_mp.c	1541	pointer-named-integer-field	listed-TU	int prevEventSeq;
src/PC/cgame_mp/cg_hudelem_mp.c	178	constant-pointer-arithmetic	listed-TU	msec = elem->time - serverTime + 999;
src/PC/cgame_mp/cg_hudelem_mp.c	181	constant-pointer-arithmetic	listed-TU	msec = elem->time - serverTime + 99;
src/PC/cgame_mp/cg_hudelem_mp.c	378	small-integer-cast	listed-TU	int idx = (int)(floorf(elem->value + 0.5f));
src/PC/cgame_mp/cg_hudelem_mp.c	383	constant-pointer-arithmetic	listed-TU	I_strncpyz(cghe->hudElemText, (char *)snap + 0xe0920 + idx * 1208, 256);
src/PC/cgame_mp/cg_hudelem_mp.c	424	constant-pointer-arithmetic	listed-TU	if (cghe->hudElemLabel[labelIdx + 1] == '&' && cghe->hudElemLabel[labelIdx + 2] == '1') {
src/PC/cgame_mp/cg_hudelem_mp.c	450	fixed-size-memory-call	listed-TU	memcpy(cghe->hudElemText, hudElemString, 256);
src/PC/cgame_mp/cg_hudelem_mp.c	605	small-integer-cast	listed-TU	cghe->x = (float)(int)(floorf(cghe->x + 0.5f));
src/PC/cgame_mp/cg_hudelem_mp.c	606	small-integer-cast	listed-TU	cghe->y = (float)(int)(floorf(cghe->y + 0.5f));
src/PC/cgame_mp/cg_hudelem_mp.c	626	small-integer-cast	listed-TU	cghe->color[0] = ((float)(int)toColor[0] + ((float)(int)fromColor[0] - (float)(int)toColor[0]) * lerp) * (1.0f / 255.0f);
src/PC/cgame_mp/cg_hudelem_mp.c	627	small-integer-cast	listed-TU	cghe->color[1] = ((float)(int)toColor[1] + ((float)(int)fromColor[1] - (float)(int)toColor[1]) * lerp) * (1.0f / 255.0f);
src/PC/cgame_mp/cg_hudelem_mp.c	628	small-integer-cast	listed-TU	cghe->color[2] = ((float)(int)toColor[2] + ((float)(int)fromColor[2] - (float)(int)toColor[2]) * lerp) * (1.0f / 255.0f);
src/PC/cgame_mp/cg_hudelem_mp.c	629	small-integer-cast	listed-TU	cghe->color[3] = ((float)(int)toColor[3] + ((float)(int)fromColor[3] - (float)(int)toColor[3]) * lerp) * (1.0f / 255.0f);
src/PC/cgame_mp/cg_hudelem_mp.c	633	small-integer-cast	listed-TU	cghe->color[0] = (float)(int)color[0] * (1.0f / 255.0f);
src/PC/cgame_mp/cg_hudelem_mp.c	634	small-integer-cast	listed-TU	cghe->color[1] = (float)(int)color[1] * (1.0f / 255.0f);
src/PC/cgame_mp/cg_hudelem_mp.c	635	small-integer-cast	listed-TU	cghe->color[2] = (float)(int)color[2] * (1.0f / 255.0f);
src/PC/cgame_mp/cg_hudelem_mp.c	636	small-integer-cast	listed-TU	cghe->color[3] = (float)(int)color[3] * (1.0f / 255.0f);
src/PC/cgame_mp/cg_hudelem_mp.c	653	constant-pointer-arithmetic	listed-TU	current = (hudelem_t *)(ps + 0x7a8);
src/PC/cgame_mp/cg_hudelem_mp.c	654	constant-pointer-arithmetic	listed-TU	archival = current + 31;
src/PC/cgame_mp/cg_hudelem_mp.c	759	constant-pointer-arithmetic	listed-TU	msec = elem->time - serverTime + 999;
src/PC/cgame_mp/cg_hudelem_mp.c	764	constant-pointer-arithmetic	listed-TU	msec = elem->time - serverTime + 99;
src/PC/cgame_mp/cg_hudelem_mp.c	845	constant-pointer-arithmetic	listed-TU	current = (hudelem_t *)(ps + 0x7a8);
src/PC/cgame_mp/cg_hudelem_mp.c	846	constant-pointer-arithmetic	listed-TU	archival = current + 31;
src/PC/cgame_mp/cg_hudelem_mp.c	905	small-integer-cast	listed-TU	float alpha = (float)(int)colorBytes[3] / 255.0f;
src/PC/cgame_mp/cg_hudelem_mp.c	917	small-integer-cast	listed-TU	rgbaColor[3] = (byte)(int)(floorf(alpha * 255.0f + 0.5f));
src/PC/cgame_mp/cg_info_mp.c	106	constant-pointer-arithmetic	listed-TU	I_strncpyz(string, base + 0x5c, 0x400);
src/PC/cgame_mp/cg_info_mp.c	121	small-integer-cast	listed-TU	*pos = (char)___tolower((int)*pos);
src/PC/cgame_mp/cg_localents_mp.c	53	constant-pointer-arithmetic	listed-TU	cg_localEntities[i].next = &cg_localEntities[i + 1];
src/PC/cgame_mp/cg_main_mp.c	35	x86-only-width-guard	listed-TU	#if !defined(__EMSCRIPTEN__) && !defined(__x86_64__)
src/PC/cgame_mp/cg_main_mp.c	40	x86-only-width-guard	listed-TU	#if !defined(__EMSCRIPTEN__) && !defined(__x86_64__)
src/PC/cgame_mp/cg_main_mp.c	45	x86-only-width-guard	listed-TU	#if defined(__x86_64__) || defined(_M_X64)
src/PC/cgame_mp/cg_main_mp.c	392	constant-pointer-arithmetic	listed-TU	if (cgArray[0].time > cgArray[0].crosshairClientTime + 0x3e8)
src/PC/cgame_mp/cg_main_mp.c	463	small-integer-cast	listed-TU	directiveLen = (int)(pEnd - pFound) - 2;
src/PC/cgame_mp/cg_main_mp.c	469	constant-pointer-arithmetic	listed-TU	memcpy(directive, pFound + 2, directiveLen);
src/PC/cgame_mp/cg_main_mp.c	477	small-integer-cast	listed-TU	bindingLen = (int)strlen(keyBinding);
src/PC/cgame_mp/cg_main_mp.c	477	integer-cast-hash-or-key	listed-TU	bindingLen = (int)strlen(keyBinding);
src/PC/cgame_mp/cg_main_mp.c	481	constant-pointer-arithmetic	listed-TU	if (newStringLen + 1 > 0x100)
src/PC/cgame_mp/cg_main_mp.c	484	small-integer-cast	listed-TU	beginLen = (int)(pFound - srcString);
src/PC/cgame_mp/cg_main_mp.c	491	constant-pointer-arithmetic	listed-TU	memcpy(dstString, pEnd + 2, endLen);
src/PC/cgame_mp/cg_main_mp.c	508	small-integer-cast	listed-TU	stringLen = (int)strlen(localizedString);
src/PC/cgame_mp/cg_main_mp.c	510	constant-pointer-arithmetic	listed-TU	if (stringLen + 1 > 0x100) {
src/PC/cgame_mp/cg_main_mp.c	666	small-integer-cast	listed-TU	minMsec = (int)(cg_subtitleMinTime->current.value * 1000.0f + 0.5f);
src/PC/cgame_mp/cg_main_mp.c	696	constant-pointer-arithmetic	listed-TU	localSoundState = (const byte *)&cgArray + 36;
src/PC/cgame_mp/cg_main_mp.c	697	fixed-byte-access	listed-TU	return *(const int *)(localSoundState + 0xd8);
src/PC/cgame_mp/cg_main_mp.c	697	constant-pointer-arithmetic	listed-TU	return *(const int *)(localSoundState + 0xd8);
src/PC/cgame_mp/cg_main_mp.c	704	constant-pointer-arithmetic	listed-TU	localSoundState = (const byte *)&cgArray + 36;
src/PC/cgame_mp/cg_main_mp.c	705	constant-pointer-arithmetic	listed-TU	return (const vec_t *)(localSoundState + 0x20);
src/PC/cgame_mp/cg_main_mp.c	717	small-integer-cast	listed-TU	if ((unsigned int)dobjHandle <= 0x3ff) {
src/PC/cgame_mp/cg_main_mp.c	726	small-integer-cast	listed-TU	if ((unsigned int)(dobjHandle - 0x400) > 0x7f) {
src/PC/cgame_mp/cg_main_mp.c	730	fixed-byte-access	listed-TU	orient->origin[0] = *(const float *)((const byte *)&cgArray + 180412);
src/PC/cgame_mp/cg_main_mp.c	730	constant-pointer-arithmetic	listed-TU	orient->origin[0] = *(const float *)((const byte *)&cgArray + 180412);
src/PC/cgame_mp/cg_main_mp.c	731	fixed-byte-access	listed-TU	orient->origin[1] = *(const float *)((const byte *)&cgArray + 180416);
src/PC/cgame_mp/cg_main_mp.c	731	constant-pointer-arithmetic	listed-TU	orient->origin[1] = *(const float *)((const byte *)&cgArray + 180416);
src/PC/cgame_mp/cg_main_mp.c	732	fixed-byte-access	listed-TU	orient->origin[2] = *(const float *)((const byte *)&cgArray + 180420);
src/PC/cgame_mp/cg_main_mp.c	732	constant-pointer-arithmetic	listed-TU	orient->origin[2] = *(const float *)((const byte *)&cgArray + 180420);
src/PC/cgame_mp/cg_main_mp.c	750	fixed-byte-access	listed-TU	if ((*(byte *)(es + 0xa) & 1) == 0)
src/PC/cgame_mp/cg_main_mp.c	750	constant-pointer-arithmetic	listed-TU	if ((*(byte *)(es + 0xa) & 1) == 0)
src/PC/cgame_mp/cg_main_mp.c	788	small-integer-cast	listed-TU	minTime = gametime - (int)(FX_GetEffectLength(smokeFx) + 1.0f);
src/PC/cgame_mp/cg_main_mp.c	793	constant-pointer-arithmetic	listed-TU	FX_WarpTime(gametime + 0x1d4c0);
src/PC/cgame_mp/cg_main_mp.c	797	fixed-byte-access	listed-TU	FX_Rewind(*(int *)(smokeGrenadeES + 0x54));
src/PC/cgame_mp/cg_main_mp.c	797	constant-pointer-arithmetic	listed-TU	FX_Rewind(*(int *)(smokeGrenadeES + 0x54));
src/PC/cgame_mp/cg_main_mp.c	798	constant-pointer-arithmetic	listed-TU	FX_WarpTime(gametime + 0x1d4c0);
src/PC/cgame_mp/cg_main_mp.c	799	constant-pointer-arithmetic	listed-TU	"Com_Printf(""Warping FX time to %i to kill off existing effects\n"", gametime + 0x1d4c0);"
src/PC/cgame_mp/cg_main_mp.c	802	fixed-byte-access	listed-TU	int smokeTime = *(int *)(smokeGrenadeES + 0x54);
src/PC/cgame_mp/cg_main_mp.c	802	constant-pointer-arithmetic	listed-TU	int smokeTime = *(int *)(smokeGrenadeES + 0x54);
src/PC/cgame_mp/cg_main_mp.c	808	constant-pointer-arithmetic	listed-TU	FX_PlayEffect(smokeFx, (const vec_t *)(smokeGrenadeES + 0x18), up);
src/PC/cgame_mp/cg_main_mp.c	810	constant-pointer-arithmetic	listed-TU	smokeGrenadeES = CG_FindSmokeGrenadeEntityState(smokeTime + 1, gametime);
src/PC/cgame_mp/cg_main_mp.c	834	constant-pointer-arithmetic	listed-TU	"CG_LocalizeHudElemString(CL_GetConfigString(index + 0x51e), ""hudelem string"", hudElemString);"
src/PC/cgame_mp/cg_main_mp.c	1115	fixed-byte-access	listed-TU	*(int *)(ent + offset + 0x220) = 0;
src/PC/cgame_mp/cg_main_mp.c	1115	constant-pointer-arithmetic	listed-TU	*(int *)(ent + offset + 0x220) = 0;
src/PC/cgame_mp/cg_main_mp.c	1130	fixed-size-memory-call	listed-TU	memset((void *)cg_entities, 0, 0x89000);
src/PC/cgame_mp/cg_main_mp.c	1146	fixed-byte-access	listed-TU	*(int *)(cgBase + 4) = clientNum;
src/PC/cgame_mp/cg_main_mp.c	1146	constant-pointer-arithmetic	listed-TU	*(int *)(cgBase + 4) = clientNum;
src/PC/cgame_mp/cg_main_mp.c	1195	fixed-byte-access	listed-TU	"Com_Printf("""", *(int *)(scrMemTreeGlob + 525092), *(int *)(scrMemTreeGlob + 525096));"
src/PC/cgame_mp/cg_main_mp.c	1195	constant-pointer-arithmetic	listed-TU	"Com_Printf("""", *(int *)(scrMemTreeGlob + 525092), *(int *)(scrMemTreeGlob + 525096));"
src/PC/cgame_mp/cg_main_mp.c	1197	fixed-byte-access	listed-TU	"Com_Printf("""", *(int *)(scrMemTreeGlob + 525092), *(int *)(scrMemTreeGlob + 525096));"
src/PC/cgame_mp/cg_main_mp.c	1197	constant-pointer-arithmetic	listed-TU	"Com_Printf("""", *(int *)(scrMemTreeGlob + 525092), *(int *)(scrMemTreeGlob + 525096));"
src/PC/cgame_mp/cg_main_mp.c	1211	fixed-size-memory-call	listed-TU	memset(((char *)cgBase + offsetof(cg_t, refdef.x)), 0, 0x58);
src/PC/cgame_mp/cg_marks_mp.c	30	small-integer-cast	listed-TU	int val = (int)floorf(f * 255.0f + 0.5f);
src/PC/cgame_mp/cg_marks_mp.c	64	constant-pointer-arithmetic	listed-TU	nxt = nxt + 1;
src/PC/cgame_mp/cg_marks_mp.c	91	small-integer-cast	listed-TU	CL_AddPolyToScene(markPoly->mtlHandle, (int)markPoly->lmapIndex,
src/PC/cgame_mp/cg_marks_mp.c	92	small-integer-cast	listed-TU	(int)markPoly->vertCount, markPoly->verts);
src/PC/cgame_mp/cg_marks_mp.c	157	small-integer-cast	listed-TU	GfxWorldVertex *verts = (GfxWorldVertex *)((char *)&markVerts + frag->firstPoint * (int)sizeof(GfxWorldVertex));
src/PC/cgame_mp/cg_marks_mp.c	158	small-integer-cast	listed-TU	int vertCount = (int)frag->pointCount;
src/PC/cgame_mp/cg_newDraw_mp.c	261	small-integer-cast	listed-TU	if ((unsigned int)(index - 1) > 0x7e) {
src/PC/cgame_mp/cg_newDraw_mp.c	265	constant-pointer-arithmetic	listed-TU	configString = CL_GetConfigString(index + 0x61e);
src/PC/cgame_mp/cg_newDraw_mp.c	270	small-integer-cast	listed-TU	if (strlen(configString) >= (unsigned int)maxLen) {
src/PC/cgame_mp/cg_newDraw_mp.c	288	constant-pointer-arithmetic	listed-TU	hintString = CL_GetConfigString(cgArray[0].cursorHintString + 0x4fe);
src/PC/cgame_mp/cg_newDraw_mp.c	377	small-integer-cast	listed-TU	if ((unsigned)(cursorHintValue - 5) <= 0x7f) {
src/PC/cgame_mp/cg_newDraw_mp.c	572	constant-pointer-arithmetic	listed-TU	p = CL_GetConfigString(iLocation + 0x2e);
src/PC/cgame_mp/cg_newDraw_mp.c	664	pointer-named-integer-field	listed-TU	int nextPulseThresholdTime;
src/PC/cgame_mp/cg_newDraw_mp.c	742	constant-pointer-arithmetic	listed-TU	cg->healthOverlayPulseIndex = pulseIndex + 1;
src/PC/cgame_mp/cg_newDraw_mp.c	795	small-integer-cast	listed-TU	textOffset = (int)(textWidth * 0.5f + 0.5f);
src/PC/cgame_mp/cg_newDraw_mp.c	925	small-integer-cast	listed-TU	duration = (int)floorf(1000.0f * hud_fade_compass->current.value + 0.5f);
src/PC/cgame_mp/cg_newDraw_mp.c	971	small-integer-cast	listed-TU	return (int)floorf(fadeDvar->current.value * 1000.0f + 0.5f);
src/PC/cgame_mp/cg_newDraw_mp.c	1059	small-integer-cast	listed-TU	return (int)floorf(value + 0.5f);
src/PC/cgame_mp/cg_newDraw_mp.c	1086	constant-pointer-arithmetic	listed-TU	if (cg->lastStanceChangeTime + 1000 > cg->time) {
src/PC/cgame_mp/cg_newDraw_mp.c	1089	constant-pointer-arithmetic	listed-TU	flashAlpha = (float)(cg->lastStanceChangeTime - cg->time + 1000) / 1000.0f * 0.8f;
src/PC/cgame_mp/cg_newDraw_mp.c	1134	constant-pointer-arithmetic	listed-TU	cg->proneBlockedEndTime = cg->time + 1500;
src/PC/cgame_mp/cg_newDraw_mp.c	1159	constant-pointer-arithmetic	listed-TU	if (cg_hudStanceHintPrints->current.enabled && cg->lastStanceChangeTime + 3000 > cg->time) {
src/PC/cgame_mp/cg_newDraw_mp.c	1192	constant-pointer-arithmetic	listed-TU	if (cg->lastStanceChangeTime + 2000 > cg->time) {
src/PC/cgame_mp/cg_newDraw_mp.c	1195	constant-pointer-arithmetic	listed-TU	drawColor[3] = (float)(cg->lastStanceChangeTime - cg->time + 3000) / 1000.0f;
src/PC/cgame_mp/cg_newDraw_mp.c	1257	constant-pointer-arithmetic	listed-TU	hintY += height + 1.5f;
src/PC/cgame_mp/cg_newDraw_mp.c	1463	constant-pointer-arithmetic	listed-TU	backRect.w = (float)textWidth + 36.0f;
src/PC/cgame_mp/cg_players_mp.c	95	constant-pointer-arithmetic	listed-TU	ci = ciBase + 0x14;
src/PC/cgame_mp/cg_players_mp.c	118	constant-pointer-arithmetic	listed-TU	memset(ciBase + 0x394, 0, 48);
src/PC/cgame_mp/cg_players_mp.c	118	fixed-size-memory-call	listed-TU	memset(ciBase + 0x394, 0, 48);
src/PC/cgame_mp/cg_players_mp.c	124	constant-pointer-arithmetic	listed-TU	memset(ciBase + 0x3c4, 0, 48);
src/PC/cgame_mp/cg_players_mp.c	124	fixed-size-memory-call	listed-TU	memset(ciBase + 0x3c4, 0, 48);
src/PC/cgame_mp/cg_players_mp.c	145	fixed-byte-access	listed-TU	if (*(int *)(snap + 0x18) & 0xc00000) {
src/PC/cgame_mp/cg_players_mp.c	145	constant-pointer-arithmetic	listed-TU	if (*(int *)(snap + 0x18) & 0xc00000) {
src/PC/cgame_mp/cg_players_mp.c	159	constant-pointer-arithmetic	listed-TU	origin[2] += (float)height + 21.0f;
src/PC/cgame_mp/cg_players_mp.c	167	constant-pointer-arithmetic	listed-TU	origin[2] += (float)height + 82.0f;
src/PC/cgame_mp/cg_players_mp.c	171	constant-pointer-arithmetic	listed-TU	radius = (additionalRadiusSize + 10.0f) * 0.0043f;
src/PC/cgame_mp/cg_players_mp.c	174	constant-pointer-arithmetic	listed-TU	radius = additionalRadiusSize + 10.0f;
src/PC/cgame_mp/cg_players_mp.c	199	fixed-byte-access	listed-TU	if (!*(int *)(ci + 0xe0914))
src/PC/cgame_mp/cg_players_mp.c	199	constant-pointer-arithmetic	listed-TU	if (!*(int *)(ci + 0xe0914))
src/PC/cgame_mp/cg_players_mp.c	201	fixed-byte-access	listed-TU	iTeam = *(int *)(ci + 0xe0940);
src/PC/cgame_mp/cg_players_mp.c	201	constant-pointer-arithmetic	listed-TU	iTeam = *(int *)(ci + 0xe0940);
src/PC/cgame_mp/cg_players_mp.c	205	fixed-byte-access	listed-TU	if (!*(int *)(ci + 0xe0914))
src/PC/cgame_mp/cg_players_mp.c	205	constant-pointer-arithmetic	listed-TU	if (!*(int *)(ci + 0xe0914))
src/PC/cgame_mp/cg_players_mp.c	207	fixed-byte-access	listed-TU	localTeam = *(int *)(ci + 0xe0940);
src/PC/cgame_mp/cg_players_mp.c	207	constant-pointer-arithmetic	listed-TU	localTeam = *(int *)(ci + 0xe0940);
src/PC/cgame_mp/cg_players_mp.c	210	pointer-named-integer-field	listed-TU	int headicon = cent->nextState.iHeadIcon;
src/PC/cgame_mp/cg_players_mp.c	212	pointer-named-integer-field	listed-TU	int headiconTeam = cent->nextState.iHeadIconTeam;
src/PC/cgame_mp/cg_players_mp.c	214	constant-pointer-arithmetic	listed-TU	const char *str = CL_GetConfigString(headicon + 30);
src/PC/cgame_mp/cg_players_mp.c	233	small-integer-cast	listed-TU	height = (int)additionalRadiusSize;
src/PC/cgame_mp/cg_players_mp.c	242	small-integer-cast	listed-TU	height = (int)additionalRadiusSize;
src/PC/cgame_mp/cg_players_mp.c	252	small-integer-cast	listed-TU	height = (int)additionalRadiusSize;
src/PC/cgame_mp/cg_players_mp.c	262	small-integer-cast	listed-TU	height = (int)additionalRadiusSize;
src/PC/cgame_mp/cg_players_mp.c	286	constant-pointer-arithmetic	listed-TU	byte *turretCi = ciBase + 0x14;
src/PC/cgame_mp/cg_players_mp.c	315	constant-pointer-arithmetic	listed-TU	pLerpAnim = ciBase + 0x394;
src/PC/cgame_mp/cg_players_mp.c	338	small-integer-cast	listed-TU	(unsigned int)scr_const.tag_weapon);
src/PC/cgame_mp/cg_players_mp.c	430	small-integer-cast	listed-TU	iHorChild = (int)rawBlend;
src/PC/cgame_mp/cg_players_mp.c	440	constant-pointer-arithmetic	listed-TU	leafAnim2 = XAnimGetChildAt(pXAnims, heightAnim, iHorChild + 1);
src/PC/cgame_mp/cg_players_mp.c	532	constant-pointer-arithmetic	listed-TU	unsigned short prevLeaf2 = XAnimGetChildAt(pXAnims, prevHeightAnim, iPrevBlend + 1);
src/PC/cgame_mp/cg_players_mp.c	594	constant-pointer-arithmetic	listed-TU	* +24 and materialRGBA to +96, total ~0x80), so those puns landed on the
src/PC/cgame_mp/cg_players_mp.c	610	fixed-byte-access	listed-TU	if (*(int *)(snap + 0x18) & 0xc00000) {
src/PC/cgame_mp/cg_players_mp.c	610	constant-pointer-arithmetic	listed-TU	if (*(int *)(snap + 0x18) & 0xc00000) {
src/PC/cgame_mp/cg_playerstate_mp.c	81	constant-pointer-arithmetic	listed-TU	memcpy((char *)cg + CG_OFF_25BC4, snap + 0xc, sizeof(playerState_t));
src/PC/cgame_mp/cg_playerstate_mp.c	102	fixed-size-memory-call	listed-TU	memset((char *)cg + CG_OFF_28490, 0, 48);
src/PC/cgame_mp/cg_playerstate_mp.c	112	fixed-size-memory-call	listed-TU	memset((char *)cg + CG_OFF_2BE74, 0, 0x60);
src/PC/cgame_mp/cg_playerstate_mp.c	114	fixed-size-memory-call	listed-TU	memset((char *)cg + CG_OFF_2C50C, 0, 0x90);
src/PC/cgame_mp/cg_predict_mp.c	142	pointer-named-integer-field	listed-TU	int nextBob = next->ps.bobCycle;
src/PC/cgame_mp/cg_predict_mp.c	143	pointer-named-integer-field	listed-TU	int prevBob = prev->ps.bobCycle;
src/PC/cgame_mp/cg_predict_mp.c	146	constant-pointer-arithmetic	listed-TU	adjusted = nextBob + 256;
src/PC/cgame_mp/cg_predict_mp.c	147	small-integer-cast	listed-TU	out->bobCycle = prevBob + (int)((float)(adjusted - prevBob) * f);
src/PC/cgame_mp/cg_predict_mp.c	280	small-integer-cast	listed-TU	ps->delta_angles[1] += (int)(deltaAngles[1] * (65536.0f / 360.0f)) & 0xffff;
src/PC/cgame_mp/cg_registergraphics_new.c	34	constant-pointer-arithmetic	listed-TU	#    define CGS_ADDR(off) ((char *)cgs + 0x1c180 + (off))
src/PC/cgame_mp/cg_rumble_mp.c	142	small-integer-cast	listed-TU	while (*p && n < (int)sizeof(path) - 5)
src/PC/cgame_mp/cg_rumble_mp.c	159	small-integer-cast	listed-TU	if (len > (int)sizeof(buffer) - 1)
src/PC/cgame_mp/cg_rumble_mp.c	160	small-integer-cast	listed-TU	len = (int)sizeof(buffer) - 1;
src/PC/cgame_mp/cg_rumble_mp.c	223	constant-pointer-arithmetic	listed-TU	highName[n + 1] = 'h';
src/PC/cgame_mp/cg_rumble_mp.c	224	constant-pointer-arithmetic	listed-TU	highName[n + 2] = '\0';
src/PC/cgame_mp/cg_rumble_mp.c	226	constant-pointer-arithmetic	listed-TU	lowName[n + 1] = 'l';
src/PC/cgame_mp/cg_rumble_mp.c	227	constant-pointer-arithmetic	listed-TU	lowName[n + 2] = '\0';
src/PC/cgame_mp/cg_rumble_mp.c	336	small-integer-cast	listed-TU	t = t - (float)((int)t);
src/PC/cgame_mp/cg_scoreboard_mp.c	66	fixed-byte-access	listed-TU	cg->scoresTop -= *(int *)(*(int *)imp_cg_scoreboardScrollStep + 8);
src/PC/cgame_mp/cg_scoreboard_mp.c	66	constant-pointer-arithmetic	listed-TU	cg->scoresTop -= *(int *)(*(int *)imp_cg_scoreboardScrollStep + 8);
src/PC/cgame_mp/cg_scoreboard_mp.c	75	fixed-byte-access	listed-TU	cg->scoresTop += *(int *)(*(int *)imp_cg_scoreboardScrollStep + 8);
src/PC/cgame_mp/cg_scoreboard_mp.c	75	constant-pointer-arithmetic	listed-TU	cg->scoresTop += *(int *)(*(int *)imp_cg_scoreboardScrollStep + 8);
src/PC/cgame_mp/cg_scoreboard_mp.c	227	constant-pointer-arithmetic	listed-TU	UI_DrawText(text, 0x7fffffff, font, textX, y + 10.08f, 0, 0, scale, textColor, style);
src/PC/cgame_mp/cg_scoreboard_mp.c	454	constant-pointer-arithmetic	listed-TU	UI_DrawText(textStart, lineCharacters, objectiveFont, 129.0f, y + 10.08f, 0, 0, 0.24f, color, 3);
src/PC/cgame_mp/cg_scoreboard_mp.c	464	constant-pointer-arithmetic	listed-TU	UI_DrawText(textStart, lineCharacters, objectiveFont, 129.0f, y + 10.08f, 0, 0, 0.24f, color, 3);
src/PC/cgame_mp/cg_scoreboard_mp.c	474	constant-pointer-arithmetic	listed-TU	if ((float)UI_TextWidth(textStart, lineCharacters + 1, (struct Font_s *)objectiveFont, 0.24f) > 374.0f) {
src/PC/cgame_mp/cg_scoreboard_mp.c	475	constant-pointer-arithmetic	listed-TU	UI_DrawText(textStart, lineCharacters, objectiveFont, 129.0f, y + 10.08f, 0, 0, 0.24f, color, 3);
src/PC/cgame_mp/cg_scoreboard_mp.c	514	constant-pointer-arithmetic	listed-TU	UI_DrawText(textStart, (int)(textEnd - textStart), objectiveFont, 129.0f, y + 10.08f, 0, 0, 0.24f, color, 3);
src/PC/cgame_mp/cg_scoreboard_mp.c	514	small-integer-cast	listed-TU	UI_DrawText(textStart, (int)(textEnd - textStart), objectiveFont, 129.0f, y + 10.08f, 0, 0, 0.24f, color, 3);
src/PC/cgame_mp/cg_scoreboard_mp.c	520	constant-pointer-arithmetic	listed-TU	UI_DrawText(textStart, (int)(textEnd - textStart), objectiveFont, 129.0f, y + 10.08f, 0, 0, 0.24f, color, 3);
src/PC/cgame_mp/cg_scoreboard_mp.c	520	small-integer-cast	listed-TU	UI_DrawText(textStart, (int)(textEnd - textStart), objectiveFont, 129.0f, y + 10.08f, 0, 0, 0.24f, color, 3);
src/PC/cgame_mp/cg_scoreboard_mp.c	521	constant-pointer-arithmetic	listed-TU	textStart = *textEnd == '\n' ? textEnd + 1 : textEnd + 2;
src/PC/cgame_mp/cg_scoreboard_mp.c	528	small-integer-cast	listed-TU	if ((float)UI_TextWidth(textStart, (int)(textEnd - textStart), (struct Font_s *)objectiveFont, 0.24f) > 374.0f) {
src/PC/cgame_mp/cg_scoreboard_mp.c	531	constant-pointer-arithmetic	listed-TU	UI_DrawText(textStart, (int)(lineEnd - textStart), objectiveFont, 129.0f, y + 10.08f, 0, 0, 0.24f, color, 3);
src/PC/cgame_mp/cg_scoreboard_mp.c	531	small-integer-cast	listed-TU	UI_DrawText(textStart, (int)(lineEnd - textStart), objectiveFont, 129.0f, y + 10.08f, 0, 0, 0.24f, color, 3);
src/PC/cgame_mp/cg_scoreboard_mp.c	532	constant-pointer-arithmetic	listed-TU	textStart = whiteSpace ? whiteSpace + 1 : textEnd - 1;
src/PC/cgame_mp/cg_scoreboard_mp.c	549	constant-pointer-arithmetic	listed-TU	return y + 1.0f;
src/PC/cgame_mp/cg_scoreboard_mp.c	570	constant-pointer-arithmetic	listed-TU	UI_DrawText(translation, 0x7fffffff, font, textX, y + 11.76f, 0, 0, 0.3f, color, 3);
src/PC/cgame_mp/cg_scoreboard_mp.c	576	constant-pointer-arithmetic	listed-TU	return y + 14.0f;
src/PC/cgame_mp/cg_scoreboard_mp.c	621	constant-pointer-arithmetic	listed-TU	thumbY = y + 1.0f;
src/PC/cgame_mp/cg_scoreboard_mp.c	639	constant-pointer-arithmetic	listed-TU	UI_DrawHandlePic(521.0f, y + 18.0f, 16.0f, 16.0f, 0, 0, color, material);
src/PC/cgame_mp/cg_scoreboard_mp.c	681	constant-pointer-arithmetic	listed-TU	contentHeight += (float)(bannerHeight + 4);
src/PC/cgame_mp/cg_scoreboard_mp.c	686	constant-pointer-arithmetic	listed-TU	contentHeight += (float)(bannerHeight + 4);
src/PC/cgame_mp/cg_scoreboard_mp.c	725	constant-pointer-arithmetic	listed-TU	y = CG_DrawScoreboard_ListBanner(color, teamY + 4.0f, listWidth, bannerDrawHeight, otherTeam, &drawLine);
src/PC/cgame_mp/cg_scoreboard_mp.c	801	constant-pointer-arithmetic	listed-TU	if (lastScoreTime + 0x7d0 < serverTime) {
src/PC/cgame_mp/cg_scoreboard_mp.c	836	constant-pointer-arithmetic	listed-TU	float *linePtr = (float *)borderLines + 4;
src/PC/cgame_mp/cg_scoreboard_mp.c	900	constant-pointer-arithmetic	listed-TU	map = mapBuffer + 5;
src/PC/cgame_mp/cg_scoreboard_mp.c	907	constant-pointer-arithmetic	listed-TU	map = map + 3;
src/PC/cgame_mp/cg_scoreboard_mp.c	922	constant-pointer-arithmetic	listed-TU	if ((float)(w1 + w2 + 4) <= 386.0f)
src/PC/cgame_mp/cg_scoreboard_mp.c	935	constant-pointer-arithmetic	listed-TU	float xPos = 511.0f - (float)(mapWidth + 4);
src/PC/cgame_mp/cg_scoreboard_mp.c	965	constant-pointer-arithmetic	listed-TU	if ((float)(w1 + w2 + 4) <= 386.0f)
src/PC/cgame_mp/cg_scoreboard_mp.c	983	constant-pointer-arithmetic	listed-TU	float xPos = 511.0f - (float)(ipWidth + 4);
src/PC/cgame_mp/cg_servercmds_mp.c	154	constant-pointer-arithmetic	listed-TU	Dvar_SetFromStringByName(key, CL_GetConfigString(i + 0x60));
src/PC/cgame_mp/cg_servercmds_mp.c	195	small-integer-cast	listed-TU	int backDist = (int)(dst - lastSpace);
src/PC/cgame_mp/cg_servercmds_mp.c	196	constant-pointer-arithmetic	listed-TU	p = p - backDist + 1;
src/PC/cgame_mp/cg_servercmds_mp.c	223	constant-pointer-arithmetic	listed-TU	p = savedp + 2;
src/PC/cgame_mp/cg_servercmds_mp.c	270	small-integer-cast	listed-TU	if ((unsigned int)menuIndex > 31) {
src/PC/cgame_mp/cg_servercmds_mp.c	276	constant-pointer-arithmetic	listed-TU	pszMenu = CL_GetConfigString(menuIndex + 0x4de);
src/PC/cgame_mp/cg_servercmds_mp.c	301	constant-pointer-arithmetic	listed-TU	I_strncpyz((char *)*cguiSlot + 0x2e4, pszMenu, 0x100);
src/PC/cgame_mp/cg_servercmds_mp.c	302	fixed-byte-access	listed-TU	*(int *)((char *)*cguiSlot + 0x3e4) = menuIndex;
src/PC/cgame_mp/cg_servercmds_mp.c	302	constant-pointer-arithmetic	listed-TU	*(int *)((char *)*cguiSlot + 0x3e4) = menuIndex;
src/PC/cgame_mp/cg_servercmds_mp.c	319	constant-pointer-arithmetic	listed-TU	*((char *)*cguiSlot + 0x2e4) = '\0';
src/PC/cgame_mp/cg_servercmds_mp.c	320	fixed-byte-access	listed-TU	*(int *)((char *)*cguiSlot + 0x3e4) = -1;
src/PC/cgame_mp/cg_servercmds_mp.c	320	constant-pointer-arithmetic	listed-TU	*(int *)((char *)*cguiSlot + 0x3e4) = -1;
src/PC/cgame_mp/cg_servercmds_mp.c	327	fixed-byte-access	listed-TU	"Cbuf_AddText(va((const char *)""cmd mr %i noop\n"", *(int *)((char *)*cguiSlot + 0x4e8)));"
src/PC/cgame_mp/cg_servercmds_mp.c	327	constant-pointer-arithmetic	listed-TU	"Cbuf_AddText(va((const char *)""cmd mr %i noop\n"", *(int *)((char *)*cguiSlot + 0x4e8)));"
src/PC/cgame_mp/cg_servercmds_mp.c	330	constant-pointer-arithmetic	listed-TU	I_strncpyz((char *)*cguiSlot + 0x3e8, pszMenu, 0x100);
src/PC/cgame_mp/cg_servercmds_mp.c	331	fixed-byte-access	listed-TU	*(int *)((char *)*cguiSlot + 0x4e8) = menuIndex;
src/PC/cgame_mp/cg_servercmds_mp.c	331	constant-pointer-arithmetic	listed-TU	*(int *)((char *)*cguiSlot + 0x4e8) = menuIndex;
src/PC/cgame_mp/cg_servercmds_mp.c	332	fixed-byte-access	listed-TU	*(unsigned char *)((char *)*cguiSlot + 0x4ec) = noMouseControl;
src/PC/cgame_mp/cg_servercmds_mp.c	332	constant-pointer-arithmetic	listed-TU	*(unsigned char *)((char *)*cguiSlot + 0x4ec) = noMouseControl;
src/PC/cgame_mp/cg_servercmds_mp.c	360	constant-pointer-arithmetic	listed-TU	(char *)*cguiSlot + 0x3e8,
src/PC/cgame_mp/cg_servercmds_mp.c	361	fixed-byte-access	listed-TU	*(int *)((char *)*cguiSlot + 0x4e8),
src/PC/cgame_mp/cg_servercmds_mp.c	361	constant-pointer-arithmetic	listed-TU	*(int *)((char *)*cguiSlot + 0x4e8),
src/PC/cgame_mp/cg_servercmds_mp.c	362	fixed-byte-access	listed-TU	*(unsigned char *)((char *)*cguiSlot + 0x4ec), result);
src/PC/cgame_mp/cg_servercmds_mp.c	362	constant-pointer-arithmetic	listed-TU	*(unsigned char *)((char *)*cguiSlot + 0x4ec), result);
src/PC/cgame_mp/cg_servercmds_mp.c	367	constant-pointer-arithmetic	listed-TU	*((char *)*cguiSlot + 0x3e8) = '\0';
src/PC/cgame_mp/cg_servercmds_mp.c	368	fixed-byte-access	listed-TU	*(int *)((char *)*cguiSlot + 0x4e8) = -1;
src/PC/cgame_mp/cg_servercmds_mp.c	368	constant-pointer-arithmetic	listed-TU	*(int *)((char *)*cguiSlot + 0x4e8) = -1;
src/PC/cgame_mp/cg_servercmds_mp.c	369	fixed-byte-access	listed-TU	*(unsigned char *)((char *)*cguiSlot + 0x4ec) = 0;
src/PC/cgame_mp/cg_servercmds_mp.c	369	constant-pointer-arithmetic	listed-TU	*(unsigned char *)((char *)*cguiSlot + 0x4ec) = 0;
src/PC/cgame_mp/cg_servercmds_mp.c	372	constant-pointer-arithmetic	listed-TU	*((char *)*cguiSlot + 0x2e4) = '\0';
src/PC/cgame_mp/cg_servercmds_mp.c	373	fixed-byte-access	listed-TU	*(int *)((char *)*cguiSlot + 0x3e4) = -1;
src/PC/cgame_mp/cg_servercmds_mp.c	373	constant-pointer-arithmetic	listed-TU	*(int *)((char *)*cguiSlot + 0x3e4) = -1;
src/PC/cgame_mp/cg_servercmds_mp.c	398	small-integer-cast	listed-TU	if ((unsigned int)menuToShow > 5) {
src/PC/cgame_mp/cg_servercmds_mp.c	505	small-integer-cast	listed-TU	CL_SwitchFog(0, cg->time, (int)start);
src/PC/cgame_mp/cg_servercmds_mp.c	520	small-integer-cast	listed-TU	(int)(unsigned char)(int)floorf((float)val4_d * 255.0f + 0.5f),
src/PC/cgame_mp/cg_servercmds_mp.c	521	small-integer-cast	listed-TU	(int)(unsigned char)(int)floorf((float)val5_d * 255.0f + 0.5f),
src/PC/cgame_mp/cg_servercmds_mp.c	522	small-integer-cast	listed-TU	(int)(unsigned char)(int)floorf((float)val6_d * 255.0f + 0.5f),
src/PC/cgame_mp/cg_servercmds_mp.c	542	small-integer-cast	listed-TU	fval = (float)(int)floorf((float)atof(CG_Argv(2)) * 1000.0f + 0.5f);
src/PC/cgame_mp/cg_servercmds_mp.c	543	small-integer-cast	listed-TU	fadeTime = (fval > 0.0f) ? (int)fval : 0;
src/PC/cgame_mp/cg_servercmds_mp.c	564	small-integer-cast	listed-TU	fval = (float)(int)floorf((float)atof(CG_Argv(3)) * 1000.0f + 0.5f);
src/PC/cgame_mp/cg_servercmds_mp.c	565	small-integer-cast	listed-TU	fadeTime = (fval > 0.0f) ? (int)fval : 0;
src/PC/cgame_mp/cg_servercmds_mp.c	584	small-integer-cast	listed-TU	fval = (float)(int)floorf((float)atof(CG_Argv(2)) * 1000.0f + 0.5f);
src/PC/cgame_mp/cg_servercmds_mp.c	585	small-integer-cast	listed-TU	fadeTime = (fval > 0.0f) ? (int)fval : 0;
src/PC/cgame_mp/cg_servercmds_mp.c	666	fixed-byte-access	listed-TU	*(int *)(cgui + 8) = 0;
src/PC/cgame_mp/cg_servercmds_mp.c	666	constant-pointer-arithmetic	listed-TU	*(int *)(cgui + 8) = 0;
src/PC/cgame_mp/cg_servercmds_mp.c	693	small-integer-cast	listed-TU	fadeTime = (int)floorf((float)atof(CG_Argv(argIndex)) * 1000.0f + 0.5f);
src/PC/cgame_mp/cg_servercmds_mp.c	802	constant-pointer-arithmetic	listed-TU	score->score = atoi(CG_Argv(argBase + 1));
src/PC/cgame_mp/cg_servercmds_mp.c	803	constant-pointer-arithmetic	listed-TU	score->ping = atoi(CG_Argv(argBase + 2));
src/PC/cgame_mp/cg_servercmds_mp.c	804	constant-pointer-arithmetic	listed-TU	score->deaths = atoi(CG_Argv(argBase + 3));
src/PC/cgame_mp/cg_servercmds_mp.c	805	constant-pointer-arithmetic	listed-TU	iconIndex = atoi(CG_Argv(argBase + 4));
src/PC/cgame_mp/cg_servercmds_mp.c	807	small-integer-cast	listed-TU	if ((unsigned int)(iconIndex - 1) <= 7) {
src/PC/cgame_mp/cg_servercmds_mp.c	808	constant-pointer-arithmetic	listed-TU	score->hStatusIcon = CL_RegisterMaterialNoMip(CL_GetConfigString(iconIndex + 0x16), 7);
src/PC/cgame_mp/cg_servercmds_mp.c	818	small-integer-cast	listed-TU	if ((unsigned int)team < 4) {
src/PC/cgame_mp/cg_servercmds_mp.c	843	small-integer-cast	listed-TU	while (configString && configString[inPos] && outPos < (int)sizeof(converted) - 1) {
src/PC/cgame_mp/cg_servercmds_mp.c	850	small-integer-cast	listed-TU	while (*displayName && outPos < (int)sizeof(converted) - 1) {
src/PC/cgame_mp/cg_servercmds_mp.c	915	small-integer-cast	listed-TU	if ((unsigned int)(index - 0x8e) <= 0xbf) {
src/PC/cgame_mp/cg_servercmds_mp.c	920	small-integer-cast	listed-TU	if ((unsigned int)(index - 0x14e) <= 0xff) {
src/PC/cgame_mp/cg_servercmds_mp.c	925	small-integer-cast	listed-TU	if ((unsigned int)(index - 0x34e) <= 0x3f) {
src/PC/cgame_mp/cg_servercmds_mp.c	931	small-integer-cast	listed-TU	if ((unsigned int)shellShockIndex <= 0xf) {
src/PC/cgame_mp/cg_servercmds_mp.c	938	small-integer-cast	listed-TU	if ((unsigned int)(index - 0x17) <= 7) {
src/PC/cgame_mp/cg_servercmds_mp.c	943	small-integer-cast	listed-TU	if ((unsigned int)(index - 0x1f) <= 0xe) {
src/PC/cgame_mp/cg_servercmds_mp.c	948	small-integer-cast	listed-TU	if ((unsigned int)(index - 0x61e) <= 0x7f && *configString) {
src/PC/cgame_mp/cg_servercmds_mp.c	983	small-integer-cast	listed-TU	if ((unsigned int)(soundIndex - 1) > 0xff) {
src/PC/cgame_mp/cg_servercmds_mp.c	988	constant-pointer-arithmetic	listed-TU	CG_PlayClientSoundAliasByName(CL_GetConfigString(soundIndex + 0x24e));
src/PC/cgame_mp/cg_servercmds_mp.c	1141	constant-pointer-arithmetic	listed-TU	dst = (char *)((byte *)cgs + 0xb170 + row * 0x10f);
src/PC/cgame_mp/cg_servercmds_mp.c	1149	constant-pointer-arithmetic	listed-TU	dst = (char *)((byte *)cgs + 0xb170 + row * 0x10f + 0xc);
src/PC/cgame_mp/cg_servercmds_mp.c	1159	small-integer-cast	listed-TU	int backDist = (int)(dst - ls);
src/PC/cgame_mp/cg_servercmds_mp.c	1160	constant-pointer-arithmetic	listed-TU	p = p - backDist + 1;
src/PC/cgame_mp/cg_servercmds_mp.c	1176	constant-pointer-arithmetic	listed-TU	dst = (char *)((byte *)cgs + 0xb170 + row * 0x10f + 0xc);
src/PC/cgame_mp/cg_servercmds_mp.c	1203	constant-pointer-arithmetic	listed-TU	ch = *(savedp + 1);
src/PC/cgame_mp/cg_servercmds_mp.c	1214	constant-pointer-arithmetic	listed-TU	p = savedp + 2;
src/PC/cgame_mp/cg_shellshock.c	83	small-integer-cast	listed-TU	return (int)dvar->current.enabled;
src/PC/cgame_mp/cg_shellshock.c	93	small-integer-cast	listed-TU	return (int)floorf(val * 1000.0f + 0.5f);
src/PC/cgame_mp/cg_shellshock.c	186	small-integer-cast	listed-TU	FS_Write(filebuf, (int)strlen(filebuf), fh);
src/PC/cgame_mp/cg_shellshock.c	216	constant-pointer-arithmetic	listed-TU	buf = (char *)Z_MallocInternal(filesize + 1);
src/PC/cgame_mp/cg_shellshock.c	261	small-integer-cast	listed-TU	blend = (int)floorf((float)fadeIn * (float)timeLeft / (float)fadeDuration + 0.5f);
src/PC/cgame_mp/cg_shellshock.c	455	constant-pointer-arithmetic	listed-TU	channelvolume[i] = (parms->sound.channelvolume[i] - 1.0f) * fade + 1.0f;
src/PC/cgame_mp/cg_shellshock.c	564	constant-pointer-arithmetic	listed-TU	cgp->shellshock.sensitivity = (sensitivity - 1.0f) * t + 1.0f;
src/PC/cgame_mp/cg_shellshock.c	594	constant-pointer-arithmetic	listed-TU	amplitude = (-2.0f * t + 3.0f) * t * t;
src/PC/cgame_mp/cg_shellshock.c	601	small-integer-cast	listed-TU	int phaseFloor = (int)floorf(phase);
src/PC/cgame_mp/cg_shellshock.c	609	fixed-byte-access	listed-TU	float x1 = *(float *)(base + 8);
src/PC/cgame_mp/cg_shellshock.c	609	constant-pointer-arithmetic	listed-TU	float x1 = *(float *)(base + 8);
src/PC/cgame_mp/cg_shellshock.c	610	fixed-byte-access	listed-TU	float x2 = *(float *)(base + 16);
src/PC/cgame_mp/cg_shellshock.c	610	constant-pointer-arithmetic	listed-TU	float x2 = *(float *)(base + 16);
src/PC/cgame_mp/cg_shellshock.c	611	fixed-byte-access	listed-TU	float x3 = *(float *)(base + 24);
src/PC/cgame_mp/cg_shellshock.c	611	constant-pointer-arithmetic	listed-TU	float x3 = *(float *)(base + 24);
src/PC/cgame_mp/cg_shellshock.c	623	fixed-byte-access	listed-TU	float y0 = *(float *)(base + 4);
src/PC/cgame_mp/cg_shellshock.c	623	constant-pointer-arithmetic	listed-TU	float y0 = *(float *)(base + 4);
src/PC/cgame_mp/cg_shellshock.c	624	fixed-byte-access	listed-TU	float y1 = *(float *)(base + 12);
src/PC/cgame_mp/cg_shellshock.c	624	constant-pointer-arithmetic	listed-TU	float y1 = *(float *)(base + 12);
src/PC/cgame_mp/cg_shellshock.c	625	fixed-byte-access	listed-TU	float y2 = *(float *)(base + 20);
src/PC/cgame_mp/cg_shellshock.c	625	constant-pointer-arithmetic	listed-TU	float y2 = *(float *)(base + 20);
src/PC/cgame_mp/cg_shellshock.c	626	fixed-byte-access	listed-TU	float y3 = *(float *)(base + 28);
src/PC/cgame_mp/cg_shellshock.c	626	constant-pointer-arithmetic	listed-TU	float y3 = *(float *)(base + 28);
src/PC/cgame_mp/cg_snapshot_mp.c	165	fixed-byte-access	listed-TU	*(int *)(((char *)ci + offsetof(clientInfo_t, name[8])) + 0x3e0)  = *(int *)(cent + 0x15c) ;
src/PC/cgame_mp/cg_snapshot_mp.c	165	constant-pointer-arithmetic	listed-TU	*(int *)(((char *)ci + offsetof(clientInfo_t, name[8])) + 0x3e0)  = *(int *)(cent + 0x15c) ;
src/PC/cgame_mp/cg_snapshot_mp.c	167	fixed-byte-access	listed-TU	*(int *)(((char *)ci + offsetof(clientInfo_t, name[8])) + 0x3e4)  = ((centity_t *)cent)->nextState.leanf;
src/PC/cgame_mp/cg_snapshot_mp.c	175	fixed-byte-access	listed-TU	*(int *)((char *)((centity_t *)cent)->lerpAngles + 8) = 0;
src/PC/cgame_mp/cg_snapshot_mp.c	175	constant-pointer-arithmetic	listed-TU	*(int *)((char *)((centity_t *)cent)->lerpAngles + 8) = 0;
src/PC/cgame_mp/cg_snapshot_mp.c	199	constant-pointer-arithmetic	listed-TU	corpseInfo = corpseBase + 4;
src/PC/cgame_mp/cg_snapshot_mp.c	210	constant-pointer-arithmetic	listed-TU	char *tagSrc = corpseBase + 0x204;
src/PC/cgame_mp/cg_snapshot_mp.c	214	fixed-byte-access	listed-TU	*(char *)(modelDst + 0x80)  = 0;
src/PC/cgame_mp/cg_snapshot_mp.c	214	constant-pointer-arithmetic	listed-TU	*(char *)(modelDst + 0x80)  = 0;
src/PC/cgame_mp/cg_snapshot_mp.c	215	fixed-byte-access	listed-TU	*(char *)(modelDst + 0x200)  = 0;
src/PC/cgame_mp/cg_snapshot_mp.c	215	constant-pointer-arithmetic	listed-TU	*(char *)(modelDst + 0x200)  = 0;
src/PC/cgame_mp/cg_snapshot_mp.c	245	constant-pointer-arithmetic	listed-TU	char *tagSrc = corpseBase + 0x204;
src/PC/cgame_mp/cg_snapshot_mp.c	249	fixed-byte-access	listed-TU	*(char *)(modelDst + 0x80)  = 0;
src/PC/cgame_mp/cg_snapshot_mp.c	249	constant-pointer-arithmetic	listed-TU	*(char *)(modelDst + 0x80)  = 0;
src/PC/cgame_mp/cg_snapshot_mp.c	250	fixed-byte-access	listed-TU	*(char *)(modelDst + 0x200)  = 0;
src/PC/cgame_mp/cg_snapshot_mp.c	250	constant-pointer-arithmetic	listed-TU	*(char *)(modelDst + 0x200)  = 0;
src/PC/cgame_mp/cg_snapshot_mp.c	285	fixed-byte-access	listed-TU	*(char *)(dst + 0x80)  = 0;
src/PC/cgame_mp/cg_snapshot_mp.c	285	constant-pointer-arithmetic	listed-TU	*(char *)(dst + 0x80)  = 0;
src/PC/cgame_mp/cg_snapshot_mp.c	286	fixed-byte-access	listed-TU	*(char *)(dst + 0x200)  = 0;
src/PC/cgame_mp/cg_snapshot_mp.c	286	constant-pointer-arithmetic	listed-TU	*(char *)(dst + 0x200)  = 0;
src/PC/cgame_mp/cg_snapshot_mp.c	304	fixed-byte-access	listed-TU	int clientNum = *(int *)(clState + 0xc) ;
src/PC/cgame_mp/cg_snapshot_mp.c	304	constant-pointer-arithmetic	listed-TU	int clientNum = *(int *)(clState + 0xc) ;
src/PC/cgame_mp/cg_snapshot_mp.c	350	fixed-size-memory-call	listed-TU	memset(centInPrevSnapshot, 0, 0x400);
src/PC/cgame_mp/cg_snapshot_mp.c	406	constant-pointer-arithmetic	listed-TU	char *clData = clState + 0xc;
src/PC/cgame_mp/cg_snapshot_mp.c	408	fixed-byte-access	listed-TU	clientNum = *(int *)(clState + 0xc) ;
src/PC/cgame_mp/cg_snapshot_mp.c	408	constant-pointer-arithmetic	listed-TU	clientNum = *(int *)(clState + 0xc) ;
src/PC/cgame_mp/cg_snapshot_mp.c	412	fixed-byte-access	listed-TU	modelIndex = *(int *)(clState + 0x10) ;
src/PC/cgame_mp/cg_snapshot_mp.c	412	constant-pointer-arithmetic	listed-TU	modelIndex = *(int *)(clState + 0x10) ;
src/PC/cgame_mp/cg_snapshot_mp.c	419	fixed-byte-access	listed-TU	((clientInfo_t *)ci)->clientNum = *(int *)(clState + 0xc) ;
src/PC/cgame_mp/cg_snapshot_mp.c	419	constant-pointer-arithmetic	listed-TU	((clientInfo_t *)ci)->clientNum = *(int *)(clState + 0xc) ;
src/PC/cgame_mp/cg_snapshot_mp.c	420	fixed-byte-access	listed-TU	((clientInfo_t *)ci)->team = (team_t)(*(int *)(clState + 0x10)) ;
src/PC/cgame_mp/cg_snapshot_mp.c	420	constant-pointer-arithmetic	listed-TU	((clientInfo_t *)ci)->team = (team_t)(*(int *)(clState + 0x10)) ;
src/PC/cgame_mp/cg_snapshot_mp.c	424	constant-pointer-arithmetic	listed-TU	char *clName = clState + 0xc + 0x3c;
src/PC/cgame_mp/cg_snapshot_mp.c	440	fixed-byte-access	listed-TU	int configIndex = *(int *)(clState + 0x14) ;
src/PC/cgame_mp/cg_snapshot_mp.c	440	constant-pointer-arithmetic	listed-TU	int configIndex = *(int *)(clState + 0x14) ;
src/PC/cgame_mp/cg_snapshot_mp.c	441	constant-pointer-arithmetic	listed-TU	configStr = CL_GetConfigString(configIndex + 0x14e);
src/PC/cgame_mp/cg_snapshot_mp.c	454	constant-pointer-arithmetic	listed-TU	char *clStateSlots = clState + 0xc;
src/PC/cgame_mp/cg_snapshot_mp.c	461	fixed-byte-access	listed-TU	int attachModelIdx = *(int *)(clStateSlots + 0x0c) ;
src/PC/cgame_mp/cg_snapshot_mp.c	461	constant-pointer-arithmetic	listed-TU	int attachModelIdx = *(int *)(clStateSlots + 0x0c) ;
src/PC/cgame_mp/cg_snapshot_mp.c	462	constant-pointer-arithmetic	listed-TU	configStr = CL_GetConfigString(attachModelIdx + 0x14e);
src/PC/cgame_mp/cg_snapshot_mp.c	471	fixed-byte-access	listed-TU	int attachTagIdx = *(int *)(clStateSlots + 0x24) ;
src/PC/cgame_mp/cg_snapshot_mp.c	471	constant-pointer-arithmetic	listed-TU	int attachTagIdx = *(int *)(clStateSlots + 0x24) ;
src/PC/cgame_mp/cg_snapshot_mp.c	472	constant-pointer-arithmetic	listed-TU	const char *tagStr = CL_GetConfigString(attachTagIdx + 0x6e);
src/PC/cgame_mp/cg_snapshot_mp.c	578	fixed-byte-access	listed-TU	int clientNum = *(int *)(clState + 0xc) ;
src/PC/cgame_mp/cg_snapshot_mp.c	578	constant-pointer-arithmetic	listed-TU	int clientNum = *(int *)(clState + 0xc) ;
src/PC/cgame_mp/cg_snapshot_mp.c	586	constant-pointer-arithmetic	listed-TU	const char *cfgStr = CL_GetConfigString(viewModelIndex + 0x14e);
src/PC/cgame_mp/cg_snapshot_mp.c	637	constant-pointer-arithmetic	listed-TU	char *corpseCI = corpseBase + 4;
src/PC/cgame_mp/cg_snapshot_mp.c	641	fixed-byte-access	listed-TU	int animState = *(int *)(corpseCI + 0x390)  & ~0x200;
src/PC/cgame_mp/cg_snapshot_mp.c	641	constant-pointer-arithmetic	listed-TU	int animState = *(int *)(corpseCI + 0x390)  & ~0x200;
src/PC/cgame_mp/cg_snapshot_mp.c	757	constant-pointer-arithmetic	listed-TU	if (latestNum > snapshotNum + 0x3e8) {
src/PC/cgame_mp/cg_view_mp.c	121	small-integer-cast	listed-TU	cg->testFxRespawnTime = (int)(d * 1000.0);
src/PC/cgame_mp/cg_view_mp.c	270	fixed-byte-access	listed-TU	focusPoint[1] = forward[1] * 512.0f + *(float *)(origin + 4);
src/PC/cgame_mp/cg_view_mp.c	270	constant-pointer-arithmetic	listed-TU	focusPoint[1] = forward[1] * 512.0f + *(float *)(origin + 4);
src/PC/cgame_mp/cg_view_mp.c	271	fixed-byte-access	listed-TU	focusPoint[2] = forward[2] * 512.0f + *(float *)(origin + 8);
src/PC/cgame_mp/cg_view_mp.c	271	constant-pointer-arithmetic	listed-TU	focusPoint[2] = forward[2] * 512.0f + *(float *)(origin + 8);
src/PC/cgame_mp/cg_view_mp.c	274	fixed-byte-access	listed-TU	view[1] = *(float *)(origin + 4);
src/PC/cgame_mp/cg_view_mp.c	274	constant-pointer-arithmetic	listed-TU	view[1] = *(float *)(origin + 4);
src/PC/cgame_mp/cg_view_mp.c	275	fixed-byte-access	listed-TU	view[2] = *(float *)(origin + 8) + 8.0f;
src/PC/cgame_mp/cg_view_mp.c	275	constant-pointer-arithmetic	listed-TU	view[2] = *(float *)(origin + 8) + 8.0f;
src/PC/cgame_mp/cg_view_mp.c	279	fixed-byte-access	listed-TU	*(float *)(viewAngles + 4) -= (cg_thirdPersonAngle)->current.value;
src/PC/cgame_mp/cg_view_mp.c	279	constant-pointer-arithmetic	listed-TU	*(float *)(viewAngles + 4) -= (cg_thirdPersonAngle)->current.value;
src/PC/cgame_mp/cg_view_mp.c	307	fixed-byte-access	listed-TU	view[1] = *(float *)(origin + 4) + trace_fraction * (view[1] - *(float *)(origin + 4));
src/PC/cgame_mp/cg_view_mp.c	307	constant-pointer-arithmetic	listed-TU	view[1] = *(float *)(origin + 4) + trace_fraction * (view[1] - *(float *)(origin + 4));
src/PC/cgame_mp/cg_view_mp.c	309	fixed-byte-access	listed-TU	float newZ = *(float *)(origin + 8) + trace_fraction * (view[2] - *(float *)(origin + 8));
src/PC/cgame_mp/cg_view_mp.c	309	constant-pointer-arithmetic	listed-TU	float newZ = *(float *)(origin + 8) + trace_fraction * (view[2] - *(float *)(origin + 8));
src/PC/cgame_mp/cg_view_mp.c	319	fixed-byte-access	listed-TU	view[1] = *(float *)(origin + 4) + trace_fraction * (view[1] - *(float *)(origin + 4));
src/PC/cgame_mp/cg_view_mp.c	319	constant-pointer-arithmetic	listed-TU	view[1] = *(float *)(origin + 4) + trace_fraction * (view[1] - *(float *)(origin + 4));
src/PC/cgame_mp/cg_view_mp.c	320	fixed-byte-access	listed-TU	view[2] = *(float *)(origin + 8) + trace_fraction * (view[2] - *(float *)(origin + 8));
src/PC/cgame_mp/cg_view_mp.c	320	constant-pointer-arithmetic	listed-TU	view[2] = *(float *)(origin + 8) + trace_fraction * (view[2] - *(float *)(origin + 8));
src/PC/cgame_mp/cg_view_mp.c	325	fixed-byte-access	listed-TU	*(float *)(origin + 4) = view[1];
src/PC/cgame_mp/cg_view_mp.c	325	constant-pointer-arithmetic	listed-TU	*(float *)(origin + 4) = view[1];
src/PC/cgame_mp/cg_view_mp.c	326	fixed-byte-access	listed-TU	*(float *)(origin + 8) = view[2];
src/PC/cgame_mp/cg_view_mp.c	326	constant-pointer-arithmetic	listed-TU	*(float *)(origin + 8) = view[2];
src/PC/cgame_mp/cg_view_mp.c	330	fixed-byte-access	listed-TU	float dy = focusPoint[1] - *(float *)(origin + 4);
src/PC/cgame_mp/cg_view_mp.c	330	constant-pointer-arithmetic	listed-TU	float dy = focusPoint[1] - *(float *)(origin + 4);
src/PC/cgame_mp/cg_view_mp.c	331	fixed-byte-access	listed-TU	dz = focusPoint[2] - *(float *)(origin + 8);
src/PC/cgame_mp/cg_view_mp.c	331	constant-pointer-arithmetic	listed-TU	dz = focusPoint[2] - *(float *)(origin + 8);
src/PC/cgame_mp/cg_view_mp.c	357	fixed-byte-access	listed-TU	float cgBlur = *(float *)((char *)imp_cgDC + 0x28);
src/PC/cgame_mp/cg_view_mp.c	357	constant-pointer-arithmetic	listed-TU	float cgBlur = *(float *)((char *)imp_cgDC + 0x28);
src/PC/cgame_mp/cg_view_mp.c	365	constant-pointer-arithmetic	listed-TU	cg->refdef.width = size + 2;
src/PC/cgame_mp/cg_view_mp.c	622	small-integer-cast	listed-TU	unsigned int pmType = (unsigned int)cg->predictedPlayerState.pm_type;
src/PC/cgame_mp/cg_view_mp.c	811	pointer-named-integer-field	listed-TU	int delayedHandle = CL_BeginDelayedDrawing();
src/PC/cgame_mp/cg_weapons.c	211	constant-pointer-arithmetic	listed-TU	return weaponNum + 0x400;
src/PC/cgame_mp/cg_weapons.c	276	small-integer-cast	listed-TU	cg->holdBreathDelay = (int)(CG_DvarValue(imp_player_breath_snd_delay) * 1000.0f);
src/PC/cgame_mp/cg_weapons.c	286	small-integer-cast	listed-TU	if ((int)(CG_DvarValue(imp_player_breath_hold_time) * 1000.0f) < cg->holdBreathTime) {
src/PC/cgame_mp/cg_weapons.c	290	small-integer-cast	listed-TU	cg->holdBreathDelay = (int)(CG_DvarValue(imp_player_breath_snd_delay) * 1000.0f);
src/PC/cgame_mp/cg_weapons.c	381	constant-pointer-arithmetic	listed-TU	if (BG_GetWeaponIndexForName(name, 0) != i + 1)
src/PC/cgame_mp/cg_weapons.c	468	fixed-byte-access	listed-TU	if (*(int *)(entBytes + 4) > 9)
src/PC/cgame_mp/cg_weapons.c	468	constant-pointer-arithmetic	listed-TU	if (*(int *)(entBytes + 4) > 9)
src/PC/cgame_mp/cg_weapons.c	471	fixed-byte-access	listed-TU	weaponNum = *(int *)(entBytes + 0xc8);
src/PC/cgame_mp/cg_weapons.c	471	constant-pointer-arithmetic	listed-TU	weaponNum = *(int *)(entBytes + 0xc8);
src/PC/cgame_mp/cg_weapons.c	489	constant-pointer-arithmetic	listed-TU	bolt[0] = weaponNum + 0x400;
src/PC/cgame_mp/cg_weapons.c	625	pointer-named-integer-field	listed-TU	int dobjHandle;
src/PC/cgame_mp/cg_weapons.c	714	constant-pointer-arithmetic	listed-TU	dobjHandle = weaponNum + 0x400;
src/PC/cgame_mp/cg_weapons.c	808	constant-pointer-arithmetic	listed-TU	cgs->media.hintMaterials[weaponNum + 2] = weapInfo->hHudIcon;
src/PC/cgame_mp/cg_weapons.c	810	constant-pointer-arithmetic	listed-TU	cgs->media.hintMaterials[weaponNum + 2] = cgs->media.hintMaterials[0];
src/PC/cgame_mp/cg_weapons.c	919	pointer-named-integer-field	listed-TU	int dobjHandle;
src/PC/cgame_mp/cg_weapons.c	937	constant-pointer-arithmetic	listed-TU	dobjHandle = weaponIdx + 0x400;
src/PC/cgame_mp/cg_weapons.c	988	small-integer-cast	listed-TU	le->endTime = time + (int)((dist * 1000.0f) / speed);
src/PC/cgame_mp/cg_weapons.c	1024	constant-pointer-arithmetic	listed-TU	if (projLen < 64.0f || projLen + 64.0f > segmentLen)
src/PC/cgame_mp/cg_weapons.c	1076	small-integer-cast	listed-TU	unsigned int adjusted = ((unsigned int)randInt >> 1) | (randInt & 1);
src/PC/cgame_mp/cg_weapons.c	1350	fixed-byte-access	listed-TU	fxReflect = fxTable ? *(void **)(fxTable + 0x5c + surfType * 4) : NULL;
src/PC/cgame_mp/cg_weapons.c	1350	constant-pointer-arithmetic	listed-TU	fxReflect = fxTable ? *(void **)(fxTable + 0x5c + surfType * 4) : NULL;
src/PC/cgame_mp/cg_weapons.c	1354	fixed-byte-access	listed-TU	fxNormal = fxTable ? *(void **)(fxTable + 0xb8 + surfType * 4) : NULL;
src/PC/cgame_mp/cg_weapons.c	1354	constant-pointer-arithmetic	listed-TU	fxNormal = fxTable ? *(void **)(fxTable + 0xb8 + surfType * 4) : NULL;
src/PC/cgame_mp/cg_weapons.c	1355	fixed-byte-access	listed-TU	fxReflect = fxTable ? *(void **)(fxTable + 0x114 + surfType * 4) : NULL;
src/PC/cgame_mp/cg_weapons.c	1355	constant-pointer-arithmetic	listed-TU	fxReflect = fxTable ? *(void **)(fxTable + 0x114 + surfType * 4) : NULL;
src/PC/cgame_mp/cg_weapons.c	1359	fixed-byte-access	listed-TU	fxNormal = fxTable ? *(void **)(fxTable + 0x170 + surfType * 4) : NULL;
src/PC/cgame_mp/cg_weapons.c	1359	constant-pointer-arithmetic	listed-TU	fxNormal = fxTable ? *(void **)(fxTable + 0x170 + surfType * 4) : NULL;
src/PC/cgame_mp/cg_weapons.c	1360	fixed-byte-access	listed-TU	fxReflect = fxTable ? *(void **)(fxTable + 0x1cc + surfType * 4) : NULL;
src/PC/cgame_mp/cg_weapons.c	1360	constant-pointer-arithmetic	listed-TU	fxReflect = fxTable ? *(void **)(fxTable + 0x1cc + surfType * 4) : NULL;
src/PC/cgame_mp/cg_weapons.c	1390	small-integer-cast	listed-TU	unsigned int adjusted = ((unsigned int)randInt >> 1) | (randInt & 1);
src/PC/cgame_mp/cg_weapons.c	1535	small-integer-cast	listed-TU	if ((unsigned int)(slot - 1) > 1)
src/PC/cgame_mp/cg_weapons.c	2013	fixed-byte-access	listed-TU	if (*(int *)(psBytes + 4) > 5) {
src/PC/cgame_mp/cg_weapons.c	2013	constant-pointer-arithmetic	listed-TU	if (*(int *)(psBytes + 4) > 5) {
src/PC/cgame_mp/cg_weapons.c	2063	fixed-byte-access	listed-TU	*(const char **)(weapDef + 4));
src/PC/cgame_mp/cg_weapons.c	2063	constant-pointer-arithmetic	listed-TU	*(const char **)(weapDef + 4));
src/PC/cgame_mp/cg_weapons.c	2081	fixed-byte-access	listed-TU	*(void **)((byte *)dobjModels + 0xc) = CL_RegisterModel(modelFile);
src/PC/cgame_mp/cg_weapons.c	2081	constant-pointer-arithmetic	listed-TU	*(void **)((byte *)dobjModels + 0xc) = CL_RegisterModel(modelFile);
src/PC/cgame_mp/offhandweapons_mp.c	35	constant-pointer-arithmetic	listed-TU	* target). Blob extent was 12 B of pointers + 20 B inter-symbol padding (next
src/PC/cgame_mp/offhandweapons_mp.c	86	small-integer-cast	listed-TU	time = (int)floorf(hud->current.value * 1000.0f + 0.5f);
src/PC/cgame_mp/offhandweapons_mp.c	111	small-integer-cast	listed-TU	* in CG_UseOffHand -- the `(int)(intptr_t)` truncation crashes on x64). */
src/PC/cgame_mp/offhandweapons_mp.c	127	small-integer-cast	listed-TU	* `(int)(intptr_t)` truncated it to 32 bits, which both mis-detects NULL and,
src/PC/cgame_mp/offhandweapons_mp.c	208	small-integer-cast	listed-TU	time = (int)floorf(hud->current.value * 1000.0f + 0.5f);
src/PC/cgame_mp/offhandweapons_mp.c	276	small-integer-cast	listed-TU	time = (int)floorf(hud->current.value * 1000.0f + 0.5f);
src/PC/cgame_mp/offhandweapons_mp.c	350	small-integer-cast	listed-TU	time = (int)floorf(hud->current.value * 1000.0f + 0.5f);
src/PC/client_mp/cl_cgame_mp.c	371	small-integer-cast	listed-TU	if ((unsigned int)index > 0x7ff) {
src/PC/client_mp/cl_cgame_mp.c	526	pointer-named-integer-field	listed-TU	int handle;
src/PC/client_mp/cl_cgame_mp.c	537	constant-pointer-arithmetic	listed-TU	buf = (char *)Z_MallocInternal(len + 1);
src/PC/client_mp/cl_cgame_mp.c	538	constant-pointer-arithmetic	listed-TU	memset(buf, 0, len + 1);
src/PC/client_mp/cl_cgame_mp.c	927	pointer-named-integer-field	listed-TU	int handle;
src/PC/client_mp/cl_cgame_mp.c	943	constant-pointer-arithmetic	listed-TU	buflen = len + 1;
src/PC/client_mp/cl_cgame_mp.c	1029	fixed-byte-access	listed-TU	if (*(int *)(ptr + 4) == 0)
src/PC/client_mp/cl_cgame_mp.c	1029	constant-pointer-arithmetic	listed-TU	if (*(int *)(ptr + 4) == 0)
src/PC/client_mp/cl_cgame_mp.c	1115	small-integer-cast	listed-TU	if ((unsigned int)frameTime <= 500) {
src/PC/client_mp/cl_cgame_mp.c	1156	constant-pointer-arithmetic	listed-TU	cl->serverTimeDelta = serverTimeDelta + 1;
src/PC/client_mp/cl_cgame_mp.c	1383	constant-pointer-arithmetic	listed-TU	base = mapPath + 1;
src/PC/client_mp/cl_cgame_mp.c	1414	constant-pointer-arithmetic	listed-TU	int frameNum = clui->timeDemoFrames + 1;
src/PC/client_mp/cl_console_mp.c	216	fixed-byte-access	listed-TU	if (*(int *)((char *)*(void **)imp_keys + 0x780))
src/PC/client_mp/cl_console_mp.c	216	constant-pointer-arithmetic	listed-TU	if (*(int *)((char *)*(void **)imp_keys + 0x780))
src/PC/client_mp/cl_console_mp.c	283	constant-pointer-arithmetic	listed-TU	for (lineIndex = con.currentLine - con.totallines + 1; lineIndex <= con.currentLine; lineIndex++) {
src/PC/client_mp/cl_console_mp.c	309	constant-pointer-arithmetic	listed-TU	buffer[trimLen + 1] = '\0';
src/PC/client_mp/cl_console_mp.c	372	constant-pointer-arithmetic	listed-TU	msgwnd->current_line = (msgwnd->current_line + 1) % msgwnd->count;
src/PC/client_mp/cl_console_mp.c	518	small-integer-cast	listed-TU	x -= (int)((float)re.ConsoleTextWidth(string, length, font) * xScale * 0.5f);
src/PC/client_mp/cl_console_mp.c	523	small-integer-cast	listed-TU	yAdj = (float)(y + (int)((float)re.TextHeight(font) * yScale));
src/PC/client_mp/cl_console_mp.c	558	small-integer-cast	listed-TU	x = (int)hudSayPosition->current.vector[0];
src/PC/client_mp/cl_console_mp.c	568	small-integer-cast	listed-TU	Field_Draw(field, x + (int)((float)textWidth * normalizedScale), y,
src/PC/client_mp/cl_console_mp.c	606	constant-pointer-arithmetic	listed-TU	innerX = x + 6.0f;
src/PC/client_mp/cl_console_mp.c	607	constant-pointer-arithmetic	listed-TU	innerY = y + 6.0f;
src/PC/client_mp/cl_console_mp.c	611	small-integer-cast	listed-TU	SCR_DrawSmallStringExt((int)innerX, (int)(innerY + innerHeight - 16.0f), version, con_versionColor);
src/PC/client_mp/cl_console_mp.c	630	small-integer-cast	listed-TU	rowCount = (int)(textHeight * 0.0625f);
src/PC/client_mp/cl_console_mp.c	638	constant-pointer-arithmetic	listed-TU	for (rowIndex = 0; rowIndex < rowCount && rowIndex != row + 1; rowIndex++) {
src/PC/client_mp/cl_console_mp.c	654	small-integer-cast	listed-TU	SCR_DrawConsoleString((int)innerX, (int)textY, line, con.linewidth, textColor);
src/PC/client_mp/cl_console_mp.c	662	constant-pointer-arithmetic	listed-TU	con.display = con.currentLine - con.totallines + 1;
src/PC/client_mp/cl_console_mp.c	676	constant-pointer-arithmetic	listed-TU	con.display = con.currentLine - con.totallines + 1;
src/PC/client_mp/cl_console_mp.c	681	fixed-byte-access	listed-TU	return (*(int *)((char *)*(void **)imp_cl + 4) & 1) != 0;
src/PC/client_mp/cl_console_mp.c	681	constant-pointer-arithmetic	listed-TU	return (*(int *)((char *)*(void **)imp_cl + 4) & 1) != 0;
src/PC/client_mp/cl_console_mp.c	695	small-integer-cast	listed-TU	float v = (float)(int)(value * 255.0f);
src/PC/client_mp/cl_console_mp.c	699	small-integer-cast	listed-TU	return (int)hi;
src/PC/client_mp/cl_console_mp.c	713	constant-pointer-arithmetic	listed-TU	con.textBuffer[lineBase + offset] = (short)(((iFirstInfo + 1) << 8) | CL_ClampColorByte(vColor[1]));
src/PC/client_mp/cl_console_mp.c	717	constant-pointer-arithmetic	listed-TU	con.textBuffer[lineBase + offset] = (short)(((iFirstInfo + 2) << 8) | CL_ClampColorByte(vColor[2]));
src/PC/client_mp/cl_console_mp.c	718	constant-pointer-arithmetic	listed-TU	con.lineOffset = offset + 1;
src/PC/client_mp/cl_console_mp.c	765	small-integer-cast	listed-TU	return (int)floorf(((float)remaining / (float)msgwnd->scrolltime) * (float)charHeight + 0.5f);
src/PC/client_mp/cl_console_mp.c	982	constant-pointer-arithmetic	listed-TU	Cmd_TokenizeString((const char *)imp_g_consoleField + 0x18);
src/PC/client_mp/cl_console_mp.c	1006	constant-pointer-arithmetic	listed-TU	const char *scan = p + 0x18 + offset;
src/PC/client_mp/cl_console_mp.c	1055	small-integer-cast	listed-TU	screenWidth = (int)(con.screenMax[0] - con.screenMin[0]);
src/PC/client_mp/cl_console_mp.c	1090	fixed-size-memory-call	listed-TU	memcpy(tbuf, con.textBuffer, 0x20000);
src/PC/client_mp/cl_console_mp.c	1197	small-integer-cast	listed-TU	targetLineWidth = (int)((float)printLen / lines);
src/PC/client_mp/cl_console_mp.c	1297	small-integer-cast	listed-TU	duration = (int)floorf(con_minicontime->current.value * 1000.0f + 0.5f);
src/PC/client_mp/cl_console_mp.c	1300	small-integer-cast	listed-TU	duration = (int)floorf(con_gamemessagetime->current.value * 1000.0f + 0.5f);
src/PC/client_mp/cl_console_mp.c	1303	small-integer-cast	listed-TU	duration = (int)floorf(con_boldgamemessagetime->current.value * 1000.0f + 0.5f);
src/PC/client_mp/cl_console_mp.c	1325	small-integer-cast	listed-TU	int charCount = (int)(newline - lineStart) + 1;
src/PC/client_mp/cl_console_mp.c	1334	constant-pointer-arithmetic	listed-TU	lineStart = newline + 1;
src/PC/client_mp/cl_console_mp.c	1380	constant-pointer-arithmetic	listed-TU	float h = (float)lineCount * conDrawInputGlob.fontHeight + 12.0f;
src/PC/client_mp/cl_console_mp.c	1382	constant-pointer-arithmetic	listed-TU	if (width > 0.0f && width + 12.0f < w)
src/PC/client_mp/cl_console_mp.c	1383	constant-pointer-arithmetic	listed-TU	w = width + 12.0f;
src/PC/client_mp/cl_console_mp.c	1420	small-integer-cast	listed-TU	if (bufferUsed + matchLen > (int)sizeof(matchBuffer))
src/PC/client_mp/cl_console_mp.c	1543	constant-pointer-arithmetic	listed-TU	con.screenMax[0] - con.screenMin[0], conDrawInputGlob.fontHeight + 12.0f,
src/PC/client_mp/cl_console_mp.c	1552	small-integer-cast	listed-TU	consoleField->widthInPixels = (int)(con.screenMax[0] - 6.0f - conDrawInputGlob.x);
src/PC/client_mp/cl_console_mp.c	1553	small-integer-cast	listed-TU	Field_Draw(consoleField, (int)conDrawInputGlob.x, (int)conDrawInputGlob.y, 5, 5, 1);
src/PC/client_mp/cl_console_mp.c	1681	constant-pointer-arithmetic	listed-TU	return text + 2;
src/PC/client_mp/cl_console_mp.c	1713	small-integer-cast	listed-TU	CL_WriteConsoleEncodedByte(widthCode, (int)(iconWidth * 32.0f));
src/PC/client_mp/cl_console_mp.c	1714	small-integer-cast	listed-TU	CL_WriteConsoleEncodedByte(0x11, (int)(iconHeight * 32.0f));
src/PC/client_mp/cl_console_mp.c	1731	small-integer-cast	listed-TU	duration = (int)floorf(con_gamemessagetime->current.value * 1000.0f + 0.5f);
src/PC/client_mp/cl_console_mp.c	1751	small-integer-cast	listed-TU	if (victimName && con.lineOffset + (int)strlen(victimName) + 2 >= con.linewidth) {
src/PC/client_mp/cl_console_mp.c	1801	small-integer-cast	listed-TU	screenWidth = (int)(con.screenMax[0] - con.screenMin[0]);
src/PC/client_mp/cl_console_mp.c	1995	small-integer-cast	listed-TU	targetLineWidth = (int)((float)printLen / lines);
src/PC/client_mp/cl_console_mp.c	2095	small-integer-cast	listed-TU	duration = (int)floorf(con_minicontime->current.value * 1000.0f + 0.5f);
src/PC/client_mp/cl_console_mp.c	2098	small-integer-cast	listed-TU	duration = (int)floorf(con_gamemessagetime->current.value * 1000.0f + 0.5f);
src/PC/client_mp/cl_console_mp.c	2101	small-integer-cast	listed-TU	duration = (int)floorf(con_boldgamemessagetime->current.value * 1000.0f + 0.5f);
src/PC/client_mp/cl_console_mp.c	2123	small-integer-cast	listed-TU	int charCount = (int)(newline - lineStart) + 1;
src/PC/client_mp/cl_console_mp.c	2132	constant-pointer-arithmetic	listed-TU	lineStart = newline + 1;
src/PC/client_mp/cl_gamepad.c	31	constant-pointer-arithmetic	listed-TU	#    define K_BUTTON_B (K_AUX1 + 1)
src/PC/client_mp/cl_gamepad.c	32	constant-pointer-arithmetic	listed-TU	#    define K_BUTTON_X (K_AUX1 + 2)
src/PC/client_mp/cl_gamepad.c	33	constant-pointer-arithmetic	listed-TU	#    define K_BUTTON_Y (K_AUX1 + 3)
src/PC/client_mp/cl_gamepad.c	34	constant-pointer-arithmetic	listed-TU	#    define K_BUTTON_LSHLDR (K_AUX1 + 4)
src/PC/client_mp/cl_gamepad.c	35	constant-pointer-arithmetic	listed-TU	#    define K_BUTTON_RSHLDR (K_AUX1 + 5)
src/PC/client_mp/cl_gamepad.c	36	constant-pointer-arithmetic	listed-TU	#    define K_BUTTON_BACK (K_AUX1 + 6)
src/PC/client_mp/cl_gamepad.c	37	constant-pointer-arithmetic	listed-TU	#    define K_BUTTON_START (K_AUX1 + 7)
src/PC/client_mp/cl_gamepad.c	38	constant-pointer-arithmetic	listed-TU	#    define K_BUTTON_LSTICK (K_AUX1 + 8)
src/PC/client_mp/cl_gamepad.c	39	constant-pointer-arithmetic	listed-TU	#    define K_BUTTON_RSTICK (K_AUX1 + 9)
src/PC/client_mp/cl_gamepad.c	40	constant-pointer-arithmetic	listed-TU	#    define K_DPAD_UP (K_AUX1 + 10)
src/PC/client_mp/cl_gamepad.c	41	constant-pointer-arithmetic	listed-TU	#    define K_DPAD_DOWN (K_AUX1 + 11)
src/PC/client_mp/cl_gamepad.c	42	constant-pointer-arithmetic	listed-TU	#    define K_DPAD_LEFT (K_AUX1 + 12)
src/PC/client_mp/cl_gamepad.c	43	constant-pointer-arithmetic	listed-TU	#    define K_DPAD_RIGHT (K_AUX1 + 13)
src/PC/client_mp/cl_gamepad.c	44	constant-pointer-arithmetic	listed-TU	#    define K_BUTTON_LTRIG (K_AUX1 + 14)
src/PC/client_mp/cl_gamepad.c	45	constant-pointer-arithmetic	listed-TU	#    define K_BUTTON_RTRIG (K_AUX1 + 15)
src/PC/client_mp/cl_gamepad.c	525	small-integer-cast	listed-TU	dx = (int)fx;
src/PC/client_mp/cl_gamepad.c	526	small-integer-cast	listed-TU	dy = (int)fy;
src/PC/client_mp/cl_gamepad.c	550	small-integer-cast	listed-TU	side = (int)cmd->rightmove + (int)(mx * 127.0f);
src/PC/client_mp/cl_gamepad.c	551	small-integer-cast	listed-TU	forward = (int)cmd->forwardmove - (int)(my * 127.0f);
src/PC/client_mp/cl_input.c	269	small-integer-cast	listed-TU	if ((int)msec <= 0) {
src/PC/client_mp/cl_input.c	282	small-integer-cast	listed-TU	return (int)(CL_KeyState(key) * 127.0f);
src/PC/client_mp/cl_input.c	282	integer-cast-hash-or-key	listed-TU	return (int)(CL_KeyState(key) * 127.0f);
src/PC/client_mp/cl_input.c	889	constant-pointer-arithmetic	listed-TU	i = clc_ptr->reliableAcknowledge + 1;
src/PC/client_mp/cl_input.c	963	constant-pointer-arithmetic	listed-TU	int idx = (cl4->cmdNumber - compressedSize + 1 + i) & 0x7f;
src/PC/client_mp/cl_input.c	980	fixed-size-memory-call	listed-TU	memcpy(compressedBuf, msgData, 9);
src/PC/client_mp/cl_input.c	981	constant-pointer-arithmetic	listed-TU	compressedSize = 9 + MSG_WriteBitsCompress(msgData + 9, compressedBuf + 9, buf.cursize - 9);
src/PC/client_mp/cl_input.c	1204	small-integer-cast	listed-TU	if ((int)((*clp)->snap.ps.pm_type - 2) <= 2 && CL_ConsumeButtonPress(KB_AT(12))) {
src/PC/client_mp/cl_input.c	1291	small-integer-cast	listed-TU	cmd->rightmove = ClampChar((int)cmd->rightmove + (int)(mx * CL_FiniteOrDefault(m_side->current.value, 0.25f)));
src/PC/client_mp/cl_input.c	1303	small-integer-cast	listed-TU	cmd->forwardmove = ClampChar((int)cmd->forwardmove - (int)(my * CL_FiniteOrDefault(m_forward->current.value, 0.25f)));
src/PC/client_mp/cl_input.c	1454	constant-pointer-arithmetic	listed-TU	cl->viewangles[0] = oldPitch + 90.0f;
src/PC/client_mp/cl_input.c	1464	constant-pointer-arithmetic	listed-TU	currentCmdTime = cl->snap.serverTime + 5000;
src/PC/client_mp/cl_input.c	1469	small-integer-cast	listed-TU	cmd.angles[i] = ((int)((cl->viewangles[i] + cl->cgameKickAngles[i]) * 182.04444885253906f)) & 0xffff;
src/PC/client_mp/cl_input.c	1498	small-integer-cast	listed-TU	} else if ((unsigned int)(clc->state - CA_PRIMED) > 1) {
src/PC/client_mp/cl_keys_mp.c	69	pointer-named-integer-field	listed-TU	extern int nextHistoryLine;
src/PC/client_mp/cl_keys_mp.c	222	small-integer-cast	listed-TU	int len = (int)strlen(bufStart + scroll);
src/PC/client_mp/cl_keys_mp.c	228	constant-pointer-arithmetic	listed-TU	int w = re.TextWidth(bufStart + scroll, visChars + 1, font);
src/PC/client_mp/cl_keys_mp.c	249	small-integer-cast	listed-TU	if (I_strnicmp(s, completionString, (int)strlen(completionString)) != 0) {
src/PC/client_mp/cl_keys_mp.c	286	small-integer-cast	listed-TU	if (I_strnicmp(s, shortestMatch, (int)strlen(shortestMatch)) == 0) {
src/PC/client_mp/cl_keys_mp.c	324	small-integer-cast	listed-TU	if ((unsigned int)(ch - 'a') <= 5) {
src/PC/client_mp/cl_keys_mp.c	647	small-integer-cast	listed-TU	len = (int)strlen(cbd);
src/PC/client_mp/cl_keys_mp.c	657	small-integer-cast	listed-TU	int len = (int)strlen(edit->buffer);
src/PC/client_mp/cl_keys_mp.c	675	constant-pointer-arithmetic	listed-TU	(size_t)(len - edit->cursor + 1));
src/PC/client_mp/cl_keys_mp.c	707	constant-pointer-arithmetic	listed-TU	memmove(edit->buffer + edit->cursor + 1,
src/PC/client_mp/cl_keys_mp.c	709	constant-pointer-arithmetic	listed-TU	(size_t)(len - edit->cursor + 1));
src/PC/client_mp/cl_keys_mp.c	715	constant-pointer-arithmetic	listed-TU	if (edit->cursor == len + 1)
src/PC/client_mp/cl_keys_mp.c	771	small-integer-cast	listed-TU	len = (int)strlen(edit->buffer);
src/PC/client_mp/cl_keys_mp.c	782	constant-pointer-arithmetic	listed-TU	edit->buffer + edit->cursor + 1,
src/PC/client_mp/cl_keys_mp.c	880	constant-pointer-arithmetic	listed-TU	return index < 0 ? index + 32 : index;
src/PC/client_mp/cl_keys_mp.c	885	small-integer-cast	listed-TU	g_consoleField.cursor = (int)strlen(g_consoleField.buffer);
src/PC/client_mp/cl_keys_mp.c	930	constant-pointer-arithmetic	listed-TU	Cbuf_AddText(g_consoleField.buffer + 1);
src/PC/client_mp/cl_keys_mp.c	1128	constant-pointer-arithmetic	listed-TU	"Com_sprintf(cmd, sizeof(cmd), ""-%s %i %i\n"", binding + 1, key, time);"
src/PC/client_mp/cl_main_mp.c	73	small-integer-cast	listed-TU	extern void Com_SetRecommended(int);
src/PC/client_mp/cl_main_mp.c	122	small-integer-cast	listed-TU	extern void CL_SetADS(int);
src/PC/client_mp/cl_main_mp.c	258	x86-only-width-guard	listed-TU	#if defined(COD2_X64) || defined(_M_X64) || defined(__x86_64__)
src/PC/client_mp/cl_main_mp.c	474	constant-pointer-arithmetic	listed-TU	int newPos = pos + ((size + 15) & ~15);
src/PC/client_mp/cl_main_mp.c	484	constant-pointer-arithmetic	listed-TU	unsigned int count = client->skelTimeStamp + 1;
src/PC/client_mp/cl_main_mp.c	488	constant-pointer-arithmetic	listed-TU	client->skelMemoryStart = (char *)(((intptr_t)client->skelMemory + 15) & ~(intptr_t)15);
src/PC/client_mp/cl_main_mp.c	760	small-integer-cast	listed-TU	((void (*)(int))re.Shutdown)(1);
src/PC/client_mp/cl_main_mp.c	1277	fixed-size-memory-call	listed-TU	memset(szServerIPAddress, 0, 128);
src/PC/client_mp/cl_main_mp.c	1284	small-integer-cast	listed-TU	(int)(short)port);
src/PC/client_mp/cl_main_mp.c	1510	constant-pointer-arithmetic	listed-TU	compressedSize = MSG_WriteBitsCompress(buf.data + 4, compressedBuf + 4, buf.cursize - 4) + 4;
src/PC/client_mp/cl_main_mp.c	1614	constant-pointer-arithmetic	listed-TU	if (lineIndex + 1 > cls.debug.maxLines)
src/PC/client_mp/cl_main_mp.c	1654	constant-pointer-arithmetic	listed-TU	if (stringIndex + 1 > cls.debug.maxStrings)
src/PC/client_mp/cl_main_mp.c	1850	constant-pointer-arithmetic	listed-TU	memcpy(data + 9, info, infoLen);
src/PC/client_mp/cl_main_mp.c	1854	constant-pointer-arithmetic	listed-TU	NET_OutOfBandData(NS_CLIENT1, conn->serverAddress, (unsigned char *)data, infoLen + 10);
src/PC/client_mp/cl_main_mp.c	1924	small-integer-cast	listed-TU	cls.logo.fadein = (int)floorf((float)atof(Cmd_Argv(2)) * 1000.0f + 0.5f);
src/PC/client_mp/cl_main_mp.c	1925	small-integer-cast	listed-TU	cls.logo.duration = (int)floorf((float)atof(Cmd_Argv(3)) * 1000.0f + 0.5f);
src/PC/client_mp/cl_main_mp.c	1926	small-integer-cast	listed-TU	cls.logo.fadeout = (int)floorf((float)atof(Cmd_Argv(4)) * 1000.0f + 0.5f);
src/PC/client_mp/cl_main_mp.c	1931	constant-pointer-arithmetic	listed-TU	cls.logo.startTime = cls.realtime + 100;
src/PC/client_mp/cl_main_mp.c	1946	small-integer-cast	listed-TU	if ((unsigned int)source > 2)
src/PC/client_mp/cl_main_mp.c	2048	small-integer-cast	listed-TU	msec = (int)(1000.0f / (float)avidemoVal * timescale);
src/PC/client_mp/cl_main_mp.c	2080	constant-pointer-arithmetic	listed-TU	newIdx = voiceIdx + 1;
src/PC/client_mp/cl_main_mp.c	2137	x86-only-width-guard	listed-TU	#if defined(COD2_X64) || defined(_M_X64) || defined(__x86_64__)
src/PC/client_mp/cl_main_mp.c	2272	pointer-named-integer-field	listed-TU	int headerBytes;
src/PC/client_mp/cl_main_mp.c	2369	fixed-byte-access	listed-TU	*(int *)(*lh + 4) = 1;
src/PC/client_mp/cl_main_mp.c	2369	constant-pointer-arithmetic	listed-TU	*(int *)(*lh + 4) = 1;
src/PC/client_mp/cl_main_mp.c	2392	small-integer-cast	listed-TU	((void (*)(int))re.Shutdown)(0);
src/PC/client_mp/cl_main_mp.c	2426	small-integer-cast	listed-TU	if ((unsigned)(clc_p->state - 3) <= 1)
src/PC/client_mp/cl_main_mp.c	2433	small-integer-cast	listed-TU	if ((unsigned)(state - 3) <= 1)
src/PC/client_mp/cl_main_mp.c	2631	constant-pointer-arithmetic	listed-TU	conn->reliableSequence = sequence + 1;
src/PC/client_mp/cl_main_mp.c	2925	constant-pointer-arithmetic	listed-TU	conn->reliableSequence = seq + 1;
src/PC/client_mp/cl_main_mp.c	2953	constant-pointer-arithmetic	listed-TU	conn->reliableSequence = seq + 1;
src/PC/client_mp/cl_main_mp.c	2991	small-integer-cast	listed-TU	void (*shutdown)(int);
src/PC/client_mp/cl_main_mp.c	3012	small-integer-cast	listed-TU	shutdown = *(void (**)(int))&re;
src/PC/client_mp/cl_main_mp.c	3066	constant-pointer-arithmetic	listed-TU	conn->reliableSequence = sequence + 1;
src/PC/client_mp/cl_main_pc_mp.c	166	constant-pointer-arithmetic	listed-TU	low = mid + 1;
src/PC/client_mp/cl_main_pc_mp.c	235	constant-pointer-arithmetic	listed-TU	int pingTime = time - ping->start + 1;
src/PC/client_mp/cl_main_pc_mp.c	268	constant-pointer-arithmetic	listed-TU	cls->numlocalservers = i + 1;
src/PC/client_mp/cl_main_pc_mp.c	290	constant-pointer-arithmetic	listed-TU	info[len + 1] = '\0';
src/PC/client_mp/cl_main_pc_mp.c	310	small-integer-cast	listed-TU	crc ^= (unsigned int)ch;
src/PC/client_mp/cl_main_pc_mp.c	369	constant-pointer-arithmetic	listed-TU	memcpy(rconGlob.password, pass, passLen + 1);
src/PC/client_mp/cl_main_pc_mp.c	522	constant-pointer-arithmetic	listed-TU	name = strchr(name + 1, ' ');
src/PC/client_mp/cl_main_pc_mp.c	594	constant-pointer-arithmetic	listed-TU	byte rc1 = (byte)(rc + 1);
src/PC/client_mp/cl_main_pc_mp.c	629	fixed-byte-access	listed-TU	*(short *)(buffptr + 4) = 0x6f;
src/PC/client_mp/cl_main_pc_mp.c	629	constant-pointer-arithmetic	listed-TU	*(short *)(buffptr + 4) = 0x6f;
src/PC/client_mp/cl_main_pc_mp.c	662	constant-pointer-arithmetic	listed-TU	while ((unsigned int)(buffptr + 1) < (unsigned int)buffend) {
src/PC/client_mp/cl_main_pc_mp.c	662	small-integer-cast	listed-TU	while ((unsigned int)(buffptr + 1) < (unsigned int)buffend) {
src/PC/client_mp/cl_main_pc_mp.c	668	constant-pointer-arithmetic	listed-TU	while ((unsigned int)(buffptr + 1) < (unsigned int)(buffend - 6)) {
src/PC/client_mp/cl_main_pc_mp.c	668	small-integer-cast	listed-TU	while ((unsigned int)(buffptr + 1) < (unsigned int)(buffend - 6)) {
src/PC/client_mp/cl_main_pc_mp.c	693	small-integer-cast	listed-TU	"Com_DPrintf((const char *)""server: %d ip: %d.%d.%d.%d:%d\n"", numservers, ip[0], ip[1], ip[2], ip[3], (int)port);"
src/PC/client_mp/cl_main_pc_mp.c	734	constant-pointer-arithmetic	listed-TU	low = mid + 1;
src/PC/client_mp/cl_main_pc_mp.c	841	constant-pointer-arithmetic	listed-TU	endEntry = pinglist + 16;
src/PC/client_mp/cl_main_pc_mp.c	866	small-integer-cast	listed-TU	int oldest = (int)0x80000000;
src/PC/client_mp/cl_main_pc_mp.c	963	small-integer-cast	listed-TU	(int)clcConn->serverAddress.ip[0],
src/PC/client_mp/cl_main_pc_mp.c	964	small-integer-cast	listed-TU	(int)clcConn->serverAddress.ip[1],
src/PC/client_mp/cl_main_pc_mp.c	965	small-integer-cast	listed-TU	(int)clcConn->serverAddress.ip[2],
src/PC/client_mp/cl_main_pc_mp.c	966	small-integer-cast	listed-TU	(int)clcConn->serverAddress.ip[3],
src/PC/client_mp/cl_main_pc_mp.c	967	small-integer-cast	listed-TU	(int)displayPort);
src/PC/client_mp/cl_main_pc_mp.c	975	constant-pointer-arithmetic	listed-TU	byte *cdkeyEnd = cdkey + 16;
src/PC/client_mp/cl_main_pc_mp.c	981	small-integer-cast	listed-TU	crc ^= (unsigned int)ch;
src/PC/client_mp/cl_main_pc_mp.c	1023	small-integer-cast	listed-TU	clcConn->connectTime = (int)0xfffe7961;
src/PC/client_mp/cl_net_chan_mp.c	9	x86-only-width-guard	listed-TU	#if defined(COD2_X64) || defined(_M_X64) || defined(__x86_64__)
src/PC/client_mp/cl_net_chan_mp.c	54	x86-only-width-guard	listed-TU	#if defined(COD2_X64) || defined(_M_X64) || defined(__x86_64__)
src/PC/client_mp/cl_net_chan_mp.c	67	x86-only-width-guard	listed-TU	#if defined(COD2_X64) || defined(_M_X64) || defined(__x86_64__)
src/PC/client_mp/cl_net_chan_mp.c	75	x86-only-width-guard	listed-TU	#if defined(COD2_X64) || defined(_M_X64) || defined(__x86_64__)
src/PC/client_mp/cl_net_chan_mp.c	76	small-integer-cast	listed-TU	beforeTraceLen = size < (int)sizeof(beforeTrace) ? size : (int)sizeof(beforeTrace);
src/PC/client_mp/cl_net_chan_mp.c	97	x86-only-width-guard	listed-TU	#if defined(COD2_X64) || defined(_M_X64) || defined(__x86_64__)
src/PC/client_mp/cl_net_chan_mp.c	142	constant-pointer-arithmetic	listed-TU	encodeData = data + 9;
src/PC/client_mp/cl_net_chan_mp.c	178	constant-pointer-arithmetic	listed-TU	if (((const dvar_t *)*(byte **)net_profile_dvar)->current.integer == 0)   /* was dvar+8 (x86 current offset; x64 is 16) */
src/PC/client_mp/cl_net_chan_mp.c	200	constant-pointer-arithmetic	listed-TU	if (((const dvar_t *)*(byte **)net_profile_dvar)->current.integer == 0)   /* was dvar+8 (x86 current offset; x64 is 16) */
src/PC/client_mp/cl_net_chan_mp.c	248	constant-pointer-arithmetic	listed-TU	CL_DrawString(0x20, iYPos + 0xa, szLine, 0, 0xa);
src/PC/client_mp/cl_net_chan_mp.c	367	constant-pointer-arithmetic	listed-TU	CL_DrawString(0x20, iYPos + 0xa, szLine, 0, 0xa);
src/PC/client_mp/cl_parse_mp.c	185	small-integer-cast	listed-TU	"cl_connectedToPureServer = (int)Dvar_GetBool(""sv_pure"");"
src/PC/client_mp/cl_parse_mp.c	233	constant-pointer-arithmetic	listed-TU	if (len + 1 + cla->gameState.dataCount > MAX_GAMESTATE_CHARS) {
src/PC/client_mp/cl_parse_mp.c	239	constant-pointer-arithmetic	listed-TU	memcpy(cla->gameState.stringData + cla->gameState.dataCount, s, len + 1);
src/PC/client_mp/cl_parse_mp.c	241	constant-pointer-arithmetic	listed-TU	cla->gameState.dataCount = cla->gameState.dataCount + len + 1;
src/PC/client_mp/cl_parse_mp.c	322	fixed-byte-access	listed-TU	*(int *)((*download_ui_ptr) + 0x10) = clc->downloadSize;
src/PC/client_mp/cl_parse_mp.c	413	fixed-byte-access	listed-TU	*(int *)((*download_ui_ptr) + 0x14) = clc->downloadCount;
src/PC/client_mp/cl_parse_mp.c	432	fixed-byte-access	listed-TU	*(byte *)((*download_ui_ptr) + 0x1c) = 0;
src/PC/client_mp/cl_parse_mp.c	476	fixed-byte-access	listed-TU	*(int *)((*download_ui_ptr) + 0x10) = cls.downloadSize;
src/PC/client_mp/cl_parse_mp.c	553	fixed-byte-access	listed-TU	*(char *)((*download_ui_ptr) + 0x1c) = 0;
src/PC/client_mp/cl_parse_mp.c	580	constant-pointer-arithmetic	listed-TU	return base + 0xd30e0 + idx * 240;
src/PC/client_mp/cl_parse_mp.c	586	constant-pointer-arithmetic	listed-TU	return base + 0x14b0e0 + idx * 92;
src/PC/client_mp/cl_parse_mp.c	592	constant-pointer-arithmetic	listed-TU	return base + 0x495e0 + idx * 0x26d8;
src/PC/client_mp/cl_parse_mp.c	940	constant-pointer-arithmetic	listed-TU	int oldMsg = cla->snap.messageNum + 1;
src/PC/client_mp/cl_parse_mp.c	969	fixed-byte-access	listed-TU	cla->snap.ping = *(int *)(*(byte **)cls_ptr + 0x118) - slot->p_realtime;
src/PC/client_mp/cl_parse_mp.c	969	constant-pointer-arithmetic	listed-TU	cla->snap.ping = *(int *)(*(byte **)cls_ptr + 0x118) - slot->p_realtime;
src/PC/client_mp/cl_parse_mp.c	994	x86-only-width-guard	listed-TU	#if defined(COD2_X64) || defined(_M_X64) || defined(__x86_64__)
src/PC/client_mp/cl_parse_mp.c	1015	x86-only-width-guard	listed-TU	#if defined(COD2_X64) || defined(_M_X64) || defined(__x86_64__)
src/PC/client_mp/cl_scrn_mp.c	34	small-integer-cast	listed-TU	typedef void (*re_int_func)(int);
src/PC/client_mp/cl_scrn_mp.c	117	small-integer-cast	listed-TU	string, maxChars, (int)font, (float)x, (float)y + (float)fontHeight,
src/PC/client_mp/cl_scrn_mp.c	185	small-integer-cast	listed-TU	if ((unsigned int)(size - 4) > 0x3fc) {
src/PC/client_mp/cl_scrn_mp.c	266	pointer-named-integer-field	listed-TU	static int s_prevConnstate = -1;
src/PC/client_mp/cl_scrn_mp.c	351	small-integer-cast	listed-TU	if ((unsigned int)connstate > 8) {
src/PC/client_mp/cl_scrn_mp.c	399	constant-pointer-arithmetic	listed-TU	int posKB = (pos + 0x3ff) >> 10;
src/PC/client_mp/cl_ui_mp.c	130	small-integer-cast	listed-TU	if ((unsigned)n > 0x7f)
src/PC/client_mp/cl_ui_mp.c	140	small-integer-cast	listed-TU	if ((unsigned)n > 0x7f)
src/PC/client_mp/cl_ui_mp.c	156	small-integer-cast	listed-TU	"Info_SetValueForKey(info, ""clients"", va(""%i"", (int)server->clients));"
src/PC/client_mp/cl_ui_mp.c	156	integer-cast-hash-or-key	listed-TU	"Info_SetValueForKey(info, ""clients"", va(""%i"", (int)server->clients));"
src/PC/client_mp/cl_ui_mp.c	157	small-integer-cast	listed-TU	"Info_SetValueForKey(info, ""sv_maxclients"", va(""%i"", (int)server->maxClients));"
src/PC/client_mp/cl_ui_mp.c	157	integer-cast-hash-or-key	listed-TU	"Info_SetValueForKey(info, ""sv_maxclients"", va(""%i"", (int)server->maxClients));"
src/PC/client_mp/cl_ui_mp.c	158	small-integer-cast	listed-TU	"Info_SetValueForKey(info, ""ping"", va(""%i"", (int)server->ping));"
src/PC/client_mp/cl_ui_mp.c	158	integer-cast-hash-or-key	listed-TU	"Info_SetValueForKey(info, ""ping"", va(""%i"", (int)server->ping));"
src/PC/client_mp/cl_ui_mp.c	159	small-integer-cast	listed-TU	"Info_SetValueForKey(info, ""minping"", va(""%i"", (int)server->minPing));"
src/PC/client_mp/cl_ui_mp.c	159	integer-cast-hash-or-key	listed-TU	"Info_SetValueForKey(info, ""minping"", va(""%i"", (int)server->minPing));"
src/PC/client_mp/cl_ui_mp.c	160	small-integer-cast	listed-TU	"Info_SetValueForKey(info, ""maxping"", va(""%i"", (int)server->maxPing));"
src/PC/client_mp/cl_ui_mp.c	160	integer-cast-hash-or-key	listed-TU	"Info_SetValueForKey(info, ""maxping"", va(""%i"", (int)server->maxPing));"
src/PC/client_mp/cl_ui_mp.c	163	small-integer-cast	listed-TU	"Info_SetValueForKey(info, ""nettype"", va(""%i"", (int)server->netType));"
src/PC/client_mp/cl_ui_mp.c	163	integer-cast-hash-or-key	listed-TU	"Info_SetValueForKey(info, ""nettype"", va(""%i"", (int)server->netType));"
src/PC/client_mp/cl_ui_mp.c	169	small-integer-cast	listed-TU	"Info_SetValueForKey(info, ""sv_allowAnonymous"", va(""%i"", (int)server->allowAnonymous));"
src/PC/client_mp/cl_ui_mp.c	169	integer-cast-hash-or-key	listed-TU	"Info_SetValueForKey(info, ""sv_allowAnonymous"", va(""%i"", (int)server->allowAnonymous));"
src/PC/client_mp/cl_ui_mp.c	170	small-integer-cast	listed-TU	"Info_SetValueForKey(info, ""con_disabled"", va(""%i"", (int)server->consoleDisabled));"
src/PC/client_mp/cl_ui_mp.c	170	integer-cast-hash-or-key	listed-TU	"Info_SetValueForKey(info, ""con_disabled"", va(""%i"", (int)server->consoleDisabled));"
src/PC/client_mp/cl_ui_mp.c	171	small-integer-cast	listed-TU	"Info_SetValueForKey(info, ""pswrd"", va(""%i"", (int)server->bPassword));"
src/PC/client_mp/cl_ui_mp.c	171	integer-cast-hash-or-key	listed-TU	"Info_SetValueForKey(info, ""pswrd"", va(""%i"", (int)server->bPassword));"
src/PC/client_mp/cl_ui_mp.c	172	small-integer-cast	listed-TU	"Info_SetValueForKey(info, ""pure"", va(""%i"", (int)server->pure));"
src/PC/client_mp/cl_ui_mp.c	172	integer-cast-hash-or-key	listed-TU	"Info_SetValueForKey(info, ""pure"", va(""%i"", (int)server->pure));"
src/PC/client_mp/cl_ui_mp.c	173	small-integer-cast	listed-TU	"Info_SetValueForKey(info, ""ff"", va(""%i"", (int)server->friendlyfire));"
src/PC/client_mp/cl_ui_mp.c	173	integer-cast-hash-or-key	listed-TU	"Info_SetValueForKey(info, ""ff"", va(""%i"", (int)server->friendlyfire));"
src/PC/client_mp/cl_ui_mp.c	174	small-integer-cast	listed-TU	"Info_SetValueForKey(info, ""kc"", va(""%i"", (int)server->killcam));"
src/PC/client_mp/cl_ui_mp.c	174	integer-cast-hash-or-key	listed-TU	"Info_SetValueForKey(info, ""kc"", va(""%i"", (int)server->killcam));"
src/PC/client_mp/cl_ui_mp.c	175	small-integer-cast	listed-TU	"Info_SetValueForKey(info, ""hw"", va(""%i"", (int)server->hardware));"
src/PC/client_mp/cl_ui_mp.c	175	integer-cast-hash-or-key	listed-TU	"Info_SetValueForKey(info, ""hw"", va(""%i"", (int)server->hardware));"
src/PC/client_mp/cl_ui_mp.c	176	small-integer-cast	listed-TU	"Info_SetValueForKey(info, ""mod"", va(""%i"", (int)server->mod));"
src/PC/client_mp/cl_ui_mp.c	176	integer-cast-hash-or-key	listed-TU	"Info_SetValueForKey(info, ""mod"", va(""%i"", (int)server->mod));"
src/PC/client_mp/cl_ui_mp.c	177	small-integer-cast	listed-TU	"Info_SetValueForKey(info, ""voice"", va(""%i"", (int)server->voice));"
src/PC/client_mp/cl_ui_mp.c	177	integer-cast-hash-or-key	listed-TU	"Info_SetValueForKey(info, ""voice"", va(""%i"", (int)server->voice));"
src/PC/client_mp/cl_ui_mp.c	192	small-integer-cast	listed-TU	if ((unsigned)n > 0x7f)
src/PC/client_mp/cl_ui_mp.c	202	small-integer-cast	listed-TU	if ((unsigned)n > 0x7f)
src/PC/client_mp/cl_ui_mp.c	249	small-integer-cast	listed-TU	if ((unsigned)n > 0x7f)
src/PC/client_mp/cl_ui_mp.c	259	small-integer-cast	listed-TU	if ((unsigned)n > 0x7f)
src/PC/client_mp/cl_ui_mp.c	271	small-integer-cast	listed-TU	if ((unsigned)n > 0x7f)
src/PC/client_mp/cl_ui_mp.c	279	small-integer-cast	listed-TU	if ((unsigned)n > 0x7f)
src/PC/client_mp/cl_ui_mp.c	337	fixed-size-memory-call	listed-TU	memcpy(buf, cdkey, 16);
src/PC/client_mp/cl_ui_mp.c	341	fixed-size-memory-call	listed-TU	memcpy(buf2, cdkey2, 4);
src/PC/client_mp/cl_ui_mp.c	350	fixed-size-memory-call	listed-TU	memcpy(cdkey, buf, 16);
src/PC/client_mp/cl_ui_mp.c	354	fixed-size-memory-call	listed-TU	memcpy(cdkey2, buf2, 4);
src/PC/client_mp/cl_ui_mp.c	373	fixed-byte-access	listed-TU	count = *(int *)((char *)cl + 0x26e0);
src/PC/client_mp/cl_ui_mp.c	373	constant-pointer-arithmetic	listed-TU	count = *(int *)((char *)cl + 0x26e0);
src/PC/client_mp/cl_ui_mp.c	377	fixed-byte-access	listed-TU	start = *(int *)((char *)cl + 0x26e8);
src/PC/client_mp/cl_ui_mp.c	377	constant-pointer-arithmetic	listed-TU	start = *(int *)((char *)cl + 0x26e8);
src/PC/client_mp/cl_ui_mp.c	504	small-integer-cast	listed-TU	if ((unsigned int)s1 <= 0x7f)
src/PC/client_mp/cl_ui_mp.c	508	small-integer-cast	listed-TU	if ((unsigned int)s1 <= 0x7f)
src/PC/client_mp/cl_ui_mp.c	516	small-integer-cast	listed-TU	if ((unsigned int)s2 <= 0x7f)
src/PC/client_mp/cl_ui_mp.c	519	small-integer-cast	listed-TU	if ((unsigned int)s2 <= 0x7f)
src/PC/client_mp/cl_ui_mp.c	529	small-integer-cast	listed-TU	diff = (int)(unsigned char)server1->bPassword - (int)(unsigned char)server2->bPassword;
src/PC/client_mp/cl_ui_mp.c	537	small-integer-cast	listed-TU	diff = (int)hw1 - (int)hw2;
src/PC/client_mp/cl_ui_mp.c	561	small-integer-cast	listed-TU	diff = (int)(unsigned char)server1->clients - (int)(unsigned char)server2->clients;
src/PC/client_mp/cl_ui_mp.c	571	small-integer-cast	listed-TU	diff = (int)(unsigned char)server1->voice - (int)(unsigned char)server2->voice;
src/PC/client_mp/cl_ui_mp.c	576	small-integer-cast	listed-TU	diff = (int)(unsigned char)server1->pure - (int)(unsigned char)server2->pure;
src/PC/client_mp/cl_ui_mp.c	581	small-integer-cast	listed-TU	diff = (int)(unsigned char)server1->mod - (int)(unsigned char)server2->mod;
src/PC/client_mp/cl_ui_mp.c	598	small-integer-cast	listed-TU	diff = (int)(short)server1->ping - (int)(short)server2->ping;
src/PC/client_mp/cl_ui_pc_mp.c	100	constant-pointer-arithmetic	listed-TU	Com_Memcpy(&servers[j], &servers[j + 1], sizeof(serverInfo_t));
src/PC/client_mp/cl_ui_pc_mp.c	116	small-integer-cast	listed-TU	if ((unsigned int)n > 127) {
src/PC/client_mp/cl_ui_pc_mp.c	137	small-integer-cast	listed-TU	if ((unsigned int)n > 127) {
src/PC/client_mp/cl_ui_pc_mp.c	178	small-integer-cast	listed-TU	if ((unsigned int)(((clientStatic_t *)(base))->numglobalservers) > 19999) {
src/PC/client_mp/cl_ui_pc_mp.c	185	small-integer-cast	listed-TU	if ((unsigned int)(((clientStatic_t *)(base))->numfavoriteservers) > 127) {
src/PC/game/g_load_utils.c	42	small-integer-cast	listed-TU	if ((unsigned int)len > 0x4000) {
src/PC/game/g_load_utils.c	68	constant-pointer-arithmetic	listed-TU	index_00fea280 = (index_00fea280 + 1) & 7;
src/PC/game/g_load_utils.c	70	small-integer-cast	listed-TU	"Com_sprintf(s, 32, ""(%i %i %i)"", (int)v[0], (int)v[1], (int)v[2]);"
src/PC/game/g_load_utils.c	118	constant-pointer-arithmetic	listed-TU	if (spawnVar->numSpawnVarChars + l + 1 > 2048) {
src/PC/game/g_load_utils.c	122	constant-pointer-arithmetic	listed-TU	memcpy(dest, keyname, l + 1);
src/PC/game/g_load_utils.c	123	constant-pointer-arithmetic	listed-TU	spawnVar->numSpawnVarChars += l + 1;
src/PC/game/g_load_utils.c	127	constant-pointer-arithmetic	listed-TU	if (spawnVar->numSpawnVarChars + l + 1 > 2048) {
src/PC/game/g_load_utils.c	131	constant-pointer-arithmetic	listed-TU	memcpy(dest, com_token, l + 1);
src/PC/game/g_load_utils.c	132	constant-pointer-arithmetic	listed-TU	spawnVar->numSpawnVarChars += l + 1;
src/PC/game/g_weapon_load_obj.c	33	pointer-named-integer-field	listed-TU	int fileHandle;
src/PC/game/g_weapon_load_obj.c	68	fixed-size-memory-call	listed-TU	memset(buffer, 0, 0x2000);
src/PC/game/g_weapon_load_obj.c	140	pointer-named-integer-field	listed-TU	int fileHandle;
src/PC/game/g_weapon_load_obj.c	164	fixed-size-memory-call	listed-TU	memset(buffer, 0, 0x2000);
src/PC/game_mp/g_active_mp.c	13	small-integer-cast	listed-TU	extern int Scr_IsSystemActive(int);
src/PC/game_mp/g_active_mp.c	159	small-integer-cast	listed-TU	if (((int (*)(int))Scr_IsSystemActive)(1)) {
src/PC/game_mp/g_active_mp.c	208	constant-pointer-arithmetic	listed-TU	client->inactivityTime = ((struct level_locals_t *)imp_level)->time + 60000;
src/PC/game_mp/g_active_mp.c	222	small-integer-cast	listed-TU	clientNum = (int)(client - level.clients);
src/PC/game_mp/g_active_mp.c	277	constant-pointer-arithmetic	listed-TU	memset((byte *)ps + 0x7A8, 0, 0xF80);
src/PC/game_mp/g_active_mp.c	277	fixed-size-memory-call	listed-TU	memset((byte *)ps + 0x7A8, 0, 0xF80);
src/PC/game_mp/g_active_mp.c	304	small-integer-cast	listed-TU	if ((unsigned)idx > 0x11)
src/PC/game_mp/g_active_mp.c	525	small-integer-cast	listed-TU	if ((unsigned)(event - 0x74) <= 0x16) {
src/PC/game_mp/g_active_mp.c	531	small-integer-cast	listed-TU	G_Damage(ent, NULL, NULL, NULL, NULL, (int)(client->ps.stats[0] * 1.100000023841858f), 0, 11, 0, 0);
src/PC/game_mp/g_active_mp.c	535	small-integer-cast	listed-TU	G_Damage(ent, NULL, NULL, NULL, NULL, (int)(client->ps.stats[0] * damageFrac), 0, 11, 0, 0);
src/PC/game_mp/g_active_mp.c	541	small-integer-cast	listed-TU	if ((unsigned)(event - 0x9e) > 0x27) {
src/PC/game_mp/g_active_mp.c	648	small-integer-cast	listed-TU	client->ps.damagePitch = (int)(angles[0] * (256.0f / 360.0f));
src/PC/game_mp/g_active_mp.c	649	small-integer-cast	listed-TU	client->ps.damageYaw = (int)(angles[1] * (256.0f / 360.0f));
src/PC/game_mp/g_active_mp.c	820	small-integer-cast	listed-TU	s->pos.trBase[i] = (float)(int)s->pos.trBase[i];
src/PC/game_mp/g_active_mp.c	821	small-integer-cast	listed-TU	s->apos.trBase[i] = (float)(int)s->apos.trBase[i];
src/PC/game_mp/g_active_mp.c	890	constant-pointer-arithmetic	listed-TU	if (ucmd->serverTime > level.time + 200)
src/PC/game_mp/g_active_mp.c	891	constant-pointer-arithmetic	listed-TU	ucmd->serverTime = level.time + 200;
src/PC/game_mp/g_active_mp.c	897	small-integer-cast	listed-TU	if ((int)(ent - g_entities) == client->ps.clientNum)
src/PC/game_mp/g_active_mp.c	1314	small-integer-cast	listed-TU	client->ps.gravity = (int)(g_gravity)->current.value;
src/PC/game_mp/g_client_fields_mp.c	75	small-integer-cast	listed-TU	return (int)(client - G_Level()->clients);
src/PC/game_mp/g_client_fields_mp.c	206	constant-pointer-arithmetic	listed-TU	if ((unsigned int)(iNewSpectatorClient + 1) > 0x40) {
src/PC/game_mp/g_client_fields_mp.c	206	small-integer-cast	listed-TU	if ((unsigned int)(iNewSpectatorClient + 1) > 0x40) {
src/PC/game_mp/g_client_fields_mp.c	229	constant-pointer-arithmetic	listed-TU	SV_GetConfigstring(client->sess.status_icon + 0x16, szConfigString, 1024);
src/PC/game_mp/g_client_fields_mp.c	255	constant-pointer-arithmetic	listed-TU	SV_GetConfigstring(icon + 0x1e, szConfigString, 1024);
src/PC/game_mp/g_client_fields_mp.c	300	small-integer-cast	listed-TU	client->sess.archiveTime = (int)(Scr_GetFloat(0) * 1000.0f);
src/PC/game_mp/g_client_mp.c	118	small-integer-cast	listed-TU	clientNum, (void *)ent, (unsigned int)scr->begin);
src/PC/game_mp/g_client_mp.c	187	constant-pointer-arithmetic	listed-TU	iBaseEnt = iLastUpdateEnt + 1;
src/PC/game_mp/g_client_mp.c	220	small-integer-cast	listed-TU	dx = (int)(ex - vPosition[0] + 0.5f);
src/PC/game_mp/g_client_mp.c	221	small-integer-cast	listed-TU	dy = (int)(ey - vPosition[1] + 0.5f);
src/PC/game_mp/g_client_mp.c	245	small-integer-cast	listed-TU	dx = (int)((float)dx * scaleY);
src/PC/game_mp/g_client_mp.c	248	small-integer-cast	listed-TU	dy = (int)((float)dy * scaleX);
src/PC/game_mp/g_client_mp.c	252	small-integer-cast	listed-TU	dx = (int)((float)dx * scaleY);
src/PC/game_mp/g_client_mp.c	260	constant-pointer-arithmetic	listed-TU	dx = dx + 2;
src/PC/game_mp/g_client_mp.c	267	constant-pointer-arithmetic	listed-TU	dy = dy + 2;
src/PC/game_mp/g_client_mp.c	271	constant-pointer-arithmetic	listed-TU	int scaledDx = (dx < 0 ? (dx + 3) : dx) >> 2;
src/PC/game_mp/g_client_mp.c	272	constant-pointer-arithmetic	listed-TU	scaledDx = (scaledDx + 0xff) & 0x1ff;
src/PC/game_mp/g_client_mp.c	277	constant-pointer-arithmetic	listed-TU	int scaledDy = (dy < 0 ? (dy + 3) : dy) >> 2;
src/PC/game_mp/g_client_mp.c	278	constant-pointer-arithmetic	listed-TU	scaledDy = (scaledDy + 0xff) & 0x1ff;
src/PC/game_mp/g_client_mp.c	283	small-integer-cast	listed-TU	int yawByte = (int)(pEnt->r.currentAngles[1] * 0.7111111283302307f);
src/PC/game_mp/g_client_mp.c	384	small-integer-cast	listed-TU	client->ps.delta_angles[1] += (int)(overflow * 182.04444885253906f) & 0xffff;
src/PC/game_mp/g_client_mp.c	390	constant-pointer-arithmetic	listed-TU	float overflow = delta + 45.0f;
src/PC/game_mp/g_client_mp.c	392	small-integer-cast	listed-TU	client->ps.delta_angles[1] += (int)(overflow * 182.04444885253906f) & 0xffff;
src/PC/game_mp/g_client_mp.c	405	small-integer-cast	listed-TU	client->ps.delta_angles[0] += (int)(overflow * 182.04444885253906f) & 0xffff;
src/PC/game_mp/g_client_mp.c	411	constant-pointer-arithmetic	listed-TU	float overflow = delta + 15.0f;
src/PC/game_mp/g_client_mp.c	413	small-integer-cast	listed-TU	client->ps.delta_angles[0] += (int)(overflow * 182.04444885253906f) & 0xffff;
src/PC/game_mp/g_client_mp.c	424	small-integer-cast	listed-TU	int cmdAngle = (int)(newAngle[i] * 182.04444885253906f) & 0xffff;
src/PC/game_mp/g_client_script_cmd_mp.c	174	small-integer-cast	listed-TU	"Scr_ObjectError(va(""entity %i is not a player"", (int)entnum));"
src/PC/game_mp/g_client_script_cmd_mp.c	286	small-integer-cast	listed-TU	"Scr_ObjectError(va(""entity %i is not a player"", (int)entnum));"
src/PC/game_mp/g_client_script_cmd_mp.c	373	constant-pointer-arithmetic	listed-TU	pSelf->client->compassPingTime = level.time + 3000;
src/PC/game_mp/g_client_script_cmd_mp.c	910	constant-pointer-arithmetic	listed-TU	"Scr_ConstructMessageString(0, Scr_GetNumParam() - 1, ""Client Chat Message"", szString + 1, sizeof(szString) - 1);"
src/PC/game_mp/g_client_script_cmd_mp.c	923	constant-pointer-arithmetic	listed-TU	"Scr_ConstructMessageString(0, Scr_GetNumParam() - 1, ""Client Chat Message"", szString + 1, sizeof(szString) - 1);"
src/PC/game_mp/g_client_script_cmd_mp.c	1156	constant-pointer-arithmetic	listed-TU	gentity_t *world = (gentity_t *)imp_g_entities + 1022;
src/PC/game_mp/g_client_script_cmd_mp.c	1227	small-integer-cast	listed-TU	knockback = (int)((float)damage * damageScale);
src/PC/game_mp/g_client_script_cmd_mp.c	1301	small-integer-cast	listed-TU	client->ps.damageTimer += (int)((float)damage * player_dmgtimer_timePerPoint->current.value);
src/PC/game_mp/g_client_script_cmd_mp.c	1304	small-integer-cast	listed-TU	client->ps.flinchYaw = (int)vectoyaw(dir);
src/PC/game_mp/g_client_script_cmd_mp.c	1313	small-integer-cast	listed-TU	client->ps.flinchYaw = (int)yaw;
src/PC/game_mp/g_client_script_cmd_mp.c	1316	small-integer-cast	listed-TU	client->ps.damageTimer = (int)maxDamageTime;
src/PC/game_mp/g_cmds_mp.c	198	small-integer-cast	listed-TU	if (len + tlen >= (int)sizeof(line) - 1) {
src/PC/game_mp/g_cmds_mp.c	230	small-integer-cast	listed-TU	if (len + tlen >= (int)sizeof(line) - 1) {
src/PC/game_mp/g_cmds_mp.c	515	constant-pointer-arithmetic	listed-TU	lvl->voteTime = lvl->time + 30000;
src/PC/game_mp/g_cmds_mp.c	592	constant-pointer-arithmetic	listed-TU	SV_Cmd_ArgvBuffer(i + 1, buffer, sizeof(buffer));
src/PC/game_mp/g_cmds_mp.c	620	small-integer-cast	listed-TU	if ((unsigned int)menuIndex <= 0x1f) {
src/PC/game_mp/g_cmds_mp.c	621	constant-pointer-arithmetic	listed-TU	SV_GetConfigstring(menuIndex + 0x4de, szMenuName, sizeof(szMenuName));
src/PC/game_mp/g_cmds_mp.c	743	small-integer-cast	listed-TU	if ((unsigned int)player > 63 || (unsigned int)order > 6)
src/PC/game_mp/g_cmds_mp.c	800	small-integer-cast	listed-TU	client->ps.clientNum = (int)(ent - g_entities);
src/PC/game_mp/g_cmds_mp.c	805	fixed-byte-access	listed-TU	*(int *)((char *)&client->ps + 0xdc) = 0;
src/PC/game_mp/g_cmds_mp.c	805	constant-pointer-arithmetic	listed-TU	*(int *)((char *)&client->ps + 0xdc) = 0;
src/PC/game_mp/g_cmds_mp.c	988	small-integer-cast	listed-TU	G_SelectWeaponIndex((int)(ent - g_entities), 0);
src/PC/game_mp/g_combat_mp.c	87	pointer-named-integer-field	listed-TU	extern int g_sNextDmgTableId;
src/PC/game_mp/g_combat_mp.c	264	constant-pointer-arithmetic	listed-TU	endpoints[0][0] = mid_x + 15.0f;
src/PC/game_mp/g_combat_mp.c	265	constant-pointer-arithmetic	listed-TU	endpoints[0][1] = mid_y + 15.0f;
src/PC/game_mp/g_combat_mp.c	348	small-integer-cast	listed-TU	iDamage = (int)fDamage;
src/PC/game_mp/g_combat_mp.c	529	small-integer-cast	listed-TU	(int)(points * damageScale), 1, mod, (hitLocation_t)0, 0);
src/PC/game_mp/g_combat_mp.c	562	small-integer-cast	listed-TU	(int)(points * 0.1f), 1, mod, (hitLocation_t)0, 0);
src/PC/game_mp/g_combat_mp.c	589	small-integer-cast	listed-TU	if ((unsigned int)cl->ps.pm_type > 1) {
src/PC/game_mp/g_combat_mp.c	649	constant-pointer-arithmetic	listed-TU	cl->ps.pm_type = state + 6;
src/PC/game_mp/g_combat_mp.c	689	small-integer-cast	listed-TU	cl->ps.stats[1] = (int)self->r.currentAngles[1];
src/PC/game_mp/g_combat_mp.c	695	small-integer-cast	listed-TU	cl->ps.stats[1] = (int)yaw;
src/PC/game_mp/g_hudelem_mp.c	13	small-integer-cast	listed-TU	#define ARRAY_COUNT(x) ((int)(sizeof(x) / sizeof((x)[0])))
src/PC/game_mp/g_hudelem_mp.c	330	small-integer-cast	listed-TU	where stride = sizeof(game_hudelem_field_t)/sizeof(int). On x64 the struct's 3 pointers
src/PC/game_mp/g_hudelem_mp.c	342	small-integer-cast	listed-TU	for (i = 0; i < (int)ARRAY_COUNT(methods); i++) {
src/PC/game_mp/g_hudelem_mp.c	418	small-integer-cast	listed-TU	return (byte)(int)floorf(value * 255.0f + 0.5f);
src/PC/game_mp/g_hudelem_mp.c	634	small-integer-cast	listed-TU	time = (int)ceilf(Scr_GetFloat(0) * 1000.0f);
src/PC/game_mp/g_hudelem_mp.c	682	small-integer-cast	listed-TU	return (int)floorf(seconds * 1000.0f + 0.5f);
src/PC/game_mp/g_hudelem_mp.c	731	small-integer-cast	listed-TU	time = (int)ceilf(Scr_GetFloat(0) * 1000.0f);
src/PC/game_mp/g_hudelem_mp.c	735	small-integer-cast	listed-TU	duration = (int)ceilf(Scr_GetFloat(1) * 1000.0f);
src/PC/game_mp/g_items_mp.c	104	small-integer-cast	listed-TU	return (int)(item - (const gitem_t *)imp_bg_itemlist);
src/PC/game_mp/g_items_mp.c	623	constant-pointer-arithmetic	listed-TU	BG_EvaluateTrajectory(&ent->s.pos, level.time + 50, origin);
src/PC/game_mp/g_items_mp.c	819	constant-pointer-arithmetic	listed-TU	dropped->nextthink = level.time + 1000;
src/PC/game_mp/g_items_mp.c	878	small-integer-cast	listed-TU	total = (int)floorf(((randomf() + 1.0f) * 0.5f) * (float)(clipSize - 1) + 0.5f) + 1;
src/PC/game_mp/g_items_mp.c	879	small-integer-cast	listed-TU	iMax = (int)floorf((randomf() * 0.5f + 0.25f) * (float)total + 0.5f);
src/PC/game_mp/g_items_mp.c	985	small-integer-cast	listed-TU	clientNum = (int)(other - (gentity_t *)imp_g_entities);
src/PC/game_mp/g_items_mp.c	1056	small-integer-cast	listed-TU	other->health += (int)((float)quantity * (float)ps->stats[2] * 0.01f);
src/PC/game_mp/g_items_mp.c	1060	small-integer-cast	listed-TU	normalHealth = (int)((float)(other->health * 100) / (float)ps->stats[2]);
src/PC/game_mp/g_items_mp.c	1066	small-integer-cast	listed-TU	oldNormalHealth = (int)((float)(oldHealth * 100) / (float)ps->stats[2]);
src/PC/game_mp/g_items_mp.c	1110	small-integer-cast	listed-TU	quantity = (int)floorf(((randomf() + 1.0f) * 0.5f) * (float)(clipSize - 1) + 0.5f) + 1;
src/PC/game_mp/g_items_mp.c	1284	small-integer-cast	listed-TU	itemIndex = (int)(item - bg_itemlist);
src/PC/game_mp/g_items_mp.c	1320	constant-pointer-arithmetic	listed-TU	ent->nextthink = level.time + 100;
src/PC/game_mp/g_items_mp.c	1367	fixed-byte-access	listed-TU	if (*(int *)((char *)BG_GetWeaponDef(weapon) + 0x1e4) < 0)
src/PC/game_mp/g_items_mp.c	1386	fixed-byte-access	listed-TU	if (*(int *)((char *)BG_GetWeaponDef(weapon) + 0x1e4) >= 0)
src/PC/game_mp/g_main_mp.c	208	small-integer-cast	listed-TU	if ((unsigned int)e->s.pos.trType > 20u) {
src/PC/game_mp/g_main_mp.c	210	small-integer-cast	listed-TU	e->s.eType, (unsigned int)e->s.pos.trType,
src/PC/game_mp/g_main_mp.c	249	small-integer-cast	listed-TU	if (!rep && (unsigned int)g_entities[439].s.pos.trType > 20u) {
src/PC/game_mp/g_main_mp.c	252	small-integer-cast	listed-TU	step, (unsigned int)g_entities[439].s.pos.trType);
src/PC/game_mp/g_main_mp.c	258	small-integer-cast	listed-TU	if (!rep && (unsigned int)g_entities[439].s.pos.trType > 20u) {
src/PC/game_mp/g_main_mp.c	261	small-integer-cast	listed-TU	lastop, (unsigned int)g_entities[439].s.pos.trType);
src/PC/game_mp/g_main_mp.c	267	small-integer-cast	listed-TU	if (!rep && (unsigned int)g_entities[439].s.pos.trType > 20u) {
src/PC/game_mp/g_main_mp.c	275	small-integer-cast	listed-TU	if (!rep && (unsigned int)g_entities[439].s.pos.trType > 20u) {
src/PC/game_mp/g_main_mp.c	279	small-integer-cast	listed-TU	(unsigned int)g_entities[439].s.pos.trType, g_dbg_lastBuiltin,
src/PC/game_mp/g_main_mp.c	397	small-integer-cast	listed-TU	qsort(level.sortedClients, level.numConnectedClients, sizeof(int), (int (*)(const void *, const void *))SortRanks);
src/PC/game_mp/g_main_mp.c	557	small-integer-cast	listed-TU	level_bgs.SafeDObjFree = (void (__cdecl *)(int))((void (*)())imp_Com_SafeServerDObjFree);
src/PC/game_mp/g_main_mp.c	584	small-integer-cast	listed-TU	(gclient_s *)((byte *)level.clients + (unsigned int)i * 0x28a4);
src/PC/game_mp/g_main_mp.c	588	constant-pointer-arithmetic	listed-TU	* byte offsets (&level+16 / +20) which on x64 land on gentitySize and
src/PC/game_mp/g_main_mp.c	633	fixed-byte-access	listed-TU	Com_Printf(str_dbg_vmtop_fmt, *(void **)((byte *)&scrVmPub + 16));
src/PC/game_mp/g_main_mp.c	633	constant-pointer-arithmetic	listed-TU	Com_Printf(str_dbg_vmtop_fmt, *(void **)((byte *)&scrVmPub + 16));
src/PC/game_mp/g_main_mp.c	636	fixed-byte-access	listed-TU	Com_Printf(str_dbg_ff_trace, *(void **)((byte *)&scrVmPub + 12));
src/PC/game_mp/g_main_mp.c	636	constant-pointer-arithmetic	listed-TU	Com_Printf(str_dbg_ff_trace, *(void **)((byte *)&scrVmPub + 12));
src/PC/game_mp/g_main_mp.c	639	fixed-byte-access	listed-TU	Com_Printf(str_dbg_ff_agv, *(void **)((byte *)&scrVmPub + 12));
src/PC/game_mp/g_main_mp.c	639	constant-pointer-arithmetic	listed-TU	Com_Printf(str_dbg_ff_agv, *(void **)((byte *)&scrVmPub + 12));
src/PC/game_mp/g_main_mp.c	641	fixed-byte-access	listed-TU	Com_Printf(str_dbg_ff_gls, *(void **)((byte *)&scrVmPub + 12));
src/PC/game_mp/g_main_mp.c	641	constant-pointer-arithmetic	listed-TU	Com_Printf(str_dbg_ff_gls, *(void **)((byte *)&scrVmPub + 12));
src/PC/game_mp/g_main_mp.c	645	fixed-byte-access	listed-TU	Com_Printf(str_dbg_ff_before, *(void **)((byte *)&scrVmPub + 12));
src/PC/game_mp/g_main_mp.c	645	constant-pointer-arithmetic	listed-TU	Com_Printf(str_dbg_ff_before, *(void **)((byte *)&scrVmPub + 12));
src/PC/game_mp/g_main_mp.c	647	fixed-byte-access	listed-TU	Com_Printf(str_dbg_ff_after_load, *(void **)((byte *)&scrVmPub + 12));
src/PC/game_mp/g_main_mp.c	647	constant-pointer-arithmetic	listed-TU	Com_Printf(str_dbg_ff_after_load, *(void **)((byte *)&scrVmPub + 12));
src/PC/game_mp/g_main_mp.c	649	fixed-byte-access	listed-TU	Com_Printf(str_dbg_ff_after_startup, *(void **)((byte *)&scrVmPub + 12));
src/PC/game_mp/g_main_mp.c	649	constant-pointer-arithmetic	listed-TU	Com_Printf(str_dbg_ff_after_startup, *(void **)((byte *)&scrVmPub + 12));
src/PC/game_mp/g_main_mp.c	656	small-integer-cast	listed-TU	cl = (gclient_t *)((byte *)level.clients + (unsigned int)i * 0x28a4);
src/PC/game_mp/g_main_mp.c	755	small-integer-cast	listed-TU	"g_speed = Dvar_RegisterInt(""g_speed"", 190, (int)0x80000000, 0x7fffffff, 0x1000);"
src/PC/game_mp/g_main_mp.c	873	small-integer-cast	listed-TU	(gclient_s *)((byte *)level.clients + (unsigned int)i * 0x28a4);
src/PC/game_mp/g_main_mp.c	877	constant-pointer-arithmetic	listed-TU	* byte offsets (&level+16 / +20) which on x64 land on gentitySize and
src/PC/game_mp/g_main_mp.c	922	fixed-byte-access	listed-TU	Com_Printf(str_dbg_vmtop_fmt, *(void **)((byte *)&scrVmPub + 16));
src/PC/game_mp/g_main_mp.c	922	constant-pointer-arithmetic	listed-TU	Com_Printf(str_dbg_vmtop_fmt, *(void **)((byte *)&scrVmPub + 16));
src/PC/game_mp/g_main_mp.c	925	fixed-byte-access	listed-TU	Com_Printf(str_dbg_ff_trace, *(void **)((byte *)&scrVmPub + 12));
src/PC/game_mp/g_main_mp.c	925	constant-pointer-arithmetic	listed-TU	Com_Printf(str_dbg_ff_trace, *(void **)((byte *)&scrVmPub + 12));
src/PC/game_mp/g_main_mp.c	928	fixed-byte-access	listed-TU	Com_Printf(str_dbg_ff_agv, *(void **)((byte *)&scrVmPub + 12));
src/PC/game_mp/g_main_mp.c	928	constant-pointer-arithmetic	listed-TU	Com_Printf(str_dbg_ff_agv, *(void **)((byte *)&scrVmPub + 12));
src/PC/game_mp/g_main_mp.c	930	fixed-byte-access	listed-TU	Com_Printf(str_dbg_ff_gls, *(void **)((byte *)&scrVmPub + 12));
src/PC/game_mp/g_main_mp.c	930	constant-pointer-arithmetic	listed-TU	Com_Printf(str_dbg_ff_gls, *(void **)((byte *)&scrVmPub + 12));
src/PC/game_mp/g_main_mp.c	934	fixed-byte-access	listed-TU	Com_Printf(str_dbg_ff_before, *(void **)((byte *)&scrVmPub + 12));
src/PC/game_mp/g_main_mp.c	934	constant-pointer-arithmetic	listed-TU	Com_Printf(str_dbg_ff_before, *(void **)((byte *)&scrVmPub + 12));
src/PC/game_mp/g_main_mp.c	936	fixed-byte-access	listed-TU	Com_Printf(str_dbg_ff_after_load, *(void **)((byte *)&scrVmPub + 12));
src/PC/game_mp/g_main_mp.c	936	constant-pointer-arithmetic	listed-TU	Com_Printf(str_dbg_ff_after_load, *(void **)((byte *)&scrVmPub + 12));
src/PC/game_mp/g_main_mp.c	938	fixed-byte-access	listed-TU	Com_Printf(str_dbg_ff_after_startup, *(void **)((byte *)&scrVmPub + 12));
src/PC/game_mp/g_main_mp.c	938	constant-pointer-arithmetic	listed-TU	Com_Printf(str_dbg_ff_after_startup, *(void **)((byte *)&scrVmPub + 12));
src/PC/game_mp/g_main_mp.c	945	small-integer-cast	listed-TU	cl = (gclient_t *)((byte *)level.clients + (unsigned int)i * 0x28a4);
src/PC/game_mp/g_main_mp.c	982	constant-pointer-arithmetic	listed-TU	level.voteExecuteTime = level.time + 3000;
src/PC/game_mp/g_main_mp.c	988	small-integer-cast	listed-TU	} else if (level.voteYes > (int)((double)level.voteNo + ceilf((float)(level.numVotingClients - (level.voteYes + level.voteNo)) * g_voteAbstainWeight->current.value))) {
src/PC/game_mp/g_main_mp.c	990	constant-pointer-arithmetic	listed-TU	level.voteExecuteTime = level.time + 3000;
src/PC/game_mp/g_main_mp.c	1080	constant-pointer-arithmetic	listed-TU	/* Clear the free-entity list head/tail (x64: the original &level+16/+20
src/PC/game_mp/g_main_mp.c	1344	small-integer-cast	listed-TU	{ static int rep; if (!rep && i < level.num_entities && (unsigned int)g_entities[439].s.pos.trType > 20u) {
src/PC/game_mp/g_main_mp.c	1356	constant-pointer-arithmetic	listed-TU	level.currentEntityThink = i + 1;
src/PC/game_mp/g_main_mp.c	1364	small-integer-cast	listed-TU	if ((unsigned int)g_entities[_e].s.pos.trType > 8u)  g_entities[_e].s.pos.trType = (trType_t)(0);
src/PC/game_mp/g_main_mp.c	1365	small-integer-cast	listed-TU	if ((unsigned int)g_entities[_e].s.apos.trType > 8u) g_entities[_e].s.apos.trType = (trType_t)(0);
src/PC/game_mp/g_main_mp.c	1465	small-integer-cast	listed-TU	return (int)imp_bgs;
src/PC/game_mp/g_misc_mp.c	366	constant-pointer-arithmetic	listed-TU	self->nextthink = level.time + 50;
src/PC/game_mp/g_misc_mp.c	506	constant-pointer-arithmetic	listed-TU	self->nextthink = level.time + 50;
src/PC/game_mp/g_misc_mp.c	683	small-integer-cast	listed-TU	if (!level.initializing && !IsItemRegistered((unsigned int)self->s.weapon)) {
src/PC/game_mp/g_misc_mp.c	780	constant-pointer-arithmetic	listed-TU	self->nextthink = level.time + 50;
src/PC/game_mp/g_misc_mp.c	852	pointer-named-integer-field	listed-TU	int iPrevBlend;
src/PC/game_mp/g_misc_mp.c	932	small-integer-cast	listed-TU	iBlend = (int)fBlend;
src/PC/game_mp/g_misc_mp.c	939	constant-pointer-arithmetic	listed-TU	leafAnim2 = XAnimGetChildAt(pXAnims, heightAnim, iBlend + 1);
src/PC/game_mp/g_misc_mp.c	974	constant-pointer-arithmetic	listed-TU	leafAnim2 = XAnimGetChildAt(pXAnims, heightAnim, iPrevBlend + 1);
src/PC/game_mp/g_missile_mp.c	131	small-integer-cast	listed-TU	return (float)(int)f;
src/PC/game_mp/g_missile_mp.c	200	pointer-named-integer-field	listed-TU	int fxHandle = FX_RegisterEffect(weapDef->szProjExplosionEffect);
src/PC/game_mp/g_missile_mp.c	203	constant-pointer-arithmetic	listed-TU	(_ENT(ent)->s.time2) = LEVEL_TIME + (int)(fxLength + 1.0f);
src/PC/game_mp/g_missile_mp.c	203	small-integer-cast	listed-TU	(_ENT(ent)->s.time2) = LEVEL_TIME + (int)(fxLength + 1.0f);
src/PC/game_mp/g_missile_mp.c	268	constant-pointer-arithmetic	listed-TU	(_ENT(bolt)->s.time) = LEVEL_TIME + 50;
src/PC/game_mp/g_missile_mp.c	312	constant-pointer-arithmetic	listed-TU	(_ENT(bolt)->nextthink) = LEVEL_TIME + 30000;
src/PC/game_mp/g_missile_mp.c	332	constant-pointer-arithmetic	listed-TU	(_ENT(bolt)->s.time) = LEVEL_TIME + 50;
src/PC/game_mp/g_missile_mp.c	363	small-integer-cast	listed-TU	hitTime = LEVEL_PREVIOUSTIME + (int)((float)(LEVEL_TIME - LEVEL_PREVIOUSTIME) * trace->fraction);
src/PC/game_mp/g_missile_mp.c	395	constant-pointer-arithmetic	listed-TU	vAngles[0] = AngleNormalize360(fSurfacePitch + 180.0f);
src/PC/game_mp/g_missile_mp.c	435	small-integer-cast	listed-TU	int hitTime = LEVEL_PREVIOUSTIME + (int)((float)(LEVEL_TIME - LEVEL_PREVIOUSTIME) * trace->fraction);
src/PC/game_mp/g_missile_mp.c	702	small-integer-cast	listed-TU	int totalTime = (int)(_ENT(ent)->grenade.time) + (&_ENT(ent)->s.pos)->trTime;
src/PC/game_mp/g_mover_mp.c	232	small-integer-cast	listed-TU	hitEnt = G_ENTITY((int)tr.entityNum);
src/PC/game_mp/g_mover_mp.c	259	small-integer-cast	listed-TU	hitEnt = G_ENTITY((int)tr.entityNum);
src/PC/game_mp/g_mover_mp.c	295	small-integer-cast	listed-TU	hitEnt = G_ENTITY((int)tr.entityNum);
src/PC/game_mp/g_mover_mp.c	317	small-integer-cast	listed-TU	int deltaYaw = (int)(amove[1] * 182.04444885253906f);
src/PC/game_mp/g_mover_mp.c	339	small-integer-cast	listed-TU	int deltaYaw = (int)(amove[1] * 182.04444885253906f);
src/PC/game_mp/g_mover_mp.c	372	small-integer-cast	listed-TU	{ extern const char *SL_ConvertToString(unsigned int); extern void Com_Printf(const char *, ...);
src/PC/game_mp/g_mover_mp.c	375	small-integer-cast	listed-TU	SL_ConvertToString((unsigned int)_ENT(ent)->classname)); }
src/PC/game_mp/g_mover_mp.c	451	small-integer-cast	listed-TU	if (!((unsigned)(eType - 3) <= 1 || eType == 1 || (_ENT(check)->physicsObject) != 0)) {
src/PC/game_mp/g_mover_mp.c	480	small-integer-cast	listed-TU	int hitNum = (int)tr2.entityNum;
src/PC/game_mp/g_mover_mp.c	567	small-integer-cast	listed-TU	int deltaYaw = (int)(p->deltayaw * 182.04444885253906f);
src/PC/game_mp/g_scr_main_mp.c	197	small-integer-cast	listed-TU	#define FUNCTIONS_COUNT ((int)(sizeof(functions) / sizeof(functions[0])))
src/PC/game_mp/g_scr_main_mp.c	222	constant-pointer-arithmetic	listed-TU	SV_GetConfigstring(fxId + 0x34e, buffer, bufferSize);
src/PC/game_mp/g_scr_main_mp.c	247	small-integer-cast	listed-TU	if ((unsigned int)meansOfDeath <= 0xe)
src/PC/game_mp/g_scr_main_mp.c	350	constant-pointer-arithmetic	listed-TU	if (stringLen + tokenLen + 1 >= stringLimit) {
src/PC/game_mp/g_scr_main_mp.c	626	pointer-named-integer-field	listed-TU	unsigned int handle = *(unsigned int *)&g_scr_data;
src/PC/game_mp/g_scr_main_mp.c	782	fixed-byte-access	listed-TU	Scr_AddString(*(const char **)((byte *)BG_GetWeaponDef(weaponIndex) + 0x1b4));
src/PC/game_mp/g_scr_main_mp.c	871	small-integer-cast	listed-TU	"Scr_ParamError(3, va(""Illegal character '%c'(ascii %i) in objective icon name: %s\n"", (int)(signed char)ch, (int)(unsigned char)ch, shaderName));"
src/PC/game_mp/g_scr_main_mp.c	892	small-integer-cast	listed-TU	if ((unsigned int)objIndex > 0xf)
src/PC/game_mp/g_scr_main_mp.c	907	small-integer-cast	listed-TU	if ((unsigned int)objIndex > 0xf) {
src/PC/game_mp/g_scr_main_mp.c	941	small-integer-cast	listed-TU	if ((unsigned int)objNum > 0xf)
src/PC/game_mp/g_scr_main_mp.c	963	small-integer-cast	listed-TU	if ((unsigned int)objIndex > 0xf)
src/PC/game_mp/g_scr_main_mp.c	1031	small-integer-cast	listed-TU	if ((unsigned int)(iMODNum - 7) <= 1 || iMODNum == 0xc || iMODNum == 0xb || iMODNum == 9)
src/PC/game_mp/g_scr_main_mp.c	1062	constant-pointer-arithmetic	listed-TU	csIndex = iConfigNum + 0x4de;
src/PC/game_mp/g_scr_main_mp.c	1081	constant-pointer-arithmetic	listed-TU	SV_GetConfigstring(iConfigNum + 0x4de, szConfigString, sizeof(szConfigString));
src/PC/game_mp/g_scr_main_mp.c	1108	constant-pointer-arithmetic	listed-TU	csIndex = iConfigNum + 0x17;
src/PC/game_mp/g_scr_main_mp.c	1130	constant-pointer-arithmetic	listed-TU	SV_GetConfigstring(iConfigNum + 0x17, szConfigString, sizeof(szConfigString));
src/PC/game_mp/g_scr_main_mp.c	1132	constant-pointer-arithmetic	listed-TU	return iConfigNum + 1;
src/PC/game_mp/g_scr_main_mp.c	1157	constant-pointer-arithmetic	listed-TU	csIndex = iConfigNum + 0x1f;
src/PC/game_mp/g_scr_main_mp.c	1179	constant-pointer-arithmetic	listed-TU	SV_GetConfigstring(iConfigNum + 0x1f, szConfigString, sizeof(szConfigString));
src/PC/game_mp/g_scr_main_mp.c	1181	constant-pointer-arithmetic	listed-TU	return iConfigNum + 1;
src/PC/game_mp/g_scr_main_mp.c	1348	small-integer-cast	listed-TU	Scr_AddInt((int)Scr_GetFloat(0));
src/PC/game_mp/g_scr_main_mp.c	1556	small-integer-cast	listed-TU	fadeTime = (int)(Scr_GetFloat(1) * 1000.0f);
src/PC/game_mp/g_scr_main_mp.c	1591	small-integer-cast	listed-TU	RegisterItem((int)(item - bg_itemlist), 1);
src/PC/game_mp/g_scr_main_mp.c	1667	small-integer-cast	listed-TU	return (int)floorf(seconds * 1000.0f + 0.5f);
src/PC/game_mp/g_scr_main_mp.c	1743	small-integer-cast	listed-TU	if ((unsigned int)(fxId - 1) > 0x3e)
src/PC/game_mp/g_scr_main_mp.c	1850	small-integer-cast	listed-TU	if ((unsigned int)num > 0x3f)
src/PC/game_mp/g_scr_main_mp.c	1860	constant-pointer-arithmetic	listed-TU	GScr_UpdateWinnerConfig(ent->s.number + 1);
src/PC/game_mp/g_scr_main_mp.c	1987	small-integer-cast	listed-TU	if ((unsigned int)index >= (unsigned int)numBones)
src/PC/game_mp/g_scr_main_mp.c	2198	constant-pointer-arithmetic	listed-TU	buffer = (char *)Z_MallocInternal(fileSize + 1);
src/PC/game_mp/g_scr_main_mp.c	2294	small-integer-cast	listed-TU	for (arg = 1; Scr_GetNumParam() > (unsigned int)arg; arg++) {
src/PC/game_mp/g_scr_main_mp.c	2394	constant-pointer-arithmetic	listed-TU	arg + 1, parsedArg);
src/PC/game_mp/g_scr_main_mp.c	2582	constant-pointer-arithmetic	listed-TU	fileName = fileEnd + 1;
src/PC/game_mp/g_scr_main_mp.c	2599	small-integer-cast	listed-TU	if ((unsigned int)(fileLength - 1) <= 0x3fe) {
src/PC/game_mp/g_scr_main_mp.c	2625	constant-pointer-arithmetic	listed-TU	fileName = fileEnd + 1;
src/PC/game_mp/g_scr_main_mp.c	2646	pointer-named-integer-field	listed-TU	unsigned int handle = g_scr_data.gametype.main;
src/PC/game_mp/g_scr_main_mp.c	2653	pointer-named-integer-field	listed-TU	unsigned int handle = g_scr_data.gametype.startupgametype;
src/PC/game_mp/g_scr_main_mp.c	2845	small-integer-cast	listed-TU	pEnt->s.surfType = (unsigned int)(trace.surfaceFlags & 0x1f00000) >> 20;
src/PC/game_mp/g_scr_main_mp.c	2854	small-integer-cast	listed-TU	if ((unsigned int)objIndex > 0xf)
src/PC/game_mp/g_scr_main_mp.c	2861	small-integer-cast	listed-TU	obj->origin[0] = (float)(int)obj->origin[0];
src/PC/game_mp/g_scr_main_mp.c	2862	small-integer-cast	listed-TU	obj->origin[1] = (float)(int)obj->origin[1];
src/PC/game_mp/g_scr_main_mp.c	2863	small-integer-cast	listed-TU	obj->origin[2] = (float)(int)obj->origin[2];
src/PC/game_mp/g_scr_main_mp.c	2919	small-integer-cast	listed-TU	if ((unsigned int)objIndex > 0xf)
src/PC/game_mp/g_scr_main_mp.c	3013	small-integer-cast	listed-TU	if ((unsigned int)objIndex > 0xf)
src/PC/game_mp/g_scr_main_mp.c	3028	small-integer-cast	listed-TU	obj->origin[0] = (float)(int)obj->origin[0];
src/PC/game_mp/g_scr_main_mp.c	3029	small-integer-cast	listed-TU	obj->origin[1] = (float)(int)obj->origin[1];
src/PC/game_mp/g_scr_main_mp.c	3030	small-integer-cast	listed-TU	obj->origin[2] = (float)(int)obj->origin[2];
src/PC/game_mp/g_scr_main_mp.c	3048	small-integer-cast	listed-TU	if ((unsigned int)objIndex > 0xf)
src/PC/game_mp/g_scr_main_mp.c	3183	small-integer-cast	listed-TU	repeat = (int)floorf(Scr_GetFloat(1) * 1000.0f + 0.5f);
src/PC/game_mp/g_scr_main_mp.c	3642	small-integer-cast	listed-TU	if ((unsigned int)i > 6 || !ent->attachModelNames[i])
src/PC/game_mp/g_scr_main_mp.c	3653	small-integer-cast	listed-TU	if ((unsigned int)i > 6 || !ent->attachModelNames[i])
src/PC/game_mp/g_scr_main_mp.c	3664	small-integer-cast	listed-TU	if ((unsigned int)i > 6 || !ent->attachModelNames[i])
src/PC/game_mp/g_scr_main_mp.c	3862	constant-pointer-arithmetic	listed-TU	ent->r.broadcastTime = level.time + 300;
src/PC/game_mp/g_scr_main_mp.c	3917	small-integer-cast	listed-TU	newHealth = (int)floorf((float)ent->client->sess.maxHealth * normalHealth + 0.5f);
src/PC/game_mp/g_scr_main_mp.c	3920	small-integer-cast	listed-TU	newHealth = (int)((float)ent->maxHealth * normalHealth);
src/PC/game_mp/g_scr_main_mp.c	3922	small-integer-cast	listed-TU	newHealth = (int)normalHealth;
src/PC/game_mp/g_scr_main_mp.c	3964	constant-pointer-arithmetic	listed-TU	if (i + 1 == 0x85)
src/PC/game_mp/g_scr_main_mp.c	4056	constant-pointer-arithmetic	listed-TU	client->damage_blood = (Scr_GetInt(0) * ent->maxHealth + 50) / 100;
src/PC/game_mp/g_scr_main_mp.c	4093	constant-pointer-arithmetic	listed-TU	SV_GetConfigstring(id + 0x48e, configString, sizeof(configString));
src/PC/game_mp/g_scr_main_mp.c	4103	small-integer-cast	listed-TU	duration = (int)floorf(Scr_GetFloat(1) * 1000.0f + 0.5f);
src/PC/game_mp/g_scr_main_mp.c	4104	small-integer-cast	listed-TU	if ((unsigned int)duration > 60000u)
src/PC/game_mp/g_scr_main_mp.c	4227	small-integer-cast	listed-TU	(int)pEnt->r.currentOrigin[0],
src/PC/game_mp/g_scr_main_mp.c	4228	small-integer-cast	listed-TU	(int)pEnt->r.currentOrigin[1],
src/PC/game_mp/g_scr_main_mp.c	4229	small-integer-cast	listed-TU	(int)pEnt->r.currentOrigin[2]);
src/PC/game_mp/g_scr_main_mp.c	4327	small-integer-cast	listed-TU	if ((unsigned int)(numParams - 2) > 2)
src/PC/game_mp/g_scr_mover_mp.c	26	pointer-named-integer-field	listed-TU	extern int __mh_execute_header;
src/PC/game_mp/g_scr_mover_mp.c	279	small-integer-cast	listed-TU	r = (int)(vColor[0] * 255.0f);
src/PC/game_mp/g_scr_mover_mp.c	283	small-integer-cast	listed-TU	g = (int)(vColor[1] * 255.0f);
src/PC/game_mp/g_scr_mover_mp.c	287	small-integer-cast	listed-TU	b = (int)(vColor[2] * 255.0f);
src/PC/game_mp/g_scr_mover_mp.c	291	small-integer-cast	listed-TU	a = (int)(fLight * 0.25f);
src/PC/game_mp/g_scr_mover_mp.c	358	small-integer-cast	listed-TU	pTr->trDuration = (int)(fTime * 1000.0f);
src/PC/game_mp/g_scr_mover_mp.c	382	small-integer-cast	listed-TU	pTr->trDuration = (int)(fTotalTime * 1000.0f);
src/PC/game_mp/g_scr_mover_mp.c	408	small-integer-cast	listed-TU	pTr->trDuration = (int)(*pfMidTime * 1000.0f);
src/PC/game_mp/g_scr_mover_mp.c	414	small-integer-cast	listed-TU	pTr->trDuration = (int)(*pfDecelTime * 1000.0f);
src/PC/game_mp/g_scr_mover_mp.c	422	small-integer-cast	listed-TU	pTr->trDuration = (int)(fAccelTime * 1000.0f);
src/PC/game_mp/g_scr_mover_mp.c	439	small-integer-cast	listed-TU	tr.trDuration = (int)(*pfDecelTime * 1000.0f);
src/PC/game_mp/g_scr_mover_mp.c	478	small-integer-cast	listed-TU	trDuration = (int)(fMidTime * 1000.0f);
src/PC/game_mp/g_scr_mover_mp.c	500	small-integer-cast	listed-TU	pTr->trDuration = (int)(fDecelTime * 1000.0f);
src/PC/game_mp/g_scr_mover_mp.c	587	small-integer-cast	listed-TU	pTr->trDuration = (int)(fTotalTime * 1000.0f);
src/PC/game_mp/g_scr_mover_mp.c	616	small-integer-cast	listed-TU	pTr->trDuration = (int)(*pfMidTime * 1000.0f);
src/PC/game_mp/g_scr_mover_mp.c	626	small-integer-cast	listed-TU	pTr->trDuration = (int)(*pfDecelTime * 1000.0f);
src/PC/game_mp/g_scr_mover_mp.c	634	small-integer-cast	listed-TU	pTr->trDuration = (int)(fAccelTime * 1000.0f);
src/PC/game_mp/g_spawn_mp.c	99	small-integer-cast	listed-TU	"{ ""classname"", (int)offsetof(struct gentity_s, classname), F_STRING, NULL },"
src/PC/game_mp/g_spawn_mp.c	100	small-integer-cast	listed-TU	"{ ""origin"", (int)offsetof(struct gentity_s, r.currentOrigin), F_VECTOR, NULL },"
src/PC/game_mp/g_spawn_mp.c	101	small-integer-cast	listed-TU	"{ ""model"", (int)offsetof(struct gentity_s, model), F_MODEL, NULL },"
src/PC/game_mp/g_spawn_mp.c	102	small-integer-cast	listed-TU	"{ ""spawnflags"", (int)offsetof(struct gentity_s, spawnflags), F_INT, NULL },"
src/PC/game_mp/g_spawn_mp.c	103	small-integer-cast	listed-TU	"{ ""target"", (int)offsetof(struct gentity_s, target), F_STRING, NULL },"
src/PC/game_mp/g_spawn_mp.c	104	small-integer-cast	listed-TU	"{ ""targetname"", (int)offsetof(struct gentity_s, targetname), F_STRING, NULL },"
src/PC/game_mp/g_spawn_mp.c	105	small-integer-cast	listed-TU	"{ ""count"", (int)offsetof(struct gentity_s, count), F_INT, NULL },"
src/PC/game_mp/g_spawn_mp.c	106	small-integer-cast	listed-TU	"{ ""health"", (int)offsetof(struct gentity_s, health), F_INT, NULL },"
src/PC/game_mp/g_spawn_mp.c	107	small-integer-cast	listed-TU	"{ ""dmg"", (int)offsetof(struct gentity_s, damage), F_INT, NULL },"
src/PC/game_mp/g_spawn_mp.c	108	small-integer-cast	listed-TU	"{ ""angles"", (int)offsetof(struct gentity_s, r.currentAngles), F_VECTOR, NULL },"
src/PC/game_mp/g_spawn_mp.c	179	small-integer-cast	listed-TU	return (int)(hud - (const game_hudelem_t *)imp_g_hudelems);
src/PC/game_mp/g_spawn_mp.c	361	constant-pointer-arithmetic	listed-TU	weaponIndex = G_GetWeaponIndexForName(classname + 7);
src/PC/game_mp/g_spawn_mp.c	497	constant-pointer-arithmetic	listed-TU	ent->model = (byte)(unsigned short)atoi(value + 1);
src/PC/game_mp/g_svcmds_mp.c	74	small-integer-cast	listed-TU	(unsigned int)m[0] |
src/PC/game_mp/g_svcmds_mp.c	75	small-integer-cast	listed-TU	((unsigned int)m[1] << 8) |
src/PC/game_mp/g_svcmds_mp.c	76	small-integer-cast	listed-TU	((unsigned int)m[2] << 16) |
src/PC/game_mp/g_svcmds_mp.c	77	small-integer-cast	listed-TU	((unsigned int)m[3] << 24);
src/PC/game_mp/g_svcmds_mp.c	79	small-integer-cast	listed-TU	(unsigned int)b[0] |
src/PC/game_mp/g_svcmds_mp.c	80	small-integer-cast	listed-TU	((unsigned int)b[1] << 8) |
src/PC/game_mp/g_svcmds_mp.c	81	small-integer-cast	listed-TU	((unsigned int)b[2] << 16) |
src/PC/game_mp/g_svcmds_mp.c	82	small-integer-cast	listed-TU	((unsigned int)b[3] << 24);
src/PC/game_mp/g_svcmds_mp.c	132	constant-pointer-arithmetic	listed-TU	numIPFilters = numIPFilters + 1;
src/PC/game_mp/g_trigger_mp.c	79	constant-pointer-arithmetic	listed-TU	level->pendingTriggerListSize = triggerCount + 1;
src/PC/game_mp/g_trigger_mp.c	128	constant-pointer-arithmetic	listed-TU	self->handler = (byte)(sf + 3);
src/PC/game_mp/g_trigger_mp.c	343	constant-pointer-arithmetic	listed-TU	self->trigger.timestamp = LEVEL->time + 1000;
src/PC/game_mp/g_trigger_mp.c	345	constant-pointer-arithmetic	listed-TU	self->trigger.timestamp = LEVEL->time + 50;
src/PC/game_mp/g_trigger_mp.c	377	small-integer-cast	listed-TU	if ((unsigned)(iMOD - 3) <= 3)
src/PC/game_mp/g_trigger_mp.c	519	constant-pointer-arithmetic	listed-TU	Activate_trigger_damage(pEnt, pOther, pEnt->trigger.accumulate + 1, -1);
src/PC/game_mp/g_utils_mp.c	80	x86-only-width-guard	listed-TU	#if defined(COD2_X64) || defined(__x86_64__) || defined(_M_X64)
src/PC/game_mp/g_utils_mp.c	81	small-integer-cast	listed-TU	return ent ? (int)(ent - g_entities) + 1 : 0;
src/PC/game_mp/g_utils_mp.c	83	small-integer-cast	listed-TU	return (int)(uintptr_t)ent;
src/PC/game_mp/g_utils_mp.c	89	x86-only-width-guard	listed-TU	#if defined(COD2_X64) || defined(__x86_64__) || defined(_M_X64)
src/PC/game_mp/g_utils_mp.c	100	x86-only-width-guard	listed-TU	#if defined(COD2_X64) || defined(__x86_64__) || defined(_M_X64)
src/PC/game_mp/g_utils_mp.c	101	small-integer-cast	listed-TU	return tagInfo ? (int)SCR_ARENA_ENC(tagInfo) + 1 : 0;
src/PC/game_mp/g_utils_mp.c	103	small-integer-cast	listed-TU	return (int)(uintptr_t)tagInfo;
src/PC/game_mp/g_utils_mp.c	109	x86-only-width-guard	listed-TU	#if defined(COD2_X64) || defined(__x86_64__) || defined(_M_X64)
src/PC/game_mp/g_utils_mp.c	113	small-integer-cast	listed-TU	off = (unsigned int)(handle - 1);
src/PC/game_mp/g_utils_mp.c	267	constant-pointer-arithmetic	listed-TU	return SV_GetConfigstringConst(index + 0x14e);
src/PC/game_mp/g_utils_mp.c	380	small-integer-cast	listed-TU	(_ENT(e)->s.number) = (int)(e - g_entities);
src/PC/game_mp/g_utils_mp.c	448	constant-pointer-arithmetic	listed-TU	(((gclient_t *)(client))->ps.eventSequence) = seq + 1;
src/PC/game_mp/g_utils_mp.c	453	constant-pointer-arithmetic	listed-TU	(_ENT(ent)->s.eventSequence) = seq + 1;
src/PC/game_mp/g_utils_mp.c	522	small-integer-cast	listed-TU	(((gclient_t *)(client))->ps.eventParms[seq & 3]) = (int)soundIndex;
src/PC/game_mp/g_utils_mp.c	523	constant-pointer-arithmetic	listed-TU	(((gclient_t *)(client))->ps.eventSequence) = seq + 1;
src/PC/game_mp/g_utils_mp.c	527	small-integer-cast	listed-TU	(_ENT(ent)->s.eventParms[seq & 3]) = (int)soundIndex;
src/PC/game_mp/g_utils_mp.c	528	constant-pointer-arithmetic	listed-TU	(_ENT(ent)->s.eventSequence) = seq + 1;
src/PC/game_mp/g_utils_mp.c	540	constant-pointer-arithmetic	listed-TU	Hunk_OverrideDataForFile(4, modelName + 7, cached_models[modelindex]);
src/PC/game_mp/g_utils_mp.c	557	small-integer-cast	listed-TU	(((gclient_t *)(cl))->ps.eventParms[seq & 3]) = (int)soundIndex;
src/PC/game_mp/g_utils_mp.c	558	constant-pointer-arithmetic	listed-TU	(((gclient_t *)(cl))->ps.eventSequence) = seq + 1;
src/PC/game_mp/g_utils_mp.c	562	small-integer-cast	listed-TU	(_ENT(ent)->s.eventParms[seq & 3]) = (int)soundIndex;
src/PC/game_mp/g_utils_mp.c	563	constant-pointer-arithmetic	listed-TU	(_ENT(ent)->s.eventSequence) = seq + 1;
src/PC/game_mp/g_utils_mp.c	588	constant-pointer-arithmetic	listed-TU	VectorCopy((_ENT(parent)->r.currentOrigin), ((vec_t *)parentAxis + 9));
src/PC/game_mp/g_utils_mp.c	628	constant-pointer-arithmetic	listed-TU	MatrixTransformVector43((vec_t *)&mat->trans, (vec_t *)tempAxis, ((vec_t *)parentAxis + 9));
src/PC/game_mp/g_utils_mp.c	649	constant-pointer-arithmetic	listed-TU	VectorCopy(((vec_t *)axis + 9), (_ENT(ent)->r.currentOrigin));
src/PC/game_mp/g_utils_mp.c	654	constant-pointer-arithmetic	listed-TU	VectorCopy(((vec_t *)axis + 9), (_ENT(ent)->r.currentOrigin));
src/PC/game_mp/g_utils_mp.c	957	constant-pointer-arithmetic	listed-TU	(_ENT(ed)->useCount) = useCount + 1;
src/PC/game_mp/g_utils_mp.c	1128	constant-pointer-arithmetic	listed-TU	(_ENT(ent)->attachModelNames[j]) = (_ENT(ent)->attachModelNames[j + 1]);
src/PC/game_mp/g_utils_mp.c	1129	constant-pointer-arithmetic	listed-TU	(_ENT(ent)->attachTagNames[j]) = (_ENT(ent)->attachTagNames[j + 1]);
src/PC/game_mp/g_utils_mp.c	1130	constant-pointer-arithmetic	listed-TU	if (((_ENT(ent)->attachIgnoreCollision) >> (j + 1)) & 1) {
src/PC/game_mp/g_utils_mp.c	1148	small-integer-cast	listed-TU	rotmask = (int)(((unsigned int)rotmask << i) | ((unsigned int)rotmask >> (32 - i)));
src/PC/game_mp/g_utils_mp.c	1209	constant-pointer-arithmetic	listed-TU	LEVEL_NUMENTS = num + 1;
src/PC/game_mp/g_utils_mp.c	1210	constant-pointer-arithmetic	listed-TU	SV_LocateGameData(LEVEL_GENTITIES, num + 1, ENTITY_STRIDE, (playerState_t *)(LEVEL_CLIENTS), 0x28A4);
src/PC/game_mp/g_utils_mp.c	1224	constant-pointer-arithmetic	listed-TU	(_ENT(e)->s.eType) = event + 10;
src/PC/game_mp/g_utils_mp.c	1232	small-integer-cast	listed-TU	snapped[0] = (float)(int)origin[0];
src/PC/game_mp/g_utils_mp.c	1233	small-integer-cast	listed-TU	snapped[1] = (float)(int)origin[1];
src/PC/game_mp/g_utils_mp.c	1234	small-integer-cast	listed-TU	snapped[2] = (float)(int)origin[2];
src/PC/game_mp/g_utils_mp.c	1257	constant-pointer-arithmetic	listed-TU	idx = (idx + 1) & 0x80000007;
src/PC/game_mp/g_utils_mp.c	1324	constant-pointer-arithmetic	listed-TU	MatrixTransformVector43((vec_t *)&mat->trans, (vec_t *)ent_axis, ((vec_t *)tagMat + 9));
src/PC/game_mp/g_weapon_mp.c	426	constant-pointer-arithmetic	listed-TU	recursion + 1, wp, weaponEnt, gametime);
src/PC/game_mp/g_weapon_mp.c	451	small-integer-cast	listed-TU	damage = (int)scaledDamage;
src/PC/game_mp/g_weapon_mp.c	458	small-integer-cast	listed-TU	(int)((float)damage * damageMultiplier), dflags, iMOD,
src/PC/game_mp/g_weapon_mp.c	464	constant-pointer-arithmetic	listed-TU	damageMultiplier * 0.5f, recursion + 1,
src/PC/game_mp/g_weapon_mp.c	723	small-integer-cast	listed-TU	} else if ((unsigned int)(weapDef->weapSlot - WEAPSLOT_PRIMARY) <=
src/PC/game_mp/player_use_mp.c	65	small-integer-cast	listed-TU	if ((unsigned)(pm_type - 0x11) <= 5)
src/PC/game_mp/player_use_mp.c	202	small-integer-cast	listed-TU	return (int)(a->score - b->score);
src/PC/game_mp/player_use_mp.c	386	small-integer-cast	listed-TU	if ((unsigned)(client->ps.weaponstate - 0x11) <= 5)
src/PC/game_mp/player_use_mp.c	401	constant-pointer-arithmetic	listed-TU	ps->cursorHint = weaponIndex + 4;
src/PC/game_mp/player_use_mp.c	436	constant-pointer-arithmetic	listed-TU	hintType = weaponIndex + 4;
src/PC/game_mp/player_use_mp.c	446	constant-pointer-arithmetic	listed-TU	hintType = weaponIndex + 4;
src/PC/gfx_d3d/r_bsp.c	60	fixed-byte-access	listed-TU	if (*(void **)((*(byte **)&rgp.world) + 0x30) != NULL) {
src/PC/gfx_d3d/r_bsp.c	61	fixed-byte-access	listed-TU	R_FreeStaticVertexBuffer(*(IDirect3DVertexBuffer9 **)((*(byte **)&rgp.world) + 0x30));
src/PC/gfx_d3d/r_bsp.c	62	fixed-byte-access	listed-TU	*(void **)((*(byte **)&rgp.world) + 0x30) = NULL;
src/PC/gfx_d3d/r_bsp.c	133	fixed-byte-access	listed-TU	*(int *)(dst + 0x00) = *(int *)(src + 0x00);
src/PC/gfx_d3d/r_bsp.c	133	constant-pointer-arithmetic	listed-TU	*(int *)(dst + 0x00) = *(int *)(src + 0x00);
src/PC/gfx_d3d/r_bsp.c	134	fixed-byte-access	listed-TU	*(int *)(dst + 0x04) = *(int *)(src + 0x04);
src/PC/gfx_d3d/r_bsp.c	134	constant-pointer-arithmetic	listed-TU	*(int *)(dst + 0x04) = *(int *)(src + 0x04);
src/PC/gfx_d3d/r_bsp.c	135	fixed-byte-access	listed-TU	*(int *)(dst + 0x08) = *(int *)(src + 0x08);
src/PC/gfx_d3d/r_bsp.c	135	constant-pointer-arithmetic	listed-TU	*(int *)(dst + 0x08) = *(int *)(src + 0x08);
src/PC/gfx_d3d/r_bsp.c	137	fixed-byte-access	listed-TU	*(int *)(dst + 0x0c) = *(int *)(src + 0x18);
src/PC/gfx_d3d/r_bsp.c	137	constant-pointer-arithmetic	listed-TU	*(int *)(dst + 0x0c) = *(int *)(src + 0x18);
src/PC/gfx_d3d/r_bsp.c	138	fixed-byte-access	listed-TU	*(int *)(dst + 0x10) = *(int *)(src + 0x1c);
src/PC/gfx_d3d/r_bsp.c	138	constant-pointer-arithmetic	listed-TU	*(int *)(dst + 0x10) = *(int *)(src + 0x1c);
src/PC/gfx_d3d/r_bsp.c	139	fixed-byte-access	listed-TU	*(int *)(dst + 0x14) = *(int *)(src + 0x20);
src/PC/gfx_d3d/r_bsp.c	139	constant-pointer-arithmetic	listed-TU	*(int *)(dst + 0x14) = *(int *)(src + 0x20);
src/PC/gfx_d3d/r_bsp.c	140	fixed-byte-access	listed-TU	*(int *)(dst + 0x18) = *(int *)(src + 0x24);
src/PC/gfx_d3d/r_bsp.c	140	constant-pointer-arithmetic	listed-TU	*(int *)(dst + 0x18) = *(int *)(src + 0x24);
src/PC/gfx_d3d/r_bsp.c	141	fixed-byte-access	listed-TU	*(int *)(dst + 0x1c) = *(int *)(src + 0x28);
src/PC/gfx_d3d/r_bsp.c	141	constant-pointer-arithmetic	listed-TU	*(int *)(dst + 0x1c) = *(int *)(src + 0x28);
src/PC/gfx_d3d/r_bsp.c	169	fixed-byte-access	listed-TU	*(void **)((*(byte **)&rgp.world) + 0x30) = NULL;
src/PC/gfx_d3d/r_bsp.c	184	fixed-byte-access	listed-TU	*(float *)(sunParse + 0x40) = dvar->current.value;
src/PC/gfx_d3d/r_bsp.c	184	constant-pointer-arithmetic	listed-TU	*(float *)(sunParse + 0x40) = dvar->current.value;
src/PC/gfx_d3d/r_bsp.c	187	fixed-byte-access	listed-TU	*(float *)(sunParse + 0x50) = dvar->current.value;
src/PC/gfx_d3d/r_bsp.c	187	constant-pointer-arithmetic	listed-TU	*(float *)(sunParse + 0x50) = dvar->current.value;
src/PC/gfx_d3d/r_bsp.c	190	fixed-byte-access	listed-TU	*(float *)(sunParse + 0x54) = dvar->current.value;
src/PC/gfx_d3d/r_bsp.c	190	constant-pointer-arithmetic	listed-TU	*(float *)(sunParse + 0x54) = dvar->current.value;
src/PC/gfx_d3d/r_bsp.c	194	fixed-byte-access	listed-TU	*(float *)(sunParse + 0x44 + channelIter * 4) = (float)dvar->current.color[channelIter];
src/PC/gfx_d3d/r_bsp.c	194	constant-pointer-arithmetic	listed-TU	*(float *)(sunParse + 0x44 + channelIter * 4) = (float)dvar->current.color[channelIter];
src/PC/gfx_d3d/r_bsp.c	196	constant-pointer-arithmetic	listed-TU	ColorNormalize((float *)(sunParse + 0x44), (float *)(sunParse + 0x44));
src/PC/gfx_d3d/r_bsp.c	200	fixed-byte-access	listed-TU	*(float *)(sunParse + 0x58 + channelIter * 4) = (float)dvar->current.color[channelIter];
src/PC/gfx_d3d/r_bsp.c	200	constant-pointer-arithmetic	listed-TU	*(float *)(sunParse + 0x58 + channelIter * 4) = (float)dvar->current.color[channelIter];
src/PC/gfx_d3d/r_bsp.c	202	constant-pointer-arithmetic	listed-TU	ColorNormalize((float *)(sunParse + 0x58), (float *)(sunParse + 0x58));
src/PC/gfx_d3d/r_bsp.c	206	fixed-byte-access	listed-TU	*(float *)(sunParse + 0x64 + channelIter * 4) = (float)dvar->current.color[channelIter];
src/PC/gfx_d3d/r_bsp.c	206	constant-pointer-arithmetic	listed-TU	*(float *)(sunParse + 0x64 + channelIter * 4) = (float)dvar->current.color[channelIter];
src/PC/gfx_d3d/r_bsp.c	208	constant-pointer-arithmetic	listed-TU	ColorNormalize((float *)(sunParse + 0x64), (float *)(sunParse + 0x64));
src/PC/gfx_d3d/r_bsp.c	215	fixed-byte-access	listed-TU	*(int *)(sunParse + 0x74) = *(int *)(src + 0);
src/PC/gfx_d3d/r_bsp.c	215	constant-pointer-arithmetic	listed-TU	*(int *)(sunParse + 0x74) = *(int *)(src + 0);
src/PC/gfx_d3d/r_bsp.c	216	fixed-byte-access	listed-TU	*(int *)(sunParse + 0x78) = *(int *)(src + 1);
src/PC/gfx_d3d/r_bsp.c	216	constant-pointer-arithmetic	listed-TU	*(int *)(sunParse + 0x78) = *(int *)(src + 1);
src/PC/gfx_d3d/r_bsp.c	217	fixed-byte-access	listed-TU	*(int *)(sunParse + 0x7c) = *(int *)(src + 2);
src/PC/gfx_d3d/r_bsp.c	217	constant-pointer-arithmetic	listed-TU	*(int *)(sunParse + 0x7c) = *(int *)(src + 2);
src/PC/gfx_d3d/r_bsp.c	222	constant-pointer-arithmetic	listed-TU	R_InterpretSunLightParseParamsIntoLights((SunLightParseParams *)sunParse, (GfxLight *)(world + 0xb4));
src/PC/gfx_d3d/r_bsp.c	298	small-integer-cast	listed-TU	(GfxStaticModelDynamic *)Hunk_AllocInternal(((GfxWorld *)world)->smodelCount * (int)sizeof(GfxStaticModelDynamic));
src/PC/gfx_d3d/r_bsp.c	301	small-integer-cast	listed-TU	(GfxSurfaceDynamic *)Hunk_AllocInternal(((GfxWorld *)world)->surfaceCount * (int)sizeof(GfxSurfaceDynamic));
src/PC/gfx_d3d/r_bsp.c	304	small-integer-cast	listed-TU	(GfxCullGroupDynamic *)Hunk_AllocInternal(((GfxWorld *)world)->cullGroupCount * (int)sizeof(GfxCullGroupDynamic));
src/PC/gfx_d3d/r_bsp_load_obj.c	92	fixed-byte-access	listed-TU	int lumpFileOfs = *(int *)(header + lumpOfs + 4);
src/PC/gfx_d3d/r_bsp_load_obj.c	92	constant-pointer-arithmetic	listed-TU	int lumpFileOfs = *(int *)(header + lumpOfs + 4);
src/PC/gfx_d3d/r_bsp_load_obj.c	318	small-integer-cast	listed-TU	if ((unsigned int)sunLight < 0x1000 ||
src/PC/gfx_d3d/r_bsp_load_obj.c	319	small-integer-cast	listed-TU	((unsigned int)sunLight >= 0x08200000 && (unsigned int)sunLight < 0x08800000)) {
src/PC/gfx_d3d/r_bsp_load_obj.c	420	small-integer-cast	listed-TU	R_SetParentAndCell_r_impl(node->u.node.children[0], (int)(intptr_t)node);
src/PC/gfx_d3d/r_bsp_load_obj.c	421	small-integer-cast	listed-TU	R_SetParentAndCell_r_impl(node->u.node.children[1], (int)(intptr_t)node);
src/PC/gfx_d3d/r_bsp_load_obj.c	528	small-integer-cast	listed-TU	(GfxStaticModelInstance *)Hunk_AllocInternal(smodelCount * (int)sizeof(GfxStaticModelInstance));
src/PC/gfx_d3d/r_bsp_load_obj.c	700	small-integer-cast	listed-TU	int iv = (int)valueInt[i - 1];
src/PC/gfx_d3d/r_bsp_load_obj.c	703	small-integer-cast	listed-TU	fv = (float)(int)(((unsigned int)iv >> 1) | (iv & 1)) * 2.0f;
src/PC/gfx_d3d/r_bsp_load_obj.c	813	fixed-byte-access	listed-TU	int childIdx = *(int *)(src + 4 + j * 4);
src/PC/gfx_d3d/r_bsp_load_obj.c	813	constant-pointer-arithmetic	listed-TU	int childIdx = *(int *)(src + 4 + j * 4);
src/PC/gfx_d3d/r_bsp_load_obj.c	833	small-integer-cast	listed-TU	R_SetParentAndCell_r(root->u.node.children[0], (int)(intptr_t)root);
src/PC/gfx_d3d/r_bsp_load_obj.c	834	small-integer-cast	listed-TU	R_SetParentAndCell_r(root->u.node.children[1], (int)(intptr_t)root);
src/PC/gfx_d3d/r_bsp_load_obj.c	1004	constant-pointer-arithmetic	listed-TU	i = R_FinishLoadingAabbTrees_r(&rgl.aabbTrees[i], i + 1);
src/PC/gfx_d3d/r_bsp_load_obj.c	1021	fixed-byte-access	listed-TU	int occLumpSize = *(int *)(bspHeader + 0x98);
src/PC/gfx_d3d/r_bsp_load_obj.c	1021	constant-pointer-arithmetic	listed-TU	int occLumpSize = *(int *)(bspHeader + 0x98);
src/PC/gfx_d3d/r_bsp_load_obj.c	1022	fixed-byte-access	listed-TU	if (*(int *)(bspHeader + 0x9C) + occLumpSize > fileSize)
src/PC/gfx_d3d/r_bsp_load_obj.c	1022	constant-pointer-arithmetic	listed-TU	if (*(int *)(bspHeader + 0x9C) + occLumpSize > fileSize)
src/PC/gfx_d3d/r_bsp_load_obj.c	1024	fixed-byte-access	listed-TU	if (*(int *)(bspHeader + 0x9C) <= 3)
src/PC/gfx_d3d/r_bsp_load_obj.c	1024	constant-pointer-arithmetic	listed-TU	if (*(int *)(bspHeader + 0x9C) <= 3)
src/PC/gfx_d3d/r_bsp_load_obj.c	1029	fixed-byte-access	listed-TU	const byte *diskOcc = bspData + *(int *)(bspHeader + 0x9C);
src/PC/gfx_d3d/r_bsp_load_obj.c	1029	constant-pointer-arithmetic	listed-TU	const byte *diskOcc = bspData + *(int *)(bspHeader + 0x9C);
src/PC/gfx_d3d/r_bsp_load_obj.c	1032	fixed-byte-access	listed-TU	int planeLumpSize = *(int *)(bspHeader + 0xA0);
src/PC/gfx_d3d/r_bsp_load_obj.c	1032	constant-pointer-arithmetic	listed-TU	int planeLumpSize = *(int *)(bspHeader + 0xA0);
src/PC/gfx_d3d/r_bsp_load_obj.c	1033	fixed-byte-access	listed-TU	if (*(int *)(bspHeader + 0xA4) + planeLumpSize > fileSize)
src/PC/gfx_d3d/r_bsp_load_obj.c	1033	constant-pointer-arithmetic	listed-TU	if (*(int *)(bspHeader + 0xA4) + planeLumpSize > fileSize)
src/PC/gfx_d3d/r_bsp_load_obj.c	1035	fixed-byte-access	listed-TU	if (*(int *)(bspHeader + 0xA4) <= 3)
src/PC/gfx_d3d/r_bsp_load_obj.c	1035	constant-pointer-arithmetic	listed-TU	if (*(int *)(bspHeader + 0xA4) <= 3)
src/PC/gfx_d3d/r_bsp_load_obj.c	1040	fixed-byte-access	listed-TU	const byte *planeIndices = bspData + *(int *)(bspHeader + 0xA4);
src/PC/gfx_d3d/r_bsp_load_obj.c	1040	constant-pointer-arithmetic	listed-TU	const byte *planeIndices = bspData + *(int *)(bspHeader + 0xA4);
src/PC/gfx_d3d/r_bsp_load_obj.c	1043	fixed-byte-access	listed-TU	int edgeLumpSize = *(int *)(bspHeader + 0xA8);
src/PC/gfx_d3d/r_bsp_load_obj.c	1043	constant-pointer-arithmetic	listed-TU	int edgeLumpSize = *(int *)(bspHeader + 0xA8);
src/PC/gfx_d3d/r_bsp_load_obj.c	1044	fixed-byte-access	listed-TU	if (*(int *)(bspHeader + 0xAC) + edgeLumpSize > fileSize)
src/PC/gfx_d3d/r_bsp_load_obj.c	1044	constant-pointer-arithmetic	listed-TU	if (*(int *)(bspHeader + 0xAC) + edgeLumpSize > fileSize)
src/PC/gfx_d3d/r_bsp_load_obj.c	1046	fixed-byte-access	listed-TU	if (*(int *)(bspHeader + 0xAC) <= 3)
src/PC/gfx_d3d/r_bsp_load_obj.c	1046	constant-pointer-arithmetic	listed-TU	if (*(int *)(bspHeader + 0xAC) <= 3)
src/PC/gfx_d3d/r_bsp_load_obj.c	1051	fixed-byte-access	listed-TU	const byte *diskEdges = bspData + *(int *)(bspHeader + 0xAC);
src/PC/gfx_d3d/r_bsp_load_obj.c	1051	constant-pointer-arithmetic	listed-TU	const byte *diskEdges = bspData + *(int *)(bspHeader + 0xAC);
src/PC/gfx_d3d/r_bsp_load_obj.c	1059	fixed-byte-access	listed-TU	int nPlanes = *(short *)(diskOcc + 4);
src/PC/gfx_d3d/r_bsp_load_obj.c	1059	constant-pointer-arithmetic	listed-TU	int nPlanes = *(short *)(diskOcc + 4);
src/PC/gfx_d3d/r_bsp_load_obj.c	1060	fixed-byte-access	listed-TU	*(int *)(out - 0xc) = nPlanes;
src/PC/gfx_d3d/r_bsp_load_obj.c	1064	fixed-byte-access	listed-TU	*(byte **)(out - 8) = planeBase;
src/PC/gfx_d3d/r_bsp_load_obj.c	1072	fixed-byte-access	listed-TU	*(float *)(dst + 4) = src[1];
src/PC/gfx_d3d/r_bsp_load_obj.c	1072	constant-pointer-arithmetic	listed-TU	*(float *)(dst + 4) = src[1];
src/PC/gfx_d3d/r_bsp_load_obj.c	1073	fixed-byte-access	listed-TU	*(float *)(dst + 8) = src[2];
src/PC/gfx_d3d/r_bsp_load_obj.c	1073	constant-pointer-arithmetic	listed-TU	*(float *)(dst + 8) = src[2];
src/PC/gfx_d3d/r_bsp_load_obj.c	1074	fixed-byte-access	listed-TU	*(int *)(dst + 12) = *(int *)(src + 3) ^ 0x80000000;
src/PC/gfx_d3d/r_bsp_load_obj.c	1074	constant-pointer-arithmetic	listed-TU	*(int *)(dst + 12) = *(int *)(src + 3) ^ 0x80000000;
src/PC/gfx_d3d/r_bsp_load_obj.c	1076	fixed-byte-access	listed-TU	dst[17] = (*(int *)(dst + 4) > 0) ? 0x10 : 0x04;
src/PC/gfx_d3d/r_bsp_load_obj.c	1076	constant-pointer-arithmetic	listed-TU	dst[17] = (*(int *)(dst + 4) > 0) ? 0x10 : 0x04;
src/PC/gfx_d3d/r_bsp_load_obj.c	1077	fixed-byte-access	listed-TU	dst[18] = (*(int *)(dst + 8) > 0) ? 0x14 : 0x08;
src/PC/gfx_d3d/r_bsp_load_obj.c	1077	constant-pointer-arithmetic	listed-TU	dst[18] = (*(int *)(dst + 8) > 0) ? 0x14 : 0x08;
src/PC/gfx_d3d/r_bsp_load_obj.c	1081	fixed-byte-access	listed-TU	*(byte **)(out + 8) = vertBase + *(int *)(diskOcc + 0xc) * 12;
src/PC/gfx_d3d/r_bsp_load_obj.c	1081	constant-pointer-arithmetic	listed-TU	*(byte **)(out + 8) = vertBase + *(int *)(diskOcc + 0xc) * 12;
src/PC/gfx_d3d/r_bsp_load_obj.c	1082	fixed-byte-access	listed-TU	*(int *)(out + 4) = *(short *)(diskOcc + 0x10);
src/PC/gfx_d3d/r_bsp_load_obj.c	1082	constant-pointer-arithmetic	listed-TU	*(int *)(out + 4) = *(short *)(diskOcc + 0x10);
src/PC/gfx_d3d/r_bsp_load_obj.c	1084	fixed-byte-access	listed-TU	int nEdges = *(short *)(diskOcc + 6);
src/PC/gfx_d3d/r_bsp_load_obj.c	1084	constant-pointer-arithmetic	listed-TU	int nEdges = *(short *)(diskOcc + 6);
src/PC/gfx_d3d/r_bsp_load_obj.c	1085	fixed-byte-access	listed-TU	*(int *)(out - 4) = nEdges;
src/PC/gfx_d3d/r_bsp_load_obj.c	1087	fixed-byte-access	listed-TU	int firstEdge = *(int *)(diskOcc + 8);
src/PC/gfx_d3d/r_bsp_load_obj.c	1087	constant-pointer-arithmetic	listed-TU	int firstEdge = *(int *)(diskOcc + 8);
src/PC/gfx_d3d/r_bsp_load_obj.c	1095	fixed-byte-access	listed-TU	*(byte **)(e + 4) = planeBase + de[j * 4 + 1] * 20;
src/PC/gfx_d3d/r_bsp_load_obj.c	1095	constant-pointer-arithmetic	listed-TU	*(byte **)(e + 4) = planeBase + de[j * 4 + 1] * 20;
src/PC/gfx_d3d/r_bsp_load_obj.c	1096	fixed-byte-access	listed-TU	byte *cv = *(byte **)(out + 8);
src/PC/gfx_d3d/r_bsp_load_obj.c	1096	constant-pointer-arithmetic	listed-TU	byte *cv = *(byte **)(out + 8);
src/PC/gfx_d3d/r_bsp_load_obj.c	1097	fixed-byte-access	listed-TU	*(byte **)(e + 8) = cv + de[j * 4 + 2] * 12;
src/PC/gfx_d3d/r_bsp_load_obj.c	1097	constant-pointer-arithmetic	listed-TU	*(byte **)(e + 8) = cv + de[j * 4 + 2] * 12;
src/PC/gfx_d3d/r_bsp_load_obj.c	1098	fixed-byte-access	listed-TU	*(byte **)(e + 12) = cv + de[j * 4 + 3] * 12;
src/PC/gfx_d3d/r_bsp_load_obj.c	1098	constant-pointer-arithmetic	listed-TU	*(byte **)(e + 12) = cv + de[j * 4 + 3] * 12;
src/PC/gfx_d3d/r_bsp_load_obj.c	1101	fixed-byte-access	listed-TU	*(int *)(out + 16) = 0;
src/PC/gfx_d3d/r_bsp_load_obj.c	1101	constant-pointer-arithmetic	listed-TU	*(int *)(out + 16) = 0;
src/PC/gfx_d3d/r_bsp_load_obj.c	1102	fixed-byte-access	listed-TU	*(int *)(out + 20) = 0;
src/PC/gfx_d3d/r_bsp_load_obj.c	1102	constant-pointer-arithmetic	listed-TU	*(int *)(out + 20) = 0;
src/PC/gfx_d3d/r_bsp_load_obj.c	1157	fixed-byte-access	listed-TU	*(float *)(dm + 12) = *(const float *)(src + j * 4 + 12);
src/PC/gfx_d3d/r_bsp_load_obj.c	1157	constant-pointer-arithmetic	listed-TU	*(float *)(dm + 12) = *(const float *)(src + j * 4 + 12);
src/PC/gfx_d3d/r_bsp_load_obj.c	1188	fixed-byte-access	listed-TU	int lumpFileOfs = *(const int *)(header + lumpOfs + 4);
src/PC/gfx_d3d/r_bsp_load_obj.c	1188	constant-pointer-arithmetic	listed-TU	int lumpFileOfs = *(const int *)(header + lumpOfs + 4);
src/PC/gfx_d3d/r_bsp_load_obj.c	1257	small-integer-cast	listed-TU	packedColor = ((unsigned int)diskVerts[i].color[0] << 24) | ((unsigned int)diskVerts[i].color[1] << 16) | ((unsigned int)diskVerts[i].color[2] << 8) | (unsigned int)diskVerts[i].color[3];
src/PC/gfx_d3d/r_bsp_load_obj.c	1276	small-integer-cast	listed-TU	int bytes = (int)diskSurfaces[i].indexCount * (int)sizeof(r_index_t);
src/PC/gfx_d3d/r_bsp_load_obj.c	1277	constant-pointer-arithmetic	listed-TU	totalIndexBytes += (bytes + 31) & ~31;
src/PC/gfx_d3d/r_bsp_load_obj.c	1327	small-integer-cast	listed-TU	bytes = (int)src->indexCount * (int)sizeof(r_index_t);
src/PC/gfx_d3d/r_bsp_load_obj.c	1356	constant-pointer-arithmetic	listed-TU	sortGroup = surfaces[j].sortGroup + 1;
src/PC/gfx_d3d/r_bsp_load_obj.c	1371	constant-pointer-arithmetic	listed-TU	indexMem += (bytes + 31) & ~31;
src/PC/gfx_d3d/r_bsp_load_obj.c	1376	small-integer-cast	listed-TU	s_world.skyStartSurfs = (int *)Hunk_AllocInternal(skyCount * sizeof(int));
src/PC/gfx_d3d/r_buffers.c	37	fixed-byte-access	listed-TU	device = (void *)((DxGlobals *)dxPtr)->device;   /* was *(void**)(dxPtr+8): x86 device offset */
src/PC/gfx_d3d/r_buffers.c	37	constant-pointer-arithmetic	listed-TU	device = (void *)((DxGlobals *)dxPtr)->device;   /* was *(void**)(dxPtr+8): x86 device offset */
src/PC/gfx_d3d/r_buffers.c	79	fixed-byte-access	listed-TU	device = (void *)((DxGlobals *)dxPtr)->device;   /* was *(void**)(dxPtr+8): x86 device offset */
src/PC/gfx_d3d/r_buffers.c	79	constant-pointer-arithmetic	listed-TU	device = (void *)((DxGlobals *)dxPtr)->device;   /* was *(void**)(dxPtr+8): x86 device offset */
src/PC/gfx_d3d/r_caps.c	102	constant-pointer-arithmetic	listed-TU	for (bit = s_capsCheckBits; bit != s_capsCheckBits + 36; bit++) {
src/PC/gfx_d3d/r_caps.c	113	constant-pointer-arithmetic	listed-TU	for (intCheck = s_capsCheckInt; intCheck != s_capsCheckInt + 8; intCheck++) {
src/PC/gfx_d3d/r_debug.c	136	constant-pointer-arithmetic	listed-TU	if (debugGlobalsEntry->stringCount + 1 > debugGlobalsEntry->stringLimit) {
src/PC/gfx_d3d/r_debug.c	193	constant-pointer-arithmetic	listed-TU	if (polyCount + 1 > debugGlobalsEntry->polyLimit) {
src/PC/gfx_d3d/r_debug.c	218	constant-pointer-arithmetic	listed-TU	if (debugGlobalsEntry->lineCount + 1 > debugGlobalsEntry->lineLimit) {
src/PC/gfx_d3d/r_dpvs.c	97	small-integer-cast	listed-TU	if ((unsigned char)planes[i].u.frontal > (unsigned)stackLevel)
src/PC/gfx_d3d/r_dpvs.c	122	small-integer-cast	listed-TU	if ((unsigned char)planes[j].u.frontal > (unsigned)stackLevel) {
src/PC/gfx_d3d/r_dpvs.c	151	fixed-byte-access	listed-TU	return plane->coeffs[0] * *(float *)(tp + 0x0C - plane->side[0]) + plane->coeffs[1] * *(float *)(((char *)tp + offsetof(GfxAabbTree, maxs[2])) - plane->side[1]) + plane->coeffs[2] * *(float *)(tp + 0x1C - plane->side[2]) + plane->coeffs[3];
src/PC/gfx_d3d/r_dpvs.c	151	constant-pointer-arithmetic	listed-TU	return plane->coeffs[0] * *(float *)(tp + 0x0C - plane->side[0]) + plane->coeffs[1] * *(float *)(((char *)tp + offsetof(GfxAabbTree, maxs[2])) - plane->side[1]) + plane->coeffs[2] * *(float *)(tp + 0x1C - plane->side[2]) + plane->coeffs[3];
src/PC/gfx_d3d/r_dpvs.c	288	constant-pointer-arithmetic	listed-TU	dpvsScene.modelRefCount = idx + 1;
src/PC/gfx_d3d/r_dpvs.c	396	constant-pointer-arithmetic	listed-TU	int next = i + 1;
src/PC/gfx_d3d/r_dpvs.c	396	pointer-named-integer-field	listed-TU	int next = i + 1;
src/PC/gfx_d3d/r_dpvs.c	402	pointer-named-integer-field	listed-TU	int nextVert = next % count;
src/PC/gfx_d3d/r_dpvs.c	447	constant-pointer-arithmetic	listed-TU	Vec3Cross(diff[i + 1], diff[i], normals[i]);
src/PC/gfx_d3d/r_dpvs.c	452	pointer-named-integer-field	listed-TU	int prevIdx = vertexCount - 1;
src/PC/gfx_d3d/r_dpvs.c	582	constant-pointer-arithmetic	listed-TU	int entIndex = surf->sortGroup + 0x800;
src/PC/gfx_d3d/r_dpvs.c	636	constant-pointer-arithmetic	listed-TU	R_AddDrawSurfForSurface(surf, surf->sortGroup + 0x800);
src/PC/gfx_d3d/r_dpvs.c	661	small-integer-cast	listed-TU	if ((unsigned char)op->u.frontal > (unsigned)stackLevel) {
src/PC/gfx_d3d/r_dpvs.c	679	small-integer-cast	listed-TU	if ((unsigned char)p->u.frontal > (unsigned)stackLevel)
src/PC/gfx_d3d/r_dpvs.c	697	constant-pointer-arithmetic	listed-TU	int childStackLevel = stackLevel + 1;
src/PC/gfx_d3d/r_dpvs.c	776	constant-pointer-arithmetic	listed-TU	vec3_t *altBuf = (w != v) ? v : v + 128;
src/PC/gfx_d3d/r_dpvs.c	787	constant-pointer-arithmetic	listed-TU	vec3_t *altBuf = (w != v) ? v : v + 128;
src/PC/gfx_d3d/r_dpvs.c	819	small-integer-cast	listed-TU	for (vi = 1; vi < (int)portal->vertexCount && allBehind; vi++) {
src/PC/gfx_d3d/r_dpvs.c	834	constant-pointer-arithmetic	listed-TU	count = R_GetFurtherCellList_r_impl(destCell, parentPlane, planes, planeCount, v, list, count + 1);
src/PC/gfx_d3d/r_dpvs.c	1075	constant-pointer-arithmetic	listed-TU	dpvsG.portalQueueCount = count + 1;
src/PC/gfx_d3d/r_dpvs.c	1112	constant-pointer-arithmetic	listed-TU	d = planeCoeffs[0] * verts[i + 1][0] + planeCoeffs[1] * verts[i + 1][1] + planeCoeffs[2] * verts[i + 1][2] + planeCoeffs[3];
src/PC/gfx_d3d/r_dpvs.c	1182	constant-pointer-arithmetic	listed-TU	dpvsG.occluderCount = occIdx + 1;
src/PC/gfx_d3d/r_dpvs.c	1210	constant-pointer-arithmetic	listed-TU	dpvsG.viewPlaneCount = destIdx + 1;
src/PC/gfx_d3d/r_dpvs.c	1240	constant-pointer-arithmetic	listed-TU	dpvsG.viewPlaneCount = destIdx + 1;
src/PC/gfx_d3d/r_dpvs.c	1451	constant-pointer-arithmetic	listed-TU	int rightChild = child + 1;
src/PC/gfx_d3d/r_dpvs.c	1505	fixed-byte-access	listed-TU	*(void **)(poolBuf + (i + 1) * 0x200) = poolBuf + (i + 2) * 0x200;
src/PC/gfx_d3d/r_dpvs.c	1505	constant-pointer-arithmetic	listed-TU	*(void **)(poolBuf + (i + 1) * 0x200) = poolBuf + (i + 2) * 0x200;
src/PC/gfx_d3d/r_dpvs.c	1507	fixed-byte-access	listed-TU	*(void **)(poolBuf + 255 * 0x200 + 0x200) = 0;
src/PC/gfx_d3d/r_dpvs.c	1507	constant-pointer-arithmetic	listed-TU	*(void **)(poolBuf + 255 * 0x200 + 0x200) = 0;
src/PC/gfx_d3d/r_dpvs.c	1510	fixed-byte-access	listed-TU	*(void **)(poolBuf + i * 0x200) = poolBuf + (i + 1) * 0x200;
src/PC/gfx_d3d/r_dpvs.c	1510	constant-pointer-arithmetic	listed-TU	*(void **)(poolBuf + i * 0x200) = poolBuf + (i + 1) * 0x200;
src/PC/gfx_d3d/r_dpvs.c	1512	fixed-byte-access	listed-TU	*(void **)(poolBuf + 0x1FE00) = 0;
src/PC/gfx_d3d/r_dpvs.c	1512	constant-pointer-arithmetic	listed-TU	*(void **)(poolBuf + 0x1FE00) = 0;
src/PC/gfx_d3d/r_dpvs.c	1943	constant-pointer-arithmetic	listed-TU	int cell = R_FilterEntityIntoCells_r_impl(bspNodes, i, bounds, bounds + 3);
src/PC/gfx_d3d/r_dpvs.c	1961	small-integer-cast	listed-TU	if (!bmodel || (unsigned int)bmodel < 0x1000)
src/PC/gfx_d3d/r_dvars.c	237	pointer-named-integer-field	listed-TU	extern int __mh_execute_header;
src/PC/gfx_d3d/r_dvars.c	247	small-integer-cast	listed-TU	"r_ignore = ri.Dvar_RegisterInt(""r_ignore"", 0, (int)0x80000000, 0x7fffffff, 0x2000);"
src/PC/gfx_d3d/r_dvars.c	501	small-integer-cast	listed-TU	"vid_xpos = ri.Dvar_RegisterInt(""vid_xpos"", 3, (int)0xfffff000, 4096, 0x2001);"
src/PC/gfx_d3d/r_dvars.c	503	small-integer-cast	listed-TU	"vid_ypos = ri.Dvar_RegisterInt(""vid_ypos"", 22, (int)0xfffff000, 4096, 0x2001);"
src/PC/gfx_d3d/r_font.c	63	constant-pointer-arithmetic	listed-TU	mid = (numGlyphs + 0x5F) / 2;
src/PC/gfx_d3d/r_font.c	72	constant-pointer-arithmetic	listed-TU	bot = mid + 1;
src/PC/gfx_d3d/r_font.c	138	small-integer-cast	listed-TU	newFont = (FontHandle)(riPtr->Hunk_AllocInternal((int)sizeof(Font_s)));   /* was 0x14 (x86 sizeof(Font)); x64 Font_s is 32 -> memcpy overran */
src/PC/gfx_d3d/r_font.c	194	small-integer-cast	listed-TU	currentColor = (int)ColorIndex(0x37);
src/PC/gfx_d3d/r_font.c	240	small-integer-cast	listed-TU	color[0] = (float)(unsigned int)ch * 0.003921568859368563f;
src/PC/gfx_d3d/r_font.c	247	small-integer-cast	listed-TU	color[1] = (float)(unsigned int)ch * 0.003921568859368563f;
src/PC/gfx_d3d/r_font.c	254	small-integer-cast	listed-TU	color[2] = (float)(unsigned int)ch * 0.003921568859368563f;
src/PC/gfx_d3d/r_font.c	260	constant-pointer-arithmetic	listed-TU	text[pos + 1] = (char)(type + 0x30);
src/PC/gfx_d3d/r_font.c	340	constant-pointer-arithmetic	listed-TU	*maxChars -= (i + 1);
src/PC/gfx_d3d/r_font.c	341	constant-pointer-arithmetic	listed-TU	return string + i + 1;
src/PC/gfx_d3d/r_font.c	431	small-integer-cast	listed-TU	return (int)width;
src/PC/gfx_d3d/r_font_load_obj.c	14	pointer-named-integer-field	listed-TU	int fileHandle;
src/PC/gfx_d3d/r_font_load_obj.c	40	constant-pointer-arithmetic	listed-TU	* material as 4-byte offsets relative to (base+4). On x64 the in-place relocate
src/PC/gfx_d3d/r_font_load_obj.c	44	constant-pointer-arithmetic	listed-TU	byte *blob = (byte *)Hunk_AllocInternal(len + 4);
src/PC/gfx_d3d/r_font_load_obj.c	47	constant-pointer-arithmetic	listed-TU	FS_Read(blob + 0x14, len - 0x10, fileHandle);
src/PC/gfx_d3d/r_font_load_obj.c	49	small-integer-cast	listed-TU	fx = (Font *)Hunk_AllocInternal((int)sizeof(Font));
src/PC/gfx_d3d/r_font_load_obj.c	50	constant-pointer-arithmetic	listed-TU	fx->name = (const char *)(blob + 4 + *(unsigned int *)(blob + 0));
src/PC/gfx_d3d/r_font_load_obj.c	51	fixed-byte-access	listed-TU	fx->pixelHeight = *(int *)(blob + 4);
src/PC/gfx_d3d/r_font_load_obj.c	51	constant-pointer-arithmetic	listed-TU	fx->pixelHeight = *(int *)(blob + 4);
src/PC/gfx_d3d/r_font_load_obj.c	52	fixed-byte-access	listed-TU	fx->glyphCount = *(int *)(blob + 8);
src/PC/gfx_d3d/r_font_load_obj.c	52	constant-pointer-arithmetic	listed-TU	fx->glyphCount = *(int *)(blob + 8);
src/PC/gfx_d3d/r_font_load_obj.c	53	constant-pointer-arithmetic	listed-TU	fx->glyphs = (Glyph *)(blob + 0x14);
src/PC/gfx_d3d/r_font_load_obj.c	54	fixed-byte-access	listed-TU	fx->material = Material_RegisterHandle((const char *)(blob + 4 + *(unsigned int *)(blob + 12)), 0, imageTrack);
src/PC/gfx_d3d/r_font_load_obj.c	54	constant-pointer-arithmetic	listed-TU	fx->material = Material_RegisterHandle((const char *)(blob + 4 + *(unsigned int *)(blob + 12)), 0, imageTrack);
src/PC/gfx_d3d/r_font_load_obj.c	58	constant-pointer-arithmetic	listed-TU	font = (Font *)Hunk_AllocInternal(len + 4);
src/PC/gfx_d3d/r_font_load_obj.c	62	constant-pointer-arithmetic	listed-TU	FS_Read((char *)font + 0x14, len - 0x10, fileHandle);
src/PC/gfx_d3d/r_font_load_obj.c	65	constant-pointer-arithmetic	listed-TU	font->glyphs = (Glyph *)((char *)font + 0x14);
src/PC/gfx_d3d/r_font_load_obj.c	67	constant-pointer-arithmetic	listed-TU	*(int *)&font->name += (int)((char *)font + 4);
src/PC/gfx_d3d/r_font_load_obj.c	67	small-integer-cast	listed-TU	*(int *)&font->name += (int)((char *)font + 4);
src/PC/gfx_d3d/r_font_load_obj.c	69	constant-pointer-arithmetic	listed-TU	font->material = Material_RegisterHandle((const char *)((int)font->material + (int)((char *)font + 4)), 0, imageTrack);
src/PC/gfx_d3d/r_font_load_obj.c	69	small-integer-cast	listed-TU	font->material = Material_RegisterHandle((const char *)((int)font->material + (int)((char *)font + 4)), 0, imageTrack);
src/PC/gfx_d3d/r_getrefapi_v60.c	70	constant-pointer-arithmetic	listed-TU	/* Sun/dvar members used at map load (v60 index -> v59 index; a clean +2).
src/PC/gfx_d3d/r_getrefapi_v60.c	87	small-integer-cast	listed-TU	for (k = 0; k < (int)(sizeof(kReV60) / sizeof(kReV60[0])); k++)
src/PC/gfx_d3d/r_image.c	35	fixed-size-memory-call	listed-TU	#define IG_CLEARHASH() memset(imageGlobals, 0, 0x2000)
src/PC/gfx_d3d/r_image.c	164	small-integer-cast	listed-TU	(int)image->width,
src/PC/gfx_d3d/r_image.c	165	small-integer-cast	listed-TU	(int)image->height,
src/PC/gfx_d3d/r_image.c	166	small-integer-cast	listed-TU	0, (int)imageFormat, (int)hr, R_ErrorDescription(hr));
src/PC/gfx_d3d/r_image.c	200	small-integer-cast	listed-TU	(int)image->width,
src/PC/gfx_d3d/r_image.c	201	small-integer-cast	listed-TU	(int)image->height,
src/PC/gfx_d3d/r_image.c	202	small-integer-cast	listed-TU	(int)image->depth,
src/PC/gfx_d3d/r_image.c	203	small-integer-cast	listed-TU	0, (int)imageFormat, (int)hr, R_ErrorDescription(hr));
src/PC/gfx_d3d/r_image.c	240	small-integer-cast	listed-TU	(int)image->width,
src/PC/gfx_d3d/r_image.c	241	small-integer-cast	listed-TU	mipmapCount, (int)imageFormat, (int)hr, R_ErrorDescription(hr));
src/PC/gfx_d3d/r_image.c	451	small-integer-cast	listed-TU	dstPos[ch] = (byte)(((int)srcPos[ch] + (int)srcPos[ch + texelPitch]) >> 1);
src/PC/gfx_d3d/r_image.c	469	small-integer-cast	listed-TU	int sum = (int)srcTexel[ch];
src/PC/gfx_d3d/r_image.c	470	small-integer-cast	listed-TU	sum += (int)srcTexel[ch + texelPitch];
src/PC/gfx_d3d/r_image.c	471	small-integer-cast	listed-TU	sum += (int)srcTexel[ch + srcRowPitch];
src/PC/gfx_d3d/r_image.c	472	small-integer-cast	listed-TU	sum += (int)srcTexelNextRow[0];
src/PC/gfx_d3d/r_image.c	647	constant-pointer-arithmetic	listed-TU	hash = (hash + 1) & 0x7ff;
src/PC/gfx_d3d/r_image.c	657	small-integer-cast	listed-TU	void *(*hunkAlloc)(int) = (void *(__cdecl *)(int))(ri.Hunk_AllocInternal);
src/PC/gfx_d3d/r_image.c	666	small-integer-cast	listed-TU	image = (byte *)hunkAlloc((int)sizeof(GfxImage) + nameLen);
src/PC/gfx_d3d/r_image.c	678	constant-pointer-arithmetic	listed-TU	hash = (hash + 1) & 0x7ff;
src/PC/gfx_d3d/r_image.c	690	small-integer-cast	listed-TU	typedef const char *(*CmdArgvFunc)(int);
src/PC/gfx_d3d/r_image.c	722	small-integer-cast	listed-TU	if ((unsigned int)count > 0x7ff)
src/PC/gfx_d3d/r_image.c	726	constant-pointer-arithmetic	listed-TU	imageListBuf.count = count + 1;
src/PC/gfx_d3d/r_image.c	749	constant-pointer-arithmetic	listed-TU	GfxImage **threshold = first + 16;
src/PC/gfx_d3d/r_image.c	752	small-integer-cast	listed-TU	for (i = (int)(threshold - first); &first[i] != last; i++) {
src/PC/gfx_d3d/r_image.c	913	constant-pointer-arithmetic	listed-TU	hash = (hash + 1) & 0x7ff;
src/PC/gfx_d3d/r_image.c	972	constant-pointer-arithmetic	listed-TU	hash = (hash + 1) & 0x7ff;
src/PC/gfx_d3d/r_image.c	1006	small-integer-cast	listed-TU	image->name, (int)w, (int)h, 0, (int)imageFormat,
src/PC/gfx_d3d/r_image.c	1007	small-integer-cast	listed-TU	(int)hr, R_ErrorDescription(hr));
src/PC/gfx_d3d/r_image.c	1037	small-integer-cast	listed-TU	image->name, (int)w, (int)h, 0, (int)imageFormat,
src/PC/gfx_d3d/r_image.c	1038	small-integer-cast	listed-TU	(int)hr, R_ErrorDescription(hr));
src/PC/gfx_d3d/r_image.c	1115	constant-pointer-arithmetic	listed-TU	hash = (hash + 1) & 0x7ff;
src/PC/gfx_d3d/r_image.c	1172	constant-pointer-arithmetic	listed-TU	int secondChild = 2 * holeIndex + 2;
src/PC/gfx_d3d/r_image.c	1179	constant-pointer-arithmetic	listed-TU	secondChild = 2 * secondChild + 2;
src/PC/gfx_d3d/r_image.c	1203	constant-pointer-arithmetic	listed-TU	for (i = first + 1; i != last; i++) {
src/PC/gfx_d3d/r_image.c	1207	small-integer-cast	listed-TU	unsigned int n = (unsigned int)((char *)i - (char *)first) & ~3u;
src/PC/gfx_d3d/r_image.c	1208	constant-pointer-arithmetic	listed-TU	memmove(first + 1, first, n);
src/PC/gfx_d3d/r_image.c	1230	small-integer-cast	listed-TU	int n = (int)(last - first);
src/PC/gfx_d3d/r_image.c	1243	small-integer-cast	listed-TU	first, 0, (int)(end - first), value, comp);
src/PC/gfx_d3d/r_image.c	1251	small-integer-cast	listed-TU	int n = (int)(last - first);
src/PC/gfx_d3d/r_image_load_common.c	54	small-integer-cast	listed-TU	switch ((int)format) {
src/PC/gfx_d3d/r_image_load_common.c	69	constant-pointer-arithmetic	listed-TU	return ((width + 3) >> 2) * ((height + 3) >> 2) * depth * 8;
src/PC/gfx_d3d/r_image_load_common.c	72	constant-pointer-arithmetic	listed-TU	return ((width + 3) >> 2) * ((height + 3) >> 2) * depth * 16;
src/PC/gfx_d3d/r_image_load_common.c	190	constant-pointer-arithmetic	listed-TU	*outStride = ((srcWidth + 3) / 4) * 8;
src/PC/gfx_d3d/r_image_load_common.c	195	constant-pointer-arithmetic	listed-TU	*outStride = ((srcWidth + 3) / 4) * 16;
src/PC/gfx_d3d/r_image_load_common.c	244	constant-pointer-arithmetic	listed-TU	return ((srcWidth + 3) / 4) * ((srcHeight + 3) / 4) * 8;
src/PC/gfx_d3d/r_image_load_common.c	247	constant-pointer-arithmetic	listed-TU	return ((srcWidth + 3) / 4) * ((srcHeight + 3) / 4) * 16;
src/PC/gfx_d3d/r_image_load_common.c	337	constant-pointer-arithmetic	listed-TU	srcStride = ((srcWidth + 3) / 4) * 8;
src/PC/gfx_d3d/r_image_load_common.c	342	constant-pointer-arithmetic	listed-TU	srcStride = ((srcWidth + 3) / 4) * 16;
src/PC/gfx_d3d/r_image_load_obj.c	180	fixed-byte-access	listed-TU	mipW = *(short *)(hdr + 6) >> mipLevel;
src/PC/gfx_d3d/r_image_load_obj.c	180	constant-pointer-arithmetic	listed-TU	mipW = *(short *)(hdr + 6) >> mipLevel;
src/PC/gfx_d3d/r_image_load_obj.c	181	fixed-byte-access	listed-TU	mipH = *(short *)(hdr + 8) >> mipLevel;
src/PC/gfx_d3d/r_image_load_obj.c	181	constant-pointer-arithmetic	listed-TU	mipH = *(short *)(hdr + 8) >> mipLevel;
src/PC/gfx_d3d/r_image_load_obj.c	192	constant-pointer-arithmetic	listed-TU	blocksW = (mipW + 3) >> 2;
src/PC/gfx_d3d/r_image_load_obj.c	193	constant-pointer-arithmetic	listed-TU	blocksH = (mipH + 3) >> 2;
src/PC/gfx_d3d/r_image_load_obj.c	213	fixed-byte-access	listed-TU	int width = *(short *)(fileHeader + 6);
src/PC/gfx_d3d/r_image_load_obj.c	213	constant-pointer-arithmetic	listed-TU	int width = *(short *)(fileHeader + 6);
src/PC/gfx_d3d/r_image_load_obj.c	214	fixed-byte-access	listed-TU	int height = *(short *)(fileHeader + 8);
src/PC/gfx_d3d/r_image_load_obj.c	214	constant-pointer-arithmetic	listed-TU	int height = *(short *)(fileHeader + 8);
src/PC/gfx_d3d/r_image_load_obj.c	215	fixed-byte-access	listed-TU	int depth = *(short *)(fileHeader + 10);
src/PC/gfx_d3d/r_image_load_obj.c	215	constant-pointer-arithmetic	listed-TU	int depth = *(short *)(fileHeader + 10);
src/PC/gfx_d3d/r_image_load_obj.c	216	fixed-byte-access	listed-TU	int mipmapCount = *(byte *)(fileHeader + 5);
src/PC/gfx_d3d/r_image_load_obj.c	216	constant-pointer-arithmetic	listed-TU	int mipmapCount = *(byte *)(fileHeader + 5);
src/PC/gfx_d3d/r_image_load_obj.c	231	fixed-byte-access	listed-TU	if (*(byte *)(fileHeader + 5) & 2) {
src/PC/gfx_d3d/r_image_load_obj.c	231	constant-pointer-arithmetic	listed-TU	if (*(byte *)(fileHeader + 5) & 2) {
src/PC/gfx_d3d/r_image_load_obj.c	292	small-integer-cast	listed-TU	unsigned int swapCount = (unsigned int)allocSize / 4;
src/PC/gfx_d3d/r_image_load_obj.c	322	fixed-byte-access	listed-TU	*(int *)(img + 4) = 0;
src/PC/gfx_d3d/r_image_load_obj.c	322	constant-pointer-arithmetic	listed-TU	*(int *)(img + 4) = 0;
src/PC/gfx_d3d/r_image_load_obj.c	391	small-integer-cast	listed-TU	pixel[3] = (byte)(int)floorf((halfAngle[2] * 0.5f + 0.5f) * 255.0f + 0.5f);
src/PC/gfx_d3d/r_image_load_obj.c	392	small-integer-cast	listed-TU	pixel[2] = (byte)(int)floorf((halfAngle[1] * 0.5f + 0.5f) * 255.0f + 0.5f);
src/PC/gfx_d3d/r_image_load_obj.c	393	small-integer-cast	listed-TU	pixel[1] = (byte)(int)floorf((halfAngle[0] * 0.5f + 0.5f) * 255.0f + 0.5f);
src/PC/gfx_d3d/r_image_load_obj.c	409	small-integer-cast	listed-TU	((byte *)&color)[0] = (byte)(int)floorf(fresnel * 255.0f + 0.5f);
src/PC/gfx_d3d/r_image_load_obj.c	477	small-integer-cast	listed-TU	pixel[0] = ClampByte((int)floorf(blend_01 * 255.0f + 0.5f));
src/PC/gfx_d3d/r_image_load_obj.c	478	small-integer-cast	listed-TU	pixel[1] = ClampByte((int)floorf(blend_10 * 255.0f + 0.5f));
src/PC/gfx_d3d/r_image_load_obj.c	479	small-integer-cast	listed-TU	pixel[2] = ClampByte((int)floorf(blend_00 * 255.0f + 0.5f));
src/PC/gfx_d3d/r_image_load_obj.c	480	small-integer-cast	listed-TU	pixel[3] = ClampByte((int)floorf(blend_11 * 255.0f + 0.5f));
src/PC/gfx_d3d/r_image_load_obj.c	528	small-integer-cast	listed-TU	filepath, (int)fileData[3], 5);
src/PC/gfx_d3d/r_image_load_obj.c	545	fixed-byte-access	listed-TU	if (*(int *)(dvar + 2) == 2)
src/PC/gfx_d3d/r_image_load_obj.c	545	constant-pointer-arithmetic	listed-TU	if (*(int *)(dvar + 2) == 2)
src/PC/gfx_d3d/r_image_load_obj.c	736	small-integer-cast	listed-TU	byte r = (byte)(int)floorf(mainWeight + 0.5f);
src/PC/gfx_d3d/r_image_load_obj.c	737	small-integer-cast	listed-TU	byte g = (byte)(int)floorf(w2 * complement * 255.0f + 0.5f);
src/PC/gfx_d3d/r_image_load_obj.c	738	small-integer-cast	listed-TU	byte b = (byte)(int)floorf(w1 * complement * 255.0f + 0.5f);
src/PC/gfx_d3d/r_image_load_obj.c	739	small-integer-cast	listed-TU	byte a = (byte)(int)floorf(complement * w0 * 255.0f + 0.5f);
src/PC/gfx_d3d/r_image_wavelet.c	12	small-integer-cast	listed-TU	return (unsigned int)p[0] | ((unsigned int)p[1] << 8) | ((unsigned int)p[2] << 16) | ((unsigned int)p[3] << 24);
src/PC/gfx_d3d/r_image_wavelet.c	136	constant-pointer-arithmetic	listed-TU	decode->data = p + 2;
src/PC/gfx_d3d/r_image_wavelet.c	156	constant-pointer-arithmetic	listed-TU	numBlocks = (totalPixels + 3) >> 2;
src/PC/gfx_d3d/r_image_wavelet.c	189	constant-pointer-arithmetic	listed-TU	srcIndex += i + 1;
src/PC/gfx_d3d/r_init.c	172	fixed-byte-access	listed-TU	int scCount = *(int *)(d + 11592);
src/PC/gfx_d3d/r_init.c	172	constant-pointer-arithmetic	listed-TU	int scCount = *(int *)(d + 11592);
src/PC/gfx_d3d/r_init.c	174	constant-pointer-arithmetic	listed-TU	void **psc = (void **)(d + 0x2d50 + i * 16);
src/PC/gfx_d3d/r_init.c	182	constant-pointer-arithmetic	listed-TU	R_SafeRelease((void **)(d + 11656));
src/PC/gfx_d3d/r_init.c	184	constant-pointer-arithmetic	listed-TU	R_SafeRelease((void **)(d + 11696));
src/PC/gfx_d3d/r_init.c	187	constant-pointer-arithmetic	listed-TU	R_SafeRelease((void **)(d + 0x2d98 + i * 12));
src/PC/gfx_d3d/r_init.c	190	fixed-byte-access	listed-TU	if (*(void **)(d + 11728)) {
src/PC/gfx_d3d/r_init.c	190	constant-pointer-arithmetic	listed-TU	if (*(void **)(d + 11728)) {
src/PC/gfx_d3d/r_init.c	192	fixed-byte-access	listed-TU	((void (*)(void *))ri.Z_VirtualFreeInternal)(*(void **)(d + 11728));
src/PC/gfx_d3d/r_init.c	192	constant-pointer-arithmetic	listed-TU	((void (*)(void *))ri.Z_VirtualFreeInternal)(*(void **)(d + 11728));
src/PC/gfx_d3d/r_init.c	193	fixed-byte-access	listed-TU	*(void **)(d + 11728) = NULL;
src/PC/gfx_d3d/r_init.c	193	constant-pointer-arithmetic	listed-TU	*(void **)(d + 11728) = NULL;
src/PC/gfx_d3d/r_init.c	194	fixed-byte-access	listed-TU	*(int *)(d + 11732) = 0;
src/PC/gfx_d3d/r_init.c	194	constant-pointer-arithmetic	listed-TU	*(int *)(d + 11732) = 0;
src/PC/gfx_d3d/r_init.c	197	fixed-byte-access	listed-TU	if (*(void **)(d + 11704)) {
src/PC/gfx_d3d/r_init.c	197	constant-pointer-arithmetic	listed-TU	if (*(void **)(d + 11704)) {
src/PC/gfx_d3d/r_init.c	198	fixed-byte-access	listed-TU	R_FreeStaticVertexBuffer(*(IDirect3DVertexBuffer9 **)(d + 11704));
src/PC/gfx_d3d/r_init.c	198	constant-pointer-arithmetic	listed-TU	R_FreeStaticVertexBuffer(*(IDirect3DVertexBuffer9 **)(d + 11704));
src/PC/gfx_d3d/r_init.c	199	fixed-byte-access	listed-TU	*(void **)(d + 11704) = NULL;
src/PC/gfx_d3d/r_init.c	199	constant-pointer-arithmetic	listed-TU	*(void **)(d + 11704) = NULL;
src/PC/gfx_d3d/r_init.c	201	fixed-byte-access	listed-TU	if (*(void **)(d + 11708)) {
src/PC/gfx_d3d/r_init.c	201	constant-pointer-arithmetic	listed-TU	if (*(void **)(d + 11708)) {
src/PC/gfx_d3d/r_init.c	202	fixed-byte-access	listed-TU	R_FreeStaticIndexBuffer( (IDirect3DIndexBuffer9 *)(*(void **)(d + 11708)));
src/PC/gfx_d3d/r_init.c	202	constant-pointer-arithmetic	listed-TU	R_FreeStaticIndexBuffer( (IDirect3DIndexBuffer9 *)(*(void **)(d + 11708)));
src/PC/gfx_d3d/r_init.c	203	fixed-byte-access	listed-TU	*(void **)(d + 11708) = NULL;
src/PC/gfx_d3d/r_init.c	203	constant-pointer-arithmetic	listed-TU	*(void **)(d + 11708) = NULL;
src/PC/gfx_d3d/r_init.c	206	constant-pointer-arithmetic	listed-TU	R_SafeRelease((void **)(d + 11612));
src/PC/gfx_d3d/r_init.c	215	constant-pointer-arithmetic	listed-TU	R_SafeRelease((void **)(viewBase + 0x24 + tex * 4));
src/PC/gfx_d3d/r_init.c	236	constant-pointer-arithmetic	listed-TU	/* Typed field access: the original used (byte*)&dx + 12 (adapterIndex) and
src/PC/gfx_d3d/r_init.c	275	fixed-byte-access	listed-TU	if (!*(byte *)(*(int *)imp_r_multiGpu + 8))
src/PC/gfx_d3d/r_init.c	275	constant-pointer-arithmetic	listed-TU	if (!*(byte *)(*(int *)imp_r_multiGpu + 8))
src/PC/gfx_d3d/r_init.c	276	fixed-byte-access	listed-TU	v = *(int *)(*(int *)imp_r_gpuSync + 8);
src/PC/gfx_d3d/r_init.c	276	constant-pointer-arithmetic	listed-TU	v = *(int *)(*(int *)imp_r_gpuSync + 8);
src/PC/gfx_d3d/r_init.c	329	x86-only-width-guard	listed-TU	#if defined(_M_X64) || defined(__x86_64__)
src/PC/gfx_d3d/r_init.c	434	x86-only-width-guard	listed-TU	#if defined(_M_X64) || defined(__x86_64__)
src/PC/gfx_d3d/r_init.c	437	fixed-byte-access	listed-TU	"*(byte *)(r + 324 * 2) = getenv(""COD2_NOXSURF"") ? 0 : 1;"
src/PC/gfx_d3d/r_init.c	437	constant-pointer-arithmetic	listed-TU	"*(byte *)(r + 324 * 2) = getenv(""COD2_NOXSURF"") ? 0 : 1;"
src/PC/gfx_d3d/r_init.c	440	fixed-byte-access	listed-TU	*(byte *)(r + 324) = 1;
src/PC/gfx_d3d/r_init.c	440	constant-pointer-arithmetic	listed-TU	*(byte *)(r + 324) = 1;
src/PC/gfx_d3d/r_init.c	488	fixed-byte-access	listed-TU	invGamma = 1.0f / *(float *)(*(int *)imp_r_gamma + 8);
src/PC/gfx_d3d/r_init.c	488	constant-pointer-arithmetic	listed-TU	invGamma = 1.0f / *(float *)(*(int *)imp_r_gamma + 8);
src/PC/gfx_d3d/r_init.c	497	small-integer-cast	listed-TU	gammaTable[i] = (unsigned short)(int)floorf((float)pow((double)(i / 255.0f), (double)invGamma) * 65535.0f + 0.5f);
src/PC/gfx_d3d/r_init.c	553	fixed-byte-access	listed-TU	*(int *)((byte *)&rgp + 4252) = 0;
src/PC/gfx_d3d/r_init.c	553	constant-pointer-arithmetic	listed-TU	*(int *)((byte *)&rgp + 4252) = 0;
src/PC/gfx_d3d/r_init.c	560	fixed-byte-access	listed-TU	while (*(int *)(d + 11592) != 0) {
src/PC/gfx_d3d/r_init.c	560	constant-pointer-arithmetic	listed-TU	while (*(int *)(d + 11592) != 0) {
src/PC/gfx_d3d/r_init.c	561	fixed-byte-access	listed-TU	int idx = *(int *)(d + 11592) - 1;
src/PC/gfx_d3d/r_init.c	561	constant-pointer-arithmetic	listed-TU	int idx = *(int *)(d + 11592) - 1;
src/PC/gfx_d3d/r_init.c	562	fixed-byte-access	listed-TU	*(int *)(d + 11592) = idx;
src/PC/gfx_d3d/r_init.c	562	constant-pointer-arithmetic	listed-TU	*(int *)(d + 11592) = idx;
src/PC/gfx_d3d/r_init.c	563	fixed-byte-access	listed-TU	*(void **)(d + 11584 + idx * 16 + 12) = NULL;
src/PC/gfx_d3d/r_init.c	563	constant-pointer-arithmetic	listed-TU	*(void **)(d + 11584 + idx * 16 + 12) = NULL;
src/PC/gfx_d3d/r_init.c	566	constant-pointer-arithmetic	listed-TU	R_SafeRelease((void **)(d + 8));
src/PC/gfx_d3d/r_init.c	568	constant-pointer-arithmetic	listed-TU	R_SafeRelease((void **)(d + 4));
src/PC/gfx_d3d/r_init.c	585	fixed-byte-access	listed-TU	invGamma = 1.0f / *(float *)(*(int *)imp_r_gamma + 8);
src/PC/gfx_d3d/r_init.c	585	constant-pointer-arithmetic	listed-TU	invGamma = 1.0f / *(float *)(*(int *)imp_r_gamma + 8);
src/PC/gfx_d3d/r_init.c	592	small-integer-cast	listed-TU	gammaRamp[i] = (unsigned short)(int)floorf((float)pow((double)(i / 255.0f), (double)invGamma) * 65535.0f + 0.5f);
src/PC/gfx_d3d/r_init.c	669	small-integer-cast	listed-TU	dx.tempSkinBuf = (byte *)((void *(*)(int))ri.Z_VirtualReserveInternal)(0xa00000);
src/PC/gfx_d3d/r_init.c	753	small-integer-cast	listed-TU	"ri_printf(0, ""REAL CreateDevice hr=0x%x device=%p\n"", (unsigned)hr, (void *)dx.device);"
src/PC/gfx_d3d/r_init.c	832	fixed-size-memory-call	listed-TU	memcpy(vidConfigOut, imp_vidConfig, 44);
src/PC/gfx_d3d/r_init.c	880	fixed-byte-access	listed-TU	int displayMode = *(int *)(dxp + 11596);
src/PC/gfx_d3d/r_init.c	880	constant-pointer-arithmetic	listed-TU	int displayMode = *(int *)(dxp + 11596);
src/PC/gfx_d3d/r_init.c	881	fixed-byte-access	listed-TU	int backBufWidth = *(int *)(dxp + 11604);
src/PC/gfx_d3d/r_init.c	881	constant-pointer-arithmetic	listed-TU	int backBufWidth = *(int *)(dxp + 11604);
src/PC/gfx_d3d/r_init.c	882	fixed-byte-access	listed-TU	int backBufHeight = *(int *)(dxp + 11608);
src/PC/gfx_d3d/r_init.c	882	constant-pointer-arithmetic	listed-TU	int backBufHeight = *(int *)(dxp + 11608);
src/PC/gfx_d3d/r_init.c	885	fixed-byte-access	listed-TU	int aaSamples = *(int *)(*(int *)imp_r_aaSamples + 8);
src/PC/gfx_d3d/r_init.c	885	constant-pointer-arithmetic	listed-TU	int aaSamples = *(int *)(*(int *)imp_r_aaSamples + 8);
src/PC/gfx_d3d/r_init.c	919	fixed-byte-access	listed-TU	int swapInterval = *(byte *)(*(int *)imp_r_swapInterval + 8);
src/PC/gfx_d3d/r_init.c	919	constant-pointer-arithmetic	listed-TU	int swapInterval = *(byte *)(*(int *)imp_r_swapInterval + 8);
src/PC/gfx_d3d/r_init.c	973	constant-pointer-arithmetic	listed-TU	int secondChild = 2 * holeIndex + 2;
src/PC/gfx_d3d/r_init.c	979	constant-pointer-arithmetic	listed-TU	secondChild = 2 * secondChild + 2;
src/PC/gfx_d3d/r_init.c	1001	constant-pointer-arithmetic	listed-TU	for (i = first + 1; i != last; i++) {
src/PC/gfx_d3d/r_init.c	1004	small-integer-cast	listed-TU	int n = (int)(i - first);
src/PC/gfx_d3d/r_init.c	1027	small-integer-cast	listed-TU	int n = (int)(last - first);
src/PC/gfx_d3d/r_init.c	1038	small-integer-cast	listed-TU	first, 0, (int)(end - first), value, comp);
src/PC/gfx_d3d/r_init.c	1044	small-integer-cast	listed-TU	int n = (int)(last - first);
src/PC/gfx_d3d/r_jpeg.c	90	small-integer-cast	listed-TU	hackSize = (int)(dest->bufsize - dest->pub.free_in_buffer);
src/PC/gfx_d3d/r_jpeg.c	96	fixed-byte-access	listed-TU	void *(*mallocFunc)(size_t) = *(void *(**)(size_t))(sys + 0x14);
src/PC/gfx_d3d/r_jpeg.c	96	constant-pointer-arithmetic	listed-TU	void *(*mallocFunc)(size_t) = *(void *(**)(size_t))(sys + 0x14);
src/PC/gfx_d3d/r_jpeg.c	103	fixed-byte-access	listed-TU	void (*freeFunc)(void *, size_t) = *(void (**)(void *, size_t))(sys + 0x18);
src/PC/gfx_d3d/r_jpeg.c	103	constant-pointer-arithmetic	listed-TU	void (*freeFunc)(void *, size_t) = *(void (**)(void *, size_t))(sys + 0x18);
src/PC/gfx_d3d/r_jpeg.c	110	fixed-byte-access	listed-TU	void (*errFunc)(int, const char *) = *(void (**)(int, const char *))(sys + 4);
src/PC/gfx_d3d/r_jpeg.c	110	constant-pointer-arithmetic	listed-TU	void (*errFunc)(int, const char *) = *(void (**)(int, const char *))(sys + 4);
src/PC/gfx_d3d/r_jpeg.c	177	constant-pointer-arithmetic	listed-TU	byte cinfo_buf[JPEG_D_STRUCT_SIZE + 0x48];
src/PC/gfx_d3d/r_jpeg.c	194	fixed-byte-access	listed-TU	filesize = ((int (*)(const char *, byte **)) * (void **)(sys + 0x128))(filepath, &fbuffer);
src/PC/gfx_d3d/r_jpeg.c	194	constant-pointer-arithmetic	listed-TU	filesize = ((int (*)(const char *, byte **)) * (void **)(sys + 0x128))(filepath, &fbuffer);
src/PC/gfx_d3d/r_jpeg.c	203	fixed-byte-access	listed-TU	*(void **)(cinfo + 0x18) = Z_MallocJpeg;
src/PC/gfx_d3d/r_jpeg.c	203	constant-pointer-arithmetic	listed-TU	*(void **)(cinfo + 0x18) = Z_MallocJpeg;
src/PC/gfx_d3d/r_jpeg.c	204	fixed-byte-access	listed-TU	*(void **)(cinfo + 0x1c) = Z_FreeJpeg;
src/PC/gfx_d3d/r_jpeg.c	204	constant-pointer-arithmetic	listed-TU	*(void **)(cinfo + 0x1c) = Z_FreeJpeg;
src/PC/gfx_d3d/r_jpeg.c	250	fixed-byte-access	listed-TU	buf = ((byte * (*)(int)) * (void **)(sys + 0x10))(output_width * output_height * 4);
src/PC/gfx_d3d/r_jpeg.c	250	constant-pointer-arithmetic	listed-TU	buf = ((byte * (*)(int)) * (void **)(sys + 0x10))(output_width * output_height * 4);
src/PC/gfx_d3d/r_jpeg.c	250	small-integer-cast	listed-TU	buf = ((byte * (*)(int)) * (void **)(sys + 0x10))(output_width * output_height * 4);
src/PC/gfx_d3d/r_jpeg.c	264	constant-pointer-arithmetic	listed-TU	buf[x * 4 + 2] = buf[srcOffset + 2];
src/PC/gfx_d3d/r_jpeg.c	265	constant-pointer-arithmetic	listed-TU	buf[x * 4 + 1] = buf[srcOffset + 1];
src/PC/gfx_d3d/r_light.c	199	constant-pointer-arithmetic	listed-TU	distSq = PointToBoxDistSq(origin, bounds, bounds + 3);
src/PC/gfx_d3d/r_light_load_obj.c	51	constant-pointer-arithmetic	listed-TU	const char *attImageName = ptr + 2;
src/PC/gfx_d3d/r_loadworld_new.c	63	fixed-byte-access	listed-TU	int lumpFileOfs = *(int *)(header + lumpByteOfs + 4);
src/PC/gfx_d3d/r_loadworld_new.c	63	constant-pointer-arithmetic	listed-TU	int lumpFileOfs = *(int *)(header + lumpByteOfs + 4);
src/PC/gfx_d3d/r_loadworld_new.c	169	fixed-byte-access	listed-TU	int entityOfs = *(int *)(header + LUMP_OFS_ENTITIES + 4);
src/PC/gfx_d3d/r_loadworld_new.c	169	constant-pointer-arithmetic	listed-TU	int entityOfs = *(int *)(header + LUMP_OFS_ENTITIES + 4);
src/PC/gfx_d3d/r_loadworld_new.c	198	small-integer-cast	listed-TU	int lmIdx = (int)(unsigned short)triSurfs[i].lightmapIndex;
src/PC/gfx_d3d/r_loadworld_new.c	200	constant-pointer-arithmetic	listed-TU	int candidate = (int)(signed short)lmIdx + 1;
src/PC/gfx_d3d/r_loadworld_new.c	200	small-integer-cast	listed-TU	int candidate = (int)(signed short)lmIdx + 1;
src/PC/gfx_d3d/r_loadworld_new.c	212	small-integer-cast	listed-TU	memset(lmapVertCount, 0, sizeof(int) * MAX_LIGHTMAPS);
src/PC/gfx_d3d/r_loadworld_new.c	213	small-integer-cast	listed-TU	memset(coupling, 0, sizeof(int) * MAX_LIGHTMAPS * MAX_LIGHTMAPS);
src/PC/gfx_d3d/r_loadworld_new.c	220	small-integer-cast	listed-TU	int lmIdx = (int)(unsigned short)triSurfs[i].lightmapIndex;
src/PC/gfx_d3d/r_loadworld_new.c	232	constant-pointer-arithmetic	listed-TU	int nextLmap = lmapIndex + 1;
src/PC/gfx_d3d/r_loadworld_new.c	232	pointer-named-integer-field	listed-TU	int nextLmap = lmapIndex + 1;
src/PC/gfx_d3d/r_loadworld_new.c	316	constant-pointer-arithmetic	listed-TU	for (j = firstLmap + 1; j < origLmapCount; j++) {
src/PC/gfx_d3d/r_loadworld_new.c	326	constant-pointer-arithmetic	listed-TU	reorder[usedCount + 1] = bestOther;
src/PC/gfx_d3d/r_loadworld_new.c	340	pointer-named-integer-field	listed-TU	int nextBest = LIGHTMAP_NONE;
src/PC/gfx_d3d/r_loadworld_new.c	395	fixed-byte-access	listed-TU	int lmDataOfs = *(int *)(header + LUMP_OFS_LIGHTMAPS + 4);
src/PC/gfx_d3d/r_loadworld_new.c	395	constant-pointer-arithmetic	listed-TU	int lmDataOfs = *(int *)(header + LUMP_OFS_LIGHTMAPS + 4);
src/PC/gfx_d3d/r_loadworld_new.c	428	small-integer-cast	listed-TU	const byte *srcPtr = lmapData + (unsigned int)oldLmapIndex * LIGHTMAP_BYTES;
src/PC/gfx_d3d/r_loadworld_new.c	469	small-integer-cast	listed-TU	int grpOffset = groupIdx * (int)sizeof(GfxLightmapArray);
src/PC/gfx_d3d/r_loadworld_new.c	496	small-integer-cast	listed-TU	int iR = (int)valR;
src/PC/gfx_d3d/r_loadworld_new.c	504	small-integer-cast	listed-TU	int iG = (int)valG;
src/PC/gfx_d3d/r_loadworld_new.c	512	small-integer-cast	listed-TU	int iB = (int)valB;
src/PC/gfx_d3d/r_loadworld_new.c	538	small-integer-cast	listed-TU	int grpOffset = groupIdx * (int)sizeof(GfxLightmapArray);
src/PC/gfx_d3d/r_loadworld_new.c	646	small-integer-cast	listed-TU	int idx = (int)(signed short)srcOcc[i];
src/PC/gfx_d3d/r_marks.c	299	constant-pointer-arithmetic	listed-TU	int next = (pointIndex + 1) % 4;
src/PC/gfx_d3d/r_marks.c	299	pointer-named-integer-field	listed-TU	int next = (pointIndex + 1) % 4;
src/PC/gfx_d3d/r_marks.c	310	constant-pointer-arithmetic	listed-TU	planeDists[pointIndex + 1] = normals[pointIndex][0] * from[0] + normals[pointIndex][1] * from[1] + normals[pointIndex][2] * from[2];
src/PC/gfx_d3d/r_marks.c	463	constant-pointer-arithmetic	listed-TU	k = j + 1;
src/PC/gfx_d3d/r_marks.c	524	small-integer-cast	listed-TU	for (v = 0; v < (int)curFragment->pointCount; v++) {
src/PC/gfx_d3d/r_material.c	65	constant-pointer-arithmetic	listed-TU	#define MG_TECHSET     ((MaterialTechniqueSet **)(materialGlobals + 0x308))
src/PC/gfx_d3d/r_material.c	66	constant-pointer-arithmetic	listed-TU	#define MG_TECH        ((MaterialTechnique **)(materialGlobals + 0x130C))
src/PC/gfx_d3d/r_material.c	67	fixed-byte-access	listed-TU	#define MG_TECHCOUNT   (*(int *)(materialGlobals + 0x1308))
src/PC/gfx_d3d/r_material.c	67	constant-pointer-arithmetic	listed-TU	#define MG_TECHCOUNT   (*(int *)(materialGlobals + 0x1308))
src/PC/gfx_d3d/r_material.c	68	fixed-byte-access	listed-TU	#define MG_LITCOUNT    (*(int *)(materialGlobals + 0x230C))
src/PC/gfx_d3d/r_material.c	68	constant-pointer-arithmetic	listed-TU	#define MG_LITCOUNT    (*(int *)(materialGlobals + 0x230C))
src/PC/gfx_d3d/r_material.c	69	constant-pointer-arithmetic	listed-TU	#define MG_LITERALS    ((float *)(materialGlobals + 0x2310))
src/PC/gfx_d3d/r_material.c	70	constant-pointer-arithmetic	listed-TU	#define MG_STATEMAP    ((MaterialStateMap **)(materialGlobals + 0x2414))
src/PC/gfx_d3d/r_material.c	71	constant-pointer-arithmetic	listed-TU	#define MG_STRING      ((const char **)(materialGlobals + 0x2498))
src/PC/gfx_d3d/r_material.c	72	fixed-byte-access	listed-TU	#define MG_STRINGCOUNT (*(int *)(materialGlobals + 0x2494))
src/PC/gfx_d3d/r_material.c	72	constant-pointer-arithmetic	listed-TU	#define MG_STRINGCOUNT (*(int *)(materialGlobals + 0x2494))
src/PC/gfx_d3d/r_material.c	73	constant-pointer-arithmetic	listed-TU	#define MG_SHADER      ((MaterialShader **)(materialGlobals + 0x259C))
src/PC/gfx_d3d/r_material.c	74	fixed-byte-access	listed-TU	#define MG_SHADERCOUNT (*(int *)(materialGlobals + 0x2598))
src/PC/gfx_d3d/r_material.c	74	constant-pointer-arithmetic	listed-TU	#define MG_SHADERCOUNT (*(int *)(materialGlobals + 0x2598))
src/PC/gfx_d3d/r_material.c	75	fixed-size-memory-call	listed-TU	#define MG_CLEAR()     memset(materialGlobals, 0, 0x299c)
src/PC/gfx_d3d/r_material.c	80	small-integer-cast	listed-TU	#define ARRAY_COUNT(x) ((int)(sizeof(x) / sizeof((x)[0])))
src/PC/gfx_d3d/r_material.c	185	small-integer-cast	listed-TU	int len = (int)strlen(name);
src/PC/gfx_d3d/r_material.c	205	small-integer-cast	listed-TU	len = (int)strlen(name);
src/PC/gfx_d3d/r_material.c	206	small-integer-cast	listed-TU	if (len >= (int)sizeof(aliasName))
src/PC/gfx_d3d/r_material.c	257	small-integer-cast	listed-TU	int diff = (int)mtl0->info.sortKey - (int)mtl1->info.sortKey;
src/PC/gfx_d3d/r_material.c	257	integer-cast-hash-or-key	listed-TU	int diff = (int)mtl0->info.sortKey - (int)mtl1->info.sortKey;
src/PC/gfx_d3d/r_material.c	259	small-integer-cast	listed-TU	return (unsigned int)diff >> 31;
src/PC/gfx_d3d/r_material.c	260	small-integer-cast	listed-TU	diff = (int)((unsigned int)mtl0->techniqueSet - (unsigned int)mtl1->techniqueSet);
src/PC/gfx_d3d/r_material.c	263	small-integer-cast	listed-TU	return (unsigned int)diff >> 31;
src/PC/gfx_d3d/r_material.c	279	constant-pointer-arithmetic	listed-TU	hash = (hash + 1) & 0x3ff;
src/PC/gfx_d3d/r_material.c	296	constant-pointer-arithmetic	listed-TU	hash = (hash + 1) & 0x3ff;
src/PC/gfx_d3d/r_material.c	312	constant-pointer-arithmetic	listed-TU	hash = (hash + 1) & 0x1f;
src/PC/gfx_d3d/r_material.c	327	small-integer-cast	listed-TU	hash = (hash + (int)shaderType * 97 + shaderVersion) & 0xff;
src/PC/gfx_d3d/r_material.c	327	integer-cast-hash-or-key	listed-TU	hash = (hash + (int)shaderType * 97 + shaderVersion) & 0xff;
src/PC/gfx_d3d/r_material.c	331	small-integer-cast	listed-TU	if ((int)entry->shaderType == (int)shaderType &&
src/PC/gfx_d3d/r_material.c	332	small-integer-cast	listed-TU	(int)entry->shaderVersion == shaderVersion &&
src/PC/gfx_d3d/r_material.c	335	constant-pointer-arithmetic	listed-TU	hash = (hash + 1) & 0xff;
src/PC/gfx_d3d/r_material.c	420	fixed-byte-access	listed-TU	material = *(byte **)(slot + 0x28);
src/PC/gfx_d3d/r_material.c	420	constant-pointer-arithmetic	listed-TU	material = *(byte **)(slot + 0x28);
src/PC/gfx_d3d/r_material.c	474	small-integer-cast	listed-TU	int byteRange = (int)((byte *)last - (byte *)first);
src/PC/gfx_d3d/r_material.c	496	constant-pointer-arithmetic	listed-TU	Material **mid = first + 16;
src/PC/gfx_d3d/r_material.c	530	small-integer-cast	listed-TU	void *(*hunkAlloc)(int);
src/PC/gfx_d3d/r_material.c	537	constant-pointer-arithmetic	listed-TU	hash = (hash + 1) & 0x3f;
src/PC/gfx_d3d/r_material.c	541	constant-pointer-arithmetic	listed-TU	count = MG_STRINGCOUNT + 1;
src/PC/gfx_d3d/r_material.c	565	small-integer-cast	listed-TU	void *(*hunkAlloc)(int);
src/PC/gfx_d3d/r_material.c	568	constant-pointer-arithmetic	listed-TU	hash += (i + 0x77) * routingBytes[i];
src/PC/gfx_d3d/r_material.c	585	constant-pointer-arithmetic	listed-TU	hash = (hash + 1) & 0x1f;
src/PC/gfx_d3d/r_material.c	611	constant-pointer-arithmetic	listed-TU	hash = (hash + 1) & 0x1f;
src/PC/gfx_d3d/r_material.c	622	constant-pointer-arithmetic	listed-TU	hash = (hash + 1) & 0x3ff;
src/PC/gfx_d3d/r_material.c	633	constant-pointer-arithmetic	listed-TU	hash = (hash + 1) & 0x3ff;
src/PC/gfx_d3d/r_material.c	645	constant-pointer-arithmetic	listed-TU	hash = (hash + 1) & 0xff;
src/PC/gfx_d3d/r_material.c	758	small-integer-cast	listed-TU	if (numElems > 0 && (unsigned)elemTable[numElems - 1].Stream > (unsigned)src[0]) {
src/PC/gfx_d3d/r_material.c	762	small-integer-cast	listed-TU	if ((unsigned)elemTable[j - 1].Stream <= (unsigned)src[0])
src/PC/gfx_d3d/r_material.c	781	constant-pointer-arithmetic	listed-TU	memcpy((byte *)&elemTable[numElems] + 4, (byte *)&declEnd + 4, 4);
src/PC/gfx_d3d/r_material.c	781	fixed-size-memory-call	listed-TU	memcpy((byte *)&elemTable[numElems] + 4, (byte *)&declEnd + 4, 4);
src/PC/gfx_d3d/r_material.c	868	small-integer-cast	listed-TU	if (numElems > 0 && (unsigned)elemTable[numElems - 1].Stream > (unsigned)src[0]) {
src/PC/gfx_d3d/r_material.c	872	pointer-named-integer-field	listed-TU	int prev = j - 1;
src/PC/gfx_d3d/r_material.c	874	small-integer-cast	listed-TU	if ((unsigned)elemTable[prev].Stream <= (unsigned)src[0])
src/PC/gfx_d3d/r_material.c	894	constant-pointer-arithmetic	listed-TU	memcpy((byte *)&elemTable[numElems] + 4, (byte *)&declEnd + 4, 4);
src/PC/gfx_d3d/r_material.c	894	fixed-size-memory-call	listed-TU	memcpy((byte *)&elemTable[numElems] + 4, (byte *)&declEnd + 4, 4);
src/PC/gfx_d3d/r_material.c	940	constant-pointer-arithmetic	listed-TU	hash = (hash + 1) & 0x3ff;
src/PC/gfx_d3d/r_material.c	972	small-integer-cast	listed-TU	if ((unsigned int)img > (unsigned int)best)
src/PC/gfx_d3d/r_material.c	976	small-integer-cast	listed-TU	if ((unsigned int)img > (unsigned int)best &&
src/PC/gfx_d3d/r_material.c	977	small-integer-cast	listed-TU	(unsigned int)img < (unsigned int)lastReloaded)
src/PC/gfx_d3d/r_material.c	1000	small-integer-cast	listed-TU	void *(*hunkAlloc)(int);
src/PC/gfx_d3d/r_material.c	1012	constant-pointer-arithmetic	listed-TU	hash = (hash + 1) & 0x3ff;
src/PC/gfx_d3d/r_material.c	1018	small-integer-cast	listed-TU	material = (byte *)hunkAlloc((int)sizeof(Material) + nameLen);   /* 0x44 was x86 sizeof(Material) */
src/PC/gfx_d3d/r_material.c	1063	constant-pointer-arithmetic	listed-TU	hash = (hash + 1) & 0x3ff;
src/PC/gfx_d3d/r_material.c	1162	constant-pointer-arithmetic	listed-TU	int secondChild = 2 * holeIndex + 2;
src/PC/gfx_d3d/r_material.c	1168	constant-pointer-arithmetic	listed-TU	secondChild = 2 * secondChild + 2;
src/PC/gfx_d3d/r_material.c	1191	constant-pointer-arithmetic	listed-TU	for (i = first + 1; i != last; i++) {
src/PC/gfx_d3d/r_material.c	1194	small-integer-cast	listed-TU	unsigned int n = (unsigned int)((char *)i - (char *)first) & ~3u;
src/PC/gfx_d3d/r_material.c	1195	constant-pointer-arithmetic	listed-TU	memmove(first + 1, first, n);
src/PC/gfx_d3d/r_material.c	1220	small-integer-cast	listed-TU	int len = (int)(last - first);
src/PC/gfx_d3d/r_material.c	1235	small-integer-cast	listed-TU	first, 0, (int)((last - 1) - first), value, comp);
src/PC/gfx_d3d/r_material.c	1242	small-integer-cast	listed-TU	int n = (int)(last - first);
src/PC/gfx_d3d/r_material_code_tables.c	3	x86-only-width-guard	listed-TU	#if defined(__x86_64__) || defined(_M_X64) || COD2_APPLE_SDK
src/PC/gfx_d3d/r_material_code_tables.c	6	small-integer-cast	listed-TU	#    define COD2_SUBTABLE_PTR(p) ((int)(p))
src/PC/gfx_d3d/r_material_load_obj.c	15	x86-only-width-guard	listed-TU	#if defined(__x86_64__) || defined(_M_X64)
src/PC/gfx_d3d/r_material_load_obj.c	17	fixed-byte-access	listed-TU	#    define MTLGLOB_PTR(T) (*(T **)(mtlLoadGlob + 8))
src/PC/gfx_d3d/r_material_load_obj.c	17	constant-pointer-arithmetic	listed-TU	#    define MTLGLOB_PTR(T) (*(T **)(mtlLoadGlob + 8))
src/PC/gfx_d3d/r_material_load_obj.c	18	fixed-byte-access	listed-TU	#    define MTLGLOB_SET_PTR(p) (*(void **)(mtlLoadGlob + 8) = (void *)(p))
src/PC/gfx_d3d/r_material_load_obj.c	18	constant-pointer-arithmetic	listed-TU	#    define MTLGLOB_SET_PTR(p) (*(void **)(mtlLoadGlob + 8) = (void *)(p))
src/PC/gfx_d3d/r_material_load_obj.c	21	fixed-byte-access	listed-TU	#    define MTLGLOB_PTR(T) (*(T **)(mtlLoadGlob + 4))
src/PC/gfx_d3d/r_material_load_obj.c	21	constant-pointer-arithmetic	listed-TU	#    define MTLGLOB_PTR(T) (*(T **)(mtlLoadGlob + 4))
src/PC/gfx_d3d/r_material_load_obj.c	22	fixed-byte-access	listed-TU	#    define MTLGLOB_SET_PTR(p) (*(int *)(mtlLoadGlob + 4) = (int)(p))
src/PC/gfx_d3d/r_material_load_obj.c	22	constant-pointer-arithmetic	listed-TU	#    define MTLGLOB_SET_PTR(p) (*(int *)(mtlLoadGlob + 4) = (int)(p))
src/PC/gfx_d3d/r_material_load_obj.c	22	small-integer-cast	listed-TU	#    define MTLGLOB_SET_PTR(p) (*(int *)(mtlLoadGlob + 4) = (int)(p))
src/PC/gfx_d3d/r_material_load_obj.c	143	small-integer-cast	listed-TU	if (*(const char **)(consts + j * (int)sizeof(MaterialConstantDef)) == argName) {
src/PC/gfx_d3d/r_material_load_obj.c	159	small-integer-cast	listed-TU	if (*(const char **)(texs + j * (int)sizeof(MaterialTextureDef)) == argName) {
src/PC/gfx_d3d/r_material_load_obj.c	182	pointer-named-integer-field	listed-TU	int fileHandle;
src/PC/gfx_d3d/r_material_load_obj.c	187	constant-pointer-arithmetic	listed-TU	int allocSize = strlen(subdir) + strlen(filename) + fileSize + 2;
src/PC/gfx_d3d/r_material_load_obj.c	192	constant-pointer-arithmetic	listed-TU	cached->text = buf + nameLen + 1;
src/PC/gfx_d3d/r_material_load_obj.c	224	constant-pointer-arithmetic	listed-TU	bot = mid + 1;
src/PC/gfx_d3d/r_material_load_obj.c	268	x86-only-width-guard	listed-TU	#if defined(__x86_64__) || defined(_M_X64)
src/PC/gfx_d3d/r_material_load_obj.c	301	x86-only-width-guard	listed-TU	#if defined(__x86_64__) || defined(_M_X64)
src/PC/gfx_d3d/r_material_load_obj.c	306	constant-pointer-arithmetic	listed-TU	GfxCachedShaderText *threshold = first + 16;
src/PC/gfx_d3d/r_material_load_obj.c	309	constant-pointer-arithmetic	listed-TU	for (ii = first + 1; ii != threshold && ii != last; ii++) {
src/PC/gfx_d3d/r_material_load_obj.c	312	constant-pointer-arithmetic	listed-TU	memmove(first + 1, first, (char *)ii - (char *)first);
src/PC/gfx_d3d/r_material_load_obj.c	340	constant-pointer-arithmetic	listed-TU	for (ii = first + 1; ii != last; ii++) {
src/PC/gfx_d3d/r_material_load_obj.c	343	constant-pointer-arithmetic	listed-TU	memmove(first + 1, first, (char *)ii - (char *)first);
src/PC/gfx_d3d/r_material_load_obj.c	385	constant-pointer-arithmetic	listed-TU	byte componentCount = *(routing + 5);
src/PC/gfx_d3d/r_material_load_obj.c	426	small-integer-cast	listed-TU	if ((int)componentCount > entry->arrayCount) {
src/PC/gfx_d3d/r_material_load_obj.c	428	small-integer-cast	listed-TU	entry->name, entry->arrayCount, (int)componentCount);
src/PC/gfx_d3d/r_material_load_obj.c	445	fixed-byte-access	listed-TU	*(unsigned short *)(arg + 4) = (unsigned short)source;
src/PC/gfx_d3d/r_material_load_obj.c	445	constant-pointer-arithmetic	listed-TU	*(unsigned short *)(arg + 4) = (unsigned short)source;
src/PC/gfx_d3d/r_material_load_obj.c	446	constant-pointer-arithmetic	listed-TU	*(arg + 6) = 0;
src/PC/gfx_d3d/r_material_load_obj.c	447	constant-pointer-arithmetic	listed-TU	*(arg + 7) = *(routing + 5);
src/PC/gfx_d3d/r_material_load_obj.c	451	fixed-byte-access	listed-TU	short *routingShaderType = *(short **)(routing + 0xc);
src/PC/gfx_d3d/r_material_load_obj.c	451	constant-pointer-arithmetic	listed-TU	short *routingShaderType = *(short **)(routing + 0xc);
src/PC/gfx_d3d/r_material_load_obj.c	459	fixed-byte-access	listed-TU	*(unsigned short *)(arg + 4) = (unsigned short)source;
src/PC/gfx_d3d/r_material_load_obj.c	459	constant-pointer-arithmetic	listed-TU	*(unsigned short *)(arg + 4) = (unsigned short)source;
src/PC/gfx_d3d/r_material_load_obj.c	460	constant-pointer-arithmetic	listed-TU	*(arg + 6) = 0;
src/PC/gfx_d3d/r_material_load_obj.c	461	fixed-byte-access	listed-TU	byte *routingShader = *(byte **)(routing + 8);
src/PC/gfx_d3d/r_material_load_obj.c	461	constant-pointer-arithmetic	listed-TU	byte *routingShader = *(byte **)(routing + 8);
src/PC/gfx_d3d/r_material_load_obj.c	462	fixed-byte-access	listed-TU	*(arg + 7) = (byte) * (unsigned short *)(routingShader + 8);
src/PC/gfx_d3d/r_material_load_obj.c	462	constant-pointer-arithmetic	listed-TU	*(arg + 7) = (byte) * (unsigned short *)(routingShader + 8);
src/PC/gfx_d3d/r_material_load_obj.c	468	fixed-byte-access	listed-TU	*(unsigned short *)(arg + 4) = (unsigned short)source;
src/PC/gfx_d3d/r_material_load_obj.c	468	constant-pointer-arithmetic	listed-TU	*(unsigned short *)(arg + 4) = (unsigned short)source;
src/PC/gfx_d3d/r_material_load_obj.c	470	small-integer-cast	listed-TU	if ((unsigned)rowIndex > 3) {
src/PC/gfx_d3d/r_material_load_obj.c	474	constant-pointer-arithmetic	listed-TU	*(arg + 6) = (byte)rowIndex;
src/PC/gfx_d3d/r_material_load_obj.c	475	constant-pointer-arithmetic	listed-TU	*(arg + 7) = 1;
src/PC/gfx_d3d/r_material_load_obj.c	558	fixed-byte-access	listed-TU	int funcValidMask = *(int *)(entry + 12);
src/PC/gfx_d3d/r_material_load_obj.c	558	constant-pointer-arithmetic	listed-TU	int funcValidMask = *(int *)(entry + 12);
src/PC/gfx_d3d/r_material_load_obj.c	564	fixed-byte-access	listed-TU	*texStageBits = *(int *)(entry + 4);
src/PC/gfx_d3d/r_material_load_obj.c	564	constant-pointer-arithmetic	listed-TU	*texStageBits = *(int *)(entry + 4);
src/PC/gfx_d3d/r_material_load_obj.c	565	fixed-byte-access	listed-TU	argCount = *(int *)(entry + 8);
src/PC/gfx_d3d/r_material_load_obj.c	565	constant-pointer-arithmetic	listed-TU	argCount = *(int *)(entry + 8);
src/PC/gfx_d3d/r_material_load_obj.c	755	fixed-byte-access	listed-TU	hr = D3DXGetShaderConstantTable((const void *)((const MaterialShader *)mtlShader)->program, &constants);   /* was *(void**)(mtlShader+4) (x86 program offset) */
src/PC/gfx_d3d/r_material_load_obj.c	755	constant-pointer-arithmetic	listed-TU	hr = D3DXGetShaderConstantTable((const void *)((const MaterialShader *)mtlShader)->program, &constants);   /* was *(void**)(mtlShader+4) (x86 program offset) */
src/PC/gfx_d3d/r_material_load_obj.c	767	fixed-byte-access	listed-TU	constantCount = *(const unsigned int *)(constantTable + 0xC);
src/PC/gfx_d3d/r_material_load_obj.c	767	constant-pointer-arithmetic	listed-TU	constantCount = *(const unsigned int *)(constantTable + 0xC);
src/PC/gfx_d3d/r_material_load_obj.c	811	small-integer-cast	listed-TU	allocatedArgs = (MaterialShaderArgument *)Material_Alloc(fallbackCount * (int)sizeof(MaterialShaderArgument));
src/PC/gfx_d3d/r_material_load_obj.c	818	small-integer-cast	listed-TU	allocatedArgs = (MaterialShaderArgument *)Material_Alloc(constantCount * (int)sizeof(MaterialShaderArgument));   /* 8 was x86 sizeof */
src/PC/gfx_d3d/r_material_load_obj.c	821	fixed-byte-access	listed-TU	constantInfo = constantTable + *(const unsigned int *)(constantTable + 0x10);
src/PC/gfx_d3d/r_material_load_obj.c	821	constant-pointer-arithmetic	listed-TU	constantInfo = constantTable + *(const unsigned int *)(constantTable + 0x10);
src/PC/gfx_d3d/r_material_load_obj.c	851	small-integer-cast	listed-TU	found = (int)i;
src/PC/gfx_d3d/r_material_load_obj.c	875	fixed-byte-access	listed-TU	typeInfo = constantTable + *(const unsigned int *)(constEntry + 0xC);
src/PC/gfx_d3d/r_material_load_obj.c	875	constant-pointer-arithmetic	listed-TU	typeInfo = constantTable + *(const unsigned int *)(constEntry + 0xC);
src/PC/gfx_d3d/r_material_load_obj.c	877	fixed-byte-access	listed-TU	arg->dest = *(const unsigned short *)(constEntry + 6);
src/PC/gfx_d3d/r_material_load_obj.c	877	constant-pointer-arithmetic	listed-TU	arg->dest = *(const unsigned short *)(constEntry + 6);
src/PC/gfx_d3d/r_material_load_obj.c	884	fixed-byte-access	listed-TU	if ((unsigned)firstRow >= *(const unsigned short *)(typeInfo + 8)) {
src/PC/gfx_d3d/r_material_load_obj.c	884	constant-pointer-arithmetic	listed-TU	if ((unsigned)firstRow >= *(const unsigned short *)(typeInfo + 8)) {
src/PC/gfx_d3d/r_material_load_obj.c	884	small-integer-cast	listed-TU	if ((unsigned)firstRow >= *(const unsigned short *)(typeInfo + 8)) {
src/PC/gfx_d3d/r_material_load_obj.c	886	fixed-byte-access	listed-TU	(int)firstRow, (int)*(const unsigned short *)(typeInfo + 8) - 1);
src/PC/gfx_d3d/r_material_load_obj.c	886	constant-pointer-arithmetic	listed-TU	(int)firstRow, (int)*(const unsigned short *)(typeInfo + 8) - 1);
src/PC/gfx_d3d/r_material_load_obj.c	886	small-integer-cast	listed-TU	(int)firstRow, (int)*(const unsigned short *)(typeInfo + 8) - 1);
src/PC/gfx_d3d/r_material_load_obj.c	895	fixed-byte-access	listed-TU	if (endRow < firstRow || endRow >= (int)*(const unsigned short *)(typeInfo + 8)) {
src/PC/gfx_d3d/r_material_load_obj.c	895	constant-pointer-arithmetic	listed-TU	if (endRow < firstRow || endRow >= (int)*(const unsigned short *)(typeInfo + 8)) {
src/PC/gfx_d3d/r_material_load_obj.c	895	small-integer-cast	listed-TU	if (endRow < firstRow || endRow >= (int)*(const unsigned short *)(typeInfo + 8)) {
src/PC/gfx_d3d/r_material_load_obj.c	897	fixed-byte-access	listed-TU	endRow, (int)firstRow, (int)*(const unsigned short *)(typeInfo + 8) - 1);
src/PC/gfx_d3d/r_material_load_obj.c	897	constant-pointer-arithmetic	listed-TU	endRow, (int)firstRow, (int)*(const unsigned short *)(typeInfo + 8) - 1);
src/PC/gfx_d3d/r_material_load_obj.c	897	small-integer-cast	listed-TU	endRow, (int)firstRow, (int)*(const unsigned short *)(typeInfo + 8) - 1);
src/PC/gfx_d3d/r_material_load_obj.c	900	constant-pointer-arithmetic	listed-TU	rowCount = (byte)(endRow - firstRow + 1);
src/PC/gfx_d3d/r_material_load_obj.c	910	fixed-byte-access	listed-TU	rowCount = (byte) * (const unsigned short *)(typeInfo + 8);
src/PC/gfx_d3d/r_material_load_obj.c	910	constant-pointer-arithmetic	listed-TU	rowCount = (byte) * (const unsigned short *)(typeInfo + 8);
src/PC/gfx_d3d/r_material_load_obj.c	923	fixed-byte-access	listed-TU	constType = *(const unsigned short *)(typeInfo + 2);
src/PC/gfx_d3d/r_material_load_obj.c	923	constant-pointer-arithmetic	listed-TU	constType = *(const unsigned short *)(typeInfo + 2);
src/PC/gfx_d3d/r_material_load_obj.c	981	small-integer-cast	listed-TU	"Com_ScriptWarning(""unknown constant type '%i'\n"", (int)constType);"
src/PC/gfx_d3d/r_material_load_obj.c	999	small-integer-cast	listed-TU	if (usedCount == (int)constantCount)
src/PC/gfx_d3d/r_material_load_obj.c	1013	fixed-byte-access	listed-TU	dti = constantTable + *(const unsigned int *)(entry + 0xC);
src/PC/gfx_d3d/r_material_load_obj.c	1013	constant-pointer-arithmetic	listed-TU	dti = constantTable + *(const unsigned int *)(entry + 0xC);
src/PC/gfx_d3d/r_material_load_obj.c	1015	fixed-byte-access	listed-TU	da->dest = *(const unsigned short *)(entry + 6);
src/PC/gfx_d3d/r_material_load_obj.c	1015	constant-pointer-arithmetic	listed-TU	da->dest = *(const unsigned short *)(entry + 6);
src/PC/gfx_d3d/r_material_load_obj.c	1017	fixed-byte-access	listed-TU	drw = (*(const unsigned short *)dti == 1) ? (byte) * (const unsigned short *)(dti + 8) : 1;
src/PC/gfx_d3d/r_material_load_obj.c	1017	constant-pointer-arithmetic	listed-TU	drw = (*(const unsigned short *)dti == 1) ? (byte) * (const unsigned short *)(dti + 8) : 1;
src/PC/gfx_d3d/r_material_load_obj.c	1018	fixed-byte-access	listed-TU	constType = *(const unsigned short *)(dti + 2);
src/PC/gfx_d3d/r_material_load_obj.c	1018	constant-pointer-arithmetic	listed-TU	constType = *(const unsigned short *)(dti + 2);
src/PC/gfx_d3d/r_material_load_obj.c	1052	fixed-byte-access	listed-TU	da->u.codeConst.rowCount = (byte) * (const unsigned short *)(entry + 8);
src/PC/gfx_d3d/r_material_load_obj.c	1052	constant-pointer-arithmetic	listed-TU	da->u.codeConst.rowCount = (byte) * (const unsigned short *)(entry + 8);
src/PC/gfx_d3d/r_material_load_obj.c	1077	fixed-byte-access	listed-TU	da->u.codeConst.rowCount = (byte) * (const unsigned short *)(entry + 8);
src/PC/gfx_d3d/r_material_load_obj.c	1077	constant-pointer-arithmetic	listed-TU	da->u.codeConst.rowCount = (byte) * (const unsigned short *)(entry + 8);
src/PC/gfx_d3d/r_material_load_obj.c	1099	small-integer-cast	listed-TU	if (usedCount == (int)constantCount)
src/PC/gfx_d3d/r_material_load_obj.c	1109	small-integer-cast	listed-TU	"Com_Printf(""%i constant(s) were undefined\n"", (int)constantCount - usedCount);"
src/PC/gfx_d3d/r_material_load_obj.c	1183	fixed-size-memory-call	listed-TU	memset(rules, 0, 0x2020);
src/PC/gfx_d3d/r_material_load_obj.c	1252	constant-pointer-arithmetic	listed-TU	const MtlStateMapBitGroup *bgNext = stateSet + 1;
src/PC/gfx_d3d/r_material_load_obj.c	1278	small-integer-cast	listed-TU	((unsigned int *)ruleAtFirstRule)[4 + colIndex] |= (unsigned int)bitName->bits;
src/PC/gfx_d3d/r_material_load_obj.c	1279	small-integer-cast	listed-TU	((unsigned int *)ruleAtFirstRule)[6 + colIndex] |= (unsigned int)bgPtr->stateBitsMask[colIndex];
src/PC/gfx_d3d/r_material_load_obj.c	1295	constant-pointer-arithmetic	listed-TU	if (firstRule + 1 < ruleCount) {
src/PC/gfx_d3d/r_material_load_obj.c	1297	constant-pointer-arithmetic	listed-TU	for (i = firstRule + 1; i < ruleCount; i++) {
src/PC/gfx_d3d/r_material_load_obj.c	1318	constant-pointer-arithmetic	listed-TU	int totalBytes = ruleOffset + 4;
src/PC/gfx_d3d/r_material_load_obj.c	1378	small-integer-cast	listed-TU	int nameLen = (int)strlen(token) + 1;
src/PC/gfx_d3d/r_material_load_obj.c	1379	small-integer-cast	listed-TU	MaterialStateMap *sm = (MaterialStateMap *)Material_Alloc((int)sizeof(MaterialStateMap) + nameLen);
src/PC/gfx_d3d/r_material_load_obj.c	1380	constant-pointer-arithmetic	listed-TU	sm->name = (const char *)(sm + 1);
src/PC/gfx_d3d/r_material_load_obj.c	1381	constant-pointer-arithmetic	listed-TU	memcpy((void *)(sm + 1), token, nameLen);
src/PC/gfx_d3d/r_material_load_obj.c	1429	fixed-byte-access	listed-TU	unsigned int v14 = *(unsigned int *)(alphaRS + 0x14);
src/PC/gfx_d3d/r_material_load_obj.c	1429	constant-pointer-arithmetic	listed-TU	unsigned int v14 = *(unsigned int *)(alphaRS + 0x14);
src/PC/gfx_d3d/r_material_load_obj.c	1430	fixed-byte-access	listed-TU	*(unsigned int *)(alphaRS + 0x14) = (v14 & 0xf800ffff) | 0x120000;
src/PC/gfx_d3d/r_material_load_obj.c	1430	constant-pointer-arithmetic	listed-TU	*(unsigned int *)(alphaRS + 0x14) = (v14 & 0xf800ffff) | 0x120000;
src/PC/gfx_d3d/r_material_load_obj.c	1536	small-integer-cast	listed-TU	version = (int)floorf(fversion * 10.0f + 0.5f);
src/PC/gfx_d3d/r_material_load_obj.c	1571	x86-only-width-guard	listed-TU	#if defined(__x86_64__) || defined(_M_X64)
src/PC/gfx_d3d/r_material_load_obj.c	1578	x86-only-width-guard	listed-TU	#if defined(__x86_64__) || defined(_M_X64)
src/PC/gfx_d3d/r_material_load_obj.c	1585	constant-pointer-arithmetic	listed-TU	lo = mid + 1;
src/PC/gfx_d3d/r_material_load_obj.c	1596	constant-pointer-arithmetic	listed-TU	fileData = (byte *)((GfxCachedShaderText *)entry)->text;     /* was entry+4 (x86 offset) */
src/PC/gfx_d3d/r_material_load_obj.c	1597	constant-pointer-arithmetic	listed-TU	fileSize = ((GfxCachedShaderText *)entry)->textSize;          /* was entry+8 (x86 offset) */
src/PC/gfx_d3d/r_material_load_obj.c	1602	small-integer-cast	listed-TU	int baseLen = (int)strlen(filename);
src/PC/gfx_d3d/r_material_load_obj.c	1631	small-integer-cast	listed-TU	*(void **)includeObj = (void *)(__ZTV12IncludeClass + (2 * (int)sizeof(void *)));
src/PC/gfx_d3d/r_material_load_obj.c	1679	small-integer-cast	listed-TU	"(unsigned)hr, (hr < 0) ? ""FAIL"" : ""ok"");"
src/PC/gfx_d3d/r_material_load_obj.c	1712	small-integer-cast	listed-TU	nameLen = (int)strlen(filename) + 1;
src/PC/gfx_d3d/r_material_load_obj.c	1714	small-integer-cast	listed-TU	int hdr = (int)sizeof(MaterialShader);   /* 0x10 was x86 sizeof(MaterialShader) */
src/PC/gfx_d3d/r_material_load_obj.c	1725	fixed-byte-access	listed-TU	mtlShader->programLen = (unsigned short)(shaderSize >> 2);   /* was *(u16*)(mtl+8) */
src/PC/gfx_d3d/r_material_load_obj.c	1725	constant-pointer-arithmetic	listed-TU	mtlShader->programLen = (unsigned short)(shaderSize >> 2);   /* was *(u16*)(mtl+8) */
src/PC/gfx_d3d/r_material_load_obj.c	1785	small-integer-cast	listed-TU	*(int *)(mtl + 0) += (int)mtl;
src/PC/gfx_d3d/r_material_load_obj.c	1786	fixed-byte-access	listed-TU	*(int *)(mtl + 4) += (int)mtl;
src/PC/gfx_d3d/r_material_load_obj.c	1786	constant-pointer-arithmetic	listed-TU	*(int *)(mtl + 4) += (int)mtl;
src/PC/gfx_d3d/r_material_load_obj.c	1786	small-integer-cast	listed-TU	*(int *)(mtl + 4) += (int)mtl;
src/PC/gfx_d3d/r_material_load_obj.c	1787	small-integer-cast	listed-TU	((Material *)mtl)->textures = (MaterialTextureDef *)((int)((Material *)mtl)->textures + (int)mtl);
src/PC/gfx_d3d/r_material_load_obj.c	1793	small-integer-cast	listed-TU	*(int *)tex = (int)Material_RegisterString((const char *)((int)mtl + *(int *)tex));
src/PC/gfx_d3d/r_material_load_obj.c	1794	fixed-byte-access	listed-TU	byte sem = *(byte *)(tex + 5);
src/PC/gfx_d3d/r_material_load_obj.c	1794	constant-pointer-arithmetic	listed-TU	byte sem = *(byte *)(tex + 5);
src/PC/gfx_d3d/r_material_load_obj.c	1796	fixed-byte-access	listed-TU	byte *wd = (byte *)((int)mtl + *(int *)(tex + 8));
src/PC/gfx_d3d/r_material_load_obj.c	1796	constant-pointer-arithmetic	listed-TU	byte *wd = (byte *)((int)mtl + *(int *)(tex + 8));
src/PC/gfx_d3d/r_material_load_obj.c	1796	small-integer-cast	listed-TU	byte *wd = (byte *)((int)mtl + *(int *)(tex + 8));
src/PC/gfx_d3d/r_material_load_obj.c	1797	fixed-byte-access	listed-TU	*(int *)(tex + 8) = (int)wd;
src/PC/gfx_d3d/r_material_load_obj.c	1797	constant-pointer-arithmetic	listed-TU	*(int *)(tex + 8) = (int)wd;
src/PC/gfx_d3d/r_material_load_obj.c	1797	small-integer-cast	listed-TU	*(int *)(tex + 8) = (int)wd;
src/PC/gfx_d3d/r_material_load_obj.c	1800	fixed-byte-access	listed-TU	*(int *)(setup + 0x0c) = (int)*(unsigned short *)wd;
src/PC/gfx_d3d/r_material_load_obj.c	1800	constant-pointer-arithmetic	listed-TU	*(int *)(setup + 0x0c) = (int)*(unsigned short *)wd;
src/PC/gfx_d3d/r_material_load_obj.c	1800	small-integer-cast	listed-TU	*(int *)(setup + 0x0c) = (int)*(unsigned short *)wd;
src/PC/gfx_d3d/r_material_load_obj.c	1801	fixed-byte-access	listed-TU	*(int *)(setup + 0x10) = (int)*(unsigned short *)wd;
src/PC/gfx_d3d/r_material_load_obj.c	1801	constant-pointer-arithmetic	listed-TU	*(int *)(setup + 0x10) = (int)*(unsigned short *)wd;
src/PC/gfx_d3d/r_material_load_obj.c	1801	small-integer-cast	listed-TU	*(int *)(setup + 0x10) = (int)*(unsigned short *)wd;
src/PC/gfx_d3d/r_material_load_obj.c	1802	fixed-byte-access	listed-TU	*(int *)(setup + 0x14) = *(int *)(wd + 4);
src/PC/gfx_d3d/r_material_load_obj.c	1802	constant-pointer-arithmetic	listed-TU	*(int *)(setup + 0x14) = *(int *)(wd + 4);
src/PC/gfx_d3d/r_material_load_obj.c	1803	fixed-byte-access	listed-TU	*(int *)(setup + 0x18) = *(int *)(wd + 8);
src/PC/gfx_d3d/r_material_load_obj.c	1803	constant-pointer-arithmetic	listed-TU	*(int *)(setup + 0x18) = *(int *)(wd + 8);
src/PC/gfx_d3d/r_material_load_obj.c	1804	fixed-byte-access	listed-TU	*(int *)(setup + 0x1c) = 0x44480000;
src/PC/gfx_d3d/r_material_load_obj.c	1804	constant-pointer-arithmetic	listed-TU	*(int *)(setup + 0x1c) = 0x44480000;
src/PC/gfx_d3d/r_material_load_obj.c	1805	fixed-byte-access	listed-TU	*(int *)(setup + 0x20) = ((GfxWorld *)wd)->surfaceCount;
src/PC/gfx_d3d/r_material_load_obj.c	1805	constant-pointer-arithmetic	listed-TU	*(int *)(setup + 0x20) = ((GfxWorld *)wd)->surfaceCount;
src/PC/gfx_d3d/r_material_load_obj.c	1806	fixed-byte-access	listed-TU	*(int *)(setup + 0x24) = (*(int *)&((GfxWorld *)wd)->surfaces);
src/PC/gfx_d3d/r_material_load_obj.c	1806	constant-pointer-arithmetic	listed-TU	*(int *)(setup + 0x24) = (*(int *)&((GfxWorld *)wd)->surfaces);
src/PC/gfx_d3d/r_material_load_obj.c	1807	fixed-byte-access	listed-TU	*(int *)(setup + 0x28) = ((GfxWorld *)wd)->skySurfCount;
src/PC/gfx_d3d/r_material_load_obj.c	1807	constant-pointer-arithmetic	listed-TU	*(int *)(setup + 0x28) = ((GfxWorld *)wd)->skySurfCount;
src/PC/gfx_d3d/r_material_load_obj.c	1808	fixed-byte-access	listed-TU	*(int *)(setup + 0x2c) = (*(int *)&((GfxWorld *)wd)->nodes);
src/PC/gfx_d3d/r_material_load_obj.c	1808	constant-pointer-arithmetic	listed-TU	*(int *)(setup + 0x2c) = (*(int *)&((GfxWorld *)wd)->nodes);
src/PC/gfx_d3d/r_material_load_obj.c	1809	fixed-byte-access	listed-TU	*(int *)(setup + 0x40) = 0;
src/PC/gfx_d3d/r_material_load_obj.c	1809	constant-pointer-arithmetic	listed-TU	*(int *)(setup + 0x40) = 0;
src/PC/gfx_d3d/r_material_load_obj.c	1810	small-integer-cast	listed-TU	int wres = (int)R_LoadWaterSetup( (const water_t *)(setup));
src/PC/gfx_d3d/r_material_load_obj.c	1816	small-integer-cast	listed-TU	if (isDx7 && (unsigned)(sem - 3) <= 1) {
src/PC/gfx_d3d/r_material_load_obj.c	1817	fixed-byte-access	listed-TU	*(int *)(tex + 8) = 0;
src/PC/gfx_d3d/r_material_load_obj.c	1817	constant-pointer-arithmetic	listed-TU	*(int *)(tex + 8) = 0;
src/PC/gfx_d3d/r_material_load_obj.c	1819	fixed-byte-access	listed-TU	void *img = Image_Register((const char *)((int)mtl + *(int *)(tex + 8)), sem, imageTrack);
src/PC/gfx_d3d/r_material_load_obj.c	1819	constant-pointer-arithmetic	listed-TU	void *img = Image_Register((const char *)((int)mtl + *(int *)(tex + 8)), sem, imageTrack);
src/PC/gfx_d3d/r_material_load_obj.c	1819	small-integer-cast	listed-TU	void *img = Image_Register((const char *)((int)mtl + *(int *)(tex + 8)), sem, imageTrack);
src/PC/gfx_d3d/r_material_load_obj.c	1820	fixed-byte-access	listed-TU	*(int *)(tex + 8) = (int)img;
src/PC/gfx_d3d/r_material_load_obj.c	1820	constant-pointer-arithmetic	listed-TU	*(int *)(tex + 8) = (int)img;
src/PC/gfx_d3d/r_material_load_obj.c	1820	small-integer-cast	listed-TU	*(int *)(tex + 8) = (int)img;
src/PC/gfx_d3d/r_material_load_obj.c	1828	small-integer-cast	listed-TU	((Material *)mtl)->constants = (MaterialConstantDef *)((int)((Material *)mtl)->constants + (int)mtl);
src/PC/gfx_d3d/r_material_load_obj.c	1833	small-integer-cast	listed-TU	*(int *)ce = (int)Material_RegisterString((const char *)((int)mtl + *(int *)ce));
src/PC/gfx_d3d/r_material_load_obj.c	1840	small-integer-cast	listed-TU	const char *tsName = (const char *)(mtl + (unsigned int)(*(int *)&((Material *)mtl)->techniqueSet));
src/PC/gfx_d3d/r_material_load_obj.c	1856	small-integer-cast	listed-TU	"*(const char **)mtl, (*(int *)&((Material *)mtl)->techniqueSet), (tsName && (unsigned)tsName > 0x10000) ? tsName : ""(bad)"", (void *)techSet);"
src/PC/gfx_d3d/r_material_load_obj.c	1881	small-integer-cast	listed-TU	int tsNLen = (int)strlen(tsName) + 1;
src/PC/gfx_d3d/r_material_load_obj.c	2013	constant-pointer-arithmetic	listed-TU	di = (byte)(ci + 2);
src/PC/gfx_d3d/r_material_load_obj.c	2026	constant-pointer-arithmetic	listed-TU	di = (byte)(ti + 4);
src/PC/gfx_d3d/r_material_load_obj.c	2056	constant-pointer-arithmetic	listed-TU	si = (byte)(sti + 3);
src/PC/gfx_d3d/r_material_load_obj.c	2076	constant-pointer-arithmetic	listed-TU	ip = k + 1;
src/PC/gfx_d3d/r_material_load_obj.c	2079	constant-pointer-arithmetic	listed-TU	rd[(k + 1) * 2] = rd[k * 2];
src/PC/gfx_d3d/r_material_load_obj.c	2080	constant-pointer-arithmetic	listed-TU	rd[(k + 1) * 2 + 1] = rd[k * 2 + 1];
src/PC/gfx_d3d/r_material_load_obj.c	2158	constant-pointer-arithmetic	listed-TU	lpc = (unsigned short)(pi2 + 1);
src/PC/gfx_d3d/r_material_load_obj.c	2174	small-integer-cast	listed-TU	int nl = (int)strlen(techName) + 1;
src/PC/gfx_d3d/r_material_load_obj.c	2175	small-integer-cast	listed-TU	int pds = (int)lpc * (int)sizeof(MaterialPassDx9);
src/PC/gfx_d3d/r_material_load_obj.c	2176	small-integer-cast	listed-TU	int thdr = (int)offsetof(MaterialTechnique, passArray);
src/PC/gfx_d3d/r_material_load_obj.c	2231	fixed-byte-access	listed-TU	*(byte *)(dcp + *(int *)(sp + 4)) = 0;
src/PC/gfx_d3d/r_material_load_obj.c	2231	constant-pointer-arithmetic	listed-TU	*(byte *)(dcp + *(int *)(sp + 4)) = 0;
src/PC/gfx_d3d/r_material_load_obj.c	2254	fixed-byte-access	listed-TU	*(byte *)(dcp + *(int *)(sp + 4)) = 1;
src/PC/gfx_d3d/r_material_load_obj.c	2254	constant-pointer-arithmetic	listed-TU	*(byte *)(dcp + *(int *)(sp + 4)) = 1;
src/PC/gfx_d3d/r_material_load_obj.c	2267	constant-pointer-arithmetic	listed-TU	byte *ap = dcp + 0x0c + ti * 8;
src/PC/gfx_d3d/r_material_load_obj.c	2299	fixed-byte-access	listed-TU	*(byte *)(dcp + ti + 9) = 0;
src/PC/gfx_d3d/r_material_load_obj.c	2299	constant-pointer-arithmetic	listed-TU	*(byte *)(dcp + ti + 9) = 0;
src/PC/gfx_d3d/r_material_load_obj.c	2323	fixed-byte-access	listed-TU	*(byte *)(dcp + ti + 9) = 1;
src/PC/gfx_d3d/r_material_load_obj.c	2323	constant-pointer-arithmetic	listed-TU	*(byte *)(dcp + ti + 9) = 1;
src/PC/gfx_d3d/r_material_load_obj.c	2325	fixed-byte-access	listed-TU	*(byte *)(dcp + ti + 9) = 2;
src/PC/gfx_d3d/r_material_load_obj.c	2325	constant-pointer-arithmetic	listed-TU	*(byte *)(dcp + ti + 9) = 2;
src/PC/gfx_d3d/r_material_load_obj.c	2338	constant-pointer-arithmetic	listed-TU	texturesParsed = ti + 1;
src/PC/gfx_d3d/r_material_load_obj.c	2355	fixed-byte-access	listed-TU	*(unsigned short *)(dcp + 0x0c + fi * 8) = 3;
src/PC/gfx_d3d/r_material_load_obj.c	2355	constant-pointer-arithmetic	listed-TU	*(unsigned short *)(dcp + 0x0c + fi * 8) = 3;
src/PC/gfx_d3d/r_material_load_obj.c	2356	fixed-byte-access	listed-TU	*(unsigned short *)(dcp + 0x0e + fi * 8) = (unsigned short)fi;
src/PC/gfx_d3d/r_material_load_obj.c	2356	constant-pointer-arithmetic	listed-TU	*(unsigned short *)(dcp + 0x0e + fi * 8) = (unsigned short)fi;
src/PC/gfx_d3d/r_material_load_obj.c	2357	fixed-byte-access	listed-TU	*(int *)(dcp + 0x10 + fi * 8) = 1;
src/PC/gfx_d3d/r_material_load_obj.c	2357	constant-pointer-arithmetic	listed-TU	*(int *)(dcp + 0x10 + fi * 8) = 1;
src/PC/gfx_d3d/r_material_load_obj.c	2358	fixed-byte-access	listed-TU	*(byte *)(dcp + 9 + fi) = 0;
src/PC/gfx_d3d/r_material_load_obj.c	2358	constant-pointer-arithmetic	listed-TU	*(byte *)(dcp + 9 + fi) = 0;
src/PC/gfx_d3d/r_material_load_obj.c	2365	fixed-byte-access	listed-TU	*(int *)(dcp + 0x1c + sti * 4) = 0;
src/PC/gfx_d3d/r_material_load_obj.c	2365	constant-pointer-arithmetic	listed-TU	*(int *)(dcp + 0x1c + sti * 4) = 0;
src/PC/gfx_d3d/r_material_load_obj.c	2366	constant-pointer-arithmetic	listed-TU	"if (!Material_LoadPassTextureStateDx7_impl(&dtext, sti, ""rgb"", 1, (int *)(dcp + 0x1c + sti * 4))) {"
src/PC/gfx_d3d/r_material_load_obj.c	2370	fixed-byte-access	listed-TU	*(int *)(dcp + 0x3c + sti * 4) = 0;
src/PC/gfx_d3d/r_material_load_obj.c	2370	constant-pointer-arithmetic	listed-TU	*(int *)(dcp + 0x3c + sti * 4) = 0;
src/PC/gfx_d3d/r_material_load_obj.c	2371	constant-pointer-arithmetic	listed-TU	"if (!Material_LoadPassTextureStateDx7_impl(&dtext, sti, ""a"", 2, (int *)(dcp + 0x3c + sti * 4))) {"
src/PC/gfx_d3d/r_material_load_obj.c	2386	fixed-byte-access	listed-TU	*(int *)(dcp + 0x1c + ui * 4) = 0;
src/PC/gfx_d3d/r_material_load_obj.c	2386	constant-pointer-arithmetic	listed-TU	*(int *)(dcp + 0x1c + ui * 4) = 0;
src/PC/gfx_d3d/r_material_load_obj.c	2387	fixed-byte-access	listed-TU	*(int *)(dcp + 0x3c + ui * 4) = 0;
src/PC/gfx_d3d/r_material_load_obj.c	2387	constant-pointer-arithmetic	listed-TU	*(int *)(dcp + 0x3c + ui * 4) = 0;
src/PC/gfx_d3d/r_material_load_obj.c	2395	constant-pointer-arithmetic	listed-TU	dpc = (unsigned short)(dpi + 1);
src/PC/gfx_d3d/r_material_load_obj.c	2412	small-integer-cast	listed-TU	int nl = (int)strlen(techName) + 1;
src/PC/gfx_d3d/r_material_load_obj.c	2413	small-integer-cast	listed-TU	int pds = (int)dpc * 0x5c;
src/PC/gfx_d3d/r_material_load_obj.c	2415	constant-pointer-arithmetic	listed-TU	technique->name = (const char *)((byte *)technique + 8 + pds);
src/PC/gfx_d3d/r_material_load_obj.c	2416	constant-pointer-arithmetic	listed-TU	memcpy((byte *)technique + 8 + pds, techName, nl);
src/PC/gfx_d3d/r_material_load_obj.c	2494	constant-pointer-arithmetic	listed-TU	byte *pb = (byte *)tech + 8;
src/PC/gfx_d3d/r_material_load_obj.c	2536	small-integer-cast	listed-TU	int len = (int)strlen(name);
src/PC/gfx_d3d/r_material_load_obj.c	2549	pointer-named-integer-field	listed-TU	int aliasHandle;
src/PC/gfx_d3d/r_material_load_obj.c	2556	small-integer-cast	listed-TU	len = (int)strlen(name);
src/PC/gfx_d3d/r_material_load_obj.c	2557	small-integer-cast	listed-TU	if (len >= (int)sizeof(aliasName))
src/PC/gfx_d3d/r_material_load_obj.c	2632	small-integer-cast	listed-TU	Material *m = (Material *)Material_Alloc((int)sizeof(Material));
src/PC/gfx_d3d/r_material_load_obj.c	2663	small-integer-cast	listed-TU	MaterialTextureDef *dt = (MaterialTextureDef *)Material_Alloc((int)(m->textureCount * sizeof(MaterialTextureDef)));
src/PC/gfx_d3d/r_material_load_obj.c	2679	small-integer-cast	listed-TU	if (isDx7 && (unsigned)(sem - 3) <= 1) {
src/PC/gfx_d3d/r_material_load_obj.c	2693	small-integer-cast	listed-TU	MaterialConstantDef *dc = (MaterialConstantDef *)Material_Alloc((int)(m->constantCount * sizeof(MaterialConstantDef)));
src/PC/gfx_d3d/r_material_load_obj.c	2717	pointer-named-integer-field	listed-TU	int fileHandle;
src/PC/gfx_d3d/r_material_load_obj.c	2765	constant-pointer-arithmetic	listed-TU	int secondChild = 2 * holeIndex + 2;
src/PC/gfx_d3d/r_material_load_obj.c	2771	constant-pointer-arithmetic	listed-TU	secondChild = 2 * secondChild + 2;
src/PC/gfx_d3d/r_material_load_obj.c	2793	small-integer-cast	listed-TU	int len = (int)(last - first);
src/PC/gfx_d3d/r_material_load_obj.c	2810	small-integer-cast	listed-TU	ZSt13__adjust_heapIP19GfxCachedShaderTextiS0_PFhRKS0_S3_EEvT_T0_S7_T1_T2_(first, 0, (int)(last - first), value, comp);
src/PC/gfx_d3d/r_model.c	170	constant-pointer-arithmetic	listed-TU	return XModelPrecache(name + 7, (Alloc_t)Hunk_AllocXModelPrecache, (Alloc_t)Hunk_AllocXModelPrecacheColl);
src/PC/gfx_d3d/r_model.c	430	fixed-byte-access	listed-TU	if (*(void **)(sceneEnt + 8))
src/PC/gfx_d3d/r_model.c	430	constant-pointer-arithmetic	listed-TU	if (*(void **)(sceneEnt + 8))
src/PC/gfx_d3d/r_model.c	431	fixed-byte-access	listed-TU	CG_DObjCalcPose( (const centity_t *)(*(void **)(sceneEnt + 8)), (const DObj_s *)(obj), partBits);
src/PC/gfx_d3d/r_model.c	431	constant-pointer-arithmetic	listed-TU	CG_DObjCalcPose( (const centity_t *)(*(void **)(sceneEnt + 8)), (const DObj_s *)(obj), partBits);
src/PC/gfx_d3d/r_model.c	440	constant-pointer-arithmetic	listed-TU	byte *entMatrix = (byte *)(ent + 0x14);
src/PC/gfx_d3d/r_model.c	441	constant-pointer-arithmetic	listed-TU	float *entOrigin = (float *)(ent + 0x3c);
src/PC/gfx_d3d/r_model.c	496	fixed-byte-access	listed-TU	if (*(void **)(sceneEnt + 8))
src/PC/gfx_d3d/r_model.c	496	constant-pointer-arithmetic	listed-TU	if (*(void **)(sceneEnt + 8))
src/PC/gfx_d3d/r_model.c	497	fixed-byte-access	listed-TU	CG_DObjCalcPose( (const centity_t *)(*(void **)(sceneEnt + 8)), (const DObj_s *)(obj), partBits);
src/PC/gfx_d3d/r_model.c	497	constant-pointer-arithmetic	listed-TU	CG_DObjCalcPose( (const centity_t *)(*(void **)(sceneEnt + 8)), (const DObj_s *)(obj), partBits);
src/PC/gfx_d3d/r_model.c	506	constant-pointer-arithmetic	listed-TU	byte *entMatrix = (byte *)(ent + 0x14);
src/PC/gfx_d3d/r_model.c	507	constant-pointer-arithmetic	listed-TU	float *entOrigin = (float *)(ent + 0x3c);
src/PC/gfx_d3d/r_model.c	735	small-integer-cast	listed-TU	material = *(void **)((char *)*(void **)((char *)skins + skinIndex * (int)sizeof(void *)) + xsurfOfs * (int)sizeof(void *));
src/PC/gfx_d3d/r_model.c	760	fixed-byte-access	listed-TU	int capacity = *(int *)((char *)lockPtr + 4);
src/PC/gfx_d3d/r_model.c	760	constant-pointer-arithmetic	listed-TU	int capacity = *(int *)((char *)lockPtr + 4);
src/PC/gfx_d3d/r_model.c	784	fixed-byte-access	listed-TU	*(int *)(surfPos + PSK_F2) = -1;
src/PC/gfx_d3d/r_model.c	800	small-integer-cast	listed-TU	*(void **)(surfPos + PSK_F3) = (char *)((DxGlobals *)dx)->tempSkinBuf + current; /* was (int)ptr -> truncated */
src/PC/gfx_d3d/r_model.c	865	pointer-named-integer-field	listed-TU	extern int __mh_execute_header;
src/PC/gfx_d3d/r_model.c	898	small-integer-cast	listed-TU	int size = (int)(surfPtr - surfBuf);
src/PC/gfx_d3d/r_model.c	977	small-integer-cast	listed-TU	void *material = *(void **)((char *)*(void **)((char *)skins + lod * (int)sizeof(void *)) + surfaceIndex * (int)sizeof(void *));
src/PC/gfx_d3d/r_model.c	983	small-integer-cast	listed-TU	if (XSurfaceGetBoneOffset((const XSurface *)xsurfMat) != -1) { /* was (int)(intptr_t) -> truncated */
src/PC/gfx_d3d/r_model.c	1077	fixed-byte-access	listed-TU	if (*(int *)lockPtr > *(int *)((char *)lockPtr + 4)) {
src/PC/gfx_d3d/r_model.c	1077	constant-pointer-arithmetic	listed-TU	if (*(int *)lockPtr > *(int *)((char *)lockPtr + 4)) {
src/PC/gfx_d3d/r_model.c	1078	fixed-byte-access	listed-TU	if (offset <= *(int *)((char *)lockPtr + 4))
src/PC/gfx_d3d/r_model.c	1078	constant-pointer-arithmetic	listed-TU	if (offset <= *(int *)((char *)lockPtr + 4))
src/PC/gfx_d3d/r_model.c	1095	fixed-byte-access	listed-TU	*(int *)(surfPos + PSK_F2) = -1;
src/PC/gfx_d3d/r_model.c	1111	small-integer-cast	listed-TU	*(void **)(surfPos + PSK_F3) = (char *)((DxGlobals *)dx)->tempSkinBuf + current; /* was (int)ptr -> truncated */
src/PC/gfx_d3d/r_model.c	1181	pointer-named-integer-field	listed-TU	extern int __mh_execute_header;
src/PC/gfx_d3d/r_model.c	1210	small-integer-cast	listed-TU	int size = (int)(surfPtr - surfBuf);
src/PC/gfx_d3d/r_model.c	1314	small-integer-cast	listed-TU	out = (char *)dx.skinnedCacheLockAddr + cachedOffset; /* was (int)ptr -> truncated on x64 */
src/PC/gfx_d3d/r_model.c	1316	small-integer-cast	listed-TU	boneOffset = XSurfaceGetBoneOffset(xsurf); /* was (int)(intptr_t)xsurf -> truncated the surface ptr */
src/PC/gfx_d3d/r_model.c	1367	fixed-byte-access	listed-TU	*(unsigned int *)(out + 0x18) = *(const unsigned int *)v->color;
src/PC/gfx_d3d/r_model.c	1367	constant-pointer-arithmetic	listed-TU	*(unsigned int *)(out + 0x18) = *(const unsigned int *)v->color;
src/PC/gfx_d3d/r_model.c	1394	fixed-byte-access	listed-TU	*(unsigned int *)(out + 0x18) = col;
src/PC/gfx_d3d/r_model.c	1394	constant-pointer-arithmetic	listed-TU	*(unsigned int *)(out + 0x18) = col;
src/PC/gfx_d3d/r_model.c	1458	fixed-byte-access	listed-TU	*(unsigned int *)(out + 0x1c) = *(const unsigned int *)v->color;
src/PC/gfx_d3d/r_model.c	1458	constant-pointer-arithmetic	listed-TU	*(unsigned int *)(out + 0x1c) = *(const unsigned int *)v->color;
src/PC/gfx_d3d/r_model.c	1498	fixed-byte-access	listed-TU	*(unsigned int *)(out + 0x1c) = col;
src/PC/gfx_d3d/r_model.c	1498	constant-pointer-arithmetic	listed-TU	*(unsigned int *)(out + 0x1c) = col;
src/PC/gfx_d3d/r_model.c	1581	fixed-byte-access	listed-TU	/* was *(int*)(rigidSurf+4): x86 xsurf offset + truncated ptr; xsurf @8 on x64 */
src/PC/gfx_d3d/r_model.c	1581	constant-pointer-arithmetic	listed-TU	/* was *(int*)(rigidSurf+4): x86 xsurf offset + truncated ptr; xsurf @8 on x64 */
src/PC/gfx_d3d/r_model.c	1589	constant-pointer-arithmetic	listed-TU	(vec3_t *)rigidSurf->boneAxis);   /* was rigidSurf+8 (x86 boneAxis offset) */
src/PC/gfx_d3d/r_model.c	1644	fixed-byte-access	listed-TU	/* was *(int*)(rigidSurf+4): x86 xsurf offset + truncated ptr; xsurf is @8 on x64 */
src/PC/gfx_d3d/r_model.c	1644	constant-pointer-arithmetic	listed-TU	/* was *(int*)(rigidSurf+4): x86 xsurf offset + truncated ptr; xsurf is @8 on x64 */
src/PC/gfx_d3d/r_model.c	1651	constant-pointer-arithmetic	listed-TU	(vec3_t *)rigidSurf->boneAxis);   /* was rigidSurf+8 (x86 boneAxis offset) */
src/PC/gfx_d3d/r_model_load_obj.c	30	small-integer-cast	listed-TU	trXSkin_t *skins = (trXSkin_t *)Model_Alloc((int)((totalNumSurfaces * sizeof(MaterialHandle)) + (lodCount * sizeof(trXSkin_t))));
src/PC/gfx_d3d/r_outdoor.c	125	small-integer-cast	listed-TU	int ival = (int)fval;
src/PC/gfx_d3d/r_rendercmds.c	206	constant-pointer-arithmetic	listed-TU	for (off = 0, count = 0; off >= 0 && off + 4 <= limit && count < 120; ++count) {
src/PC/gfx_d3d/r_rendercmds.c	211	fixed-byte-access	listed-TU	const void *target = *(const void **)((const byte *)h + 4);
src/PC/gfx_d3d/r_rendercmds.c	211	constant-pointer-arithmetic	listed-TU	const void *target = *(const void **)((const byte *)h + 4);
src/PC/gfx_d3d/r_rendercmds.c	212	small-integer-cast	listed-TU	"printf("" target=%d"", (int)((const byte *)target - (const byte *)cl->cmds));"
src/PC/gfx_d3d/r_rendercmds.c	270	constant-pointer-arithmetic	listed-TU	dx->dynamicBufferFrame = (dx->dynamicBufferFrame + 1) % 2;
src/PC/gfx_d3d/r_rendercmds.c	286	small-integer-cast	listed-TU	if ((int)sizeof(cl->cmds) - used <= (int)sizeof(GfxCmdCall) - 1) {
src/PC/gfx_d3d/r_rendercmds.c	292	small-integer-cast	listed-TU	cl->usedTotal = used + (int)sizeof(GfxCmdCall);      /* x86 was 8; GfxCmdCall is 16 on x64 (header+pad+8B ptr) */
src/PC/gfx_d3d/r_rendercmds.c	293	small-integer-cast	listed-TU	cl->usedCritical += (int)sizeof(GfxCmdCall);
src/PC/gfx_d3d/r_rendercmds.c	308	small-integer-cast	listed-TU	availBytes = (int)sizeof(cl->cmds) - usedBytes;
src/PC/gfx_d3d/r_rendercmds.c	332	small-integer-cast	listed-TU	if ((int)sizeof(cl->cmds) - usedBytes <= byteCount - 1) {
src/PC/gfx_d3d/r_rendercmds.c	394	constant-pointer-arithmetic	listed-TU	data->viewParmCount = index + 1;
src/PC/gfx_d3d/r_rendercmds.c	416	small-integer-cast	listed-TU	int availBytes = (int)sizeof(cl->cmds) - usedBytes;
src/PC/gfx_d3d/r_rendercmds.c	424	constant-pointer-arithmetic	listed-TU	cl->usedTotal = usedBytes + 4;
src/PC/gfx_d3d/r_rendercmds.c	618	small-integer-cast	listed-TU	cmd = (GfxCmdDrawSurfs *)R_AllocCmd((int)sizeof(GfxCmdDrawSurfs), 0, 0x17);
src/PC/gfx_d3d/r_rendercmds.c	643	small-integer-cast	listed-TU	if ((int)sizeof(cl->cmds) - used > 3) {
src/PC/gfx_d3d/r_rendercmds.c	645	constant-pointer-arithmetic	listed-TU	cl->usedTotal = used + 4;
src/PC/gfx_d3d/r_rendercmds.c	654	constant-pointer-arithmetic	listed-TU	/* x86 wrote a 4-byte subCmd at marker+4; on x64 subCmd is an 8-byte ptr at offsetof(GfxCmdCall,subCmd) */
src/PC/gfx_d3d/r_rendercmds.c	663	constant-pointer-arithmetic	listed-TU	cmd->subCmd = (char *)s_cmdList->cmds + marker + (int)sizeof(GfxCmdCall);   /* x86 was +8 (goto cmd size) */
src/PC/gfx_d3d/r_rendercmds.c	663	small-integer-cast	listed-TU	cmd->subCmd = (char *)s_cmdList->cmds + marker + (int)sizeof(GfxCmdCall);   /* x86 was +8 (goto cmd size) */
src/PC/gfx_d3d/r_rendercmds.c	672	small-integer-cast	listed-TU	cmd = (GfxCmdStretchPic *)R_AllocCmd((int)sizeof(GfxCmdStretchPic), 0, 0xf);
src/PC/gfx_d3d/r_rendercmds.c	693	small-integer-cast	listed-TU	cmd = (GfxCmdStretchPicRotate *)R_AllocCmd((int)sizeof(GfxCmdStretchPicRotate), 0, 0x10);
src/PC/gfx_d3d/r_rendercmds.c	715	small-integer-cast	listed-TU	cmd = (GfxCmdStretchRaw *)R_AllocCmd((int)sizeof(GfxCmdStretchRaw), 0, 0x11);
src/PC/gfx_d3d/r_rendercmds.c	745	constant-pointer-arithmetic	listed-TU	byteCount = (int)((__builtin_offsetof(GfxCmdDrawText, text) + (unsigned)len + 1 + 3) & ~3u);   /* 0x31 was x86 (font ptr) */
src/PC/gfx_d3d/r_rendercmds.c	745	small-integer-cast	listed-TU	byteCount = (int)((__builtin_offsetof(GfxCmdDrawText, text) + (unsigned)len + 1 + 3) & ~3u);   /* 0x31 was x86 (font ptr) */
src/PC/gfx_d3d/r_rendercmds.c	792	constant-pointer-arithmetic	listed-TU	byteCount = (int)((__builtin_offsetof(GfxCmdDrawTextInSpace, text) + (unsigned)len + 1 + 3) & ~3u);   /* 0x34 was x86 (font ptr) */
src/PC/gfx_d3d/r_rendercmds.c	792	small-integer-cast	listed-TU	byteCount = (int)((__builtin_offsetof(GfxCmdDrawTextInSpace, text) + (unsigned)len + 1 + 3) & ~3u);   /* 0x34 was x86 (font ptr) */
src/PC/gfx_d3d/r_rendercmds.c	820	small-integer-cast	listed-TU	cmd = (GfxCmdDrawQuadPic *)R_AllocCmd((int)sizeof(GfxCmdDrawQuadPic), 0, 0x12);
src/PC/gfx_d3d/r_rendercmds.c	837	small-integer-cast	listed-TU	cmd = (GfxCmdDrawSprite *)R_AllocCmd((int)sizeof(GfxCmdDrawSprite), 0, 0x13);
src/PC/gfx_d3d/r_rendercmds.c	856	small-integer-cast	listed-TU	cmd = (GfxCmdDrawFullScreenColoredQuad *)R_AllocCmd((int)sizeof(GfxCmdDrawFullScreenColoredQuad), 0, 0x14);
src/PC/gfx_d3d/r_rendercmds.c	1048	small-integer-cast	listed-TU	cmd = (GfxCmdBlendSavedScreen *)R_AllocCmd((int)sizeof(GfxCmdBlendSavedScreen), 0, 0x1d);
src/PC/gfx_d3d/r_rendertarget.c	32	constant-pointer-arithmetic	listed-TU	/* offsets must follow the real GfxRenderTarget layout (8-byte pointers on x64), not hardcoded x86 +4/+8. */
src/PC/gfx_d3d/r_rendertarget.c	36	fixed-byte-access	listed-TU	#define DX_RT_WIDTH(rt) (*(int *)((rt) + 12))
src/PC/gfx_d3d/r_rendertarget.c	37	fixed-byte-access	listed-TU	#define DX_RT_HEIGHT(rt) (*(int *)((rt) + 16))
src/PC/gfx_d3d/r_rendertarget.c	217	fixed-size-memory-call	listed-TU	memset(((char *)dxPtr + offsetof(DxGlobals, renderTargets[0].image)), 0, 0x104);
src/PC/gfx_d3d/r_rendertarget.c	312	fixed-byte-access	listed-TU	*(void **)(rt1 + 4) = *(void **)(rt3 + 4);
src/PC/gfx_d3d/r_rendertarget.c	312	constant-pointer-arithmetic	listed-TU	*(void **)(rt1 + 4) = *(void **)(rt3 + 4);
src/PC/gfx_d3d/r_rendertarget.c	313	fixed-byte-access	listed-TU	*(void **)(rt1 + 8) = *(void **)(rt3 + 8);
src/PC/gfx_d3d/r_rendertarget.c	313	constant-pointer-arithmetic	listed-TU	*(void **)(rt1 + 8) = *(void **)(rt3 + 8);
src/PC/gfx_d3d/r_rendertarget.c	314	fixed-byte-access	listed-TU	*(int *)(rt1 + 12) = *(int *)(rt3 + 12);
src/PC/gfx_d3d/r_rendertarget.c	314	constant-pointer-arithmetic	listed-TU	*(int *)(rt1 + 12) = *(int *)(rt3 + 12);
src/PC/gfx_d3d/r_rendertarget.c	315	fixed-byte-access	listed-TU	*(int *)(rt1 + 16) = *(int *)(rt3 + 16);
src/PC/gfx_d3d/r_rendertarget.c	315	constant-pointer-arithmetic	listed-TU	*(int *)(rt1 + 16) = *(int *)(rt3 + 16);
src/PC/gfx_d3d/r_rendertarget.c	326	fixed-byte-access	listed-TU	*(void **)(rt7 + 4) = *(void **)(rt1 + 4);
src/PC/gfx_d3d/r_rendertarget.c	326	constant-pointer-arithmetic	listed-TU	*(void **)(rt7 + 4) = *(void **)(rt1 + 4);
src/PC/gfx_d3d/r_rendertarget.c	327	fixed-byte-access	listed-TU	*(void **)(rt7 + 8) = *(void **)(rt1 + 8);
src/PC/gfx_d3d/r_rendertarget.c	327	constant-pointer-arithmetic	listed-TU	*(void **)(rt7 + 8) = *(void **)(rt1 + 8);
src/PC/gfx_d3d/r_rendertarget.c	328	fixed-byte-access	listed-TU	*(int *)(rt7 + 12) = *(int *)(rt1 + 12);
src/PC/gfx_d3d/r_rendertarget.c	328	constant-pointer-arithmetic	listed-TU	*(int *)(rt7 + 12) = *(int *)(rt1 + 12);
src/PC/gfx_d3d/r_rendertarget.c	329	fixed-byte-access	listed-TU	*(int *)(rt7 + 16) = *(int *)(rt1 + 16);
src/PC/gfx_d3d/r_rendertarget.c	329	constant-pointer-arithmetic	listed-TU	*(int *)(rt7 + 16) = *(int *)(rt1 + 16);
src/PC/gfx_d3d/r_scene.c	128	small-integer-cast	listed-TU	if (type != (int)ent1->reType)
src/PC/gfx_d3d/r_scene.c	129	small-integer-cast	listed-TU	return type - (int)ent1->reType;
src/PC/gfx_d3d/r_scene.c	136	small-integer-cast	listed-TU	return (int)DObjGetModel((void *)sceneEnt0->u.obj, 0) - (int)DObjGetModel((void *)sceneEnt1->u.obj, 0);
src/PC/gfx_d3d/r_scene.c	139	small-integer-cast	listed-TU	return (int)((byte *)sceneEnt0->u.data - (byte *)sceneEnt1->u.data);
src/PC/gfx_d3d/r_scene.c	141	small-integer-cast	listed-TU	return ((int)((byte *)sceneEnt0->u.data - (byte *)sceneEnt1->u.data)) >> 5;
src/PC/gfx_d3d/r_scene.c	143	small-integer-cast	listed-TU	diff = ((int)((byte *)ent0->customMaterial - (byte *)ent1->customMaterial)) >> 2;
src/PC/gfx_d3d/r_scene.c	171	small-integer-cast	listed-TU	ent = (((int)sortValue >= 0) ? (sortValue >> 4) : (sortValue >> 19)) & 0xfff;
src/PC/gfx_d3d/r_scene.c	176	small-integer-cast	listed-TU	matIndex = (((int)sortValue >= 0) ? (sortValue >> 21) : (sortValue >> 9)) & 0x3ff;
src/PC/gfx_d3d/r_scene.c	179	small-integer-cast	listed-TU	*lmapIndex = (((int)sortValue >= 0) ? (sortValue >> 16) : (sortValue >> 4)) & 0x1f;
src/PC/gfx_d3d/r_scene.c	235	constant-pointer-arithmetic	listed-TU	scene.dlightCount = dlightCount + 1;
src/PC/gfx_d3d/r_scene.c	270	small-integer-cast	listed-TU	qsort(drawSurfs, (unsigned int)drawSurfCount, sizeof(*drawSurfs), R_CompareDrawSurfs);
src/PC/gfx_d3d/r_scene.c	306	small-integer-cast	listed-TU	sortValue = (unsigned int)((entIdx << 19) + (material->info.sortedIndex << 9) + 0x800001f2u);
src/PC/gfx_d3d/r_scene.c	308	small-integer-cast	listed-TU	sortValue = (unsigned int)(surfType + (entIdx << 4) + (material->info.sortedIndex << 21) + 0x1f0000);
src/PC/gfx_d3d/r_scene.c	661	small-integer-cast	listed-TU	(int)rgp_p->world ? 1 : 0);
src/PC/gfx_d3d/r_scene.c	680	fixed-size-memory-call	listed-TU	memcpy(rg_p->viewOrg, refdef->vieworg, 12);
src/PC/gfx_d3d/r_scene.c	681	fixed-size-memory-call	listed-TU	memcpy(rg_p->viewDir, refdef->viewaxis[0], 12);
src/PC/gfx_d3d/r_scene.c	713	pointer-named-integer-field	listed-TU	int prevTime = fogTarget->startTime;
src/PC/gfx_d3d/r_scene.c	736	small-integer-cast	listed-TU	((byte *)&fogActive->color)[i] = (byte)(prev + (int)(curr - prev) * frac);
src/PC/gfx_d3d/r_scene.c	924	small-integer-cast	listed-TU	if ((unsigned int)entIndex > 0x7fd) {
src/PC/gfx_d3d/r_scene.c	934	small-integer-cast	listed-TU	if ((unsigned int)buf->entityCount > 0x1ff7) {
src/PC/gfx_d3d/r_scene.c	1003	small-integer-cast	listed-TU	if ((int)refEnt->reType > 1) {
src/PC/gfx_d3d/r_scene.c	1006	small-integer-cast	listed-TU	if ((unsigned int)frontEndDataOut->entityCount > 0x1cc4)
src/PC/gfx_d3d/r_scene.c	1014	small-integer-cast	listed-TU	if ((unsigned int)buf->entityCount > 0x1ff7) {
src/PC/gfx_d3d/r_scene.c	1026	small-integer-cast	listed-TU	if ((unsigned int)entIndex > 0x7fd) {
src/PC/gfx_d3d/r_scene.c	1049	small-integer-cast	listed-TU	if ((int)refEnt->reType > 3) {
src/PC/gfx_d3d/r_scene.c	1057	small-integer-cast	listed-TU	sortValue = (unsigned int)((entIndex << 19) + (material->info.sortedIndex << 9) + 0x800001f2u);
src/PC/gfx_d3d/r_scene.c	1059	small-integer-cast	listed-TU	sortValue = (unsigned int)(surfType + (entIndex << 4) + (material->info.sortedIndex << 21) + 0x1f0000);
src/PC/gfx_d3d/r_scene.c	1075	small-integer-cast	listed-TU	if ((unsigned int)entIndex > 0x7fd) {
src/PC/gfx_d3d/r_scene.c	1085	small-integer-cast	listed-TU	if ((unsigned int)buf->entityCount > 0x1ff7) {
src/PC/gfx_d3d/r_screenshot.c	296	pointer-named-integer-field	listed-TU	int nextSample;
src/PC/gfx_d3d/r_screenshot.c	308	constant-pointer-arithmetic	listed-TU	dst[nextSample + 1] = currSrc[1];
src/PC/gfx_d3d/r_screenshot.c	309	constant-pointer-arithmetic	listed-TU	dst[nextSample + 2] = currSrc[2];
src/PC/gfx_d3d/r_screenshot.c	319	small-integer-cast	listed-TU	val0 = (int)currSrc[0] * backwardWeight + (int)currSrc[nextSample] * forwardWeight;
src/PC/gfx_d3d/r_screenshot.c	320	small-integer-cast	listed-TU	dst[0] = (byte)(int)floorf((float)val0 * colorScale + 0.5f);
src/PC/gfx_d3d/r_screenshot.c	322	constant-pointer-arithmetic	listed-TU	val1 = (int)currSrc[1] * backwardWeight + (int)currSrc[nextSample + 1] * forwardWeight;
src/PC/gfx_d3d/r_screenshot.c	322	small-integer-cast	listed-TU	val1 = (int)currSrc[1] * backwardWeight + (int)currSrc[nextSample + 1] * forwardWeight;
src/PC/gfx_d3d/r_screenshot.c	323	small-integer-cast	listed-TU	dst[1] = (byte)(int)floorf((float)val1 * colorScale + 0.5f);
src/PC/gfx_d3d/r_screenshot.c	325	constant-pointer-arithmetic	listed-TU	val2 = (int)currSrc[2] * backwardWeight + (int)currSrc[nextSample + 2] * forwardWeight;
src/PC/gfx_d3d/r_screenshot.c	325	small-integer-cast	listed-TU	val2 = (int)currSrc[2] * backwardWeight + (int)currSrc[nextSample + 2] * forwardWeight;
src/PC/gfx_d3d/r_screenshot.c	326	small-integer-cast	listed-TU	dst[2] = (byte)(int)floorf((float)val2 * colorScale + 0.5f);
src/PC/gfx_d3d/r_screenshot.c	330	small-integer-cast	listed-TU	dst[0] = (byte)(int)floorf((float)((int)src[0] * totalWeight) * colorScale + 0.5f);
src/PC/gfx_d3d/r_screenshot.c	331	small-integer-cast	listed-TU	dst[1] = (byte)(int)floorf((float)((int)src[1] * totalWeight) * colorScale + 0.5f);
src/PC/gfx_d3d/r_screenshot.c	332	small-integer-cast	listed-TU	dst[2] = (byte)(int)floorf((float)((int)src[2] * totalWeight) * colorScale + 0.5f);
src/PC/gfx_d3d/r_screenshot.c	350	pointer-named-integer-field	listed-TU	int nextSample;
src/PC/gfx_d3d/r_screenshot.c	360	small-integer-cast	listed-TU	accR = (int)src[0] * residual;
src/PC/gfx_d3d/r_screenshot.c	361	small-integer-cast	listed-TU	accG = (int)src[1] * residual;
src/PC/gfx_d3d/r_screenshot.c	362	small-integer-cast	listed-TU	accB = (int)src[2] * residual;
src/PC/gfx_d3d/r_screenshot.c	368	small-integer-cast	listed-TU	accR += (int)src[0] * newSize;
src/PC/gfx_d3d/r_screenshot.c	369	small-integer-cast	listed-TU	accG += (int)src[1] * newSize;
src/PC/gfx_d3d/r_screenshot.c	370	small-integer-cast	listed-TU	accB += (int)src[2] * newSize;
src/PC/gfx_d3d/r_screenshot.c	377	small-integer-cast	listed-TU	accG += (int)src[1] * frac;
src/PC/gfx_d3d/r_screenshot.c	378	small-integer-cast	listed-TU	accB += (int)src[2] * frac;
src/PC/gfx_d3d/r_screenshot.c	379	small-integer-cast	listed-TU	accR += (int)src[0] * frac;
src/PC/gfx_d3d/r_screenshot.c	382	small-integer-cast	listed-TU	dst[0] = (byte)(int)floorf((float)accR * colorScale + 0.5f);
src/PC/gfx_d3d/r_screenshot.c	383	small-integer-cast	listed-TU	dst[1] = (byte)(int)floorf((float)accG * colorScale + 0.5f);
src/PC/gfx_d3d/r_screenshot.c	384	small-integer-cast	listed-TU	dst[2] = (byte)(int)floorf((float)accB * colorScale + 0.5f);
src/PC/gfx_d3d/r_screenshot.c	492	fixed-byte-access	listed-TU	*(int *)(buffer + 4) = 0;
src/PC/gfx_d3d/r_screenshot.c	492	constant-pointer-arithmetic	listed-TU	*(int *)(buffer + 4) = 0;
src/PC/gfx_d3d/r_screenshot.c	493	fixed-byte-access	listed-TU	*(int *)(buffer + 8) = 0;
src/PC/gfx_d3d/r_screenshot.c	493	constant-pointer-arithmetic	listed-TU	*(int *)(buffer + 8) = 0;
src/PC/gfx_d3d/r_screenshot.c	494	fixed-byte-access	listed-TU	*(int *)(buffer + 12) = 0;
src/PC/gfx_d3d/r_screenshot.c	494	constant-pointer-arithmetic	listed-TU	*(int *)(buffer + 12) = 0;
src/PC/gfx_d3d/r_screenshot.c	495	fixed-byte-access	listed-TU	*(short *)(buffer + 16) = 0;
src/PC/gfx_d3d/r_screenshot.c	495	constant-pointer-arithmetic	listed-TU	*(short *)(buffer + 16) = 0;
src/PC/gfx_d3d/r_screenshot.c	527	fixed-byte-access	listed-TU	*(int *)(targa + 4) = 0;
src/PC/gfx_d3d/r_screenshot.c	527	constant-pointer-arithmetic	listed-TU	*(int *)(targa + 4) = 0;
src/PC/gfx_d3d/r_screenshot.c	528	fixed-byte-access	listed-TU	*(int *)(targa + 8) = 0;
src/PC/gfx_d3d/r_screenshot.c	528	constant-pointer-arithmetic	listed-TU	*(int *)(targa + 8) = 0;
src/PC/gfx_d3d/r_screenshot.c	529	fixed-byte-access	listed-TU	*(int *)(targa + 12) = 0;
src/PC/gfx_d3d/r_screenshot.c	529	constant-pointer-arithmetic	listed-TU	*(int *)(targa + 12) = 0;
src/PC/gfx_d3d/r_screenshot.c	530	fixed-byte-access	listed-TU	*(short *)(targa + 16) = 0;
src/PC/gfx_d3d/r_screenshot.c	530	constant-pointer-arithmetic	listed-TU	*(short *)(targa + 16) = 0;
src/PC/gfx_d3d/r_screenshot.c	546	constant-pointer-arithmetic	listed-TU	byte *dst = targa + 18 + srcOffset;
src/PC/gfx_d3d/r_screenshot.c	547	constant-pointer-arithmetic	listed-TU	dst[2] = srcBuffer[srcOffset + 2];
src/PC/gfx_d3d/r_screenshot.c	548	constant-pointer-arithmetic	listed-TU	dst[1] = srcBuffer[srcOffset + 1];
src/PC/gfx_d3d/r_screenshot.c	550	constant-pointer-arithmetic	listed-TU	dst[3] = srcBuffer[srcOffset + 3];
src/PC/gfx_d3d/r_screenshot.c	570	constant-pointer-arithmetic	listed-TU	dir[1] = ((float *)faceAxis)[axisBase + 1] * scale * 0.5f;
src/PC/gfx_d3d/r_screenshot.c	571	constant-pointer-arithmetic	listed-TU	dir[2] = ((float *)faceAxis)[axisBase + 2] * scale * 0.5f;
src/PC/gfx_d3d/r_screenshot.c	575	constant-pointer-arithmetic	listed-TU	dir[0] += ((float *)faceAxis)[axisBase + 3] * u;
src/PC/gfx_d3d/r_screenshot.c	576	constant-pointer-arithmetic	listed-TU	dir[1] += ((float *)faceAxis)[axisBase + 4] * u;
src/PC/gfx_d3d/r_screenshot.c	577	constant-pointer-arithmetic	listed-TU	dir[2] += ((float *)faceAxis)[axisBase + 5] * u;
src/PC/gfx_d3d/r_screenshot.c	582	constant-pointer-arithmetic	listed-TU	dir[0] += ((float *)faceAxis)[axisBase + 6] * v;
src/PC/gfx_d3d/r_screenshot.c	583	constant-pointer-arithmetic	listed-TU	dir[1] += ((float *)faceAxis)[axisBase + 7] * v;
src/PC/gfx_d3d/r_screenshot.c	584	constant-pointer-arithmetic	listed-TU	dir[2] += ((float *)faceAxis)[axisBase + 8] * v;
src/PC/gfx_d3d/r_screenshot.c	590	small-integer-cast	listed-TU	targa[18 + (rowIndex * res + colIndex) * 4 + 3] = (byte)(int)floorf(fresnelVal * 255.0f + 0.5f);
src/PC/gfx_d3d/r_screenshot.c	619	small-integer-cast	listed-TU	pixelsPerFace = (int)dx->cubemapShotRes * (int)dx->cubemapShotRes;
src/PC/gfx_d3d/r_screenshot.c	676	constant-pointer-arithmetic	listed-TU	axisBase = (faceIndex + 1) * 9;
src/PC/gfx_d3d/r_screenshot.c	679	constant-pointer-arithmetic	listed-TU	dir[0] = axis[axisBase + 0] + axis[axisBase + 3] * xNorm;
src/PC/gfx_d3d/r_screenshot.c	680	constant-pointer-arithmetic	listed-TU	dir[1] = axis[axisBase + 1] + axis[axisBase + 4] * xNorm;
src/PC/gfx_d3d/r_screenshot.c	681	constant-pointer-arithmetic	listed-TU	dir[2] = axis[axisBase + 2] + axis[axisBase + 5] * xNorm;
src/PC/gfx_d3d/r_screenshot.c	683	constant-pointer-arithmetic	listed-TU	dir[0] += axis[axisBase + 6] * yNorm;
src/PC/gfx_d3d/r_screenshot.c	684	constant-pointer-arithmetic	listed-TU	dir[1] += axis[axisBase + 7] * yNorm;
src/PC/gfx_d3d/r_screenshot.c	685	constant-pointer-arithmetic	listed-TU	dir[2] += axis[axisBase + 8] * yNorm;
src/PC/gfx_d3d/r_screenshot.c	714	constant-pointer-arithmetic	listed-TU	sourceDir[0] = axis[sAxBase + 0] + axis[sAxBase + 3] * sxNorm;
src/PC/gfx_d3d/r_screenshot.c	715	constant-pointer-arithmetic	listed-TU	sourceDir[1] = axis[sAxBase + 1] + axis[sAxBase + 4] * sxNorm;
src/PC/gfx_d3d/r_screenshot.c	716	constant-pointer-arithmetic	listed-TU	sourceDir[2] = axis[sAxBase + 2] + axis[sAxBase + 5] * sxNorm;
src/PC/gfx_d3d/r_screenshot.c	718	constant-pointer-arithmetic	listed-TU	sourceDir[0] += axis[sAxBase + 6] * syNorm;
src/PC/gfx_d3d/r_screenshot.c	719	constant-pointer-arithmetic	listed-TU	sourceDir[1] += axis[sAxBase + 7] * syNorm;
src/PC/gfx_d3d/r_screenshot.c	720	constant-pointer-arithmetic	listed-TU	sourceDir[2] += axis[sAxBase + 8] * syNorm;
src/PC/gfx_d3d/r_screenshot.c	754	small-integer-cast	listed-TU	pixel[2] = (byte)(int)floorf(rVal + 0.5f);
src/PC/gfx_d3d/r_screenshot.c	761	small-integer-cast	listed-TU	pixel[1] = (byte)(int)floorf(gVal + 0.5f);
src/PC/gfx_d3d/r_screenshot.c	768	small-integer-cast	listed-TU	pixel[0] = (byte)(int)floorf(bVal + 0.5f);
src/PC/gfx_d3d/r_screenshot.c	808	fixed-byte-access	listed-TU	*(int *)(buffer + 4) = 0;
src/PC/gfx_d3d/r_screenshot.c	808	constant-pointer-arithmetic	listed-TU	*(int *)(buffer + 4) = 0;
src/PC/gfx_d3d/r_screenshot.c	809	fixed-byte-access	listed-TU	*(int *)(buffer + 8) = 0;
src/PC/gfx_d3d/r_screenshot.c	809	constant-pointer-arithmetic	listed-TU	*(int *)(buffer + 8) = 0;
src/PC/gfx_d3d/r_screenshot.c	810	fixed-byte-access	listed-TU	*(int *)(buffer + 12) = 0;
src/PC/gfx_d3d/r_screenshot.c	810	constant-pointer-arithmetic	listed-TU	*(int *)(buffer + 12) = 0;
src/PC/gfx_d3d/r_screenshot.c	811	fixed-byte-access	listed-TU	*(short *)(buffer + 16) = 0;
src/PC/gfx_d3d/r_screenshot.c	811	constant-pointer-arithmetic	listed-TU	*(short *)(buffer + 16) = 0;
src/PC/gfx_d3d/r_screenshot.c	820	constant-pointer-arithmetic	listed-TU	if (R_GetFrontBufferData(width, height, 3, buffer + 18)) {
src/PC/gfx_d3d/r_sky.c	180	constant-pointer-arithmetic	listed-TU	sfd = (SunFlareDynamic *)((byte *)sfd + 0x30);
src/PC/gfx_d3d/r_sky.c	197	small-integer-cast	listed-TU	sun->flareFadeInTime = (int)floorf(r_sunflare_fadein->current.value * 1000.0f + 0.5f);
src/PC/gfx_d3d/r_sky.c	198	small-integer-cast	listed-TU	sun->flareFadeOutTime = (int)floorf(r_sunflare_fadeout->current.value * 1000.0f + 0.5f);
src/PC/gfx_d3d/r_sky.c	203	small-integer-cast	listed-TU	sun->blindFadeInTime = (int)floorf(r_sunblind_fadein->current.value * 1000.0f + 0.5f);
src/PC/gfx_d3d/r_sky.c	204	small-integer-cast	listed-TU	sun->blindFadeOutTime = (int)floorf(r_sunblind_fadeout->current.value * 1000.0f + 0.5f);
src/PC/gfx_d3d/r_sky.c	209	small-integer-cast	listed-TU	sun->glareFadeInTime = (int)floorf(r_sunglare_fadein->current.value * 1000.0f + 0.5f);
src/PC/gfx_d3d/r_sky.c	210	small-integer-cast	listed-TU	sun->glareFadeOutTime = (int)floorf(1000.0f * r_sunglare_fadeout->current.value + 0.5f);
src/PC/gfx_d3d/r_sky_load_obj.c	42	fixed-size-memory-call	listed-TU	Com_Memset(sun, 0, 0x60);
src/PC/gfx_d3d/r_sky_load_obj.c	48	constant-pointer-arithmetic	listed-TU	lastSlash = p + 1;
src/PC/gfx_d3d/r_specularityimage.c	32	constant-pointer-arithmetic	listed-TU	exponent = log(0.1) / log(cos((logInput + 180.0) * (M_PI / 720.0)));
src/PC/gfx_d3d/r_specularityimage.c	40	small-integer-cast	listed-TU	*dst = (byte)(int)floorf((float)value + 0.5f);
src/PC/gfx_d3d/r_staticmodel.c	33	small-integer-cast	listed-TU	instanceSize = maxSurfs * (int)sizeof(GfxStaticSurface);
src/PC/gfx_d3d/r_staticmodel_load_obj.c	89	constant-pointer-arithmetic	listed-TU	((int *)&smodelLoadGlob)[1] = (width + 1) >> 1;
src/PC/gfx_d3d/r_staticmodel_load_obj.c	137	small-integer-cast	listed-TU	smodelInstOffset = smodelIndex * (int)sizeof(GfxStaticModelInstance);   /* was hardcoded 96 = x86 sizeof; GfxStaticModelInstance grows on x64 (model XModel* + padding) */
src/PC/gfx_d3d/r_staticmodel_load_obj.c	159	constant-pointer-arithmetic	listed-TU	aabb->staticModelCount = count + 1;
src/PC/gfx_d3d/r_staticmodel_load_obj.c	163	constant-pointer-arithmetic	listed-TU	aabb->staticModelCount = count + 1;
src/PC/gfx_d3d/r_staticmodel_load_obj.c	223	constant-pointer-arithmetic	listed-TU	int allocSize = (existingCount + 1) * sizeof(GfxAabbTree);
src/PC/gfx_d3d/r_staticmodel_load_obj.c	226	small-integer-cast	listed-TU	aabb->children = (GfxAabbTree *)newChildren;   /* was (int) -> truncated the 8-byte ptr on x64 */
src/PC/gfx_d3d/r_staticmodel_load_obj.c	230	constant-pointer-arithmetic	listed-TU	aabb->childCount = existingCount + 1;
src/PC/gfx_d3d/r_staticmodel_load_obj.c	232	fixed-size-memory-call	listed-TU	memcpy(newChild->mins, smodelInst->mins, 12);
src/PC/gfx_d3d/r_staticmodel_load_obj.c	233	fixed-size-memory-call	listed-TU	memcpy(newChild->maxs, smodelInst->maxs, 12);
src/PC/gfx_d3d/r_staticmodel_load_obj.c	262	small-integer-cast	listed-TU	return (int)(intptr_t)world;
src/PC/gfx_d3d/r_staticmodel_load_obj.c	264	small-integer-cast	listed-TU	smodelIndex = (int)(smodelInst - world->smodelInsts);
src/PC/gfx_d3d/r_staticmodel_load_obj.c	270	small-integer-cast	listed-TU	return (int)(intptr_t)aabb->staticModels;
src/PC/gfx_d3d/r_staticmodel_load_obj.c	513	fixed-size-memory-call	listed-TU	memcpy(world->smodelLightingColorTable + idx, colorForDir, 96);
src/PC/gfx_d3d/r_staticmodel_load_obj.c	525	constant-pointer-arithmetic	listed-TU	for (y = y0; y < y0 + 2; y++) {
src/PC/gfx_d3d/r_staticmodel_load_obj.c	526	small-integer-cast	listed-TU	int ai = (int)floorf(fbase);
src/PC/gfx_d3d/r_staticmodel_load_obj.c	531	constant-pointer-arithmetic	listed-TU	for (x = x0; x < x0 + 2; x++) {
src/PC/gfx_d3d/r_staticmodel_load_obj.c	532	constant-pointer-arithmetic	listed-TU	byte *texel = &((byte **)&smodelLoadGlob)[4][4 * (x + 2 * ((int *)&smodelLoadGlob)[0] * (y + 2 * (z * ((int *)&smodelLoadGlob)[1])))];
src/PC/gfx_d3d/r_staticmodel_load_obj.c	533	small-integer-cast	listed-TU	int ri = (int)floorf(cfd[c] * 255.0f + 0.5f);
src/PC/gfx_d3d/r_staticmodel_load_obj.c	534	constant-pointer-arithmetic	listed-TU	int gi = (int)floorf(cfd[c + 8] * 255.0f + 0.5f);
src/PC/gfx_d3d/r_staticmodel_load_obj.c	534	small-integer-cast	listed-TU	int gi = (int)floorf(cfd[c + 8] * 255.0f + 0.5f);
src/PC/gfx_d3d/r_staticmodel_load_obj.c	535	constant-pointer-arithmetic	listed-TU	int bi = (int)floorf(0.5f + 255.0f * cfd[c + 16]);
src/PC/gfx_d3d/r_staticmodel_load_obj.c	535	small-integer-cast	listed-TU	int bi = (int)floorf(0.5f + 255.0f * cfd[c + 16]);
src/PC/gfx_d3d/r_staticmodel_load_obj.c	564	constant-pointer-arithmetic	listed-TU	smodelInst->baseLightingCoords[0] = ((float)x0 + 1.0f) * ((float *)&smodelLoadGlob)[2];
src/PC/gfx_d3d/r_staticmodel_load_obj.c	565	constant-pointer-arithmetic	listed-TU	smodelInst->baseLightingCoords[1] = ((float)y0 + 1.0f) * ((float *)&smodelLoadGlob)[3];
src/PC/gfx_d3d/r_staticmodel_load_obj.c	656	small-integer-cast	listed-TU	children = (GfxAabbTree *)Hunk_AllocAlignInternal(total * (int)sizeof(GfxAabbTree), 4);
src/PC/gfx_d3d/r_staticmodel_load_obj.c	657	small-integer-cast	listed-TU	tree->children = children;   /* was (int) -> truncated the 8-byte ptr on x64 */
src/PC/gfx_d3d/r_staticmodelcache.c	36	small-integer-cast	listed-TU	void *mem = ((void *(*)(int))(ri.Hunk_AllocInternal))(0xc0000);
src/PC/gfx_d3d/r_staticmodelcache.c	55	small-integer-cast	listed-TU	treeIndex = ((unsigned int)((char *)surf - (char *)&s_cache)) / sizeof(static_model_tree_t);
src/PC/gfx_d3d/r_staticmodelcache.c	119	fixed-byte-access	listed-TU	if (*(short *)(t + nodeIndex * 4 + 0xc) == 0) {
src/PC/gfx_d3d/r_staticmodelcache.c	120	constant-pointer-arithmetic	listed-TU	int leafIdx = (nodeIndex + 1) << levelsToLeaf;
src/PC/gfx_d3d/r_staticmodelcache.c	122	fixed-byte-access	listed-TU	void *next = *(void **)(surf + 0xc);
src/PC/gfx_d3d/r_staticmodelcache.c	122	constant-pointer-arithmetic	listed-TU	void *next = *(void **)(surf + 0xc);
src/PC/gfx_d3d/r_staticmodelcache.c	123	fixed-byte-access	listed-TU	void *prev = *(void **)(surf + 0x8);
src/PC/gfx_d3d/r_staticmodelcache.c	123	constant-pointer-arithmetic	listed-TU	void *prev = *(void **)(surf + 0x8);
src/PC/gfx_d3d/r_staticmodelcache.c	125	constant-pointer-arithmetic	listed-TU	*((void **)prev + 1) = next;
src/PC/gfx_d3d/r_staticmodelcache.c	129	fixed-byte-access	listed-TU	*(short *)(t + nodeIndex * 4 + 0xc) = 0;
src/PC/gfx_d3d/r_staticmodelcache.c	131	fixed-byte-access	listed-TU	if (*(byte *)(t + nodeIndex * 4 + 0xe) != 0) {
src/PC/gfx_d3d/r_staticmodelcache.c	132	constant-pointer-arithmetic	listed-TU	int leafIdx = (nodeIndex + 1) << levelsToLeaf;
src/PC/gfx_d3d/r_staticmodelcache.c	134	fixed-byte-access	listed-TU	char *header = *(char **)(surf + 0xc);
src/PC/gfx_d3d/r_staticmodelcache.c	134	constant-pointer-arithmetic	listed-TU	char *header = *(char **)(surf + 0xc);
src/PC/gfx_d3d/r_staticmodelcache.c	148	fixed-byte-access	listed-TU	*(int *)((char *)cache + 0xc430) -= (1 << (levelsToLeaf + 5));
src/PC/gfx_d3d/r_staticmodelcache.c	148	constant-pointer-arithmetic	listed-TU	*(int *)((char *)cache + 0xc430) -= (1 << (levelsToLeaf + 5));
src/PC/gfx_d3d/r_staticmodelcache.c	150	fixed-byte-access	listed-TU	short vertCount = *(short *)(*(char **)(surf + 8) + 2);
src/PC/gfx_d3d/r_staticmodelcache.c	150	constant-pointer-arithmetic	listed-TU	short vertCount = *(short *)(*(char **)(surf + 8) + 2);
src/PC/gfx_d3d/r_staticmodelcache.c	151	fixed-byte-access	listed-TU	*(int *)((char *)cache + 0xc434) -= vertCount;
src/PC/gfx_d3d/r_staticmodelcache.c	151	constant-pointer-arithmetic	listed-TU	*(int *)((char *)cache + 0xc434) -= vertCount;
src/PC/gfx_d3d/r_staticmodelcache.c	154	fixed-byte-access	listed-TU	*(byte *)(t + nodeIndex * 4 + 0xe) = 0;
src/PC/gfx_d3d/r_staticmodelcache.c	421	small-integer-cast	listed-TU	treeIndex = ((unsigned int)((char *)block - (char *)cache)) / sizeof(static_model_tree_t);
src/PC/gfx_d3d/r_staticmodelcache.c	437	small-integer-cast	listed-TU	leafIndex = (unsigned int)((char *)block - (char *)&tree->leafs[0]) >> 4;
src/PC/gfx_d3d/r_staticmodelcache.c	496	small-integer-cast	listed-TU	treeIndex = ((unsigned int)((char *)block - (char *)&s_cache)) / sizeof(static_model_tree_t);
src/PC/gfx_d3d/r_staticmodelcache.c	506	small-integer-cast	listed-TU	leafIndex = (unsigned int)((char *)block - (char *)&tree->leafs[0]) / 16;
src/PC/gfx_d3d/r_staticmodelcache.c	508	constant-pointer-arithmetic	listed-TU	nodeIndex = ((leafIndex + 16) >> (4 - listIndex)) - 1;
src/PC/gfx_d3d/r_staticmodelcache.c	674	fixed-byte-access	listed-TU	xsurf = *(byte **)(cached + 8);
src/PC/gfx_d3d/r_staticmodelcache.c	674	constant-pointer-arithmetic	listed-TU	xsurf = *(byte **)(cached + 8);
src/PC/gfx_d3d/r_staticmodelcache.c	675	constant-pointer-arithmetic	listed-TU	/* was *((int*)skinCmd + 1): x86 laid smodelIndex right after a 4-byte cached ptr;
src/PC/gfx_d3d/r_staticmodelcache.c	676	constant-pointer-arithmetic	listed-TU	* on x64 cached is 8 bytes so smodelIndex is at +8 -> use the typed field. */
src/PC/gfx_d3d/r_staticmodelcache.c	693	constant-pointer-arithmetic	listed-TU	float *o = (float *)(smodelInst + 4);
src/PC/gfx_d3d/r_staticmodelcache.c	746	constant-pointer-arithmetic	listed-TU	R_GetRigidTransform(boneMatrix, (float *)(smodelInst + 4),
src/PC/gfx_d3d/r_staticmodelcache.c	751	constant-pointer-arithmetic	listed-TU	Vec3NormalizeTo(useAxis + 3, normAxis + 3);
src/PC/gfx_d3d/r_staticmodelcache.c	752	constant-pointer-arithmetic	listed-TU	Vec3NormalizeTo(useAxis + 6, normAxis + 6);
src/PC/gfx_d3d/r_staticmodelcache.c	756	fixed-byte-access	listed-TU	vertCount = (int)(*(short *)(xsurfPtr + 2));
src/PC/gfx_d3d/r_staticmodelcache.c	756	constant-pointer-arithmetic	listed-TU	vertCount = (int)(*(short *)(xsurfPtr + 2));
src/PC/gfx_d3d/r_staticmodelcache.c	756	small-integer-cast	listed-TU	vertCount = (int)(*(short *)(xsurfPtr + 2));
src/PC/gfx_d3d/r_staticmodelcache.c	766	constant-pointer-arithmetic	listed-TU	pSrc = (byte *)skinBuffers + 0x2000;
src/PC/gfx_d3d/r_staticmodelcache.c	794	fixed-byte-access	listed-TU	float ny = *(float *)(skinVerts + i * 0x40 + 4);
src/PC/gfx_d3d/r_staticmodelcache.c	795	fixed-byte-access	listed-TU	float nz = *(float *)(skinVerts + i * 0x40 + 8);
src/PC/gfx_d3d/r_staticmodelcache.c	809	fixed-byte-access	listed-TU	*(int *)(dst + i * 0x40 + 0x1c) = *(int *)(skinVerts + i * 0x40 + 0x1c);
src/PC/gfx_d3d/r_staticmodelcache.c	810	fixed-byte-access	listed-TU	*(int *)(dst + i * 0x40 + 0x20) = *(int *)(skinVerts + i * 0x40 + 0x2c);
src/PC/gfx_d3d/r_staticmodelcache.c	812	fixed-byte-access	listed-TU	*(short *)(dst + i * 0x40 + 0x24) = baseLightingCoords[0];
src/PC/gfx_d3d/r_staticmodelcache.c	813	fixed-byte-access	listed-TU	*(short *)(dst + i * 0x40 + 0x26) = baseLightingCoords[1];
src/PC/gfx_d3d/r_staticmodelcache.c	816	fixed-byte-access	listed-TU	float tx = *(float *)(skinVerts + i * 0x40 + 0x10);
src/PC/gfx_d3d/r_staticmodelcache.c	817	fixed-byte-access	listed-TU	float ty = *(float *)(skinVerts + i * 0x40 + 0x14);
src/PC/gfx_d3d/r_staticmodelcache.c	818	fixed-byte-access	listed-TU	float tz = *(float *)(skinVerts + i * 0x40 + 0x18);
src/PC/gfx_d3d/r_staticmodelcache.c	823	fixed-byte-access	listed-TU	float bx = *(float *)(skinVerts + i * 0x40 + 0x20);
src/PC/gfx_d3d/r_staticmodelcache.c	824	fixed-byte-access	listed-TU	float by = *(float *)(skinVerts + i * 0x40 + 0x24);
src/PC/gfx_d3d/r_staticmodelcache.c	825	fixed-byte-access	listed-TU	float bz = *(float *)(skinVerts + i * 0x40 + 0x28);
src/PC/gfx_d3d/r_staticmodelcache.c	852	fixed-size-memory-call	listed-TU	memcpy(dst2, src2, 12);
src/PC/gfx_d3d/r_staticmodelcache.c	857	constant-pointer-arithmetic	listed-TU	dst2 + 0x18, src2 + 0x18);
src/PC/gfx_d3d/r_staticmodelcache.c	860	constant-pointer-arithmetic	listed-TU	memcpy(dst2 + 0xc, src2 + 0xc, 8);
src/PC/gfx_d3d/r_staticmodelcache.c	860	fixed-size-memory-call	listed-TU	memcpy(dst2 + 0xc, src2 + 0xc, 8);
src/PC/gfx_d3d/r_staticmodelcache.c	861	constant-pointer-arithmetic	listed-TU	memcpy(dst2 + 0x10, src2 + 0x10, 8);
src/PC/gfx_d3d/r_staticmodelcache.c	861	fixed-size-memory-call	listed-TU	memcpy(dst2 + 0x10, src2 + 0x10, 8);
src/PC/gfx_d3d/r_staticmodelcache.c	863	constant-pointer-arithmetic	listed-TU	memcpy(dst2 + 0x1c, src2 + 0x1c, 8);
src/PC/gfx_d3d/r_staticmodelcache.c	863	fixed-size-memory-call	listed-TU	memcpy(dst2 + 0x1c, src2 + 0x1c, 8);
src/PC/gfx_d3d/r_staticmodelcache.c	864	constant-pointer-arithmetic	listed-TU	memcpy(dst2 + 0x24, src2 + 0x24, 4);
src/PC/gfx_d3d/r_staticmodelcache.c	864	fixed-size-memory-call	listed-TU	memcpy(dst2 + 0x24, src2 + 0x24, 4);
src/PC/gfx_d3d/r_staticmodelcache.c	865	constant-pointer-arithmetic	listed-TU	memcpy(dst2 + 0x26, src2 + 0x26, 2);
src/PC/gfx_d3d/r_staticmodelcache.c	865	fixed-size-memory-call	listed-TU	memcpy(dst2 + 0x26, src2 + 0x26, 2);
src/PC/gfx_d3d/r_staticmodelcache.c	866	constant-pointer-arithmetic	listed-TU	memcpy(dst2 + 0x28, src2 + 0x28, 12);
src/PC/gfx_d3d/r_staticmodelcache.c	866	fixed-size-memory-call	listed-TU	memcpy(dst2 + 0x28, src2 + 0x28, 12);
src/PC/gfx_d3d/r_staticmodelcache.c	867	constant-pointer-arithmetic	listed-TU	memcpy(dst2 + 0x34, src2 + 0x34, 12);
src/PC/gfx_d3d/r_staticmodelcache.c	867	fixed-size-memory-call	listed-TU	memcpy(dst2 + 0x34, src2 + 0x34, 12);
src/PC/gfx_d3d/r_staticmodelcache.c	884	constant-pointer-arithmetic	listed-TU	pSrc = (byte *)skinBuffers + 0x2000;
src/PC/gfx_d3d/r_staticmodelcache.c	899	constant-pointer-arithmetic	listed-TU	byte *pSrcDx7 = (byte *)skinBuffers + 0x200c;
src/PC/gfx_d3d/r_staticmodelcache.c	900	constant-pointer-arithmetic	listed-TU	byte *srcVert = skinVerts + 0xc;
src/PC/gfx_d3d/r_staticmodelcache.c	911	fixed-byte-access	listed-TU	*(float *)(pSrcDx7 + i * 0x18 - 0xc) = dstPos[0];
src/PC/gfx_d3d/r_staticmodelcache.c	912	fixed-byte-access	listed-TU	*(float *)(pSrcDx7 + i * 0x18 - 8) = dstPos[1];
src/PC/gfx_d3d/r_staticmodelcache.c	913	fixed-byte-access	listed-TU	*(float *)(pSrcDx7 + i * 0x18 - 4) = dstPos[2];
src/PC/gfx_d3d/r_staticmodelcache.c	917	fixed-byte-access	listed-TU	float ny = *(float *)(skinVerts + i * 0x40 + 4);
src/PC/gfx_d3d/r_staticmodelcache.c	918	fixed-byte-access	listed-TU	float nz = *(float *)(skinVerts + i * 0x40 + 8);
src/PC/gfx_d3d/r_staticmodelcache.c	922	fixed-byte-access	listed-TU	*(int *)(pSrcDx7 + i * 0x18 + 4) = *(int *)(skinVerts + i * 0x40 + 0x1c);
src/PC/gfx_d3d/r_staticmodelcache.c	923	fixed-byte-access	listed-TU	*(int *)(pSrcDx7 + i * 0x18 + 8) = *(int *)(skinVerts + i * 0x40 + 0x2c);
src/PC/gfx_d3d/r_staticmodelcache.c	1000	constant-pointer-arithmetic	listed-TU	pSrc = (byte *)skinBuffers + 0x2000;
src/PC/gfx_d3d/r_staticmodelcache.c	1007	fixed-size-memory-call	listed-TU	memcpy(pDst, pSrc, 12);
src/PC/gfx_d3d/r_staticmodelcache.c	1012	constant-pointer-arithmetic	listed-TU	pDst + 0xc, pSrc + 0xc);
src/PC/gfx_d3d/r_staticmodelcache.c	1015	constant-pointer-arithmetic	listed-TU	memcpy(pDst + 0x10, pSrc + 0x10, 8);
src/PC/gfx_d3d/r_staticmodelcache.c	1015	fixed-size-memory-call	listed-TU	memcpy(pDst + 0x10, pSrc + 0x10, 8);
src/PC/gfx_d3d/r_surfbounds.c	64	small-integer-cast	listed-TU	entIndex = ((unsigned int)sortVal >> 4) & 0xfff;
src/PC/gfx_d3d/r_surfbounds.c	66	small-integer-cast	listed-TU	entIndex = ((unsigned int)sortVal >> 19) & 0xfff;
src/PC/gfx_d3d/r_texturemem.c	17	fixed-byte-access	listed-TU	char *device = *(char **)(dx + 8);
src/PC/gfx_d3d/r_texturemem.c	17	constant-pointer-arithmetic	listed-TU	char *device = *(char **)(dx + 8);
src/PC/gfx_d3d/r_texturemem.c	25	small-integer-cast	listed-TU	if ((unsigned int)vidMem < texMemInMegs) {
src/PC/gfx_d3d/r_utils.c	67	small-integer-cast	listed-TU	colorBytes[0] = (byte)(int)(colorFloat[3] * 255.0f);
src/PC/gfx_d3d/r_utils.c	68	small-integer-cast	listed-TU	colorBytes[1] = (byte)(int)(colorFloat[0] * 255.0f);
src/PC/gfx_d3d/r_utils.c	69	small-integer-cast	listed-TU	colorBytes[2] = (byte)(int)(colorFloat[1] * 255.0f);
src/PC/gfx_d3d/r_utils.c	70	small-integer-cast	listed-TU	colorBytes[3] = (byte)(int)(colorFloat[2] * 255.0f);
src/PC/gfx_d3d/r_utils.c	148	fixed-byte-access	listed-TU	if (*(int *)(table + entryOff + 8) & surfFlags) {
src/PC/gfx_d3d/r_utils.c	148	constant-pointer-arithmetic	listed-TU	if (*(int *)(table + entryOff + 8) & surfFlags) {
src/PC/gfx_d3d/r_utils.c	150	constant-pointer-arithmetic	listed-TU	appendPos = surfaceFlags + surfaceFlagsLen + 1;
src/PC/gfx_d3d/r_utils.c	151	fixed-byte-access	listed-TU	strncpy(appendPos, *(char **)(table + entryOff), charLimit - surfaceFlagsLen - 1);
src/PC/gfx_d3d/r_utils.c	154	constant-pointer-arithmetic	listed-TU	surfaceFlagsLen = surfaceFlagsLen + 1 + strlen(appendPos);
src/PC/gfx_d3d/r_utils.c	157	fixed-byte-access	listed-TU	if (*(int *)(table + entryOff + 0xc) & contFlags) {
src/PC/gfx_d3d/r_utils.c	157	constant-pointer-arithmetic	listed-TU	if (*(int *)(table + entryOff + 0xc) & contFlags) {
src/PC/gfx_d3d/r_utils.c	159	constant-pointer-arithmetic	listed-TU	appendPos = contents + contentsLen + 1;
src/PC/gfx_d3d/r_utils.c	160	fixed-byte-access	listed-TU	strncpy(appendPos, *(char **)(table + entryOff), charLimit - contentsLen - 1);
src/PC/gfx_d3d/r_utils.c	163	constant-pointer-arithmetic	listed-TU	contentsLen = contentsLen + 1 + strlen(appendPos);
src/PC/gfx_d3d/r_water.c	69	small-integer-cast	listed-TU	phase = (int)floorf(phaseFloat + 0.5f) & 0x3ff;
src/PC/gfx_d3d/r_water.c	71	constant-pointer-arithmetic	listed-TU	cosPhase = (phase + 255) & 0x3ff;
src/PC/gfx_d3d/r_water.c	152	small-integer-cast	listed-TU	*dst = (byte)(int)floorf(val + 0.5f);
src/PC/gfx_d3d/r_water.c	204	pointer-named-integer-field	listed-TU	int prevYm1 = ymask;
src/PC/gfx_d3d/r_water.c	219	constant-pointer-arithmetic	listed-TU	pixels[1] = (byte)(int)floorf(dx * invLen + 127.5f + 0.5f);
src/PC/gfx_d3d/r_water.c	219	small-integer-cast	listed-TU	pixels[1] = (byte)(int)floorf(dx * invLen + 127.5f + 0.5f);
src/PC/gfx_d3d/r_water.c	220	constant-pointer-arithmetic	listed-TU	pixels[2] = (byte)(int)floorf(dy * invLen + 127.5f + 0.5f);
src/PC/gfx_d3d/r_water.c	220	small-integer-cast	listed-TU	pixels[2] = (byte)(int)floorf(dy * invLen + 127.5f + 0.5f);
src/PC/gfx_d3d/r_water.c	221	constant-pointer-arithmetic	listed-TU	pixels[3] = (byte)(int)floorf(dz_val * invLen + 127.5f + 0.5f);
src/PC/gfx_d3d/r_water.c	221	small-integer-cast	listed-TU	pixels[3] = (byte)(int)floorf(dz_val * invLen + 127.5f + 0.5f);
src/PC/gfx_d3d/r_xmodelsurfs_load.c	15	constant-pointer-arithmetic	listed-TU	int *memUsage = (int *)(ctx + 0x84);
src/PC/gfx_d3d/r_xmodelsurfs_load.c	95	fixed-byte-access	listed-TU	*(unsigned short *)(v + 0x3e) = (unsigned short)(b0 << 6);
src/PC/gfx_d3d/r_xmodelsurfs_load.c	95	constant-pointer-arithmetic	listed-TU	*(unsigned short *)(v + 0x3e) = (unsigned short)(b0 << 6);
src/PC/gfx_d3d/r_xmodelsurfs_load.c	105	constant-pointer-arithmetic	listed-TU	unsigned char *wp = v + 0x40;
src/PC/gfx_d3d/r_xmodelsurfs_load.c	113	fixed-byte-access	listed-TU	*(unsigned short *)(wp + 0x0c) = (unsigned short)(bn << 6);
src/PC/gfx_d3d/r_xmodelsurfs_load.c	113	constant-pointer-arithmetic	listed-TU	*(unsigned short *)(wp + 0x0c) = (unsigned short)(bn << 6);
src/PC/gfx_d3d/r_xmodelsurfs_load.c	114	fixed-byte-access	listed-TU	*(unsigned int *)(wp + 0x00) = *(unsigned int *)c;
src/PC/gfx_d3d/r_xmodelsurfs_load.c	114	constant-pointer-arithmetic	listed-TU	*(unsigned int *)(wp + 0x00) = *(unsigned int *)c;
src/PC/gfx_d3d/r_xmodelsurfs_load.c	116	fixed-byte-access	listed-TU	*(unsigned int *)(wp + 0x04) = *(unsigned int *)c;
src/PC/gfx_d3d/r_xmodelsurfs_load.c	116	constant-pointer-arithmetic	listed-TU	*(unsigned int *)(wp + 0x04) = *(unsigned int *)c;
src/PC/gfx_d3d/r_xmodelsurfs_load.c	118	fixed-byte-access	listed-TU	*(unsigned int *)(wp + 0x08) = *(unsigned int *)c;
src/PC/gfx_d3d/r_xmodelsurfs_load.c	118	constant-pointer-arithmetic	listed-TU	*(unsigned int *)(wp + 0x08) = *(unsigned int *)c;
src/PC/gfx_d3d/r_xmodelsurfs_load.c	120	fixed-byte-access	listed-TU	*(unsigned short *)(wp + 0x0e) = *(unsigned short *)c;
src/PC/gfx_d3d/r_xmodelsurfs_load.c	120	constant-pointer-arithmetic	listed-TU	*(unsigned short *)(wp + 0x0e) = *(unsigned short *)c;
src/PC/gfx_d3d/r_xmodelsurfs_load.c	138	constant-pointer-arithmetic	listed-TU	roundedIdx = (triCount + 1) & ~1;
src/PC/gfx_d3d/r_xmodelsurfs_load.c	140	constant-pointer-arithmetic	listed-TU	tris = (short *)alloc((idxCount + 3) * 2);
src/PC/gfx_d3d/r_xmodelsurfs_load.c	149	constant-pointer-arithmetic	listed-TU	tris[ii + 1] = tris[ii - 1];
src/PC/gfx_d3d/r_xmodelsurfs_load.c	150	constant-pointer-arithmetic	listed-TU	tris[ii + 2] = tris[ii - 1];
src/PC/gfx_d3d/r_xmodelsurfs_load.c	169	small-integer-cast	listed-TU	Com_Memcpy(gRefImportV60Copy, rimp_v60, 181 * (int)sizeof(int *));
src/PC/gfx_d3d/r_xsurface.c	29	small-integer-cast	listed-TU	unsigned int twoOffsets = ((unsigned int)(unsigned short)sOffset << 16) | (unsigned short)sOffset;
src/PC/gfx_d3d/r_xsurface.c	155	constant-pointer-arithmetic	listed-TU	if ((short)(boneOffset + 1) != 0) {
src/PC/gfx_d3d/r_xsurface_load_obj.c	47	small-integer-cast	listed-TU	surface = (XSurface *)Alloc((int)sizeof(XSurface));
src/PC/gfx_d3d/r_xsurface_load_obj.c	48	small-integer-cast	listed-TU	model->memUsage += (int)sizeof(XSurface);
src/PC/gfx_d3d/r_xsurface_load_obj.c	65	small-integer-cast	listed-TU	size = ((int)extraBlendCount + (int)surface->vertCount * 4) * 16;
src/PC/gfx_d3d/r_xsurface_load_obj.c	73	small-integer-cast	listed-TU	size = (int)surface->vertCount * 64;
src/PC/gfx_d3d/r_xsurface_load_obj.c	81	small-integer-cast	listed-TU	for (j = 0; j < (int)surface->vertCount; j++) {
src/PC/gfx_d3d/r_xsurface_load_obj.c	89	constant-pointer-arithmetic	listed-TU	vi->color[1] = (byte)(*(*pos + 1));
src/PC/gfx_d3d/r_xsurface_load_obj.c	90	constant-pointer-arithmetic	listed-TU	vi->color[2] = (byte)(*(*pos + 2));
src/PC/gfx_d3d/r_xsurface_load_obj.c	91	constant-pointer-arithmetic	listed-TU	vi->color[3] = (byte)(*(*pos + 3));
src/PC/gfx_d3d/r_xsurface_load_obj.c	138	small-integer-cast	listed-TU	for (k = 0; k < (int)numWeights; k++) {
src/PC/gfx_d3d/r_xsurface_load_obj.c	160	constant-pointer-arithmetic	listed-TU	int roundedTriCount = ((int)surface->triCount + 1) & ~1;
src/PC/gfx_d3d/r_xsurface_load_obj.c	160	small-integer-cast	listed-TU	int roundedTriCount = ((int)surface->triCount + 1) & ~1;
src/PC/gfx_d3d/r_xsurface_load_obj.c	162	small-integer-cast	listed-TU	numTriIndices = (int)surface->triCount * 3;
src/PC/gfx_d3d/r_xsurface_load_obj.c	168	small-integer-cast	listed-TU	for (i = 0; i < (int)surface->triCount * 3; i++) {
src/PC/gfx_d3d/r_xsurface_load_obj.c	172	small-integer-cast	listed-TU	if ((int)surface->triCount != roundedTriCount) {
src/PC/gfx_d3d/r_xsurface_load_obj.c	174	constant-pointer-arithmetic	listed-TU	triIndicesShort[i + 1] = triIndicesShort[i + 0];
src/PC/gfx_d3d/r_xsurface_load_obj.c	175	constant-pointer-arithmetic	listed-TU	triIndicesShort[i + 2] = triIndicesShort[i + 1];
src/PC/gfx_d3d/r_xsurface_optimize.c	18	x86-only-width-guard	listed-TU	#if defined(_M_X64) || defined(__x86_64__)
src/PC/gfx_d3d/r_xsurface_optimize.c	60	small-integer-cast	listed-TU	vertCount = (int)surface->vertCount;
src/PC/gfx_d3d/r_xsurface_optimize.c	93	small-integer-cast	listed-TU	XSurfaceTransferDx7(surfVerts, (GfxVertexDx7 *)vertexBuffer, (int)surface->vertCount);
src/PC/gfx_d3d/r_xsurface_optimize.c	96	small-integer-cast	listed-TU	XSurfaceTransfer(surfVerts, (GfxVertex *)vertexBuffer, (int)surface->vertCount);
src/PC/gfx_d3d/r_xsurface_optimize.c	138	small-integer-cast	listed-TU	indexDataSize = (int)surf->triCount * 6;
src/PC/gfx_d3d/r_xsurface_optimize.c	140	constant-pointer-arithmetic	listed-TU	indexBytes = (indexDataSize + 0x1f) & ~0x1f;
src/PC/gfx_d3d/rb_backend.c	92	x86-only-width-guard	listed-TU	#if defined(COD2_X64) || defined(_M_X64) || defined(__x86_64__)
src/PC/gfx_d3d/rb_backend.c	133	x86-only-width-guard	listed-TU	#if defined(COD2_X64) || defined(_M_X64) || defined(__x86_64__)
src/PC/gfx_d3d/rb_backend.c	152	small-integer-cast	listed-TU	glyph ? (int)glyph->x0 : 0,
src/PC/gfx_d3d/rb_backend.c	153	small-integer-cast	listed-TU	glyph ? (int)glyph->y0 : 0,
src/PC/gfx_d3d/rb_backend.c	154	small-integer-cast	listed-TU	glyph ? (unsigned)glyph->dx : 0,
src/PC/gfx_d3d/rb_backend.c	155	small-integer-cast	listed-TU	glyph ? (unsigned)glyph->pixelWidth : 0,
src/PC/gfx_d3d/rb_backend.c	156	small-integer-cast	listed-TU	glyph ? (unsigned)glyph->pixelHeight : 0,
src/PC/gfx_d3d/rb_backend.c	285	small-integer-cast	listed-TU	memset(g_rb_tess_type_counts, 0, sizeof(int) * 8);
src/PC/gfx_d3d/rb_backend.c	396	constant-pointer-arithmetic	listed-TU	if (vc + 4 > 0x154a || ic + 6 > 0x100000) {
src/PC/gfx_d3d/rb_backend.c	412	constant-pointer-arithmetic	listed-TU	tess.indices[ic + 0] = (r_index_t)(vc + 3);
src/PC/gfx_d3d/rb_backend.c	413	constant-pointer-arithmetic	listed-TU	tess.indices[ic + 1] = (r_index_t)vc;
src/PC/gfx_d3d/rb_backend.c	414	constant-pointer-arithmetic	listed-TU	tess.indices[ic + 2] = (r_index_t)(vc + 2);
src/PC/gfx_d3d/rb_backend.c	415	constant-pointer-arithmetic	listed-TU	tess.indices[ic + 3] = (r_index_t)(vc + 2);
src/PC/gfx_d3d/rb_backend.c	416	constant-pointer-arithmetic	listed-TU	tess.indices[ic + 4] = (r_index_t)vc;
src/PC/gfx_d3d/rb_backend.c	417	constant-pointer-arithmetic	listed-TU	tess.indices[ic + 5] = (r_index_t)(vc + 1);
src/PC/gfx_d3d/rb_backend.c	580	constant-pointer-arithmetic	listed-TU	const void *target = ((const GfxCmdCall *)cmd)->subCmd;   /* x86 was cmd+4 */
src/PC/gfx_d3d/rb_backend.c	584	small-integer-cast	listed-TU	int off = (int)(cmd - base);
src/PC/gfx_d3d/rb_backend.c	585	small-integer-cast	listed-TU	int targetOff = (int)((const byte *)target - base);
src/PC/gfx_d3d/rb_backend.c	613	constant-pointer-arithmetic	listed-TU	d3dGammaRamp[i + 256] = gammaTable->entries[i];
src/PC/gfx_d3d/rb_backend.c	614	constant-pointer-arithmetic	listed-TU	d3dGammaRamp[i + 512] = gammaTable->entries[i];
src/PC/gfx_d3d/rb_backend.c	718	small-integer-cast	listed-TU	"fprintf(stderr, ""[BBREAD] grd=0x%08x BB content: OR=%06x nonblackSamples=%d\n"", (unsigned)grd, acc, nz);"
src/PC/gfx_d3d/rb_backend.c	721	small-integer-cast	listed-TU	"fprintf(stderr, ""[BBREAD] grd=0x%08x lock failed 0x%08x\n"", (unsigned)grd, (unsigned)lh);"
src/PC/gfx_d3d/rb_backend.c	759	fixed-byte-access	listed-TU	*(unsigned *)(desc + 24), *(unsigned *)(desc + 28), *(unsigned *)desc);
src/PC/gfx_d3d/rb_backend.c	759	constant-pointer-arithmetic	listed-TU	*(unsigned *)(desc + 24), *(unsigned *)(desc + 28), *(unsigned *)desc);
src/PC/gfx_d3d/rb_backend.c	765	fixed-byte-access	listed-TU	*(unsigned *)(desc + 24), *(unsigned *)(desc + 28), *(unsigned *)desc);
src/PC/gfx_d3d/rb_backend.c	765	constant-pointer-arithmetic	listed-TU	*(unsigned *)(desc + 24), *(unsigned *)(desc + 28), *(unsigned *)desc);
src/PC/gfx_d3d/rb_backend.c	852	fixed-size-memory-call	listed-TU	memset(&backEnd, 0, 0x36e90);
src/PC/gfx_d3d/rb_backend.c	867	small-integer-cast	listed-TU	if ((unsigned)idx <= 7) {
src/PC/gfx_d3d/rb_backend.c	885	constant-pointer-arithmetic	listed-TU	const void *target = ((const GfxCmdCall *)cmd)->subCmd;   /* x86 was cmd+4 */
src/PC/gfx_d3d/rb_backend.c	890	constant-pointer-arithmetic	listed-TU	execState->stackPos = idx + 1;
src/PC/gfx_d3d/rb_backend.c	893	small-integer-cast	listed-TU	int off = (int)((const byte *)cmd - base);
src/PC/gfx_d3d/rb_backend.c	894	small-integer-cast	listed-TU	int targetOff = (int)((const byte *)target - base);
src/PC/gfx_d3d/rb_backend.c	895	small-integer-cast	listed-TU	int retOff = (int)((const byte *)execState->retCmd[idx] - base);
src/PC/gfx_d3d/rb_backend.c	1028	fixed-byte-access	listed-TU	RB_DrawSun(*(int *)(cmd + 4));
src/PC/gfx_d3d/rb_backend.c	1028	constant-pointer-arithmetic	listed-TU	RB_DrawSun(*(int *)(cmd + 4));
src/PC/gfx_d3d/rb_backend.c	1058	small-integer-cast	listed-TU	r = (byte)(int)floorf(color[0] * 255.0f + 0.5f);
src/PC/gfx_d3d/rb_backend.c	1059	small-integer-cast	listed-TU	g = (byte)(int)floorf(color[1] * 255.0f + 0.5f);
src/PC/gfx_d3d/rb_backend.c	1060	small-integer-cast	listed-TU	b = (byte)(int)floorf(color[2] * 255.0f + 0.5f);
src/PC/gfx_d3d/rb_backend.c	1061	small-integer-cast	listed-TU	a = (byte)(int)floorf(color[3] * 255.0f + 0.5f);
src/PC/gfx_d3d/rb_backend.c	1082	small-integer-cast	listed-TU	"(unsigned)d3dColor, (void *)crt, bb, (crt == bb ? ""==BB"" : ""OFFSCREEN""),"
src/PC/gfx_d3d/rb_backend.c	1109	small-integer-cast	listed-TU	color[0] = (byte)(int)floorf(floatColor[0] * 255.0f + 0.5f);
src/PC/gfx_d3d/rb_backend.c	1110	small-integer-cast	listed-TU	color[1] = (byte)(int)floorf(floatColor[1] * 255.0f + 0.5f);
src/PC/gfx_d3d/rb_backend.c	1111	small-integer-cast	listed-TU	color[2] = (byte)(int)floorf(floatColor[2] * 255.0f + 0.5f);
src/PC/gfx_d3d/rb_backend.c	1112	small-integer-cast	listed-TU	color[3] = (byte)(int)floorf(floatColor[3] * 255.0f + 0.5f);
src/PC/gfx_d3d/rb_backend.c	1172	small-integer-cast	listed-TU	diff = syncTarget - (int)waitedTime;
src/PC/gfx_d3d/rb_backend.c	1173	small-integer-cast	listed-TU	syncTarget -= (diff + ((unsigned int)diff >> 31)) >> 1;
src/PC/gfx_d3d/rb_backend.c	1375	small-integer-cast	listed-TU	*(int *)&backEnd.light[idx].def = (int)(((GfxCmdSetLightProperties *)cmd)->lightDef);
src/PC/gfx_d3d/rb_backend.c	1382	fixed-size-memory-call	listed-TU	memcpy(&backEnd.codeConsts[3 + idx], &backEnd.light[idx].position, 16);
src/PC/gfx_d3d/rb_backend.c	1384	fixed-size-memory-call	listed-TU	memcpy(&backEnd.codeConsts[7 + idx], &backEnd.light[idx].ambient, 16);
src/PC/gfx_d3d/rb_backend.c	1386	fixed-size-memory-call	listed-TU	memcpy(&backEnd.codeConsts[5 + idx], &backEnd.light[idx].color, 16);
src/PC/gfx_d3d/rb_backend.c	1388	fixed-size-memory-call	listed-TU	memcpy(&backEnd.codeConsts[9 + idx], &backEnd.light[idx].specular, 16);
src/PC/gfx_d3d/rb_backend.c	1427	constant-pointer-arithmetic	listed-TU	RB_SetShadowLookupMatrix(cmd + 4);
src/PC/gfx_d3d/rb_backend.c	1500	small-integer-cast	listed-TU	pow2W = (float)nextPow2((unsigned int)backEnd.width);
src/PC/gfx_d3d/rb_backend.c	1508	small-integer-cast	listed-TU	pow2H = (float)nextPow2((unsigned int)backEnd.height);
src/PC/gfx_d3d/rb_backend.c	1630	small-integer-cast	listed-TU	"md, (void *)material, (nm && (unsigned)nm > 0x10000) ? nm : ""(badptr)"", techType,"
src/PC/gfx_d3d/rb_backend.c	1671	fixed-byte-access	listed-TU	if (ent->reType <= 2 && !(*(byte *)((char *)ent + 5) & 1)) {
src/PC/gfx_d3d/rb_backend.c	1671	constant-pointer-arithmetic	listed-TU	if (ent->reType <= 2 && !(*(byte *)((char *)ent + 5) & 1)) {
src/PC/gfx_d3d/rb_backend.c	1679	small-integer-cast	listed-TU	if ((unsigned int)(techType - 3) <= 0x17) {
src/PC/gfx_d3d/rb_backend.c	1741	small-integer-cast	listed-TU	if ((unsigned int)(entityIndex - 0x7fe) <= 1) {
src/PC/gfx_d3d/rb_backend.c	2019	fixed-size-memory-call	listed-TU	memcpy(&cm->world.matrix[i], identity, 64);
src/PC/gfx_d3d/rb_backend.c	2024	fixed-size-memory-call	listed-TU	memcpy(((char *)am + offsetof(GfxCodeMatrices, view)), ((char *)am + offsetof(GfxCodeMatrices, world)), 0x110);
src/PC/gfx_d3d/rb_backend.c	2025	fixed-size-memory-call	listed-TU	memcpy(((char *)am + offsetof(GfxCodeMatrices, worldView)), ((char *)am + offsetof(GfxCodeMatrices, world)), 0x110);
src/PC/gfx_d3d/rb_backend.c	2026	fixed-size-memory-call	listed-TU	memcpy(((char *)am + offsetof(GfxCodeMatrices, viewProjection)), ((char *)am + offsetof(GfxCodeMatrices, projection)), 0x110);
src/PC/gfx_d3d/rb_backend.c	2027	fixed-size-memory-call	listed-TU	memcpy(((char *)am + offsetof(GfxCodeMatrices, worldViewProjection)), ((char *)am + offsetof(GfxCodeMatrices, projection)), 0x110);
src/PC/gfx_d3d/rb_backend.c	2032	fixed-size-memory-call	listed-TU	memcpy(OGLView, ((char *)am + offsetof(GfxCodeMatrices, view)), 64);
src/PC/gfx_d3d/rb_backend.c	2034	fixed-size-memory-call	listed-TU	memcpy(OGLProjection, ((char *)am + offsetof(GfxCodeMatrices, projection)), 64);
src/PC/gfx_d3d/rb_backend.c	2048	fixed-size-memory-call	listed-TU	memcpy(((char *)am + offsetof(GfxCodeMatrices, normalizedWorld)), ((char *)am + offsetof(GfxCodeMatrices, world)), 0x110);
src/PC/gfx_d3d/rb_backend.c	2049	fixed-size-memory-call	listed-TU	memcpy(((char *)am + offsetof(GfxCodeMatrices, normalizedWorldView)), ((char *)am + offsetof(GfxCodeMatrices, worldView)), 0x110);
src/PC/gfx_d3d/rb_backend.c	2050	constant-pointer-arithmetic	listed-TU	memcpy(am + 0x890, ((char *)am + offsetof(GfxCodeMatrices, worldView)), 0x110);
src/PC/gfx_d3d/rb_backend.c	2050	fixed-size-memory-call	listed-TU	memcpy(am + 0x890, ((char *)am + offsetof(GfxCodeMatrices, worldView)), 0x110);
src/PC/gfx_d3d/rb_backend.c	2126	constant-pointer-arithmetic	listed-TU	xyzwData = (float *)(cmd + 0x10);
src/PC/gfx_d3d/rb_backend.c	2331	small-integer-cast	listed-TU	((GfxEntity *)entity)->customMaterial = (MaterialHandle)((int)(uintptr_t)((GfxCmdDrawSprite *)cmd)->material);
src/PC/gfx_d3d/rb_backend.c	2389	constant-pointer-arithmetic	listed-TU	indices[ic + 0] = (r_index_t)(vc + 1);
src/PC/gfx_d3d/rb_backend.c	2390	constant-pointer-arithmetic	listed-TU	indices[ic + 1] = (r_index_t)vc;
src/PC/gfx_d3d/rb_backend.c	2391	constant-pointer-arithmetic	listed-TU	indices[ic + 2] = (r_index_t)(vc + 2);
src/PC/gfx_d3d/rb_backend.c	2392	constant-pointer-arithmetic	listed-TU	indices[ic + 3] = (r_index_t)(vc + 2);
src/PC/gfx_d3d/rb_backend.c	2393	constant-pointer-arithmetic	listed-TU	indices[ic + 4] = (r_index_t)vc;
src/PC/gfx_d3d/rb_backend.c	2394	constant-pointer-arithmetic	listed-TU	indices[ic + 5] = (r_index_t)(vc + 3);
src/PC/gfx_d3d/rb_backend.c	2444	constant-pointer-arithmetic	listed-TU	RB_SetLineVertex(t, vc + 1, isDx7, x1 - delta[0], y1 - delta[1], z1, 0.0f, 1.0f, c1);
src/PC/gfx_d3d/rb_backend.c	2445	constant-pointer-arithmetic	listed-TU	RB_SetLineVertex(t, vc + 2, isDx7, x1 + delta[0], y1 + delta[1], z1, 1.0f, 1.0f, c1);
src/PC/gfx_d3d/rb_backend.c	2446	constant-pointer-arithmetic	listed-TU	RB_SetLineVertex(t, vc + 3, isDx7, x0 + delta[0], y0 + delta[1], z0, 1.0f, 0.0f, c0);
src/PC/gfx_d3d/rb_backend.c	2545	constant-pointer-arithmetic	listed-TU	tess.vertexCount = vc + 4;
src/PC/gfx_d3d/rb_backend.c	2552	constant-pointer-arithmetic	listed-TU	RB_SetVertex3DWorld(t, vc + 1, isDx7,
src/PC/gfx_d3d/rb_backend.c	2555	constant-pointer-arithmetic	listed-TU	RB_SetVertex3DWorld(t, vc + 2, isDx7,
src/PC/gfx_d3d/rb_backend.c	2558	constant-pointer-arithmetic	listed-TU	RB_SetVertex3DWorld(t, vc + 3, isDx7,
src/PC/gfx_d3d/rb_backend.c	2762	constant-pointer-arithmetic	listed-TU	indices[ic + 1] = 0;
src/PC/gfx_d3d/rb_backend.c	2763	constant-pointer-arithmetic	listed-TU	indices[ic + 2] = 2;
src/PC/gfx_d3d/rb_backend.c	2764	constant-pointer-arithmetic	listed-TU	indices[ic + 3] = 2;
src/PC/gfx_d3d/rb_backend.c	2765	constant-pointer-arithmetic	listed-TU	indices[ic + 4] = 0;
src/PC/gfx_d3d/rb_backend.c	2766	constant-pointer-arithmetic	listed-TU	indices[ic + 5] = 1;
src/PC/gfx_d3d/rb_backend.c	2767	constant-pointer-arithmetic	listed-TU	tess.indexCount = ic + 6;
src/PC/gfx_d3d/rb_backend.c	2822	constant-pointer-arithmetic	listed-TU	if (vc + 4 > 0x154a || ic + 6 > 0x100000) {
src/PC/gfx_d3d/rb_backend.c	2837	constant-pointer-arithmetic	listed-TU	indices[ic + 0] = (r_index_t)(vc + 3);
src/PC/gfx_d3d/rb_backend.c	2838	constant-pointer-arithmetic	listed-TU	indices[ic + 1] = (r_index_t)vc;
src/PC/gfx_d3d/rb_backend.c	2839	constant-pointer-arithmetic	listed-TU	indices[ic + 2] = (r_index_t)(vc + 2);
src/PC/gfx_d3d/rb_backend.c	2840	constant-pointer-arithmetic	listed-TU	indices[ic + 3] = (r_index_t)(vc + 2);
src/PC/gfx_d3d/rb_backend.c	2841	constant-pointer-arithmetic	listed-TU	indices[ic + 4] = (r_index_t)vc;
src/PC/gfx_d3d/rb_backend.c	2842	constant-pointer-arithmetic	listed-TU	indices[ic + 5] = (r_index_t)(vc + 1);
src/PC/gfx_d3d/rb_backend.c	2849	constant-pointer-arithmetic	listed-TU	char *v1 = v0 + 36;
src/PC/gfx_d3d/rb_backend.c	2850	constant-pointer-arithmetic	listed-TU	char *v2 = v0 + 72;
src/PC/gfx_d3d/rb_backend.c	2851	constant-pointer-arithmetic	listed-TU	char *v3 = v0 + 108;
src/PC/gfx_d3d/rb_backend.c	2895	constant-pointer-arithmetic	listed-TU	char *v1 = v0 + 64;
src/PC/gfx_d3d/rb_backend.c	2896	constant-pointer-arithmetic	listed-TU	char *v2 = v0 + 128;
src/PC/gfx_d3d/rb_backend.c	2897	constant-pointer-arithmetic	listed-TU	char *v3 = v0 + 192;
src/PC/gfx_d3d/rb_backend.c	3073	small-integer-cast	listed-TU	if ((unsigned int)(hr + 0x7789f798u) <= 1)
src/PC/gfx_d3d/rb_backend.c	3357	small-integer-cast	listed-TU	if ((int)(now - startTsc) > ((DxGlobals *)dx)->gpuSyncDelay)
src/PC/gfx_d3d/rb_backend.c	3365	small-integer-cast	listed-TU	int elapsed = (int)(endTsc - startTsc);
src/PC/gfx_d3d/rb_backend.c	3446	small-integer-cast	listed-TU	alphaByte = (int)floorf(alphaScaled + 0.5f);
src/PC/gfx_d3d/rb_backend.c	3462	small-integer-cast	listed-TU	unsigned int sw = (unsigned int)dxState.renderTargetWidth;
src/PC/gfx_d3d/rb_backend.c	3463	small-integer-cast	listed-TU	unsigned int sh = (unsigned int)dxState.renderTargetHeight;
src/PC/gfx_d3d/rb_backend.c	3592	small-integer-cast	listed-TU	int colorIdx = ColorIndex((int)(unsigned char)*next);
src/PC/gfx_d3d/rb_backend.c	3598	small-integer-cast	listed-TU	RB_LookupColor((int)(unsigned char)*next, rgb);
src/PC/gfx_d3d/rb_backend.c	3599	small-integer-cast	listed-TU	newColor.packed = savedAlpha | ((unsigned int)rgb[0] << 8) |
src/PC/gfx_d3d/rb_backend.c	3600	small-integer-cast	listed-TU	((unsigned int)rgb[1] << 16) | ((unsigned int)rgb[2] << 24);
src/PC/gfx_d3d/rb_backend.c	3662	small-integer-cast	listed-TU	(int)(signed char)glyph->x0,
src/PC/gfx_d3d/rb_backend.c	3663	small-integer-cast	listed-TU	(int)(signed char)glyph->y0,
src/PC/gfx_d3d/rb_backend.c	3759	fixed-byte-access	listed-TU	execState->cmd = (const void *)(cmdBytes + *(unsigned short *)(cmdBytes + 2));
src/PC/gfx_d3d/rb_backend.c	3759	constant-pointer-arithmetic	listed-TU	execState->cmd = (const void *)(cmdBytes + *(unsigned short *)(cmdBytes + 2));
src/PC/gfx_d3d/rb_backend.c	3834	fixed-byte-access	listed-TU	float intensity = *(float *)(*(char **)imp_r_glowBloomIntensity + 8 + p * 4);
src/PC/gfx_d3d/rb_backend.c	3834	constant-pointer-arithmetic	listed-TU	float intensity = *(float *)(*(char **)imp_r_glowBloomIntensity + 8 + p * 4);
src/PC/gfx_d3d/rb_backend.c	3836	fixed-byte-access	listed-TU	glowRadii[p] = *(int *)(*(char **)imp_r_glowRadius + 8 + p * 4);
src/PC/gfx_d3d/rb_backend.c	3836	constant-pointer-arithmetic	listed-TU	glowRadii[p] = *(int *)(*(char **)imp_r_glowRadius + 8 + p * 4);
src/PC/gfx_d3d/rb_backend.c	3861	fixed-byte-access	listed-TU	float skyBleed = *(float *)(*(char **)imp_r_glowSkyBleedIntensity + 8 + glowIndex * 4);
src/PC/gfx_d3d/rb_backend.c	3861	constant-pointer-arithmetic	listed-TU	float skyBleed = *(float *)(*(char **)imp_r_glowSkyBleedIntensity + 8 + glowIndex * 4);
src/PC/gfx_d3d/rb_backend.c	3862	fixed-byte-access	listed-TU	int bloomIntensity = *(int *)(*(char **)imp_r_glowBloomIntensity + 8 + glowIndex * 4);
src/PC/gfx_d3d/rb_backend.c	3862	constant-pointer-arithmetic	listed-TU	int bloomIntensity = *(int *)(*(char **)imp_r_glowBloomIntensity + 8 + glowIndex * 4);
src/PC/gfx_d3d/rb_backend.c	3878	small-integer-cast	listed-TU	float pw = (float)nextPow2((unsigned int)dxState.renderTargetWidth);
src/PC/gfx_d3d/rb_backend.c	3879	small-integer-cast	listed-TU	float ph = (float)nextPow2((unsigned int)dxState.renderTargetHeight);
src/PC/gfx_d3d/rb_backend.c	3910	small-integer-cast	listed-TU	int alpha = (int)floorf(totalBlur / virtualWidth * 255.0f + 0.5f);
src/PC/gfx_d3d/rb_backend.c	3924	small-integer-cast	listed-TU	float pw = (float)nextPow2((unsigned int)dxState.renderTargetWidth);
src/PC/gfx_d3d/rb_backend.c	3925	small-integer-cast	listed-TU	float ph = (float)nextPow2((unsigned int)dxState.renderTargetHeight);
src/PC/gfx_d3d/rb_backend.c	3956	fixed-byte-access	listed-TU	execState->cmd = c + *(unsigned short *)(c + 2);
src/PC/gfx_d3d/rb_backend.c	3956	constant-pointer-arithmetic	listed-TU	execState->cmd = c + *(unsigned short *)(c + 2);
src/PC/gfx_d3d/rb_backend.c	3963	fixed-byte-access	listed-TU	execState->cmd = c + *(unsigned short *)(c + 2);
src/PC/gfx_d3d/rb_backend.c	3963	constant-pointer-arithmetic	listed-TU	execState->cmd = c + *(unsigned short *)(c + 2);
src/PC/gfx_d3d/rb_backend.c	4018	fixed-byte-access	listed-TU	execState->cmd = c + *(unsigned short *)(c + 2);
src/PC/gfx_d3d/rb_backend.c	4018	constant-pointer-arithmetic	listed-TU	execState->cmd = c + *(unsigned short *)(c + 2);
src/PC/gfx_d3d/rb_backend.c	4024	small-integer-cast	listed-TU	int halfH = (int)((float)dxState.renderTargetHeight * 0.5f);
src/PC/gfx_d3d/rb_backend.c	4025	small-integer-cast	listed-TU	int halfW = (int)((float)dxState.renderTargetWidth * 0.5f);
src/PC/gfx_d3d/rb_backend.c	4044	fixed-byte-access	listed-TU	execState->cmd = c + *(unsigned short *)(c + 2);
src/PC/gfx_d3d/rb_backend.c	4044	constant-pointer-arithmetic	listed-TU	execState->cmd = c + *(unsigned short *)(c + 2);
src/PC/gfx_d3d/rb_backend.c	4051	fixed-byte-access	listed-TU	execState->cmd = c + *(unsigned short *)(c + 2);
src/PC/gfx_d3d/rb_backend.c	4051	constant-pointer-arithmetic	listed-TU	execState->cmd = c + *(unsigned short *)(c + 2);
src/PC/gfx_d3d/rb_backend.c	4079	constant-pointer-arithmetic	listed-TU	tess.vertexCount = vc + 4;
src/PC/gfx_d3d/rb_backend.c	4080	constant-pointer-arithmetic	listed-TU	tess.indexCount = ic + 6;
src/PC/gfx_d3d/rb_backend.c	4110	constant-pointer-arithmetic	listed-TU	RB_SetVertex2D(t, vc + 1, renderer, v1x, v1y, ((GfxCmdStretchPicRotate *)cmd)->s1, ((GfxCmdStretchPicRotate *)cmd)->t0, color);
src/PC/gfx_d3d/rb_backend.c	4111	constant-pointer-arithmetic	listed-TU	RB_SetVertex2D(t, vc + 2, renderer, v2x, v2y, ((GfxCmdStretchPicRotate *)cmd)->s1, ((GfxCmdStretchPicRotate *)cmd)->t1, color);
src/PC/gfx_d3d/rb_backend.c	4112	constant-pointer-arithmetic	listed-TU	RB_SetVertex2D(t, vc + 3, renderer, v3x, v3y, ((GfxCmdStretchPicRotate *)cmd)->s0, ((GfxCmdStretchPicRotate *)cmd)->t1, color);
src/PC/gfx_d3d/rb_backend.c	4138	constant-pointer-arithmetic	listed-TU	tess.vertexCount = vc + 4;
src/PC/gfx_d3d/rb_backend.c	4139	constant-pointer-arithmetic	listed-TU	tess.indexCount = ic + 6;
src/PC/gfx_d3d/rb_backend.c	4147	constant-pointer-arithmetic	listed-TU	RB_SetVertex2D(t, vc + 1, renderer, ((GfxCmdDrawQuadPic *)cmd)->verts[1][0], ((GfxCmdDrawQuadPic *)cmd)->verts[1][1], 1.0f, 0.0f, color);
src/PC/gfx_d3d/rb_backend.c	4148	constant-pointer-arithmetic	listed-TU	RB_SetVertex2D(t, vc + 2, renderer, ((GfxCmdDrawQuadPic *)cmd)->verts[2][0], ((GfxCmdDrawQuadPic *)cmd)->verts[2][1], 1.0f, 1.0f, color);
src/PC/gfx_d3d/rb_backend.c	4149	constant-pointer-arithmetic	listed-TU	RB_SetVertex2D(t, vc + 3, renderer, ((GfxCmdDrawQuadPic *)cmd)->verts[3][0], ((GfxCmdDrawQuadPic *)cmd)->verts[3][1], 0.0f, 1.0f, color);
src/PC/gfx_d3d/rb_backend.c	4234	constant-pointer-arithmetic	listed-TU	if (vc + 4 > 0x154a || ic + 6 > 0x100000) {
src/PC/gfx_d3d/rb_backend.c	4250	constant-pointer-arithmetic	listed-TU	indices[ic + 0] = (r_index_t)(vc + 3);
src/PC/gfx_d3d/rb_backend.c	4251	constant-pointer-arithmetic	listed-TU	indices[ic + 1] = (r_index_t)vc;
src/PC/gfx_d3d/rb_backend.c	4252	constant-pointer-arithmetic	listed-TU	indices[ic + 2] = (r_index_t)(vc + 2);
src/PC/gfx_d3d/rb_backend.c	4253	constant-pointer-arithmetic	listed-TU	indices[ic + 3] = (r_index_t)(vc + 2);
src/PC/gfx_d3d/rb_backend.c	4254	constant-pointer-arithmetic	listed-TU	indices[ic + 4] = (r_index_t)vc;
src/PC/gfx_d3d/rb_backend.c	4255	constant-pointer-arithmetic	listed-TU	indices[ic + 5] = (r_index_t)(vc + 1);
src/PC/gfx_d3d/rb_backend.c	4282	constant-pointer-arithmetic	listed-TU	vp_ = t + (vc + 1) * 36;
src/PC/gfx_d3d/rb_backend.c	4293	constant-pointer-arithmetic	listed-TU	vp_ = t + (vc + 2) * 36;
src/PC/gfx_d3d/rb_backend.c	4304	constant-pointer-arithmetic	listed-TU	vp_ = t + (vc + 3) * 36;
src/PC/gfx_d3d/rb_backend.c	4335	constant-pointer-arithmetic	listed-TU	vp_ = t + (vc + 1) * 64;
src/PC/gfx_d3d/rb_backend.c	4353	constant-pointer-arithmetic	listed-TU	vp_ = t + (vc + 2) * 64;
src/PC/gfx_d3d/rb_backend.c	4371	constant-pointer-arithmetic	listed-TU	vp_ = t + (vc + 3) * 64;
src/PC/gfx_d3d/rb_backend.c	4406	fixed-byte-access	listed-TU	int count = *(short *)(cmd + 4);
src/PC/gfx_d3d/rb_backend.c	4406	constant-pointer-arithmetic	listed-TU	int count = *(short *)(cmd + 4);
src/PC/gfx_d3d/rb_backend.c	4407	fixed-byte-access	listed-TU	int width = *(short *)(cmd + 6);
src/PC/gfx_d3d/rb_backend.c	4407	constant-pointer-arithmetic	listed-TU	int width = *(short *)(cmd + 6);
src/PC/gfx_d3d/rb_backend.c	4408	constant-pointer-arithmetic	listed-TU	const GfxPointVertex *verts = (const GfxPointVertex *)(cmd + 8);
src/PC/gfx_d3d/rb_backend.c	4492	constant-pointer-arithmetic	listed-TU	indices[ic + 1] = (r_index_t)(vc + 1);
src/PC/gfx_d3d/rb_backend.c	4493	constant-pointer-arithmetic	listed-TU	indices[ic + 2] = (r_index_t)(vc + 2);
src/PC/gfx_d3d/rb_backend.c	4494	constant-pointer-arithmetic	listed-TU	indices[ic + 3] = (r_index_t)(vc + 2);
src/PC/gfx_d3d/rb_backend.c	4495	constant-pointer-arithmetic	listed-TU	indices[ic + 4] = (r_index_t)(vc + 3);
src/PC/gfx_d3d/rb_backend.c	4496	constant-pointer-arithmetic	listed-TU	indices[ic + 5] = (r_index_t)vc;
src/PC/gfx_d3d/rb_backend.c	4500	constant-pointer-arithmetic	listed-TU	RB_SetClipSpaceVertex(t, vc + 1, isDx7, negD, d, z, d, white);
src/PC/gfx_d3d/rb_backend.c	4501	constant-pointer-arithmetic	listed-TU	RB_SetClipSpaceVertex(t, vc + 2, isDx7, d, d, z, d, white);
src/PC/gfx_d3d/rb_backend.c	4502	constant-pointer-arithmetic	listed-TU	RB_SetClipSpaceVertex(t, vc + 3, isDx7, d, negD, z, d, white);
src/PC/gfx_d3d/rb_backend.c	4504	constant-pointer-arithmetic	listed-TU	tess.vertexCount = vc + 4;
src/PC/gfx_d3d/rb_backend.c	4520	fixed-byte-access	listed-TU	short pointCount = *(short *)(cmd + 4);
src/PC/gfx_d3d/rb_backend.c	4520	constant-pointer-arithmetic	listed-TU	short pointCount = *(short *)(cmd + 4);
src/PC/gfx_d3d/rb_backend.c	4521	fixed-byte-access	listed-TU	float size = (float)(short)*(short *)(cmd + 6) * 0.5f;
src/PC/gfx_d3d/rb_backend.c	4521	constant-pointer-arithmetic	listed-TU	float size = (float)(short)*(short *)(cmd + 6) * 0.5f;
src/PC/gfx_d3d/rb_backend.c	4522	constant-pointer-arithmetic	listed-TU	const byte *verts = cmd + 8;
src/PC/gfx_d3d/rb_backend.c	4550	fixed-byte-access	listed-TU	float fSize = (float)(short)*(short *)(cmd + 6);
src/PC/gfx_d3d/rb_backend.c	4550	constant-pointer-arithmetic	listed-TU	float fSize = (float)(short)*(short *)(cmd + 6);
src/PC/gfx_d3d/rb_backend.c	4557	fixed-byte-access	listed-TU	D3DCOLOR color = *(D3DCOLOR *)(verts + pointIndex * 16 + 12);
src/PC/gfx_d3d/rb_backend.c	4573	constant-pointer-arithmetic	listed-TU	indices[ic + 0] = (r_index_t)(vc + 1);
src/PC/gfx_d3d/rb_backend.c	4574	constant-pointer-arithmetic	listed-TU	indices[ic + 1] = (r_index_t)vc;
src/PC/gfx_d3d/rb_backend.c	4575	constant-pointer-arithmetic	listed-TU	indices[ic + 2] = (r_index_t)(vc + 2);
src/PC/gfx_d3d/rb_backend.c	4576	constant-pointer-arithmetic	listed-TU	indices[ic + 3] = (r_index_t)(vc + 2);
src/PC/gfx_d3d/rb_backend.c	4577	constant-pointer-arithmetic	listed-TU	indices[ic + 4] = (r_index_t)vc;
src/PC/gfx_d3d/rb_backend.c	4578	constant-pointer-arithmetic	listed-TU	indices[ic + 5] = (r_index_t)(vc + 3);
src/PC/gfx_d3d/rb_backend.c	4593	constant-pointer-arithmetic	listed-TU	v = t + (vc + 1) * 36;
src/PC/gfx_d3d/rb_backend.c	4603	constant-pointer-arithmetic	listed-TU	v = t + (vc + 2) * 36;
src/PC/gfx_d3d/rb_backend.c	4613	constant-pointer-arithmetic	listed-TU	v = t + (vc + 3) * 36;
src/PC/gfx_d3d/rb_backend.c	4642	constant-pointer-arithmetic	listed-TU	v = t + (vc + 1) * 64;
src/PC/gfx_d3d/rb_backend.c	4659	constant-pointer-arithmetic	listed-TU	v = t + (vc + 2) * 64;
src/PC/gfx_d3d/rb_backend.c	4676	constant-pointer-arithmetic	listed-TU	v = t + (vc + 3) * 64;
src/PC/gfx_d3d/rb_backend.c	4703	fixed-byte-access	listed-TU	D3DCOLOR color = *(D3DCOLOR *)(verts + pointIndex * 16 + 12);
src/PC/gfx_d3d/rb_backend.c	4705	fixed-byte-access	listed-TU	int pz_i = *(int *)(xyz + 2);
src/PC/gfx_d3d/rb_backend.c	4705	constant-pointer-arithmetic	listed-TU	int pz_i = *(int *)(xyz + 2);
src/PC/gfx_d3d/rb_backend.c	4713	constant-pointer-arithmetic	listed-TU	indices[ic + 0] = (r_index_t)(vc + 1);
src/PC/gfx_d3d/rb_backend.c	4714	constant-pointer-arithmetic	listed-TU	indices[ic + 1] = (r_index_t)vc;
src/PC/gfx_d3d/rb_backend.c	4715	constant-pointer-arithmetic	listed-TU	indices[ic + 2] = (r_index_t)(vc + 2);
src/PC/gfx_d3d/rb_backend.c	4716	constant-pointer-arithmetic	listed-TU	indices[ic + 3] = (r_index_t)(vc + 2);
src/PC/gfx_d3d/rb_backend.c	4717	constant-pointer-arithmetic	listed-TU	indices[ic + 4] = (r_index_t)vc;
src/PC/gfx_d3d/rb_backend.c	4718	constant-pointer-arithmetic	listed-TU	indices[ic + 5] = (r_index_t)(vc + 3);
src/PC/gfx_d3d/rb_backend.c	4733	constant-pointer-arithmetic	listed-TU	v = t + (vc + 1) * 36;
src/PC/gfx_d3d/rb_backend.c	4743	constant-pointer-arithmetic	listed-TU	v = t + (vc + 2) * 36;
src/PC/gfx_d3d/rb_backend.c	4753	constant-pointer-arithmetic	listed-TU	v = t + (vc + 3) * 36;
src/PC/gfx_d3d/rb_backend.c	4782	constant-pointer-arithmetic	listed-TU	v = t + (vc + 1) * 64;
src/PC/gfx_d3d/rb_backend.c	4799	constant-pointer-arithmetic	listed-TU	v = t + (vc + 2) * 64;
src/PC/gfx_d3d/rb_backend.c	4816	constant-pointer-arithmetic	listed-TU	v = t + (vc + 3) * 64;
src/PC/gfx_d3d/rb_backend.c	4842	fixed-byte-access	listed-TU	execState->cmd = c + *(unsigned short *)(c + 2);
src/PC/gfx_d3d/rb_backend.c	4842	constant-pointer-arithmetic	listed-TU	execState->cmd = c + *(unsigned short *)(c + 2);
src/PC/gfx_d3d/rb_debug.c	35	constant-pointer-arithmetic	listed-TU	int newVertCount = vertCount + 2;
src/PC/gfx_d3d/rb_debug.c	46	constant-pointer-arithmetic	listed-TU	GfxPointVertex *v1 = &verts[vertCount + 1];
src/PC/gfx_d3d/rb_debug.c	323	fixed-byte-access	listed-TU	*(float *)(to + 4) = (*pv)[1];
src/PC/gfx_d3d/rb_debug.c	323	constant-pointer-arithmetic	listed-TU	*(float *)(to + 4) = (*pv)[1];
src/PC/gfx_d3d/rb_debug.c	324	fixed-byte-access	listed-TU	*(float *)(to + 8) = (*pv)[2];
src/PC/gfx_d3d/rb_debug.c	324	constant-pointer-arithmetic	listed-TU	*(float *)(to + 8) = (*pv)[2];
src/PC/gfx_d3d/rb_debug.c	340	fixed-byte-access	listed-TU	*(float *)(to + 4) = (*pv)[1];
src/PC/gfx_d3d/rb_debug.c	340	constant-pointer-arithmetic	listed-TU	*(float *)(to + 4) = (*pv)[1];
src/PC/gfx_d3d/rb_debug.c	341	fixed-byte-access	listed-TU	*(float *)(to + 8) = (*pv)[2];
src/PC/gfx_d3d/rb_debug.c	341	constant-pointer-arithmetic	listed-TU	*(float *)(to + 8) = (*pv)[2];
src/PC/gfx_d3d/rb_debug.c	379	constant-pointer-arithmetic	listed-TU	indices[indexBase + 1] = (r_index_t)(vertIndex + tess->vertexCount);
src/PC/gfx_d3d/rb_debug.c	383	constant-pointer-arithmetic	listed-TU	indices[indexBase + 2] = (r_index_t)(vertIndex + tess->vertexCount - 1);
src/PC/gfx_d3d/rb_debug.c	449	constant-pointer-arithmetic	listed-TU	plumeData->color[3] = fElapsed * -2.0f / fDuration + 2.0f;
src/PC/gfx_d3d/rb_imagefilter.c	84	small-integer-cast	listed-TU	ratioRounded = (int)floorf(ratio + 0.5f);
src/PC/gfx_d3d/rb_imagefilter.c	139	constant-pointer-arithmetic	listed-TU	tapCount = tapIndex + 1;
src/PC/gfx_d3d/rb_imagefilter.c	180	small-integer-cast	listed-TU	filterPass->srcWidth = (float)srcWidth / nextPowerOfTwoF((unsigned int)srcWidth);
src/PC/gfx_d3d/rb_imagefilter.c	181	small-integer-cast	listed-TU	filterPass->srcHeight = (float)srcHeight / nextPowerOfTwoF((unsigned int)srcHeight);
src/PC/gfx_d3d/rb_imagefilter.c	288	small-integer-cast	listed-TU	curPass->srcWidth = (float)curDstWidth / nextPowerOfTwoF((unsigned int)curDstWidth);
src/PC/gfx_d3d/rb_imagefilter.c	289	small-integer-cast	listed-TU	curPass->srcHeight = (float)curDstHeight / nextPowerOfTwoF((unsigned int)curDstHeight);
src/PC/gfx_d3d/rb_imagefilter.c	377	small-integer-cast	listed-TU	int viewportHeight = (int)viewParms->viewport.Height;
src/PC/gfx_d3d/rb_imagefilter.c	399	small-integer-cast	listed-TU	filter.passes[0].srcWidth = (float)sceneWidth / nextPowerOfTwoF((unsigned int)sceneWidth);
src/PC/gfx_d3d/rb_imagefilter.c	400	small-integer-cast	listed-TU	filter.passes[0].srcHeight = (float)sceneHeight / nextPowerOfTwoF((unsigned int)sceneHeight);
src/PC/gfx_d3d/rb_imagefilter.c	512	small-integer-cast	listed-TU	int viewportHeight = (int)viewParms->viewport.Height;
src/PC/gfx_d3d/rb_imagetouch.c	29	small-integer-cast	listed-TU	return (int)(unsigned char)img0->semantic - (int)(unsigned char)img1->semantic;
src/PC/gfx_d3d/rb_light.c	96	small-integer-cast	listed-TU	cmp = gridX - (int)e->x;
src/PC/gfx_d3d/rb_light.c	98	small-integer-cast	listed-TU	cmp = gridY - (int)e->y;
src/PC/gfx_d3d/rb_light.c	100	small-integer-cast	listed-TU	cmp = gridZ - (int)e->z;
src/PC/gfx_d3d/rb_light.c	111	constant-pointer-arithmetic	listed-TU	bot = mid + 1;
src/PC/gfx_d3d/rb_light.c	127	constant-pointer-arithmetic	listed-TU	memmove(&entries[insertAt + 1], &entries[insertAt], remaining * sizeof(vc_log_entry_t));
src/PC/gfx_d3d/rb_light.c	210	constant-pointer-arithmetic	listed-TU	if (*((unsigned char *)technique + 0xe) == 0)
src/PC/gfx_d3d/rb_light.c	217	constant-pointer-arithmetic	listed-TU	float *chan1 = chan0 + 8;
src/PC/gfx_d3d/rb_light.c	218	constant-pointer-arithmetic	listed-TU	float *chan2 = chan0 + 16;
src/PC/gfx_d3d/rb_light.c	255	constant-pointer-arithmetic	listed-TU	float *chan1 = chan0 + 8;
src/PC/gfx_d3d/rb_light.c	256	constant-pointer-arithmetic	listed-TU	float *chan2 = chan0 + 16;
src/PC/gfx_d3d/rb_light.c	417	pointer-named-integer-field	listed-TU	int prevCount = lightCount - 1;
src/PC/gfx_d3d/rb_light.c	453	small-integer-cast	listed-TU	x = ((int)floorf(viewOrigin[0] + 131072.0f + 0.5f)) >> 5;
src/PC/gfx_d3d/rb_light.c	454	small-integer-cast	listed-TU	y = ((int)floorf(viewOrigin[1] + 131072.0f + 0.5f)) >> 5;
src/PC/gfx_d3d/rb_light.c	455	small-integer-cast	listed-TU	z = ((int)floorf(131072.0f + viewOrigin[2])) >> 6;
src/PC/gfx_d3d/rb_light.c	491	small-integer-cast	listed-TU	cmp = gx - (int)e->x;
src/PC/gfx_d3d/rb_light.c	493	small-integer-cast	listed-TU	cmp = gy - (int)e->y;
src/PC/gfx_d3d/rb_light.c	495	small-integer-cast	listed-TU	cmp = gz - (int)e->z;
src/PC/gfx_d3d/rb_light.c	508	constant-pointer-arithmetic	listed-TU	bot = mid + 1;
src/PC/gfx_d3d/rb_light.c	520	small-integer-cast	listed-TU	if ((unsigned int)dz <= 1) {
src/PC/gfx_d3d/rb_light.c	546	small-integer-cast	listed-TU	cmp = (int)p->xyzHighBits - (int)keyHigh;
src/PC/gfx_d3d/rb_light.c	546	integer-cast-hash-or-key	listed-TU	cmp = (int)p->xyzHighBits - (int)keyHigh;
src/PC/gfx_d3d/rb_light.c	548	small-integer-cast	listed-TU	cmp = ((int)p->xyzLowBitsAndSunVisible - (int)keyLow) & ~1;
src/PC/gfx_d3d/rb_light.c	548	integer-cast-hash-or-key	listed-TU	cmp = ((int)p->xyzLowBitsAndSunVisible - (int)keyLow) & ~1;
src/PC/gfx_d3d/rb_light.c	555	constant-pointer-arithmetic	listed-TU	bot = mid + 1;
src/PC/gfx_d3d/rb_light.c	600	small-integer-cast	listed-TU	x0 = ((int)floorf(fx)) >> 5;
src/PC/gfx_d3d/rb_light.c	604	small-integer-cast	listed-TU	y0 = ((int)floorf(fy)) >> 5;
src/PC/gfx_d3d/rb_light.c	608	small-integer-cast	listed-TU	z0 = ((int)floorf(fz)) >> 6;
src/PC/gfx_d3d/rb_light.c	638	fixed-size-memory-call	listed-TU	memset(colorForDir, 0, 0x60);
src/PC/gfx_d3d/rb_light.c	671	small-integer-cast	listed-TU	cmp = gridX - (int)e->x;
src/PC/gfx_d3d/rb_light.c	673	small-integer-cast	listed-TU	cmp = gridY - (int)e->y;
src/PC/gfx_d3d/rb_light.c	675	small-integer-cast	listed-TU	cmp = gridZ - (int)e->z;
src/PC/gfx_d3d/rb_light.c	685	constant-pointer-arithmetic	listed-TU	bot = mid + 1;
src/PC/gfx_d3d/rb_light.c	694	constant-pointer-arithmetic	listed-TU	memmove(&entries[insertAt + 1], &entries[insertAt], remaining * sizeof(vc_log_entry_t));
src/PC/gfx_d3d/rb_light.c	737	constant-pointer-arithmetic	listed-TU	bmax[0] = gridPosX + 1.1f;
src/PC/gfx_d3d/rb_light.c	738	constant-pointer-arithmetic	listed-TU	bmax[1] = gridPosY + 1.1f;
src/PC/gfx_d3d/rb_light.c	739	constant-pointer-arithmetic	listed-TU	bmax[2] = gridPosZ + 1.1f;
src/PC/gfx_d3d/rb_light.c	751	constant-pointer-arithmetic	listed-TU	bmax[0] = gridPosX + 1.0f;
src/PC/gfx_d3d/rb_light.c	752	constant-pointer-arithmetic	listed-TU	bmax[1] = gridPosY + 1.0f;
src/PC/gfx_d3d/rb_light.c	753	constant-pointer-arithmetic	listed-TU	bmax[2] = gridPosZ + 1.0f;
src/PC/gfx_d3d/rb_light.c	821	small-integer-cast	listed-TU	cmp = (int)p->xyzHighBits - (int)keyHigh;
src/PC/gfx_d3d/rb_light.c	821	integer-cast-hash-or-key	listed-TU	cmp = (int)p->xyzHighBits - (int)keyHigh;
src/PC/gfx_d3d/rb_light.c	823	small-integer-cast	listed-TU	cmp = ((int)p->xyzLowBitsAndSunVisible - (int)keyLow) & ~1;
src/PC/gfx_d3d/rb_light.c	823	integer-cast-hash-or-key	listed-TU	cmp = ((int)p->xyzLowBitsAndSunVisible - (int)keyLow) & ~1;
src/PC/gfx_d3d/rb_light.c	830	constant-pointer-arithmetic	listed-TU	bot = mid + 1;
src/PC/gfx_d3d/rb_light.c	977	small-integer-cast	listed-TU	s_vc_log = (int)Z_MallocInternal(0x1800000);
src/PC/gfx_d3d/rb_light.c	988	small-integer-cast	listed-TU	if ((unsigned int)fileLen / 6u * 6u == (unsigned int)fileLen) {
src/PC/gfx_d3d/rb_light.c	990	small-integer-cast	listed-TU	copySize = (unsigned int)fileLen < 0x1800001u ? fileLen : 0x1800000;
src/PC/gfx_d3d/rb_light.c	993	small-integer-cast	listed-TU	s_vc_logCount = (unsigned int)copySize / 6u;
src/PC/gfx_d3d/rb_shade.c	118	x86-only-width-guard	listed-TU	#if defined(COD2_X64) || defined(_M_X64) || defined(__x86_64__)
src/PC/gfx_d3d/rb_shade.c	144	small-integer-cast	listed-TU	technique ? (unsigned)technique->passCount : 0,
src/PC/gfx_d3d/rb_shade.c	145	small-integer-cast	listed-TU	technique ? (unsigned)technique->flags : 0,
src/PC/gfx_d3d/rb_shade.c	151	small-integer-cast	listed-TU	material ? (unsigned)material->textureCount : 0,
src/PC/gfx_d3d/rb_shade.c	153	small-integer-cast	listed-TU	tex ? (unsigned)tex->samplerState : 0,
src/PC/gfx_d3d/rb_shade.c	154	small-integer-cast	listed-TU	tex ? (int)tex->semantic : -1,
src/PC/gfx_d3d/rb_shade.c	157	small-integer-cast	listed-TU	image ? (int)image->semantic : -1,
src/PC/gfx_d3d/rb_shade.c	161	small-integer-cast	listed-TU	pass ? (unsigned)pass->vertexArgCount : 0,
src/PC/gfx_d3d/rb_shade.c	162	small-integer-cast	listed-TU	pass ? (unsigned)pass->pixelArgCount : 0,
src/PC/gfx_d3d/rb_shade.c	179	x86-only-width-guard	listed-TU	#if defined(COD2_X64) || defined(_M_X64) || defined(__x86_64__)
src/PC/gfx_d3d/rb_shade.c	250	fixed-byte-access	listed-TU	overflow = (*(int *)lockState + indexDataSize) > *(int *)(lockState + 4);
src/PC/gfx_d3d/rb_shade.c	250	constant-pointer-arithmetic	listed-TU	overflow = (*(int *)lockState + indexDataSize) > *(int *)(lockState + 4);
src/PC/gfx_d3d/rb_shade.c	263	fixed-byte-access	listed-TU	ib = *(IDirect3DIndexBuffer9 **)(lockState + 8);
src/PC/gfx_d3d/rb_shade.c	263	constant-pointer-arithmetic	listed-TU	ib = *(IDirect3DIndexBuffer9 **)(lockState + 8);
src/PC/gfx_d3d/rb_shade.c	330	fixed-byte-access	listed-TU	rtw = *(unsigned *)(d + 24);
src/PC/gfx_d3d/rb_shade.c	330	constant-pointer-arithmetic	listed-TU	rtw = *(unsigned *)(d + 24);
src/PC/gfx_d3d/rb_shade.c	331	fixed-byte-access	listed-TU	rth = *(unsigned *)(d + 28);
src/PC/gfx_d3d/rb_shade.c	331	constant-pointer-arithmetic	listed-TU	rth = *(unsigned *)(d + 28);
src/PC/gfx_d3d/rb_shade.c	389	fixed-byte-access	listed-TU	unsigned tw = *(unsigned *)(ld + 24), th = *(unsigned *)(ld + 28);
src/PC/gfx_d3d/rb_shade.c	389	constant-pointer-arithmetic	listed-TU	unsigned tw = *(unsigned *)(ld + 24), th = *(unsigned *)(ld + 28);
src/PC/gfx_d3d/rb_shade.c	390	fixed-byte-access	listed-TU	unsigned fmt = *(unsigned *)ld, pool = *(unsigned *)(ld + 12);
src/PC/gfx_d3d/rb_shade.c	390	constant-pointer-arithmetic	listed-TU	unsigned fmt = *(unsigned *)ld, pool = *(unsigned *)(ld + 12);
src/PC/gfx_d3d/rb_shade.c	409	small-integer-cast	listed-TU	tex0, tw, th, fmt, pool, (unsigned)lhr);
src/PC/gfx_d3d/rb_shade.c	417	small-integer-cast	listed-TU	(unsigned)args->vertexCount);
src/PC/gfx_d3d/rb_shade.c	478	fixed-byte-access	listed-TU	*image = *(void **)((char *)(*(char **)&((r_global_permanent_t *)rgp)->world) + 0x10c);
src/PC/gfx_d3d/rb_shade.c	507	fixed-byte-access	listed-TU	*image = *(void **)((*(char **)&((GfxWorld *)drawSurfs)->lightmaps) + lmapIdx * 16 + codeTexture * 4 - 0x20);
src/PC/gfx_d3d/rb_shade.c	511	fixed-byte-access	listed-TU	int mode = *(int *)((char *)*(void **)imp_r_lightMap + 8);
src/PC/gfx_d3d/rb_shade.c	511	constant-pointer-arithmetic	listed-TU	int mode = *(int *)((char *)*(void **)imp_r_lightMap + 8);
src/PC/gfx_d3d/rb_shade.c	570	fixed-byte-access	listed-TU	int sc_on = *(byte *)((char *)*(void **)imp_sc_enable + 8);
src/PC/gfx_d3d/rb_shade.c	570	constant-pointer-arithmetic	listed-TU	int sc_on = *(byte *)((char *)*(void **)imp_sc_enable + 8);
src/PC/gfx_d3d/rb_shade.c	573	fixed-byte-access	listed-TU	if (*(int *)entity > 2 || (*(byte *)(entity + 5) & 1)) {
src/PC/gfx_d3d/rb_shade.c	573	constant-pointer-arithmetic	listed-TU	if (*(int *)entity > 2 || (*(byte *)(entity + 5) & 1)) {
src/PC/gfx_d3d/rb_shade.c	588	fixed-byte-access	listed-TU	*image = *(void **)((char *)(*(char **)&((r_global_permanent_t *)rgp)->world) + 0x200);
src/PC/gfx_d3d/rb_shade.c	652	small-integer-cast	listed-TU	for (i = (lightCount > 0) ? lightCount : 0; (unsigned)i <= 7; i++) {
src/PC/gfx_d3d/rb_shade.c	679	small-integer-cast	listed-TU	void *first = ((void *(*)(int))ri.Hunk_AllocInternal)(0x200000);
src/PC/gfx_d3d/rb_shade.c	682	small-integer-cast	listed-TU	((materialCommands_t *)t)->optimizedIndices = (r_index_t *)((void *(*)(int))ri.Hunk_AllocInternal)(0x200000);
src/PC/gfx_d3d/rb_shade.c	698	small-integer-cast	listed-TU	if ((unsigned)(techType - 15) <= 2)
src/PC/gfx_d3d/rb_shade.c	711	constant-pointer-arithmetic	listed-TU	(vec4_t *)(lighting + 8),
src/PC/gfx_d3d/rb_shade.c	712	fixed-byte-access	listed-TU	*(float *)(lighting + 4));
src/PC/gfx_d3d/rb_shade.c	712	constant-pointer-arithmetic	listed-TU	*(float *)(lighting + 4));
src/PC/gfx_d3d/rb_shade.c	718	fixed-byte-access	listed-TU	*(vec4_t **)(entity + 8),
src/PC/gfx_d3d/rb_shade.c	718	constant-pointer-arithmetic	listed-TU	*(vec4_t **)(entity + 8),
src/PC/gfx_d3d/rb_shade.c	738	fixed-byte-access	listed-TU	*(vec_t *)(lighting + 4));
src/PC/gfx_d3d/rb_shade.c	738	constant-pointer-arithmetic	listed-TU	*(vec_t *)(lighting + 4));
src/PC/gfx_d3d/rb_shade.c	740	fixed-size-memory-call	listed-TU	Com_Memcpy(&backEnd->codeConsts[18][0], ((GfxEntityLighting *)lighting)->colorForDir, 96);
src/PC/gfx_d3d/rb_shade.c	799	constant-pointer-arithmetic	listed-TU	for (j = colorOfs + 4; j < stride; j += 4)
src/PC/gfx_d3d/rb_shade.c	818	fixed-byte-access	listed-TU	dxVb = *(IDirect3DVertexBuffer9 **)(lockSlot + 2);
src/PC/gfx_d3d/rb_shade.c	818	constant-pointer-arithmetic	listed-TU	dxVb = *(IDirect3DVertexBuffer9 **)(lockSlot + 2);
src/PC/gfx_d3d/rb_shade.c	1175	constant-pointer-arithmetic	listed-TU	/* was techSet + 4 + techType*4 (x86 ptr stride) */
src/PC/gfx_d3d/rb_shade.c	1184	fixed-size-memory-call	listed-TU	memcpy(backEndConst, debugConst, 16);
src/PC/gfx_d3d/rb_shade.c	1192	constant-pointer-arithmetic	listed-TU	passCount = ((MaterialTechnique *)technique)->passCount;   /* was technique + 6 (x86) */
src/PC/gfx_d3d/rb_shade.c	1204	constant-pointer-arithmetic	listed-TU	/* was technique + 8 + passIndex*92 (x86) */
src/PC/gfx_d3d/rb_shade.c	1207	constant-pointer-arithmetic	listed-TU	/* was technique + 8 + passIndex*28 (x86); MaterialPassDx9 is 56B on x64 */
src/PC/gfx_d3d/rb_shade.c	1221	fixed-byte-access	listed-TU	stateMap = *(byte **)(pass + 8);
src/PC/gfx_d3d/rb_shade.c	1221	constant-pointer-arithmetic	listed-TU	stateMap = *(byte **)(pass + 8);
src/PC/gfx_d3d/rb_shade.c	1224	fixed-byte-access	listed-TU	stateBits[1] = *(int *)(refStateBits + 4);
src/PC/gfx_d3d/rb_shade.c	1224	constant-pointer-arithmetic	listed-TU	stateBits[1] = *(int *)(refStateBits + 4);
src/PC/gfx_d3d/rb_shade.c	1229	constant-pointer-arithmetic	listed-TU	/* was rsp+4 start + rsp+=4 stride (x86 4-byte ptrs) */
src/PC/gfx_d3d/rb_shade.c	1239	fixed-byte-access	listed-TU	if ((*(int *)(refStateBits + 4) & rule->stateBitsMask[1]) != rule->stateBitsValue[1])
src/PC/gfx_d3d/rb_shade.c	1239	constant-pointer-arithmetic	listed-TU	if ((*(int *)(refStateBits + 4) & rule->stateBitsMask[1]) != rule->stateBitsValue[1])
src/PC/gfx_d3d/rb_shade.c	1266	fixed-byte-access	listed-TU	stateBits[k] |= *(int *)(ovr + 8 + k * 4);
src/PC/gfx_d3d/rb_shade.c	1266	constant-pointer-arithmetic	listed-TU	stateBits[k] |= *(int *)(ovr + 8 + k * 4);
src/PC/gfx_d3d/rb_shade.c	1283	fixed-byte-access	listed-TU	int fogSrc = (*(byte *)(pass + 8) == 1) ? 0 : 2;
src/PC/gfx_d3d/rb_shade.c	1283	constant-pointer-arithmetic	listed-TU	int fogSrc = (*(byte *)(pass + 8) == 1) ? 0 : 2;
src/PC/gfx_d3d/rb_shade.c	1288	fixed-byte-access	listed-TU	byte passNormalize = *(byte *)(pass + 4);
src/PC/gfx_d3d/rb_shade.c	1288	constant-pointer-arithmetic	listed-TU	byte passNormalize = *(byte *)(pass + 4);
src/PC/gfx_d3d/rb_shade.c	1293	constant-pointer-arithmetic	listed-TU	byte *dev = (byte *)(((DxGlobals *)dx)->device /*was dx+8 (x86 device offset, x64 @16)*/);
src/PC/gfx_d3d/rb_shade.c	1308	constant-pointer-arithmetic	listed-TU	byte *dev = (byte *)(((DxGlobals *)dx)->device /*was dx+8 (x86 device offset, x64 @16)*/);
src/PC/gfx_d3d/rb_shade.c	1318	constant-pointer-arithmetic	listed-TU	byte *dev = (byte *)(((DxGlobals *)dx)->device /*was dx+8 (x86 device offset, x64 @16)*/);
src/PC/gfx_d3d/rb_shade.c	1327	fixed-byte-access	listed-TU	if (*(byte *)(pass + 7)) {
src/PC/gfx_d3d/rb_shade.c	1327	constant-pointer-arithmetic	listed-TU	if (*(byte *)(pass + 7)) {
src/PC/gfx_d3d/rb_shade.c	1355	small-integer-cast	listed-TU	int a = (int)(((aMax - aMin) * t + aMin) * 255.0f);
src/PC/gfx_d3d/rb_shade.c	1356	small-integer-cast	listed-TU	int r = (int)(((rMax - rMin) * t + rMin) * 255.0f);
src/PC/gfx_d3d/rb_shade.c	1357	small-integer-cast	listed-TU	int g = (int)(((gMax - gMin) * t + gMin) * 255.0f);
src/PC/gfx_d3d/rb_shade.c	1358	small-integer-cast	listed-TU	int b = (int)(((bMax - bMin) * t + bMin) * 255.0f);
src/PC/gfx_d3d/rb_shade.c	1403	constant-pointer-arithmetic	listed-TU	/* was technique + 8 + passIndex*28 (x86) */
src/PC/gfx_d3d/rb_shade.c	1424	small-integer-cast	listed-TU	if (!seen && nWarned < (int)(sizeof(warned) / sizeof(warned[0]))) {
src/PC/gfx_d3d/rb_shade.c	1443	fixed-byte-access	listed-TU	stateBits[1] = *(int *)(refStateBits + 4);
src/PC/gfx_d3d/rb_shade.c	1443	constant-pointer-arithmetic	listed-TU	stateBits[1] = *(int *)(refStateBits + 4);
src/PC/gfx_d3d/rb_shade.c	1448	constant-pointer-arithmetic	listed-TU	/* was rsp+4 start + rsp+=4 stride (x86 4-byte ptrs) */
src/PC/gfx_d3d/rb_shade.c	1458	fixed-byte-access	listed-TU	if ((*(int *)(refStateBits + 4) & rule->stateBitsMask[1]) != rule->stateBitsValue[1])
src/PC/gfx_d3d/rb_shade.c	1458	constant-pointer-arithmetic	listed-TU	if ((*(int *)(refStateBits + 4) & rule->stateBitsMask[1]) != rule->stateBitsValue[1])
src/PC/gfx_d3d/rb_shade.c	1485	fixed-byte-access	listed-TU	stateBits[k] |= *(int *)(ovr + 8 + k * 4);
src/PC/gfx_d3d/rb_shade.c	1485	constant-pointer-arithmetic	listed-TU	stateBits[k] |= *(int *)(ovr + 8 + k * 4);
src/PC/gfx_d3d/rb_shade.c	1534	fixed-size-memory-call	listed-TU	memcpy(cached, data, 16);
src/PC/gfx_d3d/rb_shade.c	1540	constant-pointer-arithmetic	listed-TU	byte *dev = (byte *)(((DxGlobals *)dx)->device /*was dx+8 (x86 device offset, x64 @16)*/);
src/PC/gfx_d3d/rb_shade.c	1543	small-integer-cast	listed-TU	dev, (int)destIndex, (void *)data, 1);
src/PC/gfx_d3d/rb_shade.c	1581	constant-pointer-arithmetic	listed-TU	byte *dev = (byte *)(((DxGlobals *)dx)->device /*was dx+8 (x86 device offset, x64 @16)*/);
src/PC/gfx_d3d/rb_shade.c	1618	constant-pointer-arithmetic	listed-TU	byte *dev = (byte *)(((DxGlobals *)dx)->device /*was dx+8 (x86 device offset, x64 @16)*/);
src/PC/gfx_d3d/rb_shade.c	1648	fixed-size-memory-call	listed-TU	memcpy(cached, data, 16);
src/PC/gfx_d3d/rb_shade.c	1652	constant-pointer-arithmetic	listed-TU	byte *dev = (byte *)(((DxGlobals *)dx)->device /*was dx+8 (x86 device offset, x64 @16)*/);
src/PC/gfx_d3d/rb_shade.c	1655	small-integer-cast	listed-TU	dev, (int)destIdx, (void *)data, 1);
src/PC/gfx_d3d/rb_shade.c	1682	constant-pointer-arithmetic	listed-TU	byte *dev = (byte *)(((DxGlobals *)dx)->device /*was dx+8 (x86 device offset, x64 @16)*/);
src/PC/gfx_d3d/rb_shade.c	1720	constant-pointer-arithmetic	listed-TU	byte *dev = (byte *)(((DxGlobals *)dx)->device /*was dx+8 (x86 device offset, x64 @16)*/);
src/PC/gfx_d3d/rb_shade.c	1853	small-integer-cast	listed-TU	if ((unsigned)(techType - 6) <= 11) {
src/PC/gfx_d3d/rb_shade.c	1858	small-integer-cast	listed-TU	if ((unsigned)(techType - 3) <= 0x17)
src/PC/gfx_d3d/rb_shade.c	1863	small-integer-cast	listed-TU	(unsigned)((*(MaterialTechniqueType *)&((materialCommands_t *)tess)->techType) - 9) <= 5)
src/PC/gfx_d3d/rb_shade.c	1867	constant-pointer-arithmetic	listed-TU	(*(MaterialTechniqueType *)&((materialCommands_t *)RB_TessBase())->techType),   /* was tess + 0x5a7c0 (x86) */
src/PC/gfx_d3d/rb_shade.c	2105	fixed-byte-access	listed-TU	unsigned int texID = *(unsigned int *)((byte *)d3dTexture + 0x54);
src/PC/gfx_d3d/rb_shade.c	2105	constant-pointer-arithmetic	listed-TU	unsigned int texID = *(unsigned int *)((byte *)d3dTexture + 0x54);
src/PC/gfx_d3d/rb_sky.c	21	small-integer-cast	listed-TU	#define r_contentmask ((unsigned int)(uintptr_t)imp_vec3_origin)
src/PC/gfx_d3d/rb_sky.c	127	constant-pointer-arithmetic	listed-TU	[FIELD(tess, 0x5a7d0, unsigned int) + 0] = vertCount + 3;
src/PC/gfx_d3d/rb_sky.c	131	constant-pointer-arithmetic	listed-TU	[FIELD(tess, 0x5a7d0, unsigned int) + 2] = vertCount + 2;
src/PC/gfx_d3d/rb_sky.c	133	constant-pointer-arithmetic	listed-TU	[FIELD(tess, 0x5a7d0, unsigned int) + 3] = vertCount + 2;
src/PC/gfx_d3d/rb_sky.c	137	constant-pointer-arithmetic	listed-TU	[FIELD(tess, 0x5a7d0, unsigned int) + 5] = vertCount + 1;
src/PC/gfx_d3d/rb_sky.c	209	constant-pointer-arithmetic	listed-TU	[FIELD(tess, 0x5a7d0, unsigned int) + 0] = vertCount + 3;
src/PC/gfx_d3d/rb_sky.c	213	constant-pointer-arithmetic	listed-TU	[FIELD(tess, 0x5a7d0, unsigned int) + 2] = vertCount + 2;
src/PC/gfx_d3d/rb_sky.c	215	constant-pointer-arithmetic	listed-TU	[FIELD(tess, 0x5a7d0, unsigned int) + 3] = vertCount + 2;
src/PC/gfx_d3d/rb_sky.c	219	constant-pointer-arithmetic	listed-TU	[FIELD(tess, 0x5a7d0, unsigned int) + 5] = vertCount + 1;
src/PC/gfx_d3d/rb_sky.c	259	constant-pointer-arithmetic	listed-TU	return a[0] * matrix[col] + a[1] * matrix[col + 4] + a[2] * matrix[col + 8];
src/PC/gfx_d3d/rb_sky.c	303	small-integer-cast	listed-TU	colorVal = (D3DCOLOR)(unsigned int)widthInClipSpace;
src/PC/gfx_d3d/rb_sky.c	529	small-integer-cast	listed-TU	alphaByte = (int)floorf(alpha + 0.5f);
src/PC/gfx_d3d/rb_sky.c	611	small-integer-cast	listed-TU	alphaByte = (int)glareAlpha;
src/PC/gfx_d3d/rb_sky.c	612	small-integer-cast	listed-TU	alphaByte2 = (int)blindAlpha;
src/PC/gfx_d3d/rb_sky.c	664	small-integer-cast	listed-TU	parity = ((parity - 1) | (int)0xFFFFFFFE) + 1;
src/PC/gfx_d3d/rb_sky.c	689	constant-pointer-arithmetic	listed-TU	cX = (cX / cW + 1.0f) * (float)vidWidth;
src/PC/gfx_d3d/rb_sky.c	690	small-integer-cast	listed-TU	int screenX = (int)floorf((cX - 16.0f) * 0.5f + 0.5f);
src/PC/gfx_d3d/rb_sky.c	693	constant-pointer-arithmetic	listed-TU	cY = (cY / cW + 1.0f) * (float)vidHeight;
src/PC/gfx_d3d/rb_sky.c	694	small-integer-cast	listed-TU	int screenY = (int)floorf((cY - 16.0f) * 0.5f + 0.5f);
src/PC/gfx_d3d/rb_sky.c	696	constant-pointer-arithmetic	listed-TU	int right = screenX + 16;
src/PC/gfx_d3d/rb_sky.c	697	constant-pointer-arithmetic	listed-TU	int bottom = screenY + 16;
src/PC/gfx_d3d/rb_sky.c	816	small-integer-cast	listed-TU	if ((int)drawnSampleCount < 0) {
src/PC/gfx_d3d/rb_sky.c	819	small-integer-cast	listed-TU	sunVisibility = (float)(int)half * 2.0f / (float)(int)maxSamples;
src/PC/gfx_d3d/rb_sky.c	821	small-integer-cast	listed-TU	sunVisibility = (float)(int)drawnSampleCount / (float)(int)maxSamples;
src/PC/gfx_d3d/rb_state.c	469	small-integer-cast	listed-TU	argStateBits = (unsigned int)texStageBits >> argShift;
src/PC/gfx_d3d/rb_state.c	641	constant-pointer-arithmetic	listed-TU	be->codeMatrixStack[be->codeMatrixStackLevel + 1] = *RB_GetActiveCodeMatrices();
src/PC/gfx_d3d/rb_state.c	742	small-integer-cast	listed-TU	RB_SetRenderStateDx7(D3DRS_ZENABLE, (((unsigned int)stateBits1 >> 1) & 1) ^ 1);
src/PC/gfx_d3d/rb_state.c	1082	small-integer-cast	listed-TU	if (!changedBits && (((unsigned int)(stateBits0 ^ dxState.refStateBits[0]) & RB_STATE0_BLEND_OP_MASKS) == 0)) {
src/PC/gfx_d3d/rb_state.c	1087	small-integer-cast	listed-TU	RB_SetRenderStateDx7(D3DRS_ALPHATESTENABLE, (((unsigned int)stateBits0 >> 11) & 1) ^ 1);
src/PC/gfx_d3d/rb_state.c	1131	small-integer-cast	listed-TU	RB_SetRenderStateDx7(D3DRS_FOGENABLE, ((unsigned int)stateBits0 >> 29) & 1);
src/PC/gfx_d3d/rb_state.c	1135	small-integer-cast	listed-TU	DWORD cullVal = s_cullTable[((unsigned int)stateBits0 >> 14) & 3];
src/PC/gfx_d3d/rb_state.c	1167	small-integer-cast	listed-TU	RB_SetRenderStateDx7(D3DRS_BLENDOP, s_blendOpTable[((unsigned int)stateBits0 >> 8) & 7]);
src/PC/gfx_d3d/rb_state.c	1176	small-integer-cast	listed-TU	RB_SetRenderStateDx7(D3DRS_DESTBLEND, s_blendTable[((unsigned int)stateBits0 >> 4) & 0xf]);
src/PC/gfx_d3d/rb_state.c	1192	small-integer-cast	listed-TU	RB_SetRenderStateDx7(D3DRS_BLENDOPALPHA, s_blendOpTable[((unsigned int)stateBits0 >> 24) & 7]);
src/PC/gfx_d3d/rb_state.c	1197	small-integer-cast	listed-TU	RB_SetRenderStateDx7(D3DRS_SRCBLENDALPHA, s_blendTable[((unsigned int)stateBits0 >> 16) & 0xf]);
src/PC/gfx_d3d/rb_state.c	1201	small-integer-cast	listed-TU	RB_SetRenderStateDx7(D3DRS_DESTBLENDALPHA, s_blendTable[((unsigned int)stateBits0 >> 20) & 0xf]);
src/PC/gfx_d3d/rb_state.c	1205	small-integer-cast	listed-TU	RB_SetRenderStateDx7(D3DRS_NORMALIZENORMALS, ((unsigned int)stateBits0 >> 30) & 1);
src/PC/gfx_d3d/rb_state.c	1273	small-integer-cast	listed-TU	"{ extern void Com_Printf(const char *, ...); extern int g_disableRendering; Com_Printf(""[dr] SIS entry=%d sizeof(dxState)=%d\n"", g_disableRendering, (int)sizeof(dxState)); }"
src/PC/gfx_d3d/rb_tess.c	219	constant-pointer-arithmetic	listed-TU	xsurf = ((const GfxModelSurface *)surfType)->xsurf;   /* was surfType+4 (x86 xsurf @4; x64 @8) */
src/PC/gfx_d3d/rb_tess.c	222	small-integer-cast	listed-TU	args.vertexCount = (int)xsurf->vertCount;
src/PC/gfx_d3d/rb_tess.c	223	small-integer-cast	listed-TU	args.primCount = (int)xsurf->triCount;
src/PC/gfx_d3d/rb_tess.c	250	constant-pointer-arithmetic	listed-TU	boneAxis = (float *)((const GfxModelRigidSurface *)surfType)->boneAxis;   /* was surfType+8 (x86 boneAxis @8; x64 @16) */
src/PC/gfx_d3d/rb_tess.c	296	constant-pointer-arithmetic	listed-TU	if (((materialCommands_t *)tess)->vertexCount + 4 > 0x154a ||
src/PC/gfx_d3d/rb_tess.c	297	constant-pointer-arithmetic	listed-TU	((materialCommands_t *)tess)->indexCount + 6 > 0x100000) {
src/PC/gfx_d3d/rb_tess.c	315	constant-pointer-arithmetic	listed-TU	indices[ic + 1] = (unsigned short)(vc + 1);
src/PC/gfx_d3d/rb_tess.c	316	constant-pointer-arithmetic	listed-TU	indices[ic + 2] = (unsigned short)(vc + 3);
src/PC/gfx_d3d/rb_tess.c	317	constant-pointer-arithmetic	listed-TU	indices[ic + 3] = (unsigned short)(vc + 3);
src/PC/gfx_d3d/rb_tess.c	318	constant-pointer-arithmetic	listed-TU	indices[ic + 4] = (unsigned short)(vc + 1);
src/PC/gfx_d3d/rb_tess.c	319	constant-pointer-arithmetic	listed-TU	indices[ic + 5] = (unsigned short)(vc + 2);
src/PC/gfx_d3d/rb_tess.c	322	constant-pointer-arithmetic	listed-TU	v1 = v0 + 36;
src/PC/gfx_d3d/rb_tess.c	323	constant-pointer-arithmetic	listed-TU	v2 = v0 + 72;
src/PC/gfx_d3d/rb_tess.c	324	constant-pointer-arithmetic	listed-TU	v3 = v0 + 108;
src/PC/gfx_d3d/rb_tess.c	383	constant-pointer-arithmetic	listed-TU	((materialCommands_t *)tess)->vertexCount = vc + 4;
src/PC/gfx_d3d/rb_tess.c	384	constant-pointer-arithmetic	listed-TU	((materialCommands_t *)tess)->indexCount = ic + 6;
src/PC/gfx_d3d/rb_tess.c	417	constant-pointer-arithmetic	listed-TU	if (((materialCommands_t *)tess)->vertexCount + 4 > 0x154a ||
src/PC/gfx_d3d/rb_tess.c	418	constant-pointer-arithmetic	listed-TU	((materialCommands_t *)tess)->indexCount + 6 > 0x100000) {
src/PC/gfx_d3d/rb_tess.c	436	constant-pointer-arithmetic	listed-TU	indices[ic + 1] = (unsigned short)(vc + 1);
src/PC/gfx_d3d/rb_tess.c	437	constant-pointer-arithmetic	listed-TU	indices[ic + 2] = (unsigned short)(vc + 3);
src/PC/gfx_d3d/rb_tess.c	438	constant-pointer-arithmetic	listed-TU	indices[ic + 3] = (unsigned short)(vc + 3);
src/PC/gfx_d3d/rb_tess.c	439	constant-pointer-arithmetic	listed-TU	indices[ic + 4] = (unsigned short)(vc + 1);
src/PC/gfx_d3d/rb_tess.c	440	constant-pointer-arithmetic	listed-TU	indices[ic + 5] = (unsigned short)(vc + 2);
src/PC/gfx_d3d/rb_tess.c	443	constant-pointer-arithmetic	listed-TU	v1 = v0 + 64;
src/PC/gfx_d3d/rb_tess.c	444	constant-pointer-arithmetic	listed-TU	v2 = v0 + 128;
src/PC/gfx_d3d/rb_tess.c	445	constant-pointer-arithmetic	listed-TU	v3 = v0 + 192;
src/PC/gfx_d3d/rb_tess.c	535	constant-pointer-arithmetic	listed-TU	((materialCommands_t *)tess)->vertexCount = vc + 4;
src/PC/gfx_d3d/rb_tess.c	536	constant-pointer-arithmetic	listed-TU	((materialCommands_t *)tess)->indexCount = ic + 6;
src/PC/gfx_d3d/rb_tess.c	570	fixed-byte-access	listed-TU	if (*(unsigned char *)(re + 5) & 0x10) {
src/PC/gfx_d3d/rb_tess.c	570	constant-pointer-arithmetic	listed-TU	if (*(unsigned char *)(re + 5) & 0x10) {
src/PC/gfx_d3d/rb_tess.c	693	constant-pointer-arithmetic	listed-TU	if (((materialCommands_t *)tess)->vertexCount + 4 > 0x154a || ((materialCommands_t *)tess)->indexCount + 6 > 0x100000) {
src/PC/gfx_d3d/rb_tess.c	709	constant-pointer-arithmetic	listed-TU	indices[ic + 1] = (unsigned short)(vc + 1);
src/PC/gfx_d3d/rb_tess.c	710	constant-pointer-arithmetic	listed-TU	indices[ic + 2] = (unsigned short)(vc + 2);
src/PC/gfx_d3d/rb_tess.c	711	constant-pointer-arithmetic	listed-TU	indices[ic + 3] = (unsigned short)(vc + 2);
src/PC/gfx_d3d/rb_tess.c	712	constant-pointer-arithmetic	listed-TU	indices[ic + 4] = (unsigned short)(vc + 1);
src/PC/gfx_d3d/rb_tess.c	713	constant-pointer-arithmetic	listed-TU	indices[ic + 5] = (unsigned short)(vc + 3);
src/PC/gfx_d3d/rb_tess.c	716	constant-pointer-arithmetic	listed-TU	v1 = v0 + 36;
src/PC/gfx_d3d/rb_tess.c	717	constant-pointer-arithmetic	listed-TU	v2 = v0 + 72;
src/PC/gfx_d3d/rb_tess.c	718	constant-pointer-arithmetic	listed-TU	v3 = v0 + 108;
src/PC/gfx_d3d/rb_tess.c	760	constant-pointer-arithmetic	listed-TU	((materialCommands_t *)tess)->vertexCount = vc + 4;
src/PC/gfx_d3d/rb_tess.c	761	constant-pointer-arithmetic	listed-TU	((materialCommands_t *)tess)->indexCount = ic + 6;
src/PC/gfx_d3d/rb_tess.c	793	constant-pointer-arithmetic	listed-TU	if (((materialCommands_t *)tess)->vertexCount + 4 > 0x154a ||
src/PC/gfx_d3d/rb_tess.c	794	constant-pointer-arithmetic	listed-TU	((materialCommands_t *)tess)->indexCount + 6 > 0x100000) {
src/PC/gfx_d3d/rb_tess.c	831	constant-pointer-arithmetic	listed-TU	indices[ic + 1] = (unsigned short)(vc + 1);
src/PC/gfx_d3d/rb_tess.c	832	constant-pointer-arithmetic	listed-TU	indices[ic + 2] = (unsigned short)(vc + 2);
src/PC/gfx_d3d/rb_tess.c	833	constant-pointer-arithmetic	listed-TU	indices[ic + 3] = (unsigned short)(vc + 2);
src/PC/gfx_d3d/rb_tess.c	834	constant-pointer-arithmetic	listed-TU	indices[ic + 4] = (unsigned short)(vc + 1);
src/PC/gfx_d3d/rb_tess.c	835	constant-pointer-arithmetic	listed-TU	indices[ic + 5] = (unsigned short)(vc + 3);
src/PC/gfx_d3d/rb_tess.c	838	constant-pointer-arithmetic	listed-TU	v1 = v0 + 64;
src/PC/gfx_d3d/rb_tess.c	839	constant-pointer-arithmetic	listed-TU	v2 = v0 + 128;
src/PC/gfx_d3d/rb_tess.c	840	constant-pointer-arithmetic	listed-TU	v3 = v0 + 192;
src/PC/gfx_d3d/rb_tess.c	913	constant-pointer-arithmetic	listed-TU	((materialCommands_t *)tess)->vertexCount = vc + 4;
src/PC/gfx_d3d/rb_tess.c	914	constant-pointer-arithmetic	listed-TU	((materialCommands_t *)tess)->indexCount = ic + 6;
src/PC/gfx_d3d/rb_tess.c	962	constant-pointer-arithmetic	listed-TU	vertCount = (int)((const srfPoly_t *)surfType)->vertCount /*x86 was +0xa*/;
src/PC/gfx_d3d/rb_tess.c	962	small-integer-cast	listed-TU	vertCount = (int)((const srfPoly_t *)surfType)->vertCount /*x86 was +0xa*/;
src/PC/gfx_d3d/rb_tess.c	981	constant-pointer-arithmetic	listed-TU	vertCount = (int)((const srfPoly_t *)surfType)->vertCount /*x86 was +0xa*/;
src/PC/gfx_d3d/rb_tess.c	981	small-integer-cast	listed-TU	vertCount = (int)((const srfPoly_t *)surfType)->vertCount /*x86 was +0xa*/;
src/PC/gfx_d3d/rb_tess.c	987	constant-pointer-arithmetic	listed-TU	src = (char *)((const srfPoly_t *)surfType)->verts /*x86 was +0xc*/;
src/PC/gfx_d3d/rb_tess.c	995	fixed-byte-access	listed-TU	*(int *)(dest + 4) = *(int *)(srcVert + 4);
src/PC/gfx_d3d/rb_tess.c	995	constant-pointer-arithmetic	listed-TU	*(int *)(dest + 4) = *(int *)(srcVert + 4);
src/PC/gfx_d3d/rb_tess.c	996	fixed-byte-access	listed-TU	*(int *)(dest + 8) = *(int *)(srcVert + 8);
src/PC/gfx_d3d/rb_tess.c	996	constant-pointer-arithmetic	listed-TU	*(int *)(dest + 8) = *(int *)(srcVert + 8);
src/PC/gfx_d3d/rb_tess.c	998	fixed-byte-access	listed-TU	*(int *)(dest + 0xc) = *(int *)(srcVert + 0x18);
src/PC/gfx_d3d/rb_tess.c	998	constant-pointer-arithmetic	listed-TU	*(int *)(dest + 0xc) = *(int *)(srcVert + 0x18);
src/PC/gfx_d3d/rb_tess.c	1000	fixed-byte-access	listed-TU	*(int *)(dest + 0x10) = *(int *)(srcVert + 0x1c);
src/PC/gfx_d3d/rb_tess.c	1000	constant-pointer-arithmetic	listed-TU	*(int *)(dest + 0x10) = *(int *)(srcVert + 0x1c);
src/PC/gfx_d3d/rb_tess.c	1001	fixed-byte-access	listed-TU	*(int *)(dest + 0x14) = *(int *)(srcVert + 0x20);
src/PC/gfx_d3d/rb_tess.c	1001	constant-pointer-arithmetic	listed-TU	*(int *)(dest + 0x14) = *(int *)(srcVert + 0x20);
src/PC/gfx_d3d/rb_tess.c	1003	fixed-byte-access	listed-TU	*(int *)(dest + 0x18) = *(int *)(srcVert + 0x24);
src/PC/gfx_d3d/rb_tess.c	1003	constant-pointer-arithmetic	listed-TU	*(int *)(dest + 0x18) = *(int *)(srcVert + 0x24);
src/PC/gfx_d3d/rb_tess.c	1004	fixed-byte-access	listed-TU	*(int *)(dest + 0x1c) = *(int *)(srcVert + 0x28);
src/PC/gfx_d3d/rb_tess.c	1004	constant-pointer-arithmetic	listed-TU	*(int *)(dest + 0x1c) = *(int *)(srcVert + 0x28);
src/PC/gfx_d3d/rb_tess.c	1011	constant-pointer-arithmetic	listed-TU	src = (char *)((const srfPoly_t *)surfType)->verts /*x86 was +0xc*/;
src/PC/gfx_d3d/rb_tess.c	1024	constant-pointer-arithmetic	listed-TU	indices[1] = (unsigned short)(i + vertBase + 1);
src/PC/gfx_d3d/rb_tess.c	1025	constant-pointer-arithmetic	listed-TU	indices[2] = (unsigned short)(i + vertBase + 2);
src/PC/gfx_d3d/rb_tess.c	1030	constant-pointer-arithmetic	listed-TU	vertCount = (int)((const srfPoly_t *)surfType)->vertCount /*x86 was +0xa*/;
src/PC/gfx_d3d/rb_tess.c	1030	small-integer-cast	listed-TU	vertCount = (int)((const srfPoly_t *)surfType)->vertCount /*x86 was +0xa*/;
src/PC/gfx_d3d/rb_tess.c	1046	small-integer-cast	listed-TU	triIndexCount = (int)((const GfxModelSurface *)surfType)->xsurf->triCount * 3;
src/PC/gfx_d3d/rb_tess.c	1080	fixed-byte-access	listed-TU	*(GfxStaticModelSurfaceCached **)((const byte *)surfType + 2 * sizeof(void *));
src/PC/gfx_d3d/rb_tess.c	1080	constant-pointer-arithmetic	listed-TU	*(GfxStaticModelSurfaceCached **)((const byte *)surfType + 2 * sizeof(void *));
src/PC/gfx_d3d/rb_tess.c	1116	small-integer-cast	listed-TU	args.vertexCount = (int)xsurf->vertCount;
src/PC/gfx_d3d/rb_tess.c	1117	small-integer-cast	listed-TU	args.primCount = (int)xsurf->triCount;
src/PC/gfx_d3d/rb_tess.c	1212	small-integer-cast	listed-TU	((materialCommands_t *)tess)->optimizedVertexCount != (int)tri->vertexCount) {
src/PC/gfx_d3d/rb_tess.c	1230	small-integer-cast	listed-TU	if ((int)tri->indexCount + ((materialCommands_t *)tess)->optimizedIndexCount > 0x100000) {
src/PC/gfx_d3d/rb_tess.c	1252	small-integer-cast	listed-TU	(int)tri->indexCount * 2);
src/PC/gfx_d3d/rb_tess.c	1254	small-integer-cast	listed-TU	((materialCommands_t *)tess)->optimizedIndexCount += (int)tri->indexCount;
src/PC/gfx_d3d/rb_tess.c	1256	small-integer-cast	listed-TU	((materialCommands_t *)tess)->optimizedVertexCount = (int)tri->vertexCount;
src/PC/gfx_d3d/rb_tess.c	1267	small-integer-cast	listed-TU	if ((unsigned)(reType - 4) > 5)
src/PC/gfx_d3d/rb_tess.c	1282	small-integer-cast	listed-TU	int *viewParms = (int *)((int)((r_backEndGlobals_t *)backEnd)->viewParms);
src/PC/gfx_d3d/rb_tess.c	1322	small-integer-cast	listed-TU	int *viewParms = (int *)((int)((r_backEndGlobals_t *)backEnd)->viewParms);
src/PC/gfx_d3d/rb_tess.c	1496	constant-pointer-arithmetic	listed-TU	RB_AddLineDx7_impl(((GfxEntity *)ent)->origin, (float *)(ent + 0x48),
src/PC/gfx_d3d/rb_tess.c	1499	constant-pointer-arithmetic	listed-TU	RB_AddLine_impl(((GfxEntity *)ent)->origin, (float *)(ent + 0x48),
src/PC/gfx_d3d/rb_tess.c	1518	fixed-byte-access	listed-TU	float dy = *(float *)(b_end + 4) - *(float *)(b_start + 4);
src/PC/gfx_d3d/rb_tess.c	1518	constant-pointer-arithmetic	listed-TU	float dy = *(float *)(b_end + 4) - *(float *)(b_start + 4);
src/PC/gfx_d3d/rb_tess.c	1519	fixed-byte-access	listed-TU	float dz = *(float *)(b_end + 8) - *(float *)(b_start + 8);
src/PC/gfx_d3d/rb_tess.c	1519	constant-pointer-arithmetic	listed-TU	float dz = *(float *)(b_end + 8) - *(float *)(b_start + 8);
src/PC/groupvoice/decode.c	84	small-integer-cast	listed-TU	out[i] = (short)(int)output[i];
src/PC/groupvoice/encode.c	104	fixed-byte-access	listed-TU	quality = *(int *)((char *)*(void **)speex_quality_ptr + 8);
src/PC/groupvoice/encode.c	104	constant-pointer-arithmetic	listed-TU	quality = *(int *)((char *)*(void **)speex_quality_ptr + 8);
src/PC/groupvoice/record.c	98	small-integer-cast	listed-TU	data[ii] = (short)(int)fval;
src/PC/groupvoice/record.c	99	small-integer-cast	listed-TU	int abs_val = (short)(int)fval;
src/PC/jpeg-6/jcapimin.c	40	small-integer-cast	listed-TU	(int) SIZEOF(struct jpeg_compress_struct), (int) structsize);
src/PC/jpeg-6/jccoefct.c	268	small-integer-cast	listed-TU	block_rows = (int) (compptr->height_in_blocks % compptr->v_samp_factor);
src/PC/jpeg-6/jccoefct.c	274	small-integer-cast	listed-TU	ndummy = (int) (blocks_across % h_samp_factor);
src/PC/jpeg-6/jccolor.c	70	constant-pointer-arithmetic	listed-TU	"#define G_Y_OFF		(1*(MAXJSAMPLE+1))	/* offset to G => Y section */"
src/PC/jpeg-6/jccolor.c	71	constant-pointer-arithmetic	listed-TU	"#define B_Y_OFF		(2*(MAXJSAMPLE+1))	/* etc. */"
src/PC/jpeg-6/jccolor.c	72	constant-pointer-arithmetic	listed-TU	"#define R_CB_OFF	(3*(MAXJSAMPLE+1))"
src/PC/jpeg-6/jccolor.c	73	constant-pointer-arithmetic	listed-TU	"#define G_CB_OFF	(4*(MAXJSAMPLE+1))"
src/PC/jpeg-6/jccolor.c	74	constant-pointer-arithmetic	listed-TU	"#define B_CB_OFF	(5*(MAXJSAMPLE+1))"
src/PC/jpeg-6/jccolor.c	76	constant-pointer-arithmetic	listed-TU	"#define G_CR_OFF	(6*(MAXJSAMPLE+1))"
src/PC/jpeg-6/jccolor.c	77	constant-pointer-arithmetic	listed-TU	"#define B_CR_OFF	(7*(MAXJSAMPLE+1))"
src/PC/jpeg-6/jccolor.c	78	constant-pointer-arithmetic	listed-TU	"#define TABLE_SIZE	(8*(MAXJSAMPLE+1))"
src/PC/jpeg-6/jccolor.c	105	constant-pointer-arithmetic	listed-TU	* not MAXJSAMPLE+1, and thus that we don't have to range-limit.
src/PC/jpeg-6/jcdctmgr.c	331	small-integer-cast	listed-TU	output_ptr[i] = (JCOEF) ((int) (temp + (FAST_FLOAT) 16384.5) - 16384);
src/PC/jpeg-6/jchuff.c	62	pointer-named-integer-field	listed-TU	"int next_restart_num;		/* next restart number to write (0-7) */"
src/PC/jpeg-6/jchuff.c	212	small-integer-cast	listed-TU	i = (int) htbl->bits[l];
src/PC/jpeg-6/jchuff.c	228	small-integer-cast	listed-TU	while (((int) huffsize[p]) == si) {
src/PC/jpeg-6/jchuff.c	322	small-integer-cast	listed-TU	int c = (int) ((put_buffer >> 16) & 0xFF);
src/PC/jpeg-6/jchuff.c	380	constant-pointer-arithmetic	listed-TU	if (nbits > MAX_COEF_BITS+1)
src/PC/jpeg-6/jchuff.c	390	small-integer-cast	listed-TU	if (! emit_bits(state, (unsigned int) temp2, nbits))
src/PC/jpeg-6/jchuff.c	430	small-integer-cast	listed-TU	if (! emit_bits(state, (unsigned int) temp2, nbits))
src/PC/jpeg-6/jchuff.c	594	constant-pointer-arithmetic	listed-TU	if (nbits > MAX_COEF_BITS+1)
src/PC/jpeg-6/jchuff.c	708	constant-pointer-arithmetic	listed-TU	"UINT8 bits[MAX_CLEN+1];	/* bits[k] = # of symbols with code length k */"
src/PC/jpeg-6/jchuff.c	809	constant-pointer-arithmetic	listed-TU	"bits[j+1] += 2;		/* two new symbols in this length */"
src/PC/jpeg-6/jcmarker.c	126	small-integer-cast	listed-TU	emit_byte(cinfo, (int) mark);
src/PC/jpeg-6/jcmarker.c	143	small-integer-cast	listed-TU	LOCAL(int)
src/PC/jpeg-6/jcmarker.c	164	constant-pointer-arithmetic	listed-TU	emit_2bytes(cinfo, prec ? DCTSIZE2*2 + 1 + 2 : DCTSIZE2 + 1 + 2);
src/PC/jpeg-6/jcmarker.c	172	small-integer-cast	listed-TU	emit_byte(cinfo, (int) (qval >> 8));
src/PC/jpeg-6/jcmarker.c	173	small-integer-cast	listed-TU	emit_byte(cinfo, (int) (qval & 0xFF));
src/PC/jpeg-6/jcmarker.c	207	constant-pointer-arithmetic	listed-TU	emit_2bytes(cinfo, length + 2 + 1 + 16);
src/PC/jpeg-6/jcmarker.c	256	constant-pointer-arithmetic	listed-TU	emit_byte(cinfo, i + 0x10);
src/PC/jpeg-6/jcmarker.c	272	small-integer-cast	listed-TU	emit_2bytes(cinfo, (int) cinfo->restart_interval);
src/PC/jpeg-6/jcmarker.c	285	constant-pointer-arithmetic	listed-TU	emit_2bytes(cinfo, 3 * cinfo->num_components + 2 + 5 + 1); /* length */
src/PC/jpeg-6/jcmarker.c	290	small-integer-cast	listed-TU	ERREXIT1(cinfo, JERR_IMAGE_TOO_BIG, (unsigned int) 65535);
src/PC/jpeg-6/jcmarker.c	293	small-integer-cast	listed-TU	emit_2bytes(cinfo, (int) cinfo->image_height);
src/PC/jpeg-6/jcmarker.c	294	small-integer-cast	listed-TU	emit_2bytes(cinfo, (int) cinfo->image_width);
src/PC/jpeg-6/jcmarker.c	316	constant-pointer-arithmetic	listed-TU	emit_2bytes(cinfo, 2 * cinfo->comps_in_scan + 2 + 1 + 3); /* length */
src/PC/jpeg-6/jcmarker.c	376	small-integer-cast	listed-TU	emit_2bytes(cinfo, (int) cinfo->X_density);
src/PC/jpeg-6/jcmarker.c	377	small-integer-cast	listed-TU	emit_2bytes(cinfo, (int) cinfo->Y_density);
src/PC/jpeg-6/jcmarker.c	441	small-integer-cast	listed-TU	"if (datalen > (unsigned int) 65533)		/* safety check */"
src/PC/jpeg-6/jcmarker.c	446	constant-pointer-arithmetic	listed-TU	"emit_2bytes(cinfo, (int) (datalen + 2));	/* total length */"
src/PC/jpeg-6/jcmarker.c	446	small-integer-cast	listed-TU	"emit_2bytes(cinfo, (int) (datalen + 2));	/* total length */"
src/PC/jpeg-6/jcmaster.c	62	small-integer-cast	listed-TU	ERREXIT1(cinfo, JERR_IMAGE_TOO_BIG, (unsigned int) JPEG_MAX_DIMENSION);
src/PC/jpeg-6/jcmaster.c	190	constant-pointer-arithmetic	listed-TU	* Perhaps they really meant 0..N+1 for N-bit precision.
src/PC/jpeg-6/jcmaster.c	333	small-integer-cast	listed-TU	tmp = (int) (compptr->height_in_blocks % compptr->v_samp_factor);
src/PC/jpeg-6/jcmaster.c	366	small-integer-cast	listed-TU	tmp = (int) (compptr->width_in_blocks % compptr->MCU_width);
src/PC/jpeg-6/jcmaster.c	369	small-integer-cast	listed-TU	tmp = (int) (compptr->height_in_blocks % compptr->MCU_height);
src/PC/jpeg-6/jcmaster.c	387	small-integer-cast	listed-TU	cinfo->restart_interval = (unsigned int) MIN(nominal, 65535L);
src/PC/jpeg-6/jcparam.c	105	small-integer-cast	listed-TU	GLOBAL(int)
src/PC/jpeg-6/jcparam.c	554	constant-pointer-arithmetic	listed-TU	"nscans = 6 * ncomps;	/* 2 DC + 4 AC scans per component */"
src/PC/jpeg-6/jcphuff.c	50	pointer-named-integer-field	listed-TU	"int next_restart_num;		/* next restart number to write (0-7) */"
src/PC/jpeg-6/jcphuff.c	251	small-integer-cast	listed-TU	int c = (int) ((put_buffer >> 16) & 0xFF);
src/PC/jpeg-6/jcphuff.c	304	small-integer-cast	listed-TU	emit_bits(entropy, (unsigned int) (*bufstart), 1);
src/PC/jpeg-6/jcphuff.c	405	small-integer-cast	listed-TU	temp2 = IRIGHT_SHIFT((int) ((*block)[0]), Al);
src/PC/jpeg-6/jcphuff.c	429	constant-pointer-arithmetic	listed-TU	if (nbits > MAX_COEF_BITS+1)
src/PC/jpeg-6/jcphuff.c	438	small-integer-cast	listed-TU	emit_bits(entropy, (unsigned int) temp2, nbits);
src/PC/jpeg-6/jcphuff.c	536	small-integer-cast	listed-TU	emit_bits(entropy, (unsigned int) temp2, nbits);
src/PC/jpeg-6/jcphuff.c	593	small-integer-cast	listed-TU	emit_bits(entropy, (unsigned int) (temp >> Al), 1);
src/PC/jpeg-6/jcphuff.c	704	small-integer-cast	listed-TU	emit_bits(entropy, (unsigned int) temp, 1);
src/PC/jpeg-6/jcphuff.c	720	constant-pointer-arithmetic	listed-TU	if (entropy->EOBRUN == 0x7FFF || entropy->BE > (MAX_CORR_BITS-DCTSIZE2+1))
src/PC/jpeg-6/jcprepct.c	62	pointer-named-integer-field	listed-TU	"int next_buf_row;		/* index of next row to store in color_buf */"
src/PC/jpeg-6/jcprepct.c	66	pointer-named-integer-field	listed-TU	"int next_buf_stop;		/* downsample when we reach this index */"
src/PC/jpeg-6/jcprepct.c	144	small-integer-cast	listed-TU	numrows = (int) MIN((JDIMENSION) numrows, inrows);
src/PC/jpeg-6/jcprepct.c	178	small-integer-cast	listed-TU	(int) (*out_row_group_ctr * compptr->v_samp_factor),
src/PC/jpeg-6/jcprepct.c	179	small-integer-cast	listed-TU	(int) (out_row_groups_avail * compptr->v_samp_factor));
src/PC/jpeg-6/jcprepct.c	211	small-integer-cast	listed-TU	numrows = (int) MIN((JDIMENSION) numrows, inrows);
src/PC/jpeg-6/jcsample.c	94	small-integer-cast	listed-TU	int numcols = (int) (output_cols - input_cols);
src/PC/jpeg-6/jcsample.c	269	constant-pointer-arithmetic	listed-TU	inptr1 = input_data[inrow+1];
src/PC/jpeg-6/jcsample.c	305	constant-pointer-arithmetic	listed-TU	expand_right_edge(input_data - 1, cinfo->max_v_samp_factor + 2,
src/PC/jpeg-6/jcsample.c	328	constant-pointer-arithmetic	listed-TU	inptr1 = input_data[inrow+1];
src/PC/jpeg-6/jcsample.c	330	constant-pointer-arithmetic	listed-TU	below_ptr = input_data[inrow+2];
src/PC/jpeg-6/jcsample.c	343	constant-pointer-arithmetic	listed-TU	*outptr++ = (JSAMPLE) ((membersum + 32768) >> 16);
src/PC/jpeg-6/jcsample.c	363	constant-pointer-arithmetic	listed-TU	*outptr++ = (JSAMPLE) ((membersum + 32768) >> 16);
src/PC/jpeg-6/jcsample.c	378	constant-pointer-arithmetic	listed-TU	*outptr = (JSAMPLE) ((membersum + 32768) >> 16);
src/PC/jpeg-6/jcsample.c	406	constant-pointer-arithmetic	listed-TU	expand_right_edge(input_data - 1, cinfo->max_v_samp_factor + 2,
src/PC/jpeg-6/jcsample.c	422	constant-pointer-arithmetic	listed-TU	below_ptr = input_data[outrow+1];
src/PC/jpeg-6/jcsample.c	432	constant-pointer-arithmetic	listed-TU	*outptr++ = (JSAMPLE) ((membersum + 32768) >> 16);
src/PC/jpeg-6/jcsample.c	442	constant-pointer-arithmetic	listed-TU	*outptr++ = (JSAMPLE) ((membersum + 32768) >> 16);
src/PC/jpeg-6/jcsample.c	450	constant-pointer-arithmetic	listed-TU	*outptr = (JSAMPLE) ((membersum + 32768) >> 16);
src/PC/jpeg-6/jdapimin.c	40	small-integer-cast	listed-TU	(int) SIZEOF(struct jpeg_decompress_struct), (int) structsize);
src/PC/jpeg-6/jdapimin.c	240	small-integer-cast	listed-TU	GLOBAL(int)
src/PC/jpeg-6/jdapimin.c	286	small-integer-cast	listed-TU	GLOBAL(int)
src/PC/jpeg-6/jdcoefct.c	65	small-integer-cast	listed-TU	METHODDEF(int) decompress_onepass
src/PC/jpeg-6/jdcoefct.c	68	small-integer-cast	listed-TU	METHODDEF(int) decompress_data
src/PC/jpeg-6/jdcoefct.c	73	small-integer-cast	listed-TU	METHODDEF(int) decompress_smooth_data
src/PC/jpeg-6/jdcoefct.c	146	small-integer-cast	listed-TU	METHODDEF(int)
src/PC/jpeg-6/jdcoefct.c	227	small-integer-cast	listed-TU	METHODDEF(int)
src/PC/jpeg-6/jdcoefct.c	243	small-integer-cast	listed-TU	METHODDEF(int)
src/PC/jpeg-6/jdcoefct.c	314	small-integer-cast	listed-TU	METHODDEF(int)
src/PC/jpeg-6/jdcoefct.c	352	small-integer-cast	listed-TU	block_rows = (int) (compptr->height_in_blocks % compptr->v_samp_factor);
src/PC/jpeg-6/jdcoefct.c	423	small-integer-cast	listed-TU	(SAVED_COEFS * SIZEOF(int)));
src/PC/jpeg-6/jdcoefct.c	460	small-integer-cast	listed-TU	METHODDEF(int)
src/PC/jpeg-6/jdcoefct.c	511	small-integer-cast	listed-TU	block_rows = (int) (compptr->height_in_blocks % compptr->v_samp_factor);
src/PC/jpeg-6/jdcoefct.c	552	constant-pointer-arithmetic	listed-TU	next_block_row = buffer[block_row+1];
src/PC/jpeg-6/jdcoefct.c	556	small-integer-cast	listed-TU	DC1 = DC2 = DC3 = (int) prev_block_row[0][0];
src/PC/jpeg-6/jdcoefct.c	557	small-integer-cast	listed-TU	DC4 = DC5 = DC6 = (int) buffer_ptr[0][0];
src/PC/jpeg-6/jdcoefct.c	558	small-integer-cast	listed-TU	DC7 = DC8 = DC9 = (int) next_block_row[0][0];
src/PC/jpeg-6/jdcoefct.c	566	small-integer-cast	listed-TU	DC3 = (int) prev_block_row[1][0];
src/PC/jpeg-6/jdcoefct.c	567	small-integer-cast	listed-TU	DC6 = (int) buffer_ptr[1][0];
src/PC/jpeg-6/jdcoefct.c	568	small-integer-cast	listed-TU	DC9 = (int) next_block_row[1][0];
src/PC/jpeg-6/jdcoefct.c	578	small-integer-cast	listed-TU	pred = (int) (((Q01<<7) + num) / (Q01<<8));
src/PC/jpeg-6/jdcoefct.c	582	small-integer-cast	listed-TU	pred = (int) (((Q01<<7) - num) / (Q01<<8));
src/PC/jpeg-6/jdcoefct.c	593	small-integer-cast	listed-TU	pred = (int) (((Q10<<7) + num) / (Q10<<8));
src/PC/jpeg-6/jdcoefct.c	597	small-integer-cast	listed-TU	pred = (int) (((Q10<<7) - num) / (Q10<<8));
src/PC/jpeg-6/jdcoefct.c	608	small-integer-cast	listed-TU	pred = (int) (((Q20<<7) + num) / (Q20<<8));
src/PC/jpeg-6/jdcoefct.c	612	small-integer-cast	listed-TU	pred = (int) (((Q20<<7) - num) / (Q20<<8));
src/PC/jpeg-6/jdcoefct.c	623	small-integer-cast	listed-TU	pred = (int) (((Q11<<7) + num) / (Q11<<8));
src/PC/jpeg-6/jdcoefct.c	627	small-integer-cast	listed-TU	pred = (int) (((Q11<<7) - num) / (Q11<<8));
src/PC/jpeg-6/jdcoefct.c	638	small-integer-cast	listed-TU	pred = (int) (((Q02<<7) + num) / (Q02<<8));
src/PC/jpeg-6/jdcoefct.c	642	small-integer-cast	listed-TU	pred = (int) (((Q02<<7) - num) / (Q02<<8));
src/PC/jpeg-6/jdcolor.c	37	constant-pointer-arithmetic	listed-TU	"*	R = Y                + 1.40200 * Cr"
src/PC/jpeg-6/jdcolor.c	39	constant-pointer-arithmetic	listed-TU	"*	B = Y + 1.77200 * Cb"
src/PC/jpeg-6/jdcolor.c	79	constant-pointer-arithmetic	listed-TU	(MAXJSAMPLE+1) * SIZEOF(int));
src/PC/jpeg-6/jdcolor.c	79	small-integer-cast	listed-TU	(MAXJSAMPLE+1) * SIZEOF(int));
src/PC/jpeg-6/jdcolor.c	82	constant-pointer-arithmetic	listed-TU	(MAXJSAMPLE+1) * SIZEOF(int));
src/PC/jpeg-6/jdcolor.c	82	small-integer-cast	listed-TU	(MAXJSAMPLE+1) * SIZEOF(int));
src/PC/jpeg-6/jdcolor.c	85	constant-pointer-arithmetic	listed-TU	(MAXJSAMPLE+1) * SIZEOF(INT32));
src/PC/jpeg-6/jdcolor.c	88	constant-pointer-arithmetic	listed-TU	(MAXJSAMPLE+1) * SIZEOF(INT32));
src/PC/jpeg-6/jdcolor.c	94	small-integer-cast	listed-TU	cconvert->Cr_r_tab[i] = (int)
src/PC/jpeg-6/jdcolor.c	97	small-integer-cast	listed-TU	cconvert->Cb_b_tab[i] = (int)
src/PC/jpeg-6/jdcolor.c	151	small-integer-cast	listed-TU	((int) RIGHT_SHIFT(Cbgtab[cb] + Crgtab[cr],
src/PC/jpeg-6/jdcolor.c	205	small-integer-cast	listed-TU	jcopy_sample_rows(input_buf[0], (int) input_row, output_buf, 0,
src/PC/jpeg-6/jdcolor.c	277	small-integer-cast	listed-TU	((int) RIGHT_SHIFT(Cbgtab[cb] + Crgtab[cr],
src/PC/jpeg-6/jdhuff.c	184	small-integer-cast	listed-TU	i = (int) htbl->bits[l];
src/PC/jpeg-6/jdhuff.c	200	small-integer-cast	listed-TU	while (((int) huffsize[p]) == si) {
src/PC/jpeg-6/jdhuff.c	241	small-integer-cast	listed-TU	for (i = 1; i <= (int) htbl->bits[l]; i++, p++) {
src/PC/jpeg-6/jdhuff.c	397	small-integer-cast	listed-TU	GLOBAL(int)
src/PC/jpeg-6/jdhuff.c	432	small-integer-cast	listed-TU	return htbl->pub->huffval[ (int) (code + htbl->valoffset[l]) ];
src/PC/jpeg-6/jdhuff.h	145	small-integer-cast	header-or-unlisted	(((int) (get_buffer >> (bits_left -= (nbits)))) & ((1<<(nbits))-1))
src/PC/jpeg-6/jdhuff.h	148	small-integer-cast	header-or-unlisted	(((int) (get_buffer >> (bits_left -  (nbits)))) & ((1<<(nbits))-1))
src/PC/jpeg-6/jdhuff.h	190	constant-pointer-arithmetic	header-or-unlisted	nb = HUFF_LOOKAHEAD+1; \
src/PC/jpeg-6/jdhuff.h	199	small-integer-cast	header-or-unlisted	EXTERN(int) jpeg_huff_decode
src/PC/jpeg-6/jdinput.c	31	small-integer-cast	listed-TU	METHODDEF(int) consume_markers JPP((j_decompress_ptr cinfo));
src/PC/jpeg-6/jdinput.c	48	small-integer-cast	listed-TU	ERREXIT1(cinfo, JERR_IMAGE_TOO_BIG, (unsigned int) JPEG_MAX_DIMENSION);
src/PC/jpeg-6/jdinput.c	146	small-integer-cast	listed-TU	tmp = (int) (compptr->height_in_blocks % compptr->v_samp_factor);
src/PC/jpeg-6/jdinput.c	179	small-integer-cast	listed-TU	tmp = (int) (compptr->width_in_blocks % compptr->MCU_width);
src/PC/jpeg-6/jdinput.c	182	small-integer-cast	listed-TU	tmp = (int) (compptr->height_in_blocks % compptr->MCU_height);
src/PC/jpeg-6/jdinput.c	287	small-integer-cast	listed-TU	METHODDEF(int)
src/PC/jpeg-6/jdmainct.c	77	constant-pointer-arithmetic	listed-TU	* consisting of M+2 row groups (where M = min_DCT_scaled_size is the number
src/PC/jpeg-6/jdmainct.c	79	constant-pointer-arithmetic	listed-TU	* the workspace.  Labeling the physical row groups 0 to M+1, the synthesized
src/PC/jpeg-6/jdmainct.c	81	constant-pointer-arithmetic	listed-TU	*                   M+1                          M-1
src/PC/jpeg-6/jdmainct.c	87	constant-pointer-arithmetic	listed-TU	*                   M-1                          M+1
src/PC/jpeg-6/jdmainct.c	89	constant-pointer-arithmetic	listed-TU	*                   M+1                          M-1
src/PC/jpeg-6/jdmainct.c	117	constant-pointer-arithmetic	listed-TU	/* Pointer to allocated workspace (M or M+2 row groups). */
src/PC/jpeg-6/jdmainct.c	128	pointer-named-integer-field	listed-TU	"int whichptr;			/* indicates which pointer set is now in use */"
src/PC/jpeg-6/jdmainct.c	180	constant-pointer-arithmetic	listed-TU	/* Get space for pointer lists --- M+4 row groups in each list.
src/PC/jpeg-6/jdmainct.c	185	constant-pointer-arithmetic	listed-TU	2 * (rgroup * (M + 4)) * SIZEOF(JSAMPROW));
src/PC/jpeg-6/jdmainct.c	188	constant-pointer-arithmetic	listed-TU	xbuf += rgroup * (M + 4);
src/PC/jpeg-6/jdmainct.c	217	constant-pointer-arithmetic	listed-TU	for (i = 0; i < rgroup * (M + 2); i++) {
src/PC/jpeg-6/jdmainct.c	256	constant-pointer-arithmetic	listed-TU	xbuf0[i - rgroup] = xbuf0[rgroup*(M+1) + i];
src/PC/jpeg-6/jdmainct.c	257	constant-pointer-arithmetic	listed-TU	xbuf1[i - rgroup] = xbuf1[rgroup*(M+1) + i];
src/PC/jpeg-6/jdmainct.c	258	constant-pointer-arithmetic	listed-TU	xbuf0[rgroup*(M+2) + i] = xbuf0[i];
src/PC/jpeg-6/jdmainct.c	259	constant-pointer-arithmetic	listed-TU	xbuf1[rgroup*(M+2) + i] = xbuf1[i];
src/PC/jpeg-6/jdmainct.c	283	small-integer-cast	listed-TU	rows_left = (int) (compptr->downsampled_height % (JDIMENSION) iMCUheight);
src/PC/jpeg-6/jdmainct.c	289	constant-pointer-arithmetic	listed-TU	main->rowgroups_avail = (JDIMENSION) ((rows_left-1) / rgroup + 1);
src/PC/jpeg-6/jdmainct.c	442	constant-pointer-arithmetic	listed-TU	/* which is saved at index M+1 of the other xbuffer */
src/PC/jpeg-6/jdmainct.c	443	constant-pointer-arithmetic	listed-TU	main->rowgroup_ctr = (JDIMENSION) (cinfo->min_DCT_scaled_size + 1);
src/PC/jpeg-6/jdmainct.c	444	constant-pointer-arithmetic	listed-TU	main->rowgroups_avail = (JDIMENSION) (cinfo->min_DCT_scaled_size + 2);
src/PC/jpeg-6/jdmainct.c	498	constant-pointer-arithmetic	listed-TU	ngroups = cinfo->min_DCT_scaled_size + 2;
src/PC/jpeg-6/jdmarker.c	159	small-integer-cast	listed-TU	V = ((unsigned int) GETJOCTET(*next_input_byte++)) << 8; \
src/PC/jpeg-6/jdmarker.c	258	small-integer-cast	listed-TU	(int) cinfo->image_width, (int) cinfo->image_height,
src/PC/jpeg-6/jdmarker.c	528	constant-pointer-arithmetic	listed-TU	quant_ptr->quantval[i],   quant_ptr->quantval[i+1],
src/PC/jpeg-6/jdmarker.c	529	constant-pointer-arithmetic	listed-TU	quant_ptr->quantval[i+2], quant_ptr->quantval[i+3],
src/PC/jpeg-6/jdmarker.c	530	constant-pointer-arithmetic	listed-TU	quant_ptr->quantval[i+4], quant_ptr->quantval[i+5],
src/PC/jpeg-6/jdmarker.c	531	constant-pointer-arithmetic	listed-TU	quant_ptr->quantval[i+6], quant_ptr->quantval[i+7]);
src/PC/jpeg-6/jdmarker.c	535	constant-pointer-arithmetic	listed-TU	length -= DCTSIZE2+1;
src/PC/jpeg-6/jdmarker.c	626	small-integer-cast	listed-TU	TRACEMS1(cinfo, 1, JTRC_JFIF_BADTHUMBNAILSIZE, (int) totallen);
src/PC/jpeg-6/jdmarker.c	639	small-integer-cast	listed-TU	TRACEMS1(cinfo, 1, JTRC_THUMB_JPEG, (int) totallen);
src/PC/jpeg-6/jdmarker.c	642	small-integer-cast	listed-TU	TRACEMS1(cinfo, 1, JTRC_THUMB_PALETTE, (int) totallen);
src/PC/jpeg-6/jdmarker.c	645	small-integer-cast	listed-TU	TRACEMS1(cinfo, 1, JTRC_THUMB_RGB, (int) totallen);
src/PC/jpeg-6/jdmarker.c	649	small-integer-cast	listed-TU	GETJOCTET(data[5]), (int) totallen);
src/PC/jpeg-6/jdmarker.c	654	small-integer-cast	listed-TU	TRACEMS1(cinfo, 1, JTRC_APP0, (int) totallen);
src/PC/jpeg-6/jdmarker.c	685	small-integer-cast	listed-TU	TRACEMS1(cinfo, 1, JTRC_APP14, (int) (datalen + remaining));
src/PC/jpeg-6/jdmarker.c	706	small-integer-cast	listed-TU	numtoread = (unsigned int) length;
src/PC/jpeg-6/jdmarker.c	756	small-integer-cast	listed-TU	if (cinfo->unread_marker == (int) M_COM)
src/PC/jpeg-6/jdmarker.c	759	small-integer-cast	listed-TU	limit = marker->length_limit_APPn[cinfo->unread_marker - (int) M_APP0];
src/PC/jpeg-6/jdmarker.c	760	small-integer-cast	listed-TU	if ((unsigned int) length < limit)
src/PC/jpeg-6/jdmarker.c	761	small-integer-cast	listed-TU	limit = (unsigned int) length;
src/PC/jpeg-6/jdmarker.c	768	small-integer-cast	listed-TU	cur_marker->original_length = (unsigned int) length;
src/PC/jpeg-6/jdmarker.c	771	constant-pointer-arithmetic	listed-TU	data = cur_marker->data = (JOCTET FAR *) (cur_marker + 1);
src/PC/jpeg-6/jdmarker.c	829	small-integer-cast	listed-TU	(int) (data_length + length));
src/PC/jpeg-6/jdmarker.c	854	small-integer-cast	listed-TU	TRACEMS2(cinfo, 1, JTRC_MISC_MARKER, cinfo->unread_marker, (int) length);
src/PC/jpeg-6/jdmarker.c	934	small-integer-cast	listed-TU	if (c != 0xFF || c2 != (int) M_SOI)
src/PC/jpeg-6/jdmarker.c	951	small-integer-cast	listed-TU	METHODDEF(int)
src/PC/jpeg-6/jdmarker.c	1059	small-integer-cast	listed-TU	cinfo->unread_marker - (int) M_APP0]) (cinfo))
src/PC/jpeg-6/jdmarker.c	1123	small-integer-cast	listed-TU	((int) M_RST0 + cinfo->marker->next_restart_num)) {
src/PC/jpeg-6/jdmarker.c	1136	constant-pointer-arithmetic	listed-TU	cinfo->marker->next_restart_num = (cinfo->marker->next_restart_num + 1) & 7;
src/PC/jpeg-6/jdmarker.c	1202	small-integer-cast	listed-TU	if (marker < (int) M_SOF0)
src/PC/jpeg-6/jdmarker.c	1204	small-integer-cast	listed-TU	else if (marker < (int) M_RST0 || marker > (int) M_RST7)
src/PC/jpeg-6/jdmarker.c	1207	constant-pointer-arithmetic	listed-TU	if (marker == ((int) M_RST0 + ((desired+1) & 7)) ||
src/PC/jpeg-6/jdmarker.c	1207	small-integer-cast	listed-TU	if (marker == ((int) M_RST0 + ((desired+1) & 7)) ||
src/PC/jpeg-6/jdmarker.c	1208	constant-pointer-arithmetic	listed-TU	marker == ((int) M_RST0 + ((desired+2) & 7)))
src/PC/jpeg-6/jdmarker.c	1208	small-integer-cast	listed-TU	marker == ((int) M_RST0 + ((desired+2) & 7)))
src/PC/jpeg-6/jdmarker.c	1210	small-integer-cast	listed-TU	else if (marker == ((int) M_RST0 + ((desired-1) & 7)) ||
src/PC/jpeg-6/jdmarker.c	1211	small-integer-cast	listed-TU	marker == ((int) M_RST0 + ((desired-2) & 7)))
src/PC/jpeg-6/jdmarker.c	1312	small-integer-cast	listed-TU	length_limit = (unsigned int) maxlength;
src/PC/jpeg-6/jdmarker.c	1320	small-integer-cast	listed-TU	if (marker_code == (int) M_APP0 && length_limit < APP0_DATA_LEN)
src/PC/jpeg-6/jdmarker.c	1322	small-integer-cast	listed-TU	else if (marker_code == (int) M_APP14 && length_limit < APP14_DATA_LEN)
src/PC/jpeg-6/jdmarker.c	1327	small-integer-cast	listed-TU	if (marker_code == (int) M_APP0 || marker_code == (int) M_APP14)
src/PC/jpeg-6/jdmarker.c	1331	small-integer-cast	listed-TU	if (marker_code == (int) M_COM) {
src/PC/jpeg-6/jdmarker.c	1334	small-integer-cast	listed-TU	} else if (marker_code >= (int) M_APP0 && marker_code <= (int) M_APP15) {
src/PC/jpeg-6/jdmarker.c	1335	small-integer-cast	listed-TU	marker->process_APPn[marker_code - (int) M_APP0] = processor;
src/PC/jpeg-6/jdmarker.c	1336	small-integer-cast	listed-TU	marker->length_limit_APPn[marker_code - (int) M_APP0] = length_limit;
src/PC/jpeg-6/jdmarker.c	1354	small-integer-cast	listed-TU	if (marker_code == (int) M_COM)
src/PC/jpeg-6/jdmarker.c	1356	small-integer-cast	listed-TU	else if (marker_code >= (int) M_APP0 && marker_code <= (int) M_APP15)
src/PC/jpeg-6/jdmarker.c	1357	small-integer-cast	listed-TU	marker->process_APPn[marker_code - (int) M_APP0] = routine;
src/PC/jpeg-6/jdmaster.c	218	constant-pointer-arithmetic	listed-TU	* of x is within MAXJSAMPLE+1 of the legal range, so a table running from
src/PC/jpeg-6/jdmaster.c	219	constant-pointer-arithmetic	listed-TU	* -(MAXJSAMPLE+1) to 2*MAXJSAMPLE+1 is sufficient.  But for the initial
src/PC/jpeg-6/jdmaster.c	232	constant-pointer-arithmetic	listed-TU	*   CENTERJSAMPLE,CENTERJSAMPLE+1,...,MAXJSAMPLE,
src/PC/jpeg-6/jdmaster.c	233	constant-pointer-arithmetic	listed-TU	*   MAXJSAMPLE (repeat 2*(MAXJSAMPLE+1)-CENTERJSAMPLE times),
src/PC/jpeg-6/jdmaster.c	234	constant-pointer-arithmetic	listed-TU	*   0          (repeat 2*(MAXJSAMPLE+1)-CENTERJSAMPLE times),
src/PC/jpeg-6/jdmaster.c	256	constant-pointer-arithmetic	listed-TU	(5 * (MAXJSAMPLE+1) + CENTERJSAMPLE) * SIZEOF(JSAMPLE));
src/PC/jpeg-6/jdmaster.c	257	constant-pointer-arithmetic	listed-TU	"table += (MAXJSAMPLE+1);	/* allow negative subscripts of simple table */"
src/PC/jpeg-6/jdmaster.c	260	constant-pointer-arithmetic	listed-TU	MEMZERO(table - (MAXJSAMPLE+1), (MAXJSAMPLE+1) * SIZEOF(JSAMPLE));
src/PC/jpeg-6/jdmaster.c	266	constant-pointer-arithmetic	listed-TU	for (i = CENTERJSAMPLE; i < 2*(MAXJSAMPLE+1); i++)
src/PC/jpeg-6/jdmaster.c	269	constant-pointer-arithmetic	listed-TU	MEMZERO(table + (2 * (MAXJSAMPLE+1)),
src/PC/jpeg-6/jdmaster.c	270	constant-pointer-arithmetic	listed-TU	(2 * (MAXJSAMPLE+1) - CENTERJSAMPLE) * SIZEOF(JSAMPLE));
src/PC/jpeg-6/jdmaster.c	271	constant-pointer-arithmetic	listed-TU	MEMCOPY(table + (4 * (MAXJSAMPLE+1) - CENTERJSAMPLE),
src/PC/jpeg-6/jdmaster.c	411	constant-pointer-arithmetic	listed-TU	/* Arbitrarily estimate 2 interleaved DC scans + 3 AC scans/component. */
src/PC/jpeg-6/jdmerge.c	92	constant-pointer-arithmetic	listed-TU	(MAXJSAMPLE+1) * SIZEOF(int));
src/PC/jpeg-6/jdmerge.c	92	small-integer-cast	listed-TU	(MAXJSAMPLE+1) * SIZEOF(int));
src/PC/jpeg-6/jdmerge.c	95	constant-pointer-arithmetic	listed-TU	(MAXJSAMPLE+1) * SIZEOF(int));
src/PC/jpeg-6/jdmerge.c	95	small-integer-cast	listed-TU	(MAXJSAMPLE+1) * SIZEOF(int));
src/PC/jpeg-6/jdmerge.c	98	constant-pointer-arithmetic	listed-TU	(MAXJSAMPLE+1) * SIZEOF(INT32));
src/PC/jpeg-6/jdmerge.c	101	constant-pointer-arithmetic	listed-TU	(MAXJSAMPLE+1) * SIZEOF(INT32));
src/PC/jpeg-6/jdmerge.c	107	small-integer-cast	listed-TU	upsample->Cr_r_tab[i] = (int)
src/PC/jpeg-6/jdmerge.c	110	small-integer-cast	listed-TU	upsample->Cb_b_tab[i] = (int)
src/PC/jpeg-6/jdmerge.c	174	constant-pointer-arithmetic	listed-TU	work_ptrs[1] = output_buf[*out_row_ctr + 1];
src/PC/jpeg-6/jdmerge.c	254	small-integer-cast	listed-TU	cgreen = (int) RIGHT_SHIFT(Cbgtab[cb] + Crgtab[cr], SCALEBITS);
src/PC/jpeg-6/jdmerge.c	273	small-integer-cast	listed-TU	cgreen = (int) RIGHT_SHIFT(Cbgtab[cb] + Crgtab[cr], SCALEBITS);
src/PC/jpeg-6/jdmerge.c	318	small-integer-cast	listed-TU	cgreen = (int) RIGHT_SHIFT(Cbgtab[cb] + Crgtab[cr], SCALEBITS);
src/PC/jpeg-6/jdmerge.c	347	small-integer-cast	listed-TU	cgreen = (int) RIGHT_SHIFT(Cbgtab[cb] + Crgtab[cr], SCALEBITS);
src/PC/jpeg-6/jdphuff.c	661	small-integer-cast	listed-TU	cinfo->num_components*DCTSIZE2*SIZEOF(int));
src/PC/jpeg-6/jdpostct.c	146	small-integer-cast	listed-TU	post->buffer, output_buf + *out_row_ctr, (int) num_rows);
src/PC/jpeg-6/jdpostct.c	185	small-integer-cast	listed-TU	(JSAMPARRAY) NULL, (int) num_rows);
src/PC/jpeg-6/jdpostct.c	231	small-integer-cast	listed-TU	(int) num_rows);
src/PC/jpeg-6/jdsample.c	48	pointer-named-integer-field	listed-TU	"int next_row_out;		/* counts rows emitted from color_buf */"
src/PC/jpeg-6/jdsample.c	131	small-integer-cast	listed-TU	(int) num_rows);
src/PC/jpeg-6/jdsample.c	218	constant-pointer-arithmetic	listed-TU	jcopy_sample_rows(output_data, outrow, output_data, outrow+1,
src/PC/jpeg-6/jdsample.c	280	constant-pointer-arithmetic	listed-TU	jcopy_sample_rows(output_data, outrow, output_data, outrow+1,
src/PC/jpeg-6/jdsample.c	322	constant-pointer-arithmetic	listed-TU	/* General case: 3/4 * nearer pixel + 1/4 * further pixel */
src/PC/jpeg-6/jdsample.c	366	constant-pointer-arithmetic	listed-TU	inptr1 = input_data[inrow+1];
src/PC/jpeg-6/jdsample.c	373	constant-pointer-arithmetic	listed-TU	*outptr++ = (JSAMPLE) ((thiscolsum * 3 + nextcolsum + 7) >> 4);
src/PC/jpeg-6/jdsample.c	377	constant-pointer-arithmetic	listed-TU	/* General case: 3/4 * nearer pixel + 1/4 * further pixel in each */
src/PC/jpeg-6/jdsample.c	380	constant-pointer-arithmetic	listed-TU	*outptr++ = (JSAMPLE) ((thiscolsum * 3 + lastcolsum + 8) >> 4);
src/PC/jpeg-6/jdsample.c	381	constant-pointer-arithmetic	listed-TU	*outptr++ = (JSAMPLE) ((thiscolsum * 3 + nextcolsum + 7) >> 4);
src/PC/jpeg-6/jdsample.c	386	constant-pointer-arithmetic	listed-TU	*outptr++ = (JSAMPLE) ((thiscolsum * 3 + lastcolsum + 8) >> 4);
src/PC/jpeg-6/jerror.c	245	small-integer-cast	listed-TU	err->last_jpeg_message = (int) JMSG_LASTMSGCODE - 1;
src/PC/jpeg-6/jfdctint.c	68	constant-pointer-arithmetic	listed-TU	* require BITS_IN_JSAMPLE + PASS1_BITS + 3 bits; this fits in a 16-bit word
src/PC/jpeg-6/jidctflt.c	221	small-integer-cast	listed-TU	outptr[0] = range_limit[(int) DESCALE((INT32) (tmp0 + tmp7), 3)
src/PC/jpeg-6/jidctflt.c	223	small-integer-cast	listed-TU	outptr[7] = range_limit[(int) DESCALE((INT32) (tmp0 - tmp7), 3)
src/PC/jpeg-6/jidctflt.c	225	small-integer-cast	listed-TU	outptr[1] = range_limit[(int) DESCALE((INT32) (tmp1 + tmp6), 3)
src/PC/jpeg-6/jidctflt.c	227	small-integer-cast	listed-TU	outptr[6] = range_limit[(int) DESCALE((INT32) (tmp1 - tmp6), 3)
src/PC/jpeg-6/jidctflt.c	229	small-integer-cast	listed-TU	outptr[2] = range_limit[(int) DESCALE((INT32) (tmp2 + tmp5), 3)
src/PC/jpeg-6/jidctflt.c	231	small-integer-cast	listed-TU	outptr[5] = range_limit[(int) DESCALE((INT32) (tmp2 - tmp5), 3)
src/PC/jpeg-6/jidctflt.c	233	small-integer-cast	listed-TU	outptr[4] = range_limit[(int) DESCALE((INT32) (tmp3 + tmp4), 3)
src/PC/jpeg-6/jidctflt.c	235	small-integer-cast	listed-TU	outptr[3] = range_limit[(int) DESCALE((INT32) (tmp3 - tmp4), 3)
src/PC/jpeg-6/jidctfst.c	157	small-integer-cast	listed-TU	#define IDESCALE(x,n)  ((int) IRIGHT_SHIFT((x) + (1 << ((n)-1)), n))
src/PC/jpeg-6/jidctfst.c	159	small-integer-cast	listed-TU	#define IDESCALE(x,n)  ((int) IRIGHT_SHIFT(x, n))
src/PC/jpeg-6/jidctfst.c	205	small-integer-cast	listed-TU	int dcval = (int) DEQUANTIZE(inptr[DCTSIZE*0], quantptr[DCTSIZE*0]);
src/PC/jpeg-6/jidctfst.c	263	small-integer-cast	listed-TU	wsptr[DCTSIZE*0] = (int) (tmp0 + tmp7);
src/PC/jpeg-6/jidctfst.c	264	small-integer-cast	listed-TU	wsptr[DCTSIZE*7] = (int) (tmp0 - tmp7);
src/PC/jpeg-6/jidctfst.c	265	small-integer-cast	listed-TU	wsptr[DCTSIZE*1] = (int) (tmp1 + tmp6);
src/PC/jpeg-6/jidctfst.c	266	small-integer-cast	listed-TU	wsptr[DCTSIZE*6] = (int) (tmp1 - tmp6);
src/PC/jpeg-6/jidctfst.c	267	small-integer-cast	listed-TU	wsptr[DCTSIZE*2] = (int) (tmp2 + tmp5);
src/PC/jpeg-6/jidctfst.c	268	small-integer-cast	listed-TU	wsptr[DCTSIZE*5] = (int) (tmp2 - tmp5);
src/PC/jpeg-6/jidctfst.c	269	small-integer-cast	listed-TU	wsptr[DCTSIZE*4] = (int) (tmp3 + tmp4);
src/PC/jpeg-6/jidctfst.c	270	small-integer-cast	listed-TU	wsptr[DCTSIZE*3] = (int) (tmp3 - tmp4);
src/PC/jpeg-6/jidctfst.c	296	constant-pointer-arithmetic	listed-TU	JSAMPLE dcval = range_limit[IDESCALE(wsptr[0], PASS1_BITS+3)
src/PC/jpeg-6/jidctfst.c	347	constant-pointer-arithmetic	listed-TU	outptr[0] = range_limit[IDESCALE(tmp0 + tmp7, PASS1_BITS+3)
src/PC/jpeg-6/jidctfst.c	349	constant-pointer-arithmetic	listed-TU	outptr[7] = range_limit[IDESCALE(tmp0 - tmp7, PASS1_BITS+3)
src/PC/jpeg-6/jidctfst.c	351	constant-pointer-arithmetic	listed-TU	outptr[1] = range_limit[IDESCALE(tmp1 + tmp6, PASS1_BITS+3)
src/PC/jpeg-6/jidctfst.c	353	constant-pointer-arithmetic	listed-TU	outptr[6] = range_limit[IDESCALE(tmp1 - tmp6, PASS1_BITS+3)
src/PC/jpeg-6/jidctfst.c	355	constant-pointer-arithmetic	listed-TU	outptr[2] = range_limit[IDESCALE(tmp2 + tmp5, PASS1_BITS+3)
src/PC/jpeg-6/jidctfst.c	357	constant-pointer-arithmetic	listed-TU	outptr[5] = range_limit[IDESCALE(tmp2 - tmp5, PASS1_BITS+3)
src/PC/jpeg-6/jidctfst.c	359	constant-pointer-arithmetic	listed-TU	outptr[4] = range_limit[IDESCALE(tmp3 + tmp4, PASS1_BITS+3)
src/PC/jpeg-6/jidctfst.c	361	constant-pointer-arithmetic	listed-TU	outptr[3] = range_limit[IDESCALE(tmp3 - tmp4, PASS1_BITS+3)
src/PC/jpeg-6/jidctint.c	68	constant-pointer-arithmetic	listed-TU	* require BITS_IN_JSAMPLE + PASS1_BITS + 3 bits; this fits in a 16-bit word
src/PC/jpeg-6/jidctint.c	258	small-integer-cast	listed-TU	wsptr[DCTSIZE*0] = (int) DESCALE(tmp10 + tmp3, CONST_BITS-PASS1_BITS);
src/PC/jpeg-6/jidctint.c	259	small-integer-cast	listed-TU	wsptr[DCTSIZE*7] = (int) DESCALE(tmp10 - tmp3, CONST_BITS-PASS1_BITS);
src/PC/jpeg-6/jidctint.c	260	small-integer-cast	listed-TU	wsptr[DCTSIZE*1] = (int) DESCALE(tmp11 + tmp2, CONST_BITS-PASS1_BITS);
src/PC/jpeg-6/jidctint.c	261	small-integer-cast	listed-TU	wsptr[DCTSIZE*6] = (int) DESCALE(tmp11 - tmp2, CONST_BITS-PASS1_BITS);
src/PC/jpeg-6/jidctint.c	262	small-integer-cast	listed-TU	wsptr[DCTSIZE*2] = (int) DESCALE(tmp12 + tmp1, CONST_BITS-PASS1_BITS);
src/PC/jpeg-6/jidctint.c	263	small-integer-cast	listed-TU	wsptr[DCTSIZE*5] = (int) DESCALE(tmp12 - tmp1, CONST_BITS-PASS1_BITS);
src/PC/jpeg-6/jidctint.c	264	small-integer-cast	listed-TU	wsptr[DCTSIZE*3] = (int) DESCALE(tmp13 + tmp0, CONST_BITS-PASS1_BITS);
src/PC/jpeg-6/jidctint.c	265	small-integer-cast	listed-TU	wsptr[DCTSIZE*4] = (int) DESCALE(tmp13 - tmp0, CONST_BITS-PASS1_BITS);
src/PC/jpeg-6/jidctint.c	291	constant-pointer-arithmetic	listed-TU	JSAMPLE dcval = range_limit[(int) DESCALE((INT32) wsptr[0], PASS1_BITS+3)
src/PC/jpeg-6/jidctint.c	291	small-integer-cast	listed-TU	JSAMPLE dcval = range_limit[(int) DESCALE((INT32) wsptr[0], PASS1_BITS+3)
src/PC/jpeg-6/jidctint.c	360	small-integer-cast	listed-TU	outptr[0] = range_limit[(int) DESCALE(tmp10 + tmp3,
src/PC/jpeg-6/jidctint.c	361	constant-pointer-arithmetic	listed-TU	CONST_BITS+PASS1_BITS+3)
src/PC/jpeg-6/jidctint.c	363	small-integer-cast	listed-TU	outptr[7] = range_limit[(int) DESCALE(tmp10 - tmp3,
src/PC/jpeg-6/jidctint.c	364	constant-pointer-arithmetic	listed-TU	CONST_BITS+PASS1_BITS+3)
src/PC/jpeg-6/jidctint.c	366	small-integer-cast	listed-TU	outptr[1] = range_limit[(int) DESCALE(tmp11 + tmp2,
src/PC/jpeg-6/jidctint.c	367	constant-pointer-arithmetic	listed-TU	CONST_BITS+PASS1_BITS+3)
src/PC/jpeg-6/jidctint.c	369	small-integer-cast	listed-TU	outptr[6] = range_limit[(int) DESCALE(tmp11 - tmp2,
src/PC/jpeg-6/jidctint.c	370	constant-pointer-arithmetic	listed-TU	CONST_BITS+PASS1_BITS+3)
src/PC/jpeg-6/jidctint.c	372	small-integer-cast	listed-TU	outptr[2] = range_limit[(int) DESCALE(tmp12 + tmp1,
src/PC/jpeg-6/jidctint.c	373	constant-pointer-arithmetic	listed-TU	CONST_BITS+PASS1_BITS+3)
src/PC/jpeg-6/jidctint.c	375	small-integer-cast	listed-TU	outptr[5] = range_limit[(int) DESCALE(tmp12 - tmp1,
src/PC/jpeg-6/jidctint.c	376	constant-pointer-arithmetic	listed-TU	CONST_BITS+PASS1_BITS+3)
src/PC/jpeg-6/jidctint.c	378	small-integer-cast	listed-TU	outptr[3] = range_limit[(int) DESCALE(tmp13 + tmp0,
src/PC/jpeg-6/jidctint.c	379	constant-pointer-arithmetic	listed-TU	CONST_BITS+PASS1_BITS+3)
src/PC/jpeg-6/jidctint.c	381	small-integer-cast	listed-TU	outptr[4] = range_limit[(int) DESCALE(tmp13 - tmp0,
src/PC/jpeg-6/jidctint.c	382	constant-pointer-arithmetic	listed-TU	CONST_BITS+PASS1_BITS+3)
src/PC/jpeg-6/jidctred.c	159	constant-pointer-arithmetic	listed-TU	tmp0 <<= (CONST_BITS+1);
src/PC/jpeg-6/jidctred.c	188	constant-pointer-arithmetic	listed-TU	wsptr[DCTSIZE*0] = (int) DESCALE(tmp10 + tmp2, CONST_BITS-PASS1_BITS+1);
src/PC/jpeg-6/jidctred.c	188	small-integer-cast	listed-TU	wsptr[DCTSIZE*0] = (int) DESCALE(tmp10 + tmp2, CONST_BITS-PASS1_BITS+1);
src/PC/jpeg-6/jidctred.c	189	constant-pointer-arithmetic	listed-TU	wsptr[DCTSIZE*3] = (int) DESCALE(tmp10 - tmp2, CONST_BITS-PASS1_BITS+1);
src/PC/jpeg-6/jidctred.c	189	small-integer-cast	listed-TU	wsptr[DCTSIZE*3] = (int) DESCALE(tmp10 - tmp2, CONST_BITS-PASS1_BITS+1);
src/PC/jpeg-6/jidctred.c	190	constant-pointer-arithmetic	listed-TU	wsptr[DCTSIZE*1] = (int) DESCALE(tmp12 + tmp0, CONST_BITS-PASS1_BITS+1);
src/PC/jpeg-6/jidctred.c	190	small-integer-cast	listed-TU	wsptr[DCTSIZE*1] = (int) DESCALE(tmp12 + tmp0, CONST_BITS-PASS1_BITS+1);
src/PC/jpeg-6/jidctred.c	191	constant-pointer-arithmetic	listed-TU	wsptr[DCTSIZE*2] = (int) DESCALE(tmp12 - tmp0, CONST_BITS-PASS1_BITS+1);
src/PC/jpeg-6/jidctred.c	191	small-integer-cast	listed-TU	wsptr[DCTSIZE*2] = (int) DESCALE(tmp12 - tmp0, CONST_BITS-PASS1_BITS+1);
src/PC/jpeg-6/jidctred.c	205	constant-pointer-arithmetic	listed-TU	JSAMPLE dcval = range_limit[(int) DESCALE((INT32) wsptr[0], PASS1_BITS+3)
src/PC/jpeg-6/jidctred.c	205	small-integer-cast	listed-TU	JSAMPLE dcval = range_limit[(int) DESCALE((INT32) wsptr[0], PASS1_BITS+3)
src/PC/jpeg-6/jidctred.c	220	constant-pointer-arithmetic	listed-TU	tmp0 = ((INT32) wsptr[0]) << (CONST_BITS+1);
src/PC/jpeg-6/jidctred.c	247	small-integer-cast	listed-TU	outptr[0] = range_limit[(int) DESCALE(tmp10 + tmp2,
src/PC/jpeg-6/jidctred.c	248	constant-pointer-arithmetic	listed-TU	CONST_BITS+PASS1_BITS+3+1)
src/PC/jpeg-6/jidctred.c	250	small-integer-cast	listed-TU	outptr[3] = range_limit[(int) DESCALE(tmp10 - tmp2,
src/PC/jpeg-6/jidctred.c	251	constant-pointer-arithmetic	listed-TU	CONST_BITS+PASS1_BITS+3+1)
src/PC/jpeg-6/jidctred.c	253	small-integer-cast	listed-TU	outptr[1] = range_limit[(int) DESCALE(tmp12 + tmp0,
src/PC/jpeg-6/jidctred.c	254	constant-pointer-arithmetic	listed-TU	CONST_BITS+PASS1_BITS+3+1)
src/PC/jpeg-6/jidctred.c	256	small-integer-cast	listed-TU	outptr[2] = range_limit[(int) DESCALE(tmp12 - tmp0,
src/PC/jpeg-6/jidctred.c	257	constant-pointer-arithmetic	listed-TU	CONST_BITS+PASS1_BITS+3+1)
src/PC/jpeg-6/jidctred.c	308	constant-pointer-arithmetic	listed-TU	tmp10 = z1 << (CONST_BITS+2);
src/PC/jpeg-6/jidctred.c	323	constant-pointer-arithmetic	listed-TU	wsptr[DCTSIZE*0] = (int) DESCALE(tmp10 + tmp0, CONST_BITS-PASS1_BITS+2);
src/PC/jpeg-6/jidctred.c	323	small-integer-cast	listed-TU	wsptr[DCTSIZE*0] = (int) DESCALE(tmp10 + tmp0, CONST_BITS-PASS1_BITS+2);
src/PC/jpeg-6/jidctred.c	324	constant-pointer-arithmetic	listed-TU	wsptr[DCTSIZE*1] = (int) DESCALE(tmp10 - tmp0, CONST_BITS-PASS1_BITS+2);
src/PC/jpeg-6/jidctred.c	324	small-integer-cast	listed-TU	wsptr[DCTSIZE*1] = (int) DESCALE(tmp10 - tmp0, CONST_BITS-PASS1_BITS+2);
src/PC/jpeg-6/jidctred.c	337	constant-pointer-arithmetic	listed-TU	JSAMPLE dcval = range_limit[(int) DESCALE((INT32) wsptr[0], PASS1_BITS+3)
src/PC/jpeg-6/jidctred.c	337	small-integer-cast	listed-TU	JSAMPLE dcval = range_limit[(int) DESCALE((INT32) wsptr[0], PASS1_BITS+3)
src/PC/jpeg-6/jidctred.c	350	constant-pointer-arithmetic	listed-TU	tmp10 = ((INT32) wsptr[0]) << (CONST_BITS+2);
src/PC/jpeg-6/jidctred.c	361	small-integer-cast	listed-TU	outptr[0] = range_limit[(int) DESCALE(tmp10 + tmp0,
src/PC/jpeg-6/jidctred.c	362	constant-pointer-arithmetic	listed-TU	CONST_BITS+PASS1_BITS+3+2)
src/PC/jpeg-6/jidctred.c	364	small-integer-cast	listed-TU	outptr[1] = range_limit[(int) DESCALE(tmp10 - tmp0,
src/PC/jpeg-6/jidctred.c	365	constant-pointer-arithmetic	listed-TU	CONST_BITS+PASS1_BITS+3+2)
src/PC/jpeg-6/jidctred.c	393	small-integer-cast	listed-TU	dcval = (int) DESCALE((INT32) dcval, 3);
src/PC/jpeg-6/jmemmgr.c	318	constant-pointer-arithmetic	listed-TU	data_ptr = (char *) (hdr_ptr + 1); /* point to first data byte in pool */
src/PC/jpeg-6/jmemmgr.c	377	constant-pointer-arithmetic	listed-TU	return (void FAR *) (hdr_ptr + 1); /* point to first data byte in pool */
src/PC/jpeg-6/jmorecfg.h	60	small-integer-cast	header-or-unlisted	#define GETJSAMPLE(value)  ((int) (value))
src/PC/jpeg-6/jmorecfg.h	66	small-integer-cast	header-or-unlisted	#define GETJSAMPLE(value)  ((int) (value))
src/PC/jpeg-6/jmorecfg.h	68	small-integer-cast	header-or-unlisted	#define GETJSAMPLE(value)  ((int) (value) & 0xFF)
src/PC/jpeg-6/jmorecfg.h	85	small-integer-cast	header-or-unlisted	#define GETJSAMPLE(value)  ((int) (value))
src/PC/jpeg-6/jpegint.h	204	pointer-named-integer-field	header-or-unlisted	"int next_restart_num;		/* next restart number expected (0-7) */"
src/PC/jpeg-6/jpeglib.h	928	small-integer-cast	header-or-unlisted	EXTERN(int) jpeg_quality_scaling JPP((int quality));
src/PC/jpeg-6/jpeglib.h	962	small-integer-cast	header-or-unlisted	EXTERN(int) jpeg_read_header JPP((j_decompress_ptr cinfo,
src/PC/jpeg-6/jpeglib.h	993	small-integer-cast	header-or-unlisted	EXTERN(int) jpeg_consume_input JPP((j_decompress_ptr cinfo));
src/PC/jpeg-6/jquant1.c	120	constant-pointer-arithmetic	listed-TU	* We provide (#columns + 2) entries per component; the extra entry at each
src/PC/jpeg-6/jquant1.c	185	small-integer-cast	listed-TU	LOCAL(int)
src/PC/jpeg-6/jquant1.c	211	small-integer-cast	listed-TU	ERREXIT1(cinfo, JERR_QUANT_FEW_COLORS, (int) temp);
src/PC/jpeg-6/jquant1.c	235	small-integer-cast	listed-TU	total_colors = (int) temp;
src/PC/jpeg-6/jquant1.c	244	small-integer-cast	listed-TU	LOCAL(int)
src/PC/jpeg-6/jquant1.c	254	small-integer-cast	listed-TU	return (int) (((INT32) j * MAXJSAMPLE + maxj/2) / maxj);
src/PC/jpeg-6/jquant1.c	258	small-integer-cast	listed-TU	LOCAL(int)
src/PC/jpeg-6/jquant1.c	264	constant-pointer-arithmetic	listed-TU	return (int) (((INT32) (2*j + 1) * MAXJSAMPLE + maxj) / (2*maxj));
src/PC/jpeg-6/jquant1.c	264	small-integer-cast	listed-TU	return (int) (((INT32) (2*j + 1) * MAXJSAMPLE + maxj) / (2*maxj));
src/PC/jpeg-6/jquant1.c	354	constant-pointer-arithmetic	listed-TU	(JDIMENSION) (MAXJSAMPLE+1 + pad),
src/PC/jpeg-6/jquant1.c	413	small-integer-cast	listed-TU	num = ((INT32) (ODITHER_CELLS-1 - 2*((int)base_dither_matrix[j][k])))
src/PC/jpeg-6/jquant1.c	418	small-integer-cast	listed-TU	odither[j][k] = (int) (num<0 ? -((-num)/den) : num/den);
src/PC/jpeg-6/jquant1.c	554	constant-pointer-arithmetic	listed-TU	col_index = (col_index + 1) & ODITHER_MASK;
src/PC/jpeg-6/jquant1.c	558	constant-pointer-arithmetic	listed-TU	row_index = (row_index + 1) & ODITHER_MASK;
src/PC/jpeg-6/jquant1.c	601	constant-pointer-arithmetic	listed-TU	col_index = (col_index + 1) & ODITHER_MASK;
src/PC/jpeg-6/jquant1.c	603	constant-pointer-arithmetic	listed-TU	row_index = (row_index + 1) & ODITHER_MASK;
src/PC/jpeg-6/jquant1.c	649	constant-pointer-arithmetic	listed-TU	errorptr = cquantize->fserrors[ci] + (width+1); /* => entry after last column */
src/PC/jpeg-6/jquant1.c	728	constant-pointer-arithmetic	listed-TU	arraysize = (size_t) ((cinfo->output_width + 2) * SIZEOF(FSERROR));
src/PC/jpeg-6/jquant1.c	782	constant-pointer-arithmetic	listed-TU	arraysize = (size_t) ((cinfo->output_width + 2) * SIZEOF(FSERROR));
src/PC/jpeg-6/jquant1.c	839	constant-pointer-arithmetic	listed-TU	if (cinfo->desired_number_of_colors > (MAXJSAMPLE+1))
src/PC/jpeg-6/jquant1.c	840	constant-pointer-arithmetic	listed-TU	ERREXIT1(cinfo, JERR_QUANT_MANY_COLORS, MAXJSAMPLE+1);
src/PC/jpeg-6/jquant2.c	127	constant-pointer-arithmetic	listed-TU	#define MAXNUMCOLORS  (MAXJSAMPLE+1) /* maximum size of colormap */
src/PC/jpeg-6/jquant2.c	172	constant-pointer-arithmetic	listed-TU	* The fserrors[] array has (#columns + 2) entries; the extra entry at
src/PC/jpeg-6/jquant2.c	423	small-integer-cast	listed-TU	LOCAL(int)
src/PC/jpeg-6/jquant2.c	476	constant-pointer-arithmetic	listed-TU	b2->c0min = lb+1;
src/PC/jpeg-6/jquant2.c	481	constant-pointer-arithmetic	listed-TU	b2->c1min = lb+1;
src/PC/jpeg-6/jquant2.c	486	constant-pointer-arithmetic	listed-TU	b2->c2min = lb+1;
src/PC/jpeg-6/jquant2.c	645	small-integer-cast	listed-TU	LOCAL(int)
src/PC/jpeg-6/jquant2.c	983	constant-pointer-arithmetic	listed-TU	errorptr = cquantize->fserrors + (width+1)*3; /* => entry after last column */
src/PC/jpeg-6/jquant2.c	1008	constant-pointer-arithmetic	listed-TU	cur1 = RIGHT_SHIFT(cur1 + errorptr[dir3+1] + 8, 4);
src/PC/jpeg-6/jquant2.c	1009	constant-pointer-arithmetic	listed-TU	cur2 = RIGHT_SHIFT(cur2 + errorptr[dir3+2] + 8, 4);
src/PC/jpeg-6/jquant2.c	1116	small-integer-cast	listed-TU	((j_common_ptr) cinfo, JPOOL_IMAGE, (MAXJSAMPLE*2+1) * SIZEOF(int));
src/PC/jpeg-6/jquant2.c	1120	constant-pointer-arithmetic	listed-TU	#define STEPSIZE ((MAXJSAMPLE+1)/16)
src/PC/jpeg-6/jquant2.c	1130	constant-pointer-arithmetic	listed-TU	/* Clamp the rest to final out value (which is (MAXJSAMPLE+1)/8) */
src/PC/jpeg-6/jquant2.c	1199	constant-pointer-arithmetic	listed-TU	size_t arraysize = (size_t) ((cinfo->output_width + 2) *
src/PC/jpeg-6/jquant2.c	1304	constant-pointer-arithmetic	listed-TU	(size_t) ((cinfo->output_width + 2) * (3 * SIZEOF(FSERROR))));
src/PC/jpeg-6/jutils.c	39	constant-pointer-arithmetic	listed-TU	const int jpeg_natural_order[DCTSIZE2+16] = {
src/PC/qcommon/cm_load.c	90	fixed-size-memory-call	listed-TU	Com_Memset(&cm, 0, 0x110);
src/PC/qcommon/cm_load.c	171	constant-pointer-arithmetic	listed-TU	buf = (byte *)Z_MallocInternal(length + 1);
src/PC/qcommon/cm_load.c	201	constant-pointer-arithmetic	listed-TU	offset += (lumpSize + 3) & ~3;
src/PC/qcommon/cm_load.c	220	constant-pointer-arithmetic	listed-TU	padding = ((lumpSize + 3) & ~3) - lumpSize;
src/PC/qcommon/cm_load_obj.c	287	small-integer-cast	listed-TU	if ((int)(short)numLeafBrushes != numLeafBrushes) {
src/PC/qcommon/cm_load_obj.c	413	small-integer-cast	listed-TU	childOffset = (int)(childNode - node);
src/PC/qcommon/cm_load_obj.c	416	small-integer-cast	listed-TU	if ((int)(unsigned short)encoded != encoded) {
src/PC/qcommon/cm_load_obj.c	484	small-integer-cast	listed-TU	leaf->leafBrushNode = (int)(resultNode - cm_ptr->leafbrushNodes);
src/PC/qcommon/cm_load_obj.c	523	constant-pointer-arithmetic	listed-TU	/* Only cml's three live fields need clearing; 12 is their x86 size (int + 2 ptrs). On x64 the
src/PC/qcommon/cm_load_obj.c	527	small-integer-cast	listed-TU	Com_Memset(&cml, 0, (int)offsetof(cml_t, _pad));
src/PC/qcommon/cm_load_obj.c	556	constant-pointer-arithmetic	listed-TU	cmLocal->materials = (dmaterial_t *)((byte *)cmLocal->materials + 72);
src/PC/qcommon/cm_load_obj.c	600	constant-pointer-arithmetic	listed-TU	"outBrush = (cbrush_t *)CM_Hunk_Alloc((brushCount + 1) * sizeof(cbrush_t), ""CMod_LoadBrushes"", 0x18);"
src/PC/qcommon/cm_load_obj.c	603	small-integer-cast	listed-TU	if ((int)(unsigned short)brushCount != brushCount) {
src/PC/qcommon/cm_load_obj.c	612	small-integer-cast	listed-TU	numSides = (int)*(const short *)inBrush - 6;
src/PC/qcommon/cm_load_obj.c	637	fixed-byte-access	listed-TU	materialNum = *(const int *)(inSides + 4);
src/PC/qcommon/cm_load_obj.c	637	constant-pointer-arithmetic	listed-TU	materialNum = *(const int *)(inSides + 4);
src/PC/qcommon/cm_load_obj.c	643	small-integer-cast	listed-TU	if ((int)(short)materialNum != materialNum) {
src/PC/qcommon/cm_load_obj.c	656	small-integer-cast	listed-TU	if ((unsigned)planeNum >= (unsigned)cml.numPlanes) {
src/PC/qcommon/cm_load_obj.c	660	fixed-byte-access	listed-TU	outSides->materialNum = *(const int *)(inSides + 4);
src/PC/qcommon/cm_load_obj.c	660	constant-pointer-arithmetic	listed-TU	outSides->materialNum = *(const int *)(inSides + 4);
src/PC/qcommon/cm_load_obj.c	669	small-integer-cast	listed-TU	materialNum = (int)((const short *)inBrush)[1];
src/PC/qcommon/cm_load_obj.c	697	small-integer-cast	listed-TU	if ((int)(unsigned short)val != val) {
src/PC/qcommon/cm_load_obj.c	760	small-integer-cast	listed-TU	if ((int)(short)cluster != cluster) {
src/PC/qcommon/cm_load_obj.c	767	small-integer-cast	listed-TU	if ((int)(unsigned short)fcaa != fcaa) {
src/PC/qcommon/cm_load_obj.c	775	small-integer-cast	listed-TU	if ((int)(unsigned short)cac != cac) {
src/PC/qcommon/cm_load_obj.c	781	constant-pointer-arithmetic	listed-TU	cmLocal->numClusters = cluster + 1;
src/PC/qcommon/cm_load_obj.c	786	small-integer-cast	listed-TU	if ((int)(unsigned short)fcaa != fcaa) {
src/PC/qcommon/cm_load_obj.c	792	small-integer-cast	listed-TU	if ((int)(unsigned short)cac != cac) {
src/PC/qcommon/cm_load_obj.c	845	small-integer-cast	listed-TU	if ((int)(unsigned short)numBrushes != numBrushes) {
src/PC/qcommon/cm_load_obj.c	851	small-integer-cast	listed-TU	if ((int)(unsigned short)firstBrush != firstBrush) {
src/PC/qcommon/cm_load_obj.c	940	fixed-byte-access	listed-TU	numBrushes = *(const int *)(submodelIn + i * 0x30 + 0x5C - 0x30);
src/PC/qcommon/cm_load_obj.c	942	fixed-byte-access	listed-TU	numBrushes = *(const int *)(submodelIn + i * 0x30 + 0x2C);
src/PC/qcommon/cm_load_obj.c	943	fixed-byte-access	listed-TU	firstBrush = *(const int *)(submodelIn + i * 0x30 + 0x28);
src/PC/qcommon/cm_load_obj.c	955	small-integer-cast	listed-TU	if ((int)(unsigned short)brushIdx != brushIdx) {
src/PC/qcommon/cm_load_obj.c	1023	small-integer-cast	listed-TU	cmLocal->box_model.leaf.leafBrushNode = (int)(boxNode - cmLocal->leafbrushNodes);
src/PC/qcommon/cm_load_obj.c	1041	small-integer-cast	listed-TU	int totalBytes = (int)(tempTop - (byte *)cmLocal->leafbrushNodes);
src/PC/qcommon/cm_load_obj.c	1042	x86-only-width-guard	listed-TU	#if defined(__x86_64__) || defined(_M_X64)
src/PC/qcommon/cm_load_obj.c	1044	small-integer-cast	listed-TU	nodeCount = totalBytes / (int)sizeof(cLeafBrushNode_t);
src/PC/qcommon/cm_load_obj.c	1055	constant-pointer-arithmetic	listed-TU	cmLocal->leafbrushNodesCount = nodeCount + 1;
src/PC/qcommon/cm_load_obj.c	1059	constant-pointer-arithmetic	listed-TU	"permNodes = (cLeafBrushNode_t *)CM_Hunk_Alloc((nodeCount + 1) * sizeof(cLeafBrushNode_t), ""CMod_LoadBrushRelated"", 0x18);"
src/PC/qcommon/cm_load_obj.c	1063	x86-only-width-guard	listed-TU	#if defined(__x86_64__) || defined(_M_X64)
src/PC/qcommon/cm_load_obj.c	1064	small-integer-cast	listed-TU	copySize = nodeCount * (int)sizeof(cLeafBrushNode_t);
src/PC/qcommon/cm_load_obj.c	1102	small-integer-cast	listed-TU	if ((unsigned)planeNum >= (unsigned)cml.numPlanes) {
src/PC/qcommon/cm_load_obj.c	1110	small-integer-cast	listed-TU	if ((int)(short)child != child) {
src/PC/qcommon/cm_load_obj.c	1156	fixed-byte-access	listed-TU	out->xyz[0] = *(const float *)(in + 4);
src/PC/qcommon/cm_load_obj.c	1156	constant-pointer-arithmetic	listed-TU	out->xyz[0] = *(const float *)(in + 4);
src/PC/qcommon/cm_load_obj.c	1157	fixed-byte-access	listed-TU	out->xyz[1] = *(const float *)(in + 8);
src/PC/qcommon/cm_load_obj.c	1157	constant-pointer-arithmetic	listed-TU	out->xyz[1] = *(const float *)(in + 8);
src/PC/qcommon/cm_load_obj.c	1158	fixed-byte-access	listed-TU	out->xyz[2] = *(const float *)(in + 12);
src/PC/qcommon/cm_load_obj.c	1158	constant-pointer-arithmetic	listed-TU	out->xyz[2] = *(const float *)(in + 12);
src/PC/qcommon/cm_load_obj.c	1270	fixed-byte-access	listed-TU	((float *)out)[2] = *(const float *)(in + 8);
src/PC/qcommon/cm_load_obj.c	1270	constant-pointer-arithmetic	listed-TU	((float *)out)[2] = *(const float *)(in + 8);
src/PC/qcommon/cm_load_obj.c	1298	fixed-byte-access	listed-TU	out->triCount = *(const byte *)(in + 2);
src/PC/qcommon/cm_load_obj.c	1298	constant-pointer-arithmetic	listed-TU	out->triCount = *(const byte *)(in + 2);
src/PC/qcommon/cm_load_obj.c	1299	fixed-byte-access	listed-TU	out->borderCount = *(const byte *)(in + 3);
src/PC/qcommon/cm_load_obj.c	1299	constant-pointer-arithmetic	listed-TU	out->borderCount = *(const byte *)(in + 3);
src/PC/qcommon/cm_load_obj.c	1301	fixed-byte-access	listed-TU	int triIndex = *(const int *)(in + 4);
src/PC/qcommon/cm_load_obj.c	1301	constant-pointer-arithmetic	listed-TU	int triIndex = *(const int *)(in + 4);
src/PC/qcommon/cm_load_obj.c	1305	fixed-byte-access	listed-TU	int borderIndex = *(const int *)(in + 8);
src/PC/qcommon/cm_load_obj.c	1305	constant-pointer-arithmetic	listed-TU	int borderIndex = *(const int *)(in + 8);
src/PC/qcommon/cm_load_obj.c	1318	constant-pointer-arithmetic	listed-TU	int visSize = (cmLocal->numClusters + 31) & ~31;
src/PC/qcommon/cm_load_obj.c	1329	fixed-byte-access	listed-TU	cmLocal->clusterBytes = *(const int *)(buf + 4);
src/PC/qcommon/cm_load_obj.c	1329	constant-pointer-arithmetic	listed-TU	cmLocal->clusterBytes = *(const int *)(buf + 4);
src/PC/qcommon/cm_load_obj.c	1333	constant-pointer-arithmetic	listed-TU	Com_Memcpy(cmLocal->visibility, buf + 8, visDataLen);
src/PC/qcommon/cm_staticmodel.c	5	small-integer-cast	listed-TU	extern struct XModel *XModelPrecache(const char *name, float *(*allocXModel)(int), float *(*allocXModelColl)(int));
src/PC/qcommon/cm_staticmodel.c	83	small-integer-cast	listed-TU	return (unsigned int)hit >> 31;
src/PC/qcommon/cm_staticmodel_load_obj.c	74	x86-only-width-guard	listed-TU	#if defined(__x86_64__) || defined(_M_X64)
src/PC/qcommon/cm_staticmodel_load_obj.c	76	small-integer-cast	listed-TU	"cm.staticModelList = (cStaticModel_t *)CM_Hunk_Alloc(numStaticModels * (int)sizeof(cStaticModel_t), ""CM_CreateStaticModel"", 0x19);"
src/PC/qcommon/cm_staticmodel_load_obj.c	143	constant-pointer-arithmetic	listed-TU	"Com_Error(1, ""Static model [%s] has x scale of 0.0\n"", modelName + 7);"
src/PC/qcommon/cm_staticmodel_load_obj.c	146	constant-pointer-arithmetic	listed-TU	"Com_Error(1, ""Static model [%s] has y scale of 0.0\n"", modelName + 7);"
src/PC/qcommon/cm_staticmodel_load_obj.c	149	constant-pointer-arithmetic	listed-TU	"Com_Error(1, ""Static model [%s] has z scale of 0.0\n"", modelName + 7);"
src/PC/qcommon/cm_staticmodel_load_obj.c	152	constant-pointer-arithmetic	listed-TU	void *model = CM_XModelPrecache(modelName + 7);
src/PC/qcommon/cm_test.c	59	constant-pointer-arithmetic	listed-TU	contents |= CM_PointContentsLeafBrushNode_r_impl(p, node + 1);
src/PC/qcommon/cm_test.c	74	small-integer-cast	listed-TU	int numBrushes = (int)leafBrushCount;
src/PC/qcommon/cm_trace.c	39	x86-only-width-guard	listed-TU	#if defined(__x86_64__) || defined(_M_X64)
src/PC/qcommon/cm_trace.c	43	fixed-byte-access	listed-TU	return *(cmodel_t **)((char *)Sys_GetValue(3) + 0x14);
src/PC/qcommon/cm_trace.c	357	constant-pointer-arithmetic	listed-TU	CM_TraceLeafBrushNode_r(tw, node + 1, trace, depth + 1);
src/PC/qcommon/cm_trace.c	360	constant-pointer-arithmetic	listed-TU	CM_TraceLeafBrushNode_r(tw, node + node->data.children.childOffset[0], trace, depth + 1);
src/PC/qcommon/cm_trace.c	363	constant-pointer-arithmetic	listed-TU	CM_TraceLeafBrushNode_r(tw, node + node->data.children.childOffset[1], trace, depth + 1);
src/PC/qcommon/cm_trace.c	531	fixed-byte-access	listed-TU	model = *(cmodel_t **)((byte *)Sys_GetValue(3) + 0x14);
src/PC/qcommon/cm_trace.c	544	fixed-byte-access	listed-TU	model = *(cmodel_t **)((byte *)Sys_GetValue(3) + 0x14);
src/PC/qcommon/cm_world.c	52	small-integer-cast	listed-TU	unsigned int idx = (unsigned int)nodeIndex;
src/PC/qcommon/cm_world.c	61	small-integer-cast	listed-TU	unsigned int ei = (unsigned int)headEntIdx;
src/PC/qcommon/cm_world.c	72	small-integer-cast	listed-TU	unsigned int ni = (unsigned int)nextIdx;
src/PC/qcommon/cm_world.c	106	small-integer-cast	listed-TU	unsigned int pi = (unsigned int)parentIdx;
src/PC/qcommon/cm_world.c	131	small-integer-cast	listed-TU	unsigned int c0 = (unsigned int)child0Idx;
src/PC/qcommon/cm_world.c	132	small-integer-cast	listed-TU	unsigned int c1 = (unsigned int)child1Idx;
src/PC/qcommon/cm_world.c	141	small-integer-cast	listed-TU	svEntity_t *svEnt = &((server_t *)sv)->svEntities[(unsigned int)entIdx - 1];
src/PC/qcommon/cm_world.c	150	small-integer-cast	listed-TU	unsigned int ni = (unsigned int)nextIdx;
src/PC/qcommon/cm_world.c	164	small-integer-cast	listed-TU	unsigned int pi = (unsigned int)parentIdx;
src/PC/qcommon/cm_world.c	183	small-integer-cast	listed-TU	svEntity_t *check = &((server_t *)imp_sv)->svEntities[((unsigned int)entIndex) - 1];
src/PC/qcommon/cm_world.c	194	small-integer-cast	listed-TU	ap->list[ap->count++] = (int)entIndex - 1;
src/PC/qcommon/cm_world.c	259	small-integer-cast	listed-TU	svEntity_t *check = &((server_t *)imp_sv)->svEntities[((unsigned int)entIndex) - 1];
src/PC/qcommon/cm_world.c	382	small-integer-cast	listed-TU	svEntity_t *check = &((server_t *)imp_sv)->svEntities[((unsigned int)entIndex) - 1];
src/PC/qcommon/cm_world.c	559	small-integer-cast	listed-TU	svEntity_t *check = &((server_t *)imp_sv)->svEntities[((unsigned int)entIndex) - 1];
src/PC/qcommon/cm_world.c	648	small-integer-cast	listed-TU	svEntity_t *check = &((server_t *)imp_sv)->svEntities[((unsigned int)entIndex) - 1];
src/PC/qcommon/cm_world.c	733	small-integer-cast	listed-TU	return &sv.svEntities[(unsigned int)entIndex];
src/PC/qcommon/cm_world.c	795	constant-pointer-arithmetic	listed-TU	unsigned short modelIndex = (unsigned short)(staticModel - clip->staticModelList + 1);
src/PC/qcommon/cm_world.c	800	small-integer-cast	listed-TU	cStaticModel_t *linkModel = &clip->staticModelList[(unsigned int)*link - 1];
src/PC/qcommon/cm_world.c	822	small-integer-cast	listed-TU	node = &cm_world.sectors[(unsigned int)nodeIndex];
src/PC/qcommon/cm_world.c	876	small-integer-cast	listed-TU	cStaticModel_t *staticModel = &clip->staticModelList[(unsigned int)modelIndex - 1];
src/PC/qcommon/cm_world.c	932	constant-pointer-arithmetic	listed-TU	cm_world.sectors[freeIndex].tree.u.nextFree = freeIndex + 1;
src/PC/qcommon/cm_world.c	986	constant-pointer-arithmetic	listed-TU	linkIndex = (unsigned short)(modelIndex + 1);
src/PC/qcommon/cm_world.c	1020	small-integer-cast	listed-TU	worldSector_t *node = &cm_world.sectors[(unsigned int)nodeIndex];
src/PC/qcommon/cmd.c	241	small-integer-cast	listed-TU	if ((unsigned int)arg >= (unsigned int)cmd_argc)
src/PC/qcommon/cmd.c	248	small-integer-cast	listed-TU	if ((unsigned int)arg >= (unsigned int)cmd_argc)
src/PC/qcommon/cmd.c	450	small-integer-cast	listed-TU	cmd->next = (intptr_t)cmd_functions;  /* pointer-sized; (int)/(long) truncated on x64 */
src/PC/qcommon/com_bsp_load_obj.c	47	small-integer-cast	listed-TU	if (bytesRead != comBspFileSize || (unsigned int)bytesRead <= 0x13f) {
src/PC/qcommon/common.c	65	pointer-named-integer-field	listed-TU	static int com_pushedEventsHead;
src/PC/qcommon/common.c	223	small-integer-cast	listed-TU	if (strlen(msg) + strlen(rd_buffer) - 1 > (unsigned)(rd_buffersize - 1)) {
src/PC/qcommon/common.c	468	small-integer-cast	listed-TU	keylen = (int)(keyp - key);
src/PC/qcommon/common.c	468	integer-cast-hash-or-key	listed-TU	keylen = (int)(keyp - key);
src/PC/qcommon/common.c	527	fixed-size-memory-call	listed-TU	memset(cl_cdkey, ' ', 16);
src/PC/qcommon/common.c	531	fixed-size-memory-call	listed-TU	memcpy(regkey, cl_cdkey, 16);
src/PC/qcommon/common.c	532	constant-pointer-arithmetic	listed-TU	memcpy(regkey + 16, cl_cdkeychecksum, 4);
src/PC/qcommon/common.c	532	fixed-size-memory-call	listed-TU	memcpy(regkey + 16, cl_cdkeychecksum, 4);
src/PC/qcommon/common.c	546	constant-pointer-arithmetic	listed-TU	if (Com_GpuStringCompare(wild, s + 1) == 0)
src/PC/qcommon/common.c	556	constant-pointer-arithmetic	listed-TU	if (Com_GpuStringCompare(wild, s + 1) == 0)
src/PC/qcommon/common.c	594	small-integer-cast	listed-TU	unsigned int len = (unsigned int)strlen(token);
src/PC/qcommon/common.c	633	small-integer-cast	listed-TU	int len = (int)strlen(token);
src/PC/qcommon/common.c	655	small-integer-cast	listed-TU	int len = (int)strlen(token);
src/PC/qcommon/common.c	787	constant-pointer-arithmetic	listed-TU	for (p = add + 1; (int)(p - add) < remaining; p++) {
src/PC/qcommon/common.c	787	small-integer-cast	listed-TU	for (p = add + 1; (int)(p - add) < remaining; p++) {
src/PC/qcommon/common.c	848	small-integer-cast	listed-TU	if ((unsigned int)(lang - 1) <= 3 || lang == 6 || lang == 7)
src/PC/qcommon/common.c	1046	constant-pointer-arithmetic	listed-TU	wildcardTemplate[wildcardLen + 1] = '\0';
src/PC/qcommon/common.c	1076	small-integer-cast	listed-TU	checksum = (int)((char *)csv)[i] + checksum * 1000000007;
src/PC/qcommon/common.c	1080	constant-pointer-arithmetic	listed-TU	Sys_ArchiveInfo(checksum + 1);
src/PC/qcommon/common.c	1108	small-integer-cast	listed-TU	checksum = (int)((char *)csv)[i] + checksum * 1000000007;
src/PC/qcommon/common.c	1113	constant-pointer-arithmetic	listed-TU	needSet = Sys_HasConfigureChecksumChanged(checksum + 1);
src/PC/qcommon/common.c	1136	fixed-size-memory-call	listed-TU	memcpy(cl_cdkey, regkey, 16);
src/PC/qcommon/common.c	1138	constant-pointer-arithmetic	listed-TU	memcpy(cl_cdkeychecksum, regkey + 16, 4);
src/PC/qcommon/common.c	1138	fixed-size-memory-call	listed-TU	memcpy(cl_cdkeychecksum, regkey + 16, 4);
src/PC/qcommon/common.c	1143	fixed-size-memory-call	listed-TU	memset(cl_cdkey, ' ', 16);
src/PC/qcommon/common.c	1156	small-integer-cast	listed-TU	if ((unsigned int)(lang - 1) > 3 && lang != 6 && lang != 7)
src/PC/qcommon/common.c	1345	small-integer-cast	listed-TU	if ((unsigned int)(errorcode - 1) > 2) {
src/PC/qcommon/common.c	1492	constant-pointer-arithmetic	listed-TU	memcpy(buf.data, (char *)evPtr + 12, dataLen);
src/PC/qcommon/common.c	1536	small-integer-cast	listed-TU	switch ((unsigned int)evType) {
src/PC/qcommon/common.c	1615	small-integer-cast	listed-TU	msec = (int)floorf((float)rawMsec * ts * com_codeTimeScale + 0.5f);
src/PC/qcommon/common.c	1690	pointer-named-integer-field	listed-TU	int prevTime = timeClientFrame;
src/PC/qcommon/common.c	1785	pointer-named-integer-field	listed-TU	int head = com_pushedEventsHead;
src/PC/qcommon/common.c	1820	pointer-named-integer-field	listed-TU	int head = com_pushedEventsHead;
src/PC/qcommon/common.c	1859	pointer-named-integer-field	listed-TU	int head = com_pushedEventsHead;
src/PC/qcommon/common.c	1886	pointer-named-integer-field	listed-TU	int head = com_pushedEventsHead;
src/PC/qcommon/common.c	1958	constant-pointer-arithmetic	listed-TU	com_consoleLines[com_numConsoleLines] = p + 1;
src/PC/qcommon/crash_handler.c	34	pointer-named-integer-field	listed-TU	static volatile int cr_inHandler = 0;
src/PC/qcommon/crash_handler.c	66	small-integer-cast	listed-TU	if (n > (int)sizeof(buf))
src/PC/qcommon/crash_handler.c	67	small-integer-cast	listed-TU	n = (int)sizeof(buf);
src/PC/qcommon/crash_handler.c	69	small-integer-cast	listed-TU	int _w = (int)write(fd, buf, n);
src/PC/qcommon/crash_handler.c	73	small-integer-cast	listed-TU	int _w = (int)write(2 , buf, n);
src/PC/qcommon/crash_handler.c	154	constant-pointer-arithmetic	listed-TU	wc.hbrBackground = (HBRUSH)(COLOR_WINDOW + 1);
src/PC/qcommon/crash_handler.c	226	small-integer-cast	listed-TU	"cr_emit(fd, "" <unmapped@+0x%x>"", (unsigned)(i * (int)sizeof(uintptr_t)));"
src/PC/qcommon/crash_handler.c	230	small-integer-cast	listed-TU	"cr_emit(fd, ""\n   +0x%03x:"", (unsigned)(i * (int)sizeof(uintptr_t)));"
src/PC/qcommon/crash_handler.c	389	constant-pointer-arithmetic	listed-TU	uintptr_t lo = base, hi = base + 0x900000; /* generous exe span */
src/PC/qcommon/crash_handler.c	398	constant-pointer-arithmetic	listed-TU	for (cur = sp; cur < sp + 0x6000 && found < 48; cur += sizeof(uintptr_t)) {
src/PC/qcommon/crash_handler.c	419	constant-pointer-arithmetic	listed-TU	for (cur = sp; cur < sp + 0x2000 && shown < 40; cur += sizeof(uintptr_t)) {
src/PC/qcommon/crash_handler.c	435	constant-pointer-arithmetic	listed-TU	{ const char *p; for (p = mn; *p; p++) if (*p == '\\' || *p == '/') bn = p + 1; }
src/PC/qcommon/crash_handler.c	632	x86-only-width-guard	listed-TU	#    if defined(__x86_64__) || defined(_M_X64)
src/PC/qcommon/crash_handler.c	651	small-integer-cast	listed-TU	(unsigned)r[REG_EIP], (unsigned)r[REG_ESP], (unsigned)r[REG_EBP], (unsigned)r[REG_EFL]);
src/PC/qcommon/crash_handler.c	653	small-integer-cast	listed-TU	(unsigned)r[REG_EAX], (unsigned)r[REG_EBX], (unsigned)r[REG_ECX], (unsigned)r[REG_EDX]);
src/PC/qcommon/crash_handler.c	654	small-integer-cast	listed-TU	"cr_emit(fd, ""  esi=%08x edi=%08x\n"", (unsigned)r[REG_ESI], (unsigned)r[REG_EDI]);"
src/PC/qcommon/crash_handler.c	676	constant-pointer-arithmetic	listed-TU	modname = modname ? modname + 1 : dli.dli_fname;
src/PC/qcommon/crash_handler.c	776	constant-pointer-arithmetic	listed-TU	if (i + 1 < rd)
src/PC/qcommon/crash_handler.c	777	constant-pointer-arithmetic	listed-TU	lines[nlines++] = &buf[i + 1];
src/PC/qcommon/crash_handler.c	810	small-integer-cast	listed-TU	XDrawString(d, w, gc, 4, asc + k * fh, lines[top + k], (int)strlen(lines[top + k]));
src/PC/qcommon/crash_handler.c	897	small-integer-cast	listed-TU	"snprintf(path, sizeof(path), ""cod2_crash_%d.txt"", (int)getpid());"
src/PC/qcommon/dl_main.c	21	constant-pointer-arithmetic	listed-TU	#    define CURLOPT_URL (CURLOPTTYPE_OBJECTPOINT + 2)
src/PC/qcommon/dl_main.c	22	constant-pointer-arithmetic	listed-TU	#    define CURLOPT_WRITEDATA (CURLOPTTYPE_OBJECTPOINT + 1)
src/PC/qcommon/dl_main.c	23	constant-pointer-arithmetic	listed-TU	#    define CURLOPT_WRITEFUNCTION (CURLOPTTYPE_FUNCTIONPOINT + 11)
src/PC/qcommon/dl_main.c	24	constant-pointer-arithmetic	listed-TU	#    define CURLOPT_FOLLOWLOCATION (CURLOPTTYPE_LONG + 52)
src/PC/qcommon/dl_main.c	25	constant-pointer-arithmetic	listed-TU	#    define CURLOPT_FAILONERROR (CURLOPTTYPE_LONG + 45)
src/PC/qcommon/dl_main.c	26	constant-pointer-arithmetic	listed-TU	#    define CURLOPT_NOPROGRESS (CURLOPTTYPE_LONG + 43)
src/PC/qcommon/dl_main.c	27	constant-pointer-arithmetic	listed-TU	#    define CURLOPT_CONNECTTIMEOUT (CURLOPTTYPE_LONG + 78)
src/PC/qcommon/dl_main.c	28	constant-pointer-arithmetic	listed-TU	#    define CURLOPT_USERAGENT (CURLOPTTYPE_OBJECTPOINT + 18)
src/PC/qcommon/dobj_management.c	31	constant-pointer-arithmetic	listed-TU	int idx = com_lastDObjIndex + 1;
src/PC/qcommon/dobj_management.c	90	constant-pointer-arithmetic	listed-TU	DObjCreate(dobjModels, nm, tree, (char *)&objBuf[idx], (unsigned short)(handle + 1));
src/PC/qcommon/dobj_management.c	124	fixed-size-memory-call	listed-TU	Com_Memset(objAlloced, 0, 0x800);
src/PC/qcommon/dobj_management.c	126	fixed-size-memory-call	listed-TU	Com_Memset(clientObjMap, 0, 0x900);
src/PC/qcommon/dobj_management.c	127	fixed-size-memory-call	listed-TU	Com_Memset(serverObjMap, 0, 0x800);
src/PC/qcommon/dvar_cmds.c	109	small-integer-cast	listed-TU	arglen = (int)strlen(arg) + 1;
src/PC/qcommon/dvar_cmds.c	222	constant-pointer-arithmetic	listed-TU	Dvar_SetIntFromSource(dvar, dvar->current.integer + 1, DVAR_SOURCE_EXTERNAL);
src/PC/qcommon/dvar_cmds.c	233	constant-pointer-arithmetic	listed-TU	Dvar_SetIntFromSource(dvar, (dvar->current.integer + 1) % count, DVAR_SOURCE_EXTERNAL);
src/PC/qcommon/dvar_cmds.c	242	constant-pointer-arithmetic	listed-TU	int next = (dvar->current.integer + 1) % dvar->domain.enumeration.stringCount;
src/PC/qcommon/dvar_cmds.c	242	pointer-named-integer-field	listed-TU	int next = (dvar->current.integer + 1) % dvar->domain.enumeration.stringCount;
src/PC/qcommon/dvar_cmds.c	261	constant-pointer-arithmetic	listed-TU	int nextIdx = argIdx + 1;
src/PC/qcommon/dvar_cmds.c	261	pointer-named-integer-field	listed-TU	int nextIdx = argIdx + 1;
src/PC/qcommon/files.c	281	small-integer-cast	listed-TU	len = (int)strlen(string);
src/PC/qcommon/files.c	411	constant-pointer-arithmetic	listed-TU	strcpy(szFile, p + 10);
src/PC/qcommon/files.c	827	small-integer-cast	listed-TU	len = (int)strlen(mapname);
src/PC/qcommon/files.c	909	constant-pointer-arithmetic	listed-TU	pFiles = (char **)Z_MallocInternal((n0 + n1 + n2 + 1) * 4);
src/PC/qcommon/files.c	958	small-integer-cast	listed-TU	nameLen = (int)strlen(name);
src/PC/qcommon/files.c	1013	small-integer-cast	listed-TU	nameLen = (int)strlen(name);
src/PC/qcommon/files.c	1037	small-integer-cast	listed-TU	descLen = (int)strlen(descPath);
src/PC/qcommon/files.c	1039	constant-pointer-arithmetic	listed-TU	if (nTotal + nameLen + descLen + 2 >= bufsize) {
src/PC/qcommon/huffman.c	11	x86-only-width-guard	listed-TU	#if defined(__x86_64__) || defined(_M_X64)
src/PC/qcommon/huffman.c	15	small-integer-cast	listed-TU	#    define NODE_PTR_CAST (int)
src/PC/qcommon/huffman.c	226	constant-pointer-arithmetic	listed-TU	tnode2 = &(huff->nodeList[huff->blocNode + 1]);
src/PC/qcommon/huffman.c	308	small-integer-cast	listed-TU	huff->decompressor.lhead->next = huff->decompressor.lhead->prev = (int)NULL;
src/PC/qcommon/huffman.c	310	small-integer-cast	listed-TU	huff->decompressor.tree->right = (int)NULL;
src/PC/qcommon/huffman.c	316	small-integer-cast	listed-TU	huff->compressor.lhead->next = huff->compressor.lhead->prev = (int)NULL;
src/PC/qcommon/huffman.c	318	small-integer-cast	listed-TU	huff->compressor.tree->right = (int)NULL;
src/PC/qcommon/md4.c	92	constant-pointer-arithmetic	listed-TU	(((UINT4)input[j + 1]) << 8) |
src/PC/qcommon/md4.c	93	constant-pointer-arithmetic	listed-TU	(((UINT4)input[j + 2]) << 16) |
src/PC/qcommon/md4.c	94	constant-pointer-arithmetic	listed-TU	(((UINT4)input[j + 3]) << 24);
src/PC/qcommon/md4.c	103	constant-pointer-arithmetic	listed-TU	output[j + 1] = (unsigned char)((input[i] >> 8) & 0xff);
src/PC/qcommon/md4.c	104	constant-pointer-arithmetic	listed-TU	output[j + 2] = (unsigned char)((input[i] >> 16) & 0xff);
src/PC/qcommon/md4.c	105	constant-pointer-arithmetic	listed-TU	output[j + 3] = (unsigned char)((input[i] >> 24) & 0xff);
src/PC/qcommon/md4.c	195	fixed-size-memory-call	listed-TU	Com_Memset((long int *)x, 0, 64);
src/PC/qcommon/md4.c	202	small-integer-cast	listed-TU	index = (unsigned int)((context->count[0] >> 3) & 0x3F);
src/PC/qcommon/md4.c	215	constant-pointer-arithmetic	listed-TU	for (i = partLen; i + 63 < inputLen; i += 64) {
src/PC/qcommon/md4.c	233	small-integer-cast	listed-TU	index = (unsigned int)((context->count[0] >> 3) & 0x3f);
src/PC/qcommon/msg_mp.c	16	pointer-named-integer-field	listed-TU	extern int __mh_execute_header;
src/PC/qcommon/msg_mp.c	515	constant-pointer-arithmetic	listed-TU	msg->bit = bit + 1;
src/PC/qcommon/msg_mp.c	541	constant-pointer-arithmetic	listed-TU	return (bit + 7) >> 3;
src/PC/qcommon/msg_mp.c	558	small-integer-cast	listed-TU	return (int)(data - to);
src/PC/qcommon/msg_mp.c	611	constant-pointer-arithmetic	listed-TU	msg->readcount = readcount + 1;
src/PC/qcommon/msg_mp.c	627	constant-pointer-arithmetic	listed-TU	int next = readcount + 2;
src/PC/qcommon/msg_mp.c	627	pointer-named-integer-field	listed-TU	int next = readcount + 2;
src/PC/qcommon/msg_mp.c	647	constant-pointer-arithmetic	listed-TU	int next = readcount + 4;
src/PC/qcommon/msg_mp.c	647	pointer-named-integer-field	listed-TU	int next = readcount + 4;
src/PC/qcommon/msg_mp.c	697	small-integer-cast	listed-TU	ch = (char)I_CleanChar((int)(signed char)ch);
src/PC/qcommon/msg_mp.c	718	small-integer-cast	listed-TU	cmd->angles[i] = (unsigned short)((int)(ps->viewangles[i] * angleScale) - ps->delta_angles[i]);
src/PC/qcommon/msg_mp.c	735	small-integer-cast	listed-TU	cmd->buttons |= (int)&__mh_execute_header;
src/PC/qcommon/msg_mp.c	827	constant-pointer-arithmetic	listed-TU	int newsize = cursize + 2;
src/PC/qcommon/msg_mp.c	840	constant-pointer-arithmetic	listed-TU	int newsize = cursize + 2;
src/PC/qcommon/msg_mp.c	853	constant-pointer-arithmetic	listed-TU	int newsize = cursize + 4;
src/PC/qcommon/msg_mp.c	866	constant-pointer-arithmetic	listed-TU	int newsize = cursize + 4;
src/PC/qcommon/msg_mp.c	916	constant-pointer-arithmetic	listed-TU	MSG_WriteData_core(sb, string, l + 1);
src/PC/qcommon/msg_mp.c	941	constant-pointer-arithmetic	listed-TU	MSG_WriteData_core(sb, string, l + 1);
src/PC/qcommon/msg_mp.c	1084	constant-pointer-arithmetic	listed-TU	memcpy(to, from, (numFields + 1) * sizeof(int));
src/PC/qcommon/msg_mp.c	1084	small-integer-cast	listed-TU	memcpy(to, from, (numFields + 1) * sizeof(int));
src/PC/qcommon/msg_mp.c	1522	small-integer-cast	listed-TU	if ((unsigned int)serverTimeDelta <= 0xff) {
src/PC/qcommon/msg_mp.c	1549	small-integer-cast	listed-TU	if ((unsigned int)serverTimeDelta > 0xff) {
src/PC/qcommon/msg_mp.c	1559	small-integer-cast	listed-TU	if ((unsigned int)serverTimeDelta > 0xff) {
src/PC/qcommon/msg_mp.c	1593	small-integer-cast	listed-TU	trunc = (int)f;
src/PC/qcommon/msg_mp.c	1600	constant-pointer-arithmetic	listed-TU	value = trunc + 4096;
src/PC/qcommon/msg_mp.c	1617	small-integer-cast	listed-TU	trunc = (int)f;
src/PC/qcommon/msg_mp.c	1624	constant-pointer-arithmetic	listed-TU	value = trunc + 512;
src/PC/qcommon/msg_mp.c	1644	small-integer-cast	listed-TU	MSG_WriteShort_core(msg, (int)(*(float *)toF * 182.04444885253906f));
src/PC/qcommon/msg_mp.c	1714	constant-pointer-arithmetic	listed-TU	lc = i + 1;
src/PC/qcommon/msg_mp.c	1792	small-integer-cast	listed-TU	trunc = (int)f;
src/PC/qcommon/msg_mp.c	1793	constant-pointer-arithmetic	listed-TU	value = trunc + 4096;
src/PC/qcommon/msg_mp.c	1813	small-integer-cast	listed-TU	MSG_WriteShort_core(msg, (int)(*(float *)toF * 182.04444885253906f));
src/PC/qcommon/msg_mp.c	2035	constant-pointer-arithmetic	listed-TU	lc = i + 1;
src/PC/qcommon/net_chan_mp.c	19	constant-pointer-arithmetic	listed-TU	* 28-byte extent was 8 B of pointers + 20 B of inter-symbol padding (next symbol
src/PC/qcommon/net_chan_mp.c	94	small-integer-cast	listed-TU	int net_profile_val = (int)net_profile->current.integer;
src/PC/qcommon/net_chan_mp.c	154	constant-pointer-arithmetic	listed-TU	int newIdx = (pProfStream->iCurrPacket + 1) % 60;
src/PC/qcommon/net_chan_mp.c	184	constant-pointer-arithmetic	listed-TU	if (Sys_Milliseconds() > p->iTime + 0x3e8)
src/PC/qcommon/net_chan_mp.c	223	constant-pointer-arithmetic	listed-TU	int lastCalc = pStream->iLastBPSCalcTime + 0x64;
src/PC/qcommon/net_chan_mp.c	245	small-integer-cast	listed-TU	pStream->iBytesPerSecond = (int)((float)iTotalBytes / ((float)timeDelta * 0.001f));
src/PC/qcommon/net_chan_mp.c	307	small-integer-cast	listed-TU	return (int)a->type - (int)b->type;
src/PC/qcommon/net_chan_mp.c	319	small-integer-cast	listed-TU	return (int)(unsigned short)a->port - (int)(unsigned short)b->port;
src/PC/qcommon/net_chan_mp.c	347	small-integer-cast	listed-TU	(int)a.ip[0],
src/PC/qcommon/net_chan_mp.c	348	small-integer-cast	listed-TU	(int)a.ip[1],
src/PC/qcommon/net_chan_mp.c	349	small-integer-cast	listed-TU	(int)a.ip[2],
src/PC/qcommon/net_chan_mp.c	350	small-integer-cast	listed-TU	(int)a.ip[3],
src/PC/qcommon/net_chan_mp.c	351	small-integer-cast	listed-TU	(int)(short)portHost);
src/PC/qcommon/net_chan_mp.c	458	constant-pointer-arithmetic	listed-TU	memcpy(string + 4, format, len);
src/PC/qcommon/net_chan_mp.c	525	constant-pointer-arithmetic	listed-TU	if (iLength + 1 > 0x3ffc) {
src/PC/qcommon/net_chan_mp.c	531	constant-pointer-arithmetic	listed-TU	memcpy(string + 4, data, iLength + 1);
src/PC/qcommon/net_chan_mp.c	551	small-integer-cast	listed-TU	diff = (int)a.type - (int)b.type;
src/PC/qcommon/net_chan_mp.c	575	small-integer-cast	listed-TU	diff = (int)a.type - (int)b.type;
src/PC/qcommon/net_chan_mp.c	580	small-integer-cast	listed-TU	diff = (int)(unsigned short)a.port - (int)(unsigned short)b.port;
src/PC/qcommon/net_chan_mp.c	585	small-integer-cast	listed-TU	diff = (int)(unsigned short)a.port - (int)(unsigned short)b.port;
src/PC/qcommon/net_chan_mp.c	601	small-integer-cast	listed-TU	loopback_t *loop = &loopbacks[(int)sock];
src/PC/qcommon/net_chan_mp.c	618	constant-pointer-arithmetic	listed-TU	loop->get = get + 1;
src/PC/qcommon/net_chan_mp.c	645	small-integer-cast	listed-TU	if ((int)chan->sock <= 0) {
src/PC/qcommon/net_chan_mp.c	651	constant-pointer-arithmetic	listed-TU	if (fragStart + 0x514 > chan->unsentLength) {
src/PC/qcommon/net_chan_mp.c	668	small-integer-cast	listed-TU	res = (int)NET_SendPacket(chan->sock, send.cursize, send.data, to);
src/PC/qcommon/net_chan_mp.c	733	small-integer-cast	listed-TU	if ((int)chan->sock <= 0) {
src/PC/qcommon/net_chan_mp.c	747	small-integer-cast	listed-TU	res = (int)NET_SendPacket(chan->sock, send.cursize, send.data, to);
src/PC/qcommon/net_chan_mp.c	840	fixed-byte-access	listed-TU	#define CHAN_INCOMING_SEQUENCE (*(int *)((char *)chan + 0xc))
src/PC/qcommon/net_chan_mp.c	840	constant-pointer-arithmetic	listed-TU	#define CHAN_INCOMING_SEQUENCE (*(int *)((char *)chan + 0xc))
src/PC/qcommon/net_chan_mp.c	841	fixed-byte-access	listed-TU	#define CHAN_DROPPED (*(int *)((char *)chan + 0x8))
src/PC/qcommon/net_chan_mp.c	841	constant-pointer-arithmetic	listed-TU	#define CHAN_DROPPED (*(int *)((char *)chan + 0x8))
src/PC/qcommon/net_chan_mp.c	914	constant-pointer-arithmetic	listed-TU	memcpy(msg->data + 4, chan->fragmentBuffer, chan->fragmentLength);
src/PC/qcommon/net_chan_mp.c	915	constant-pointer-arithmetic	listed-TU	msg->cursize = chan->fragmentLength + 4;
src/PC/qcommon/net_hardening.c	113	small-integer-cast	listed-TU	unsigned int flags = (unsigned int)dvar->flags;
src/PC/qcommon/net_hardening.c	185	small-integer-cast	listed-TU	hash = (unsigned int)ip[0] * 2654435761u;
src/PC/qcommon/net_hardening.c	185	integer-cast-hash-or-key	listed-TU	hash = (unsigned int)ip[0] * 2654435761u;
src/PC/qcommon/net_hardening.c	186	small-integer-cast	listed-TU	hash ^= (unsigned int)ip[1] * 40503u;
src/PC/qcommon/net_hardening.c	186	integer-cast-hash-or-key	listed-TU	hash ^= (unsigned int)ip[1] * 40503u;
src/PC/qcommon/net_hardening.c	187	small-integer-cast	listed-TU	hash ^= (unsigned int)ip[2] * 2246822519u;
src/PC/qcommon/net_hardening.c	187	integer-cast-hash-or-key	listed-TU	hash ^= (unsigned int)ip[2] * 2246822519u;
src/PC/qcommon/net_hardening.c	188	small-integer-cast	listed-TU	hash ^= (unsigned int)ip[3] * 3266489917u;
src/PC/qcommon/net_hardening.c	188	integer-cast-hash-or-key	listed-TU	hash ^= (unsigned int)ip[3] * 3266489917u;
src/PC/qcommon/net_hardening.c	189	small-integer-cast	listed-TU	slot = (int)(hash % NH_ADDR_BUCKETS);
src/PC/qcommon/net_hardening.c	189	integer-cast-hash-or-key	listed-TU	slot = (int)(hash % NH_ADDR_BUCKETS);
src/PC/qcommon/statmonitor.c	20	small-integer-cast	listed-TU	if ((unsigned int)type > 6)
src/PC/qcommon/statmonitor.c	30	constant-pointer-arithmetic	listed-TU	statCount = type + 1;
src/PC/script/scr_animtree.c	108	x86-only-width-guard	listed-TU	#if defined(_M_X64) || defined(__x86_64__)
src/PC/script/scr_animtree.c	122	small-integer-cast	listed-TU	return (unsigned int)off;             /* inside the program buffer -> offset */
src/PC/script/scr_animtree.c	152	x86-only-width-guard	listed-TU	#if defined(_M_X64) || defined(__x86_64__)
src/PC/script/scr_animtree.c	166	x86-only-width-guard	listed-TU	#if defined(_M_X64) || defined(__x86_64__)
src/PC/script/scr_animtree.c	221	x86-only-width-guard	listed-TU	#if defined(_M_X64) || defined(__x86_64__)
src/PC/script/scr_animtree.c	227	x86-only-width-guard	listed-TU	#if defined(_M_X64) || defined(__x86_64__)
src/PC/script/scr_animtree.c	300	small-integer-cast	listed-TU	return (int)childIndex;
src/PC/script/scr_animtree.c	393	small-integer-cast	listed-TU	"CompileError((unsigned int)(pos - scrAnimGlob.start), ""%s"", msg);"
src/PC/script/scr_animtree.c	462	x86-only-width-guard	listed-TU	#if defined(_M_X64) || defined(__x86_64__)
src/PC/script/scr_animtree.c	466	small-integer-cast	listed-TU	result.anims = (struct XAnim_s *)(uintptr_t)SCR_CODEPOS_PTR((unsigned int)Scr_EvalVariable(FindVariable(fileId, 1)));
src/PC/script/scr_animtree.c	657	small-integer-cast	listed-TU	"CompileError((unsigned int)(errorPos - scrAnimGlob.start), ""%s"", ""bad token"");"
src/PC/script/scr_compiler.c	147	constant-pointer-arithmetic	listed-TU	unsigned int valueId = FindVariable(threadId, i + 2);
src/PC/script/scr_compiler.c	151	x86-only-width-guard	listed-TU	#    if defined(__x86_64__) || defined(_M_X64)
src/PC/script/scr_compiler.c	152	small-integer-cast	listed-TU	char *codePtr = (char *)SCR_CODEPOS_PTR((unsigned int)*value);
src/PC/script/scr_compiler.c	159	small-integer-cast	listed-TU	"CompileError2( (int)(codePtr), ""normal script cannot reference a function in a /# ... #/ comment"");"
src/PC/script/scr_compiler.c	166	small-integer-cast	listed-TU	threadId, count, i, valueId, (int)(codePtr - SCRVP->programBuffer));
src/PC/script/scr_compiler.c	168	small-integer-cast	listed-TU	"CompileError2( (int)(codePtr), ""unknown function"");"
src/PC/script/scr_compiler.c	175	small-integer-cast	listed-TU	threadId, (int)(codePtr - SCRVP->programBuffer));
src/PC/script/scr_compiler.c	177	small-integer-cast	listed-TU	"CompileError2( (int)(codePtr), ""unknown function"");"
src/PC/script/scr_compiler.c	230	fixed-byte-access	listed-TU	*pHead = *(void **)((char *)node + 8);
src/PC/script/scr_compiler.c	230	constant-pointer-arithmetic	listed-TU	*pHead = *(void **)((char *)node + 8);
src/PC/script/scr_compiler.c	245	small-integer-cast	listed-TU	Scr_BlockAddLocalVar(block, (unsigned int)node[1]);
src/PC/script/scr_compiler.c	1241	small-integer-cast	listed-TU	if ((unsigned int)(op - 0x20) <= 0x3e) {
src/PC/script/scr_compiler.c	1496	constant-pointer-arithmetic	listed-TU	"""movzbl scrCompileGlob+28, %edx\n"""
src/PC/script/scr_compiler.c	1498	constant-pointer-arithmetic	listed-TU	"""movb $1, scrCompileGlob+28\n"""
src/PC/script/scr_compiler.c	1502	constant-pointer-arithmetic	listed-TU	"""cmpl $2, scrCompilePub+40\n"""
src/PC/script/scr_compiler.c	1504	constant-pointer-arithmetic	listed-TU	"""cmpb $0, scrCompileGlob+28\n"""
src/PC/script/scr_compiler.c	1514	constant-pointer-arithmetic	listed-TU	"""movb %dl, scrCompileGlob+28\n"""
src/PC/script/scr_compiler.c	1520	constant-pointer-arithmetic	listed-TU	"""cmpb $0, scrCompileGlob+28\n"""
src/PC/script/scr_compiler.c	1559	constant-pointer-arithmetic	listed-TU	"""cmpb $0, scrCompileGlob+80\n"""
src/PC/script/scr_compiler.c	1576	constant-pointer-arithmetic	listed-TU	"""cmpb $0, scrCompileGlob+28\n"""
src/PC/script/scr_compiler.c	1590	constant-pointer-arithmetic	listed-TU	"""cmpb $0, scrCompileGlob+80\n"""
src/PC/script/scr_compiler.c	1640	constant-pointer-arithmetic	listed-TU	block->localVarsCreateCount = i + 1;
src/PC/script/scr_compiler.c	1807	constant-pointer-arithmetic	listed-TU	SCRCG->precachescriptList = entry + 1;
src/PC/script/scr_compiler.c	1817	small-integer-cast	listed-TU	SL_ConvertToString((unsigned int)entry->filename), SL_ConvertToString(name), sourcePos);
src/PC/script/scr_compiler.c	1826	small-integer-cast	listed-TU	SL_ConvertToString((unsigned int)entry->filename), SL_ConvertToString(name), sourcePos);
src/PC/script/scr_compiler.c	1852	small-integer-cast	listed-TU	SL_ConvertToString((unsigned int)entry->filename), SL_ConvertToString(name), sourcePos);
src/PC/script/scr_compiler.c	1884	constant-pointer-arithmetic	listed-TU	newId = GetNewVariable(threadId, count.u.intValue + 2);
src/PC/script/scr_compiler.c	1936	small-integer-cast	listed-TU	AddOpcodePos((unsigned int)entry[1], 0);
src/PC/script/scr_compiler.c	1951	small-integer-cast	listed-TU	if ((unsigned int)scrCompilePub.func_table[i] == (unsigned int)func) {
src/PC/script/scr_compiler.c	1962	constant-pointer-arithmetic	listed-TU	scrCompilePub.func_table_size = i + 1;
src/PC/script/scr_compiler.c	2022	constant-pointer-arithmetic	listed-TU	opcode = param_count + 0x3e;
src/PC/script/scr_compiler.c	2053	constant-pointer-arithmetic	listed-TU	opcode = param_count + 0x45;
src/PC/script/scr_compiler.c	2077	small-integer-cast	listed-TU	!FindVariable(SCRCG->fileId, (unsigned int)funcNode[1])) {
src/PC/script/scr_compiler.c	2078	small-integer-cast	listed-TU	unsigned int name = (unsigned int)funcNode[1];
src/PC/script/scr_compiler.c	2092	small-integer-cast	listed-TU	sourcePos = (unsigned int)node[2];
src/PC/script/scr_compiler.c	2162	small-integer-cast	listed-TU	!FindVariable(SCRCG->fileId, (unsigned int)methNode[1])) {
src/PC/script/scr_compiler.c	2163	small-integer-cast	listed-TU	unsigned int name = (unsigned int)methNode[1];
src/PC/script/scr_compiler.c	2177	small-integer-cast	listed-TU	sourcePos = (unsigned int)node[2];
src/PC/script/scr_compiler.c	2379	constant-pointer-arithmetic	listed-TU	"""movl $scrCompileGlob+80, %ecx\n"""
src/PC/script/scr_compiler.c	2463	constant-pointer-arithmetic	listed-TU	"""cmpb $0, scrCompileGlob+28\n"""
src/PC/script/scr_compiler.c	2536	constant-pointer-arithmetic	listed-TU	"""leal scrCompileGlob+92(, %eax, 4), %ecx\n"""
src/PC/script/scr_compiler.c	2907	small-integer-cast	listed-TU	sourcePos.sourcePosValue = (unsigned int)node[4];
src/PC/script/scr_compiler.c	2932	small-integer-cast	listed-TU	sourcePos.sourcePosValue = (unsigned int)node[4];
src/PC/script/scr_compiler.c	2957	small-integer-cast	listed-TU	sourcePos.sourcePosValue = (unsigned int)node[4];
src/PC/script/scr_compiler.c	2989	small-integer-cast	listed-TU	sourcePos.sourcePosValue = (unsigned int)node[2];
src/PC/script/scr_compiler.c	3001	small-integer-cast	listed-TU	sourcePos.sourcePosValue = (unsigned int)node[2];
src/PC/script/scr_compiler.c	3022	small-integer-cast	listed-TU	unsigned int sourcePos = (unsigned int)node[2];
src/PC/script/scr_compiler.c	3044	small-integer-cast	listed-TU	exprSourcePos = (unsigned int)target[2];
src/PC/script/scr_compiler.c	3062	small-integer-cast	listed-TU	unsigned int callSourcePos = (unsigned int)node[2];
src/PC/script/scr_compiler.c	3063	small-integer-cast	listed-TU	unsigned int funcSourcePos = (unsigned int)node[3];
src/PC/script/scr_compiler.c	3091	small-integer-cast	listed-TU	exprSourcePos = (unsigned int)target[2];
src/PC/script/scr_compiler.c	3123	small-integer-cast	listed-TU	AddOpcodePos((unsigned int)node[2], 0);
src/PC/script/scr_compiler.c	3132	small-integer-cast	listed-TU	AddOpcodePos((unsigned int)callNode[3], 0);
src/PC/script/scr_compiler.c	3141	small-integer-cast	listed-TU	AddOpcodePos((unsigned int)callNode[5], 0);
src/PC/script/scr_compiler.c	3149	small-integer-cast	listed-TU	AddOpcodePos((unsigned int)node[1], 1);
src/PC/script/scr_compiler.c	3154	small-integer-cast	listed-TU	AddOpcodePos((unsigned int)node[1], 1);
src/PC/script/scr_compiler.c	3159	small-integer-cast	listed-TU	AddOpcodePos((unsigned int)node[1], 1);
src/PC/script/scr_compiler.c	3176	small-integer-cast	listed-TU	sourcePos = (unsigned int)inner[1];
src/PC/script/scr_compiler.c	3182	small-integer-cast	listed-TU	sourcePos = (unsigned int)innerExpr[2];
src/PC/script/scr_compiler.c	3203	small-integer-cast	listed-TU	localIndex = Scr_FindLocalVarIndex((unsigned int)node[1], sourcePos, 0, block);
src/PC/script/scr_compiler.c	3204	constant-pointer-arithmetic	listed-TU	opcode = (localIndex <= 5) ? (unsigned int)(localIndex + 0x18) : 0x1e;
src/PC/script/scr_compiler.c	3204	small-integer-cast	listed-TU	opcode = (localIndex <= 5) ? (unsigned int)(localIndex + 0x18) : 0x1e;
src/PC/script/scr_compiler.c	3211	small-integer-cast	listed-TU	AddOpcodePos((unsigned int)sourcePos.node, 1);
src/PC/script/scr_compiler.c	3224	small-integer-cast	listed-TU	fieldSourcePos = (unsigned int)node[3];
src/PC/script/scr_compiler.c	3234	small-integer-cast	listed-TU	AddOpcodePos((unsigned int)exprSourcePos.node, 0);
src/PC/script/scr_compiler.c	3246	small-integer-cast	listed-TU	fieldName = (unsigned int)node[2];
src/PC/script/scr_compiler.c	3247	small-integer-cast	listed-TU	sourcePos = (unsigned int)node[3];
src/PC/script/scr_compiler.c	3269	small-integer-cast	listed-TU	unsigned int stringValue = (unsigned int)node[1];
src/PC/script/scr_compiler.c	3270	small-integer-cast	listed-TU	unsigned int sourcePos = (unsigned int)node[2];
src/PC/script/scr_compiler.c	3283	constant-pointer-arithmetic	listed-TU	entnum = atoi(text + 1);
src/PC/script/scr_compiler.c	3284	small-integer-cast	listed-TU	if ((unsigned int)(entnum - 1) > 0xfffc || IsVarFree((unsigned int)(unsigned short)entnum)) {
src/PC/script/scr_compiler.c	3289	small-integer-cast	listed-TU	type = (unsigned int)GetVarType((unsigned int)(unsigned short)entnum);
src/PC/script/scr_compiler.c	3306	constant-pointer-arithmetic	listed-TU	entnum = atoi(text + 1);
src/PC/script/scr_compiler.c	3319	small-integer-cast	listed-TU	"CompileError((unsigned int)node[2], SCRCP->script_loading ? ""self field can only be used in the script debugger"" : ""self field in assignment expression not currently supported"");"
src/PC/script/scr_compiler.c	3414	constant-pointer-arithmetic	listed-TU	"""cmpl $2, scrCompilePub+40\n"""
src/PC/script/scr_compiler.c	3416	constant-pointer-arithmetic	listed-TU	"""cmpb $0, scrCompileGlob+28\n"""
src/PC/script/scr_compiler.c	3435	constant-pointer-arithmetic	listed-TU	"""cmpb $0, scrCompilePub+36\n"""
src/PC/script/scr_compiler.c	3471	constant-pointer-arithmetic	listed-TU	"""cmpb $0, scrCompilePub+36\n"""
src/PC/script/scr_compiler.c	3518	constant-pointer-arithmetic	listed-TU	"""cmpb $0, scrCompileGlob+28\n"""
src/PC/script/scr_compiler.c	3625	small-integer-cast	listed-TU	localIndex = Scr_FindLocalVarIndex((unsigned int)name.node, sourcePos, 1, block);
src/PC/script/scr_compiler.c	3632	small-integer-cast	listed-TU	AddOpcodePos((unsigned int)sourcePos.node, 1);
src/PC/script/scr_compiler.c	3646	small-integer-cast	listed-TU	fieldSourcePos = (unsigned int)node[3];
src/PC/script/scr_compiler.c	3647	small-integer-cast	listed-TU	assignSourcePos = (unsigned int)node[4];
src/PC/script/scr_compiler.c	3659	small-integer-cast	listed-TU	AddOpcodePos((unsigned int)indexNode[1], 1);
src/PC/script/scr_compiler.c	3677	small-integer-cast	listed-TU	fieldName = (unsigned int)node[2];
src/PC/script/scr_compiler.c	3678	small-integer-cast	listed-TU	sourcePos = (unsigned int)node[3];
src/PC/script/scr_compiler.c	3700	small-integer-cast	listed-TU	CompileError((unsigned int)node[2],
src/PC/script/scr_compiler.c	3868	small-integer-cast	listed-TU	unsigned int opcode = (unsigned int)(signed char)node[3].type;
src/PC/script/scr_compiler.c	4109	constant-pointer-arithmetic	listed-TU	SCRVP->checksum = savedChecksum + 1;
src/PC/script/scr_compiler.c	4398	constant-pointer-arithmetic	listed-TU	SCRVP->checksum = savedChecksum + 1;
src/PC/script/scr_compiler.c	4418	constant-pointer-arithmetic	listed-TU	SCRVP->checksum = savedChecksum + 1;
src/PC/script/scr_compiler.c	4425	small-integer-cast	listed-TU	*pos2 = (int)(TempMalloc(0) - nextPos2);
src/PC/script/scr_compiler.c	4553	small-integer-cast	listed-TU	*(int *)continueStatement->codePos = (int)(nextCodePos - continueStatement->nextCodePos);
src/PC/script/scr_compiler.c	4574	small-integer-cast	listed-TU	*(int *)breakStatement->codePos = (int)(nextCodePos - breakStatement->nextCodePos);
src/PC/script/scr_compiler.c	4725	small-integer-cast	listed-TU	*(int *)continueStatement->codePos = (int)(nextCodePos - continueStatement->nextCodePos);
src/PC/script/scr_compiler.c	4752	small-integer-cast	listed-TU	*(int *)breakStatement->codePos = (int)(nextCodePos - breakStatement->nextCodePos);
src/PC/script/scr_compiler.c	4977	small-integer-cast	listed-TU	*pos1 = (int)((char *)pos2 - nextPos1);
src/PC/script/scr_compiler.c	4985	x86-only-width-guard	listed-TU	#if defined(_M_X64) || defined(__x86_64__)
src/PC/script/scr_compiler.c	4990	small-integer-cast	listed-TU	*(unsigned int *)TempMallocAlign(4) = (unsigned int)(uintptr_t)caseStatement->codePos;
src/PC/script/scr_compiler.c	5001	constant-pointer-arithmetic	listed-TU	if (value == caseTable[i + 1][0] && value != 0) {
src/PC/script/scr_compiler.c	5018	small-integer-cast	listed-TU	*(int *)breakStatement->codePos = (int)(nextCodePos - breakStatement->nextCodePos);
src/PC/script/scr_compiler.c	5050	small-integer-cast	listed-TU	name = (unsigned int)funcNode[1];
src/PC/script/scr_compiler.c	5072	small-integer-cast	listed-TU	paramName = (unsigned int)param[0];
src/PC/script/scr_compiler.c	5073	small-integer-cast	listed-TU	paramSourcePos = (unsigned int)param[1];
src/PC/script/scr_compiler.c	5164	fixed-byte-access	listed-TU	unsigned int type = (*(unsigned int *)(scrVarGlob + id * 16 + 8)) & 0x1f;
src/PC/script/scr_compiler.c	5166	fixed-byte-access	listed-TU	value->u = *(VariableUnion *)(scrVarGlob + id * 16 + 4);
src/PC/script/scr_compiler.c	5167	small-integer-cast	listed-TU	value->type = (int)type;
src/PC/script/scr_compiler.c	5170	fixed-byte-access	listed-TU	*(unsigned short *)(scrVarGlob + value->u.pointerValue * 16 + 4) += 1;
src/PC/script/scr_compiler.c	5174	fixed-byte-access	listed-TU	*(unsigned short *)((byte *)SCR_VEC_PTR(value->u) - 4) += 1;
src/PC/script/scr_compiler.c	5182	constant-pointer-arithmetic	listed-TU	for (id = afterId + 1; id <= SCRCOMP_MAX_VARIABLES; id++) {
src/PC/script/scr_compiler.c	5183	fixed-byte-access	listed-TU	unsigned int status = *(unsigned int *)(scrVarGlob + id * 16 + 8);
src/PC/script/scr_compiler.c	5231	small-integer-cast	listed-TU	Scr_BlockAddLocalVar(block, (unsigned int)paramNode[0]);
src/PC/script/scr_compiler.c	5273	small-integer-cast	listed-TU	AddOpcodePos((unsigned int)-2, 0);
src/PC/script/scr_compiler.c	5308	small-integer-cast	listed-TU	"CompileError((unsigned int)node[1], ""cannot recurse /#"");"
src/PC/script/scr_compiler.c	5313	small-integer-cast	listed-TU	SCRCG->developer_thread_sourcePos = (unsigned int)node[1];
src/PC/script/scr_compiler.c	5319	small-integer-cast	listed-TU	"CompileError((unsigned int)node[1], ""#/ has no matching /#"");"
src/PC/script/scr_compiler.c	5338	small-integer-cast	listed-TU	name = (unsigned int)node[1];
src/PC/script/scr_compiler.c	5340	small-integer-cast	listed-TU	SpecifyThreadPosition(threadId, name, (unsigned int)node[4], type);
src/PC/script/scr_compiler.c	5362	small-integer-cast	listed-TU	SL_ConvertToString((unsigned int)includeNode[1]));
src/PC/script/scr_compiler.c	5364	small-integer-cast	listed-TU	SL_RemoveRefToString((unsigned int)includeNode[1]);
src/PC/script/scr_compiler.c	5373	small-integer-cast	listed-TU	entry->sourcePos = (unsigned int)includeNode[2];
src/PC/script/scr_compiler.c	5374	constant-pointer-arithmetic	listed-TU	SCRCG->precachescriptList = entry + 1;
src/PC/script/scr_compiler.c	5416	small-integer-cast	listed-TU	"CompileError((unsigned int)node[2], ""cannot put #using_animtree inside /# ... #/ comment"");"
src/PC/script/scr_compiler.c	5420	small-integer-cast	listed-TU	Scr_UsingTree(SL_ConvertToString((unsigned int)node[1]),
src/PC/script/scr_compiler.c	5421	small-integer-cast	listed-TU	(unsigned int)node[3]);
src/PC/script/scr_compiler.c	5423	small-integer-cast	listed-TU	SL_RemoveRefToString((unsigned int)node[1]);
src/PC/script/scr_compiler.c	5430	small-integer-cast	listed-TU	name = (unsigned int)node[1];
src/PC/script/scr_compiler.c	5431	small-integer-cast	listed-TU	sourcePos = (unsigned int)node[4];
src/PC/script/scr_compiler.c	5432	small-integer-cast	listed-TU	endSourcePos = (unsigned int)node[5];
src/PC/script/scr_compiler.c	5568	constant-pointer-arithmetic	listed-TU	for (j = i + 1; j < func_count; j++) {
src/PC/script/scr_compiler.c	5802	constant-pointer-arithmetic	listed-TU	"""movl scrCompilePub+40, %ebx\n"""
src/PC/script/scr_compiler.c	5917	constant-pointer-arithmetic	listed-TU	"""movl $1, scrCompilePub+40\n"""
src/PC/script/scr_compiler.c	5951	constant-pointer-arithmetic	listed-TU	"""movl $0, scrCompilePub+40\n"""
src/PC/script/scr_compiler.c	5967	constant-pointer-arithmetic	listed-TU	"""movl $2, scrCompilePub+40\n"""
src/PC/script/scr_compiler.c	6041	constant-pointer-arithmetic	listed-TU	unsigned int valueId = FindVariable(threadId, i + 2);
src/PC/script/scr_debugger.c	224	small-integer-cast	listed-TU	n = (int)recv(g_dbgClientSock, buf, sizeof(buf) - 1, 0);
src/PC/script/scr_debugger.c	284	small-integer-cast	listed-TU	int off = (int)(codePos - base);
src/PC/script/scr_debugger.c	368	constant-pointer-arithmetic	listed-TU	*pp = p + 1;
src/PC/script/scr_debugger.c	374	constant-pointer-arithmetic	listed-TU	*pp = p + 1;
src/PC/script/scr_debugger.c	378	constant-pointer-arithmetic	listed-TU	*pp = p + 1;
src/PC/script/scr_debugger.c	382	constant-pointer-arithmetic	listed-TU	*pp = p + 1;
src/PC/script/scr_debugger.c	586	small-integer-cast	listed-TU	while ((unsigned int)(Sys_UpdateDebugSocket() - 4) <= 41) {
src/PC/script/scr_debugger.c	595	small-integer-cast	listed-TU	if ((unsigned int)(Sys_UpdateDebugSocket() - 1) > 43)
src/PC/script/scr_debugger.c	600	small-integer-cast	listed-TU	} while ((unsigned int)(Sys_UpdateDebugSocket() - 1) <= 43);
src/PC/script/scr_debugger_compose.c	158	small-integer-cast	listed-TU	if ((int)ev.evType == SE_NONE)
src/PC/script/scr_debugger_compose.c	160	small-integer-cast	listed-TU	if ((int)ev.evType == SE_KEY)
src/PC/script/scr_debugger_eval.c	99	small-integer-cast	listed-TU	if ((unsigned int)(type - 1) > 3) {
src/PC/script/scr_debugger_eval.c	117	small-integer-cast	listed-TU	out->u.intValue = (unsigned int)packed;
src/PC/script/scr_debugger_eval.c	118	small-integer-cast	listed-TU	out->type = (int)(packed >> 32);
src/PC/script/scr_debugger_eval.c	151	small-integer-cast	listed-TU	return (int)(id & 0xFFFF);
src/PC/script/scr_debugger_eval.c	153	small-integer-cast	listed-TU	return (int)(id & 0xFFFF);
src/PC/script/scr_debugger_eval.c	155	small-integer-cast	listed-TU	return (int)(id - 0x800000);
src/PC/script/scr_debugger_eval.c	156	small-integer-cast	listed-TU	return (int)(id - 0x10000);
src/PC/script/scr_debugger_eval.c	162	small-integer-cast	listed-TU	if ((unsigned int)(node[0].type - 6) > 75) {
src/PC/script/scr_debugger_eval.c	175	small-integer-cast	listed-TU	if ((unsigned int)(type - 7) > 76)
src/PC/script/scr_debugger_eval.c	238	small-integer-cast	listed-TU	out->u.intValue = (unsigned int)packed;
src/PC/script/scr_debugger_eval.c	239	small-integer-cast	listed-TU	out->type = (int)(packed >> 32);
src/PC/script/scr_debugger_eval.c	281	small-integer-cast	listed-TU	if ((unsigned int)(type - 3) > 80)
src/PC/script/scr_debugger_eval.c	297	small-integer-cast	listed-TU	out->u.intValue = (unsigned int)packed;
src/PC/script/scr_debugger_eval.c	298	small-integer-cast	listed-TU	out->type = (int)(packed >> 32);
src/PC/script/scr_debugger_eval.c	453	small-integer-cast	listed-TU	if ((unsigned int)(node[0].type - 4) > 76)
src/PC/script/scr_debugger_eval.c	468	constant-pointer-arithmetic	listed-TU	v.node = (intptr_t)(node + 1);
src/PC/script/scr_debugger_glue.c	157	small-integer-cast	listed-TU	return (int)(intptr_t)scrVmPub.function_frame_start[count - 1].fs.pos;
src/PC/script/scr_debugger_glue.c	182	small-integer-cast	listed-TU	unsigned int sourcePos = (unsigned int)(uintptr_t)codePos;
src/PC/script/scr_debugger_glue.c	186	small-integer-cast	listed-TU	if (!tbl || bufIndex < 0 || (unsigned int)bufIndex >= scrParserPub.sourceBufferLookupLen)
src/PC/script/scr_debugger_glue.c	208	small-integer-cast	listed-TU	(unsigned int)bufIndex < scrParserPub.sourceBufferLookupLen &&
src/PC/script/scr_debugger_glue.c	216	small-integer-cast	listed-TU	int n = (int)strlen(filename);
src/PC/script/scr_debugger_glue.c	228	constant-pointer-arithmetic	listed-TU	int v = line + 1;
src/PC/script/scr_debugger_glue.c	312	constant-pointer-arithmetic	listed-TU	buf = (char *)Z_MallocInternal(len + 2);
src/PC/script/scr_debugger_glue.c	317	constant-pointer-arithmetic	listed-TU	buf[len + 1] = '\0';
src/PC/script/scr_debugger_glue.c	343	fixed-byte-access	listed-TU	int ka = *(int *)((char *)ea + 0x1A0);
src/PC/script/scr_debugger_glue.c	343	constant-pointer-arithmetic	listed-TU	int ka = *(int *)((char *)ea + 0x1A0);
src/PC/script/scr_debugger_glue.c	344	fixed-byte-access	listed-TU	int kb = *(int *)((char *)eb + 0x1A0);
src/PC/script/scr_debugger_glue.c	344	constant-pointer-arithmetic	listed-TU	int kb = *(int *)((char *)eb + 0x1A0);
src/PC/script/scr_debugger_glue.c	358	small-integer-cast	listed-TU	int col = (int)(pos[0] / charW);
src/PC/script/scr_debugger_glue.c	453	small-integer-cast	listed-TU	int len = str ? (int)strlen(str) : 0;
src/PC/script/scr_debugger_ui.h	23	pointer-named-integer-field	header-or-unlisted	int codePos;
src/PC/script/scr_debugger_ui.h	32	pointer-named-integer-field	header-or-unlisted	int header;
src/PC/script/scr_debugger_ui.h	60	fixed-byte-access	header-or-unlisted	#    define SCR_WATCHELEM_OBJECTID(e) (*(int *)((char *)(e) + 0x18C))
src/PC/script/scr_debugger_ui_framework.c	236	constant-pointer-arithmetic	listed-TU	self->vtbl->SetSelectedLineFocus(self, self->selectedLine + 1, 0);
src/PC/script/scr_debugger_ui_framework.c	276	small-integer-cast	listed-TU	(int)(pos[1] / UI_Component_g.charHeight))
src/PC/script/scr_debugger_ui_framework.c	299	small-integer-cast	listed-TU	self, (int)(pos[1] / UI_Component_g.charHeight), 1);
src/PC/script/scr_debugger_ui_framework.c	339	small-integer-cast	listed-TU	return (int)(innerSize[1] / UI_Component_g.charHeight);
src/PC/script/scr_debugger_ui_framework.c	349	small-integer-cast	listed-TU	if (frac - (float)(int)frac < 0.0f)
src/PC/script/scr_debugger_ui_framework.c	350	constant-pointer-arithmetic	listed-TU	return (int)frac + 1;
src/PC/script/scr_debugger_ui_framework.c	350	small-integer-cast	listed-TU	return (int)frac + 1;
src/PC/script/scr_debugger_ui_framework.c	351	small-integer-cast	listed-TU	return (int)frac;
src/PC/script/scr_debugger_ui_framework.c	361	small-integer-cast	listed-TU	lastLine = (int)((LC_POS1(sp->comp) + innerSize[1]) /
src/PC/script/scr_debugger_ui_framework.c	363	constant-pointer-arithmetic	listed-TU	if (innerSize[1] < (float)(lastLine + 1) * UI_Component_g.charHeight)
src/PC/script/scr_debugger_ui_framework.c	780	small-integer-cast	listed-TU	vd->posY = (float)(int)(vd->posY / UI_Component_g.charHeight) *
src/PC/script/scr_debugger_ui_lists.c	142	small-integer-cast	listed-TU	first = (int)(b / lineH);
src/PC/script/scr_debugger_ui_lists.c	188	constant-pointer-arithmetic	listed-TU	memmove(&self->entries[insertAt + 1], &self->entries[insertAt],
src/PC/script/scr_debugger_ui_lists.c	193	constant-pointer-arithmetic	listed-TU	memmove(&self->entries[i], &self->entries[i + 1],
src/PC/script/scr_debugger_ui_lists.c	205	constant-pointer-arithmetic	listed-TU	int newCount = count + 1;
src/PC/script/scr_debugger_ui_lists.c	271	constant-pointer-arithmetic	listed-TU	memmove(at, at + 1, (self->entryCount - sel - 1) * 4);
src/PC/script/scr_debugger_ui_lists.c	401	pointer-named-integer-field	listed-TU	int handle = FS_FOpenTextFileWrite(kPosStore);
src/PC/script/scr_debugger_ui_lists.c	410	small-integer-cast	listed-TU	(int)win->scrollTop);
src/PC/script/scr_debugger_ui_lists.c	493	small-integer-cast	listed-TU	if (ctrl && !shift && (unsigned)(key - 99) <= 62) {
src/PC/script/scr_debugger_ui_lists.c	493	integer-cast-hash-or-key	listed-TU	if (ctrl && !shift && (unsigned)(key - 99) <= 62) {
src/PC/script/scr_debugger_ui_lists.c	560	pointer-named-integer-field	listed-TU	int handle = FS_FOpenTextFileWrite(kOpenStore);
src/PC/script/scr_debugger_ui_lists.c	633	small-integer-cast	listed-TU	first = (int)(b / lineH);
src/PC/script/scr_debugger_ui_lists.c	696	constant-pointer-arithmetic	listed-TU	self->frameCount = depth + 1;
src/PC/script/scr_debugger_ui_lists.c	715	small-integer-cast	listed-TU	(int)(unsigned long)Scr_GetPrevSourcePos(codePos - 1, isTop);
src/PC/script/scr_debugger_ui_watch.c	238	constant-pointer-arithmetic	listed-TU	depth = depth + 1;
src/PC/script/scr_debugger_ui_watch.c	250	fixed-size-memory-call	listed-TU	memset(e, 0, 468);
src/PC/script/scr_debugger_ui_watch.c	316	constant-pointer-arithmetic	listed-TU	total = total + 1;
src/PC/script/scr_debugger_ui_watch.c	346	constant-pointer-arithmetic	listed-TU	arr[i].nextSibling = &arr[i + 1];
src/PC/script/scr_debugger_ui_watch.c	377	constant-pointer-arithmetic	listed-TU	sorted[i]->nextSibling = sorted[i + 1];
src/PC/script/scr_debugger_ui_watch.c	449	constant-pointer-arithmetic	listed-TU	I_strncpyz(out + 1, e->valueText, a - 1);
src/PC/script/scr_debugger_ui_watch.c	455	constant-pointer-arithmetic	listed-TU	I_strncpyz(out + 1, e->name, a - 1);
src/PC/script/scr_debugger_ui_watch.c	464	small-integer-cast	listed-TU	len = (int)(p - nameStr);
src/PC/script/scr_debugger_ui_watch.c	466	constant-pointer-arithmetic	listed-TU	if (a < 33 || (len + 1) > a) {
src/PC/script/scr_debugger_ui_watch.c	470	constant-pointer-arithmetic	listed-TU	"Com_sprintf(out + b + 1, rem - 1, ""%s : %s"","
src/PC/script/scr_debugger_ui_watch.c	475	constant-pointer-arithmetic	listed-TU	memset(out + 1, ' ', len);
src/PC/script/scr_debugger_ui_watch.c	476	constant-pointer-arithmetic	listed-TU	memcpy(out + 1, nameStr, len);
src/PC/script/scr_debugger_ui_watch.c	478	constant-pointer-arithmetic	listed-TU	"Com_sprintf(out + 0x21, a - 33, ""%s"", e->valueText);"
src/PC/script/scr_debugger_ui_watch.c	484	constant-pointer-arithmetic	listed-TU	I_strncpyz(out + 1, e->name, a - 1);
src/PC/script/scr_debugger_ui_watch.c	485	fixed-byte-access	listed-TU	if (*(int *)((char *)e + 0x1B8) < 0)
src/PC/script/scr_debugger_ui_watch.c	485	constant-pointer-arithmetic	listed-TU	if (*(int *)((char *)e + 0x1B8) < 0)
src/PC/script/scr_debugger_ui_watch.c	488	constant-pointer-arithmetic	listed-TU	const char *q = out + 1;
src/PC/script/scr_debugger_ui_watch.c	490	small-integer-cast	listed-TU	len = (int)strlen(q);
src/PC/script/scr_debugger_ui_watch.c	491	constant-pointer-arithmetic	listed-TU	width = (len >= 8) ? (len + 1) : 8;
src/PC/script/scr_debugger_ui_watch.c	492	constant-pointer-arithmetic	listed-TU	memset(out + len + 1, ' ', width - len);
src/PC/script/scr_debugger_ui_watch.c	493	fixed-byte-access	listed-TU	Scr_GetSourcePos(*(int *)((char *)e + 0x1B8),
src/PC/script/scr_debugger_ui_watch.c	493	constant-pointer-arithmetic	listed-TU	Scr_GetSourcePos(*(int *)((char *)e + 0x1B8),
src/PC/script/scr_debugger_ui_watch.c	494	fixed-byte-access	listed-TU	*(int *)((char *)e + 0x1BC),
src/PC/script/scr_debugger_ui_watch.c	494	constant-pointer-arithmetic	listed-TU	*(int *)((char *)e + 0x1BC),
src/PC/script/scr_debugger_ui_watch.c	495	constant-pointer-arithmetic	listed-TU	out + width + 1, a - width - 1);
src/PC/script/scr_debugger_ui_watch.c	504	constant-pointer-arithmetic	listed-TU	I_strncpyz(out + 1, e->name, a - 1);
src/PC/script/scr_debugger_ui_watch.c	505	constant-pointer-arithmetic	listed-TU	len = (int)strlen(out + 1);
src/PC/script/scr_debugger_ui_watch.c	505	small-integer-cast	listed-TU	len = (int)strlen(out + 1);
src/PC/script/scr_debugger_ui_watch.c	506	constant-pointer-arithmetic	listed-TU	width = (len >= 7) ? (len + 1) : 7;
src/PC/script/scr_debugger_ui_watch.c	507	constant-pointer-arithmetic	listed-TU	memset(out + len + 1, ' ', width - len);
src/PC/script/scr_debugger_ui_watch.c	508	constant-pointer-arithmetic	listed-TU	I_strncpyz(out + width + 1, e->valueText, a - width - 1);
src/PC/script/scr_debugger_ui_watch.c	513	constant-pointer-arithmetic	listed-TU	I_strncpyz(out + 1, e->name, a - 1);
src/PC/script/scr_debugger_ui_watch.c	570	fixed-byte-access	listed-TU	*(unsigned char *)((char *)e + 0x18A) = 0;
src/PC/script/scr_debugger_ui_watch.c	570	constant-pointer-arithmetic	listed-TU	*(unsigned char *)((char *)e + 0x18A) = 0;
src/PC/script/scr_debugger_ui_watch.c	581	fixed-byte-access	listed-TU	unsigned char prev = *(unsigned char *)((char *)e + 0x191);
src/PC/script/scr_debugger_ui_watch.c	581	constant-pointer-arithmetic	listed-TU	unsigned char prev = *(unsigned char *)((char *)e + 0x191);
src/PC/script/scr_debugger_ui_watch.c	585	fixed-byte-access	listed-TU	*(int *)((char *)e + 0x1BC) = 0;
src/PC/script/scr_debugger_ui_watch.c	585	constant-pointer-arithmetic	listed-TU	*(int *)((char *)e + 0x1BC) = 0;
src/PC/script/scr_debugger_ui_watch.c	586	fixed-byte-access	listed-TU	*(int *)((char *)e + 0x1B8) = -1;
src/PC/script/scr_debugger_ui_watch.c	586	constant-pointer-arithmetic	listed-TU	*(int *)((char *)e + 0x1B8) = -1;
src/PC/script/scr_debugger_ui_watch.c	590	pointer-named-integer-field	listed-TU	int prevPos = Scr_GetPrevSourcePos(srcPos, 0);
src/PC/script/scr_debugger_ui_watch.c	591	fixed-byte-access	listed-TU	*(int *)((char *)e + 0x1B8) = buf;
src/PC/script/scr_debugger_ui_watch.c	591	constant-pointer-arithmetic	listed-TU	*(int *)((char *)e + 0x1B8) = buf;
src/PC/script/scr_debugger_ui_watch.c	592	fixed-byte-access	listed-TU	*(int *)((char *)e + 0x1BC) =
src/PC/script/scr_debugger_ui_watch.c	592	constant-pointer-arithmetic	listed-TU	*(int *)((char *)e + 0x1BC) =
src/PC/script/scr_debugger_ui_watch.c	599	fixed-byte-access	listed-TU	Sys_WriteDebugSocketInt(*(int *)((char *)e + 0x1B8));
src/PC/script/scr_debugger_ui_watch.c	599	constant-pointer-arithmetic	listed-TU	Sys_WriteDebugSocketInt(*(int *)((char *)e + 0x1B8));
src/PC/script/scr_debugger_ui_watch.c	600	fixed-byte-access	listed-TU	Sys_WriteDebugSocketInt(*(int *)((char *)e + 0x1BC));
src/PC/script/scr_debugger_ui_watch.c	600	constant-pointer-arithmetic	listed-TU	Sys_WriteDebugSocketInt(*(int *)((char *)e + 0x1BC));
src/PC/script/scr_debugger_ui_watch.c	625	fixed-byte-access	listed-TU	*(int *)((char *)e + 0x1C0) = 0;
src/PC/script/scr_debugger_ui_watch.c	625	constant-pointer-arithmetic	listed-TU	*(int *)((char *)e + 0x1C0) = 0;
src/PC/script/scr_debugger_ui_watch.c	635	fixed-byte-access	listed-TU	int kind = *(int *)((char *)e + 0x1A0);
src/PC/script/scr_debugger_ui_watch.c	635	constant-pointer-arithmetic	listed-TU	int kind = *(int *)((char *)e + 0x1A0);
src/PC/script/scr_debugger_ui_watch.c	651	small-integer-cast	listed-TU	if ((int)((unsigned char)parent->kind - 14) > 8) {
src/PC/script/scr_debugger_ui_watch.c	760	fixed-byte-access	listed-TU	*(int *)((char *)parent + 0x1A0) = (int)idx;
src/PC/script/scr_debugger_ui_watch.c	760	constant-pointer-arithmetic	listed-TU	*(int *)((char *)parent + 0x1A0) = (int)idx;
src/PC/script/scr_debugger_ui_watch.c	760	small-integer-cast	listed-TU	*(int *)((char *)parent + 0x1A0) = (int)idx;
src/PC/script/scr_debugger_ui_watch.c	775	small-integer-cast	listed-TU	AddRefToObject((int)idx);
src/PC/script/scr_debugger_ui_watch.c	776	small-integer-cast	listed-TU	val.u = (int)idx;
src/PC/script/scr_debugger_ui_watch.c	780	small-integer-cast	listed-TU	val.u = Scr_GetArrayIndexValue((int)idx);
src/PC/script/scr_debugger_ui_watch.c	960	fixed-byte-access	listed-TU	*(int *)((char *)e + 0x1C0) = 0;
src/PC/script/scr_debugger_ui_watch.c	960	constant-pointer-arithmetic	listed-TU	*(int *)((char *)e + 0x1C0) = 0;
src/PC/script/scr_debugger_ui_watch.c	962	fixed-byte-access	listed-TU	*(char *)((char *)e + 0x194) = 1;
src/PC/script/scr_debugger_ui_watch.c	962	constant-pointer-arithmetic	listed-TU	*(char *)((char *)e + 0x194) = 1;
src/PC/script/scr_debugger_ui_watch.c	976	fixed-byte-access	listed-TU	*(int *)((char *)child + 0x1C0) = 0;
src/PC/script/scr_debugger_ui_watch.c	976	constant-pointer-arithmetic	listed-TU	*(int *)((char *)child + 0x1C0) = 0;
src/PC/script/scr_debugger_ui_watch.c	978	fixed-byte-access	listed-TU	*(char *)((char *)child + 0x194) = 1;
src/PC/script/scr_debugger_ui_watch.c	978	constant-pointer-arithmetic	listed-TU	*(char *)((char *)child + 0x194) = 1;
src/PC/script/scr_debugger_ui_watch.c	987	small-integer-cast	listed-TU	Scr_EvalScriptExpression(child, (int)idx, &val, 0, 1);
src/PC/script/scr_debugger_ui_watch.c	1002	small-integer-cast	listed-TU	if ((unsigned int)(GetVarType(val.u) - 15) > 6)
src/PC/script/scr_debugger_ui_watch.c	1004	small-integer-cast	listed-TU	if (val.u != (int)idx)
src/PC/script/scr_debugger_ui_watch.c	1057	fixed-byte-access	listed-TU	*(int *)((char *)e + 0x1C0) = 0;
src/PC/script/scr_debugger_ui_watch.c	1057	constant-pointer-arithmetic	listed-TU	*(int *)((char *)e + 0x1C0) = 0;
src/PC/script/scr_debugger_ui_watch.c	1059	fixed-byte-access	listed-TU	*(char *)((char *)e + 0x194) = 1;
src/PC/script/scr_debugger_ui_watch.c	1059	constant-pointer-arithmetic	listed-TU	*(char *)((char *)e + 0x194) = 1;
src/PC/script/scr_debugger_ui_watch.c	1194	fixed-size-memory-call	listed-TU	memset(e, 0, 468);
src/PC/script/scr_debugger_ui_watch.c	1200	constant-pointer-arithmetic	listed-TU	self->field28 = self->field28 + 1;
src/PC/script/scr_debugger_ui_watch.c	1243	fixed-byte-access	listed-TU	Scr_SelectScriptLine(*(int *)((char *)ref + 0x4), *(int *)((char *)ref));
src/PC/script/scr_debugger_ui_watch.c	1243	constant-pointer-arithmetic	listed-TU	Scr_SelectScriptLine(*(int *)((char *)ref + 0x4), *(int *)((char *)ref));
src/PC/script/scr_debugger_ui_watch.c	1253	fixed-byte-access	listed-TU	if (*(int *)((char *)bp + 0xC) != 0)
src/PC/script/scr_debugger_ui_watch.c	1253	constant-pointer-arithmetic	listed-TU	if (*(int *)((char *)bp + 0xC) != 0)
src/PC/script/scr_debugger_ui_watch.c	1255	fixed-byte-access	listed-TU	*(int *)((char *)bp + 0xC) = 0;
src/PC/script/scr_debugger_ui_watch.c	1255	constant-pointer-arithmetic	listed-TU	*(int *)((char *)bp + 0xC) = 0;
src/PC/script/scr_debugger_ui_watch.c	1271	fixed-byte-access	listed-TU	if (*(int *)((char *)e + 0x4) != 0)
src/PC/script/scr_debugger_ui_watch.c	1271	constant-pointer-arithmetic	listed-TU	if (*(int *)((char *)e + 0x4) != 0)
src/PC/script/scr_debugger_ui_watch.c	1272	fixed-byte-access	listed-TU	Scr_FreeDebugExpr(*(int *)((char *)e + 0x4));
src/PC/script/scr_debugger_ui_watch.c	1272	constant-pointer-arithmetic	listed-TU	Scr_FreeDebugExpr(*(int *)((char *)e + 0x4));
src/PC/script/scr_debugger_ui_watch.c	1289	fixed-byte-access	listed-TU	compiled = *(int *)((char *)expr + 0x4);
src/PC/script/scr_debugger_ui_watch.c	1289	constant-pointer-arithmetic	listed-TU	compiled = *(int *)((char *)expr + 0x4);
src/PC/script/scr_debugger_ui_watch.c	1300	small-integer-cast	listed-TU	if ((unsigned int)(exprType - 83) <= 1) {
src/PC/script/scr_debugger_ui_watch.c	1318	small-integer-cast	listed-TU	*(int *)((char *)0x84410000) = (int)expr;
src/PC/script/scr_debugger_ui_watch.c	1367	fixed-byte-access	listed-TU	node = *(Scr_Breakpoint **)((char *)node + 0x4);
src/PC/script/scr_debugger_ui_watch.c	1367	constant-pointer-arithmetic	listed-TU	node = *(Scr_Breakpoint **)((char *)node + 0x4);
src/PC/script/scr_debugger_ui_watch.c	1459	fixed-byte-access	listed-TU	"Com_sprintf(name, 129, ""%s(%i)"", *(int *)(fileEntry + 0x4), lineNo + 1);"
src/PC/script/scr_debugger_ui_watch.c	1459	constant-pointer-arithmetic	listed-TU	"Com_sprintf(name, 129, ""%s(%i)"", *(int *)(fileEntry + 0x4), lineNo + 1);"
src/PC/script/scr_debugger_ui_watch.c	1481	fixed-byte-access	listed-TU	Scr_FreeDebugExpr(*(int *)((char *)elem + 0x4));
src/PC/script/scr_debugger_ui_watch.c	1481	constant-pointer-arithmetic	listed-TU	Scr_FreeDebugExpr(*(int *)((char *)elem + 0x4));
src/PC/script/scr_debugger_ui_watch.c	1530	fixed-byte-access	listed-TU	if (*(unsigned char *)((char *)cur + 0x194) != 0) {
src/PC/script/scr_debugger_ui_watch.c	1530	constant-pointer-arithmetic	listed-TU	if (*(unsigned char *)((char *)cur + 0x194) != 0) {
src/PC/script/scr_debugger_ui_watch.c	1547	fixed-byte-access	listed-TU	while (*(unsigned char *)((char *)e + 0x194) != 0) {
src/PC/script/scr_debugger_ui_watch.c	1547	constant-pointer-arithmetic	listed-TU	while (*(unsigned char *)((char *)e + 0x194) != 0) {
src/PC/script/scr_debugger_ui_watch.c	1634	fixed-byte-access	listed-TU	int codePos = *(int *)(*(int *)((char *)e + 0x1B0));
src/PC/script/scr_debugger_ui_watch.c	1634	constant-pointer-arithmetic	listed-TU	int codePos = *(int *)(*(int *)((char *)e + 0x1B0));
src/PC/script/scr_debugger_ui_watch.c	1634	pointer-named-integer-field	listed-TU	int codePos = *(int *)(*(int *)((char *)e + 0x1B0));
src/PC/script/scr_debugger_ui_watch.c	1635	fixed-byte-access	listed-TU	int fileIdx = *(int *)(*(int *)((char *)e + 0x1B0) + 0x4);
src/PC/script/scr_debugger_ui_watch.c	1635	constant-pointer-arithmetic	listed-TU	int fileIdx = *(int *)(*(int *)((char *)e + 0x1B0) + 0x4);
src/PC/script/scr_debugger_ui_watch.c	1726	fixed-byte-access	listed-TU	const char *fname = *(const char **)(entry + 0x4);
src/PC/script/scr_debugger_ui_watch.c	1726	constant-pointer-arithmetic	listed-TU	const char *fname = *(const char **)(entry + 0x4);
src/PC/script/scr_debugger_ui_watch.c	1731	fixed-byte-access	listed-TU	int winIdx = *(int *)(entry + 0x10);
src/PC/script/scr_debugger_ui_watch.c	1731	constant-pointer-arithmetic	listed-TU	int winIdx = *(int *)(entry + 0x10);
src/PC/script/scr_debugger_ui_watch.c	1754	small-integer-cast	listed-TU	kind = (unsigned char)Scr_GetBreakpointType((int)&p);
src/PC/script/scr_debugger_ui_watch.c	1880	small-integer-cast	listed-TU	*(int *)0x82F79210 = (int)(p - (char *)0x82F79228);
src/PC/script/scr_debugger_ui_watch.c	1968	constant-pointer-arithmetic	listed-TU	depth + 1, 0, 0, lineNo, curY, a, b);
src/PC/script/scr_debugger_ui_watch.c	2003	fixed-byte-access	listed-TU	if (*(unsigned char *)((char *)e + 0x194) != 0)
src/PC/script/scr_debugger_ui_watch.c	2003	constant-pointer-arithmetic	listed-TU	if (*(unsigned char *)((char *)e + 0x194) != 0)
src/PC/script/scr_debugger_ui_watch.c	2014	small-integer-cast	listed-TU	len = (int)strlen(indent);
src/PC/script/scr_debugger_ui_watch.c	2023	constant-pointer-arithmetic	listed-TU	depth + 1, 0, 0, lineNo, curY, a, b);
src/PC/script/scr_debugger_ui_watch.c	2033	fixed-byte-access	listed-TU	int changeStamp = *(int *)((char *)e + 0x1C0);
src/PC/script/scr_debugger_ui_watch.c	2033	constant-pointer-arithmetic	listed-TU	int changeStamp = *(int *)((char *)e + 0x1C0);
src/PC/script/scr_debugger_ui_watch.c	2071	constant-pointer-arithmetic	listed-TU	depth + 1, 0, 0, lineNo, curY, a, b);
src/PC/script/scr_debugger_ui_watch.c	2088	small-integer-cast	listed-TU	curY = -((float)(int)(b / lineHeight)) * lineHeight;
src/PC/script/scr_debugger_ui_watch.c	2169	small-integer-cast	listed-TU	int len = (int)strlen(text);
src/PC/script/scr_debugger_ui_watch.c	2284	fixed-byte-access	listed-TU	*(int *)((char *)info + 0x4) = self->selectedLine;
src/PC/script/scr_debugger_ui_watch.c	2284	constant-pointer-arithmetic	listed-TU	*(int *)((char *)info + 0x4) = self->selectedLine;
src/PC/script/scr_debugger_ui_watch.c	2285	fixed-byte-access	listed-TU	*(unsigned char *)((char *)info + 0x8) = self->hasFocus;
src/PC/script/scr_debugger_ui_watch.c	2285	constant-pointer-arithmetic	listed-TU	*(unsigned char *)((char *)info + 0x8) = self->hasFocus;
src/PC/script/scr_debugger_ui_watch.c	2301	fixed-byte-access	listed-TU	savedLine = self->selectedLine - *(int *)((char *)info + 0x4);
src/PC/script/scr_debugger_ui_watch.c	2301	constant-pointer-arithmetic	listed-TU	savedLine = self->selectedLine - *(int *)((char *)info + 0x4);
src/PC/script/scr_debugger_ui_watch.c	2304	fixed-byte-access	listed-TU	self->hasFocus = *(unsigned char *)((char *)info + 0x8);
src/PC/script/scr_debugger_ui_watch.c	2304	constant-pointer-arithmetic	listed-TU	self->hasFocus = *(unsigned char *)((char *)info + 0x8);
src/PC/script/scr_debugger_ui_window.c	106	small-integer-cast	listed-TU	return Z_MallocInternal((int)size);
src/PC/script/scr_debugger_ui_window.c	149	small-integer-cast	listed-TU	self->scriptFileIndex = (int)i;
src/PC/script/scr_debugger_ui_window.c	308	small-integer-cast	listed-TU	int first = (int)(self->scrollTop - b / lineH);
src/PC/script/scr_debugger_ui_window.c	344	constant-pointer-arithmetic	listed-TU	int kind = elem ? *((unsigned char *)elem + 0x193) : 0;
src/PC/script/scr_debugger_ui_window.c	361	small-integer-cast	listed-TU	while (*q != 0 && outLen < (int)sizeof(expanded) - SCR_TAB_WIDTH - 1) {
src/PC/script/scr_debugger_ui_window.c	380	constant-pointer-arithmetic	listed-TU	p = q + 1;
src/PC/script/scr_debugger_ui_window.c	394	fixed-size-memory-call	listed-TU	memset(node, 0, 24);
src/PC/script/scr_debugger_ui_window.c	397	small-integer-cast	listed-TU	node->_pad14 = (int)(intptr_t)list;
src/PC/script/scr_debugger_ui_window.c	400	small-integer-cast	listed-TU	old->_pad14 = (int)(intptr_t)&node->next;
src/PC/script/scr_debugger_ui_window.c	403	small-integer-cast	listed-TU	node->codePos = (int)(intptr_t)self->selectedLine;
src/PC/script/scr_debugger_ui_window.c	409	fixed-byte-access	listed-TU	*((Scr_Breakpoint **)((char *)elem + 0x1B0)) = node;
src/PC/script/scr_debugger_ui_window.c	409	constant-pointer-arithmetic	listed-TU	*((Scr_Breakpoint **)((char *)elem + 0x1B0)) = node;
src/PC/script/scr_debugger_ui_window.c	410	constant-pointer-arithmetic	listed-TU	*((unsigned char *)elem + 0x193) = enabled ? 5 : 4;
src/PC/script/scr_debugger_ui_window.c	444	small-integer-cast	listed-TU	(int)(intptr_t)(lineStart - sourceBase),
src/PC/script/scr_debugger_ui_window.c	445	small-integer-cast	listed-TU	(int)(intptr_t)(lineEnd - sourceBase),
src/PC/script/scr_debugger_ui_window.c	456	constant-pointer-arithmetic	listed-TU	lineStart = lineEnd + 1;
src/PC/script/scr_debugger_ui_window.c	478	fixed-byte-access	listed-TU	e = *(Scr_WatchElement_s **)((char *)e + 0x1D0)) {
src/PC/script/scr_debugger_ui_window.c	478	constant-pointer-arithmetic	listed-TU	e = *(Scr_WatchElement_s **)((char *)e + 0x1D0)) {
src/PC/script/scr_debugger_ui_window.c	479	constant-pointer-arithmetic	listed-TU	*((unsigned char *)e + 0x195) = 0;
src/PC/script/scr_debugger_ui_window.c	480	constant-pointer-arithmetic	listed-TU	*((unsigned char *)e + 0x194) = 0;
src/PC/script/scr_debugger_ui_window.c	498	small-integer-cast	listed-TU	int findLen = (int)strlen(scr_debuggerFindText);
src/PC/script/scr_debugger_ui_window.c	504	constant-pointer-arithmetic	listed-TU	line = self->selectedLine + 1;
src/PC/script/scr_debugger_ui_window.c	527	small-integer-cast	listed-TU	int findLen = (int)strlen(scr_debuggerFindText);
src/PC/script/scr_debugger_ui_window.c	616	constant-pointer-arithmetic	listed-TU	*((unsigned char *)bpElem + 0x193) != (unsigned char)kind) {
src/PC/script/scr_debugger_ui_window.c	617	constant-pointer-arithmetic	listed-TU	*((unsigned char *)bpElem + 0x193) = (unsigned char)kind;
src/PC/script/scr_debugger_ui_window.c	662	small-integer-cast	listed-TU	(int)(intptr_t)(lineStart - entry->sourceBuf),
src/PC/script/scr_debugger_ui_window.c	663	small-integer-cast	listed-TU	(int)(intptr_t)(lineEnd - entry->sourceBuf),
src/PC/script/scr_debugger_ui_window.c	673	small-integer-cast	listed-TU	Scr_GetSourcePosOfType(self->scriptFileIndex, (int)(intptr_t)cp,
src/PC/script/scr_debugger_ui_window.c	704	small-integer-cast	listed-TU	if ((unsigned int)(key - 13) <= 210u) {
src/PC/script/scr_debugger_ui_window.c	704	integer-cast-hash-or-key	listed-TU	if ((unsigned int)(key - 13) <= 210u) {
src/PC/script/scr_debugger_ui_window.c	712	small-integer-cast	listed-TU	(unsigned int)(key - 99) <= 77u) {
src/PC/script/scr_debugger_ui_window.c	712	integer-cast-hash-or-key	listed-TU	(unsigned int)(key - 99) <= 77u) {
src/PC/script/scr_main.c	49	constant-pointer-arithmetic	listed-TU	for (id = afterId + 1; id <= SCR_MAIN_MAX_SCRIPT_VARIABLES; id++) {
src/PC/script/scr_main.c	50	fixed-byte-access	listed-TU	unsigned int status = *(unsigned int *)(scrVarGlob + id * 16 + 8);
src/PC/script/scr_main.c	97	small-integer-cast	listed-TU	/* was (unsigned int)(pos - programBuffer): the 64-bit ptr diff truncated to 32 bits on
src/PC/script/scr_main.c	99	small-integer-cast	listed-TU	return (uintptr_t)(pos - scrVarPub->programBuffer) < (uintptr_t)(unsigned int)scrCompPub->programLen;
src/PC/script/scr_main.c	115	fixed-byte-access	listed-TU	isAlnum = (*(int *)(runeLocale + 0x34 + sch * 4) & 0x500) != 0;
src/PC/script/scr_main.c	115	constant-pointer-arithmetic	listed-TU	isAlnum = (*(int *)(runeLocale + 0x34 + sch * 4) & 0x500) != 0;
src/PC/script/scr_main.c	144	constant-pointer-arithmetic	listed-TU	val = scrVarPub->canonicalStrCount + 1;
src/PC/script/scr_main.c	204	constant-pointer-arithmetic	listed-TU	return count + 1;
src/PC/script/scr_main.c	221	constant-pointer-arithmetic	listed-TU	return count + 1;
src/PC/script/scr_main.c	408	pointer-named-integer-field	listed-TU	unsigned int codePos;
src/PC/script/scr_main.c	431	small-integer-cast	listed-TU	codePos = (unsigned int)Scr_EvalVariable(codeVar);
src/PC/script/scr_main.c	434	x86-only-width-guard	listed-TU	#if !defined(_M_X64) && !defined(__x86_64__)
src/PC/script/scr_main.c	438	small-integer-cast	listed-TU	codePos -= (unsigned int)(size_t)scrVarPub->programBuffer;
src/PC/script/scr_main.c	442	small-integer-cast	listed-TU	if (codePos >= (unsigned int)scrCompPub->programLen)
src/PC/script/scr_main.c	503	constant-pointer-arithmetic	listed-TU	val = scrVarPub->canonicalStrCount + 1;
src/PC/script/scr_memorytree.c	27	small-integer-cast	listed-TU	#define NODE_PREV(i) (*(unsigned short *)(scrMemTreeGlob + (unsigned)(i) * 8))
src/PC/script/scr_memorytree.c	28	fixed-byte-access	listed-TU	#define NODE_NEXT(i) (*(unsigned short *)(scrMemTreeGlob + (unsigned)(i) * 8 + 2))
src/PC/script/scr_memorytree.c	28	small-integer-cast	listed-TU	#define NODE_NEXT(i) (*(unsigned short *)(scrMemTreeGlob + (unsigned)(i) * 8 + 2))
src/PC/script/scr_memorytree.c	48	constant-pointer-arithmetic	listed-TU	numBuckets = (numBytes + 7) / 8 - 1;
src/PC/script/scr_memorytree.c	52	small-integer-cast	listed-TU	return LOG_BITS((unsigned)numBuckets >> 8) + 8;
src/PC/script/scr_memorytree.c	81	small-integer-cast	listed-TU	unsigned short h = (MEMTREE_GLOB->head[(unsigned)(size)]);
src/PC/script/scr_memorytree.c	86	small-integer-cast	listed-TU	(MEMTREE_GLOB->head[(unsigned)(size)]) = (unsigned short)b;
src/PC/script/scr_memorytree.c	87	constant-pointer-arithmetic	listed-TU	mt_size[b] = (unsigned char)(size + 1);
src/PC/script/scr_memorytree.c	97	small-integer-cast	listed-TU	(MEMTREE_GLOB->head[(unsigned)(size)]) = n;
src/PC/script/scr_memorytree.c	110	small-integer-cast	listed-TU	int b = (MEMTREE_GLOB->head[(unsigned)(size)]);
src/PC/script/scr_memorytree.c	119	constant-pointer-arithmetic	listed-TU	if (mt_size[target] != (unsigned char)(size + 1))
src/PC/script/scr_memorytree.c	132	constant-pointer-arithmetic	listed-TU	if (mt_size[base] == (unsigned char)(size + 1))
src/PC/script/scr_memorytree.c	173	small-integer-cast	listed-TU	(MEMTREE_GLOB->head[(unsigned)(i)]) = 0;
src/PC/script/scr_memorytree.c	195	small-integer-cast	listed-TU	for (n = (MEMTREE_GLOB->head[(unsigned)(size)]); n; n = NODE_NEXT(n))
src/PC/script/scr_memorytree.c	226	small-integer-cast	listed-TU	nodeNum = (MEMTREE_GLOB->head[(unsigned)(newSize)]);
src/PC/script/scr_memorytree.c	247	small-integer-cast	listed-TU	return (unsigned int *)(scrMemTreeGlob + (unsigned)idx * 8);
src/PC/script/scr_memorytree.c	260	small-integer-cast	listed-TU	if (size == MEMORY_NODE_BITS || !MT_RemoveMemoryNode((int)(nodeNum ^ lowBit), size))
src/PC/script/scr_memorytree.c	262	small-integer-cast	listed-TU	nodeNum &= ~(unsigned)lowBit;
src/PC/script/scr_memorytree.c	266	small-integer-cast	listed-TU	MT_AddMemoryNode((int)nodeNum, size);
src/PC/script/scr_memorytree.c	302	small-integer-cast	listed-TU	if (size == MEMORY_NODE_BITS || !MT_RemoveMemoryNode((int)(nodeNum ^ lowBit), size))
src/PC/script/scr_memorytree.c	304	small-integer-cast	listed-TU	nodeNum &= ~(unsigned)lowBit;
src/PC/script/scr_memorytree.c	308	small-integer-cast	listed-TU	MT_AddMemoryNode((int)nodeNum, size);
src/PC/script/scr_parser.c	61	small-integer-cast	listed-TU	Z_MallocInternal((int)(scrParserGlob.sourceBufferLookupMaxLen * sizeof(*scrParserPub.sourceBufferLookup)));
src/PC/script/scr_parser.c	80	small-integer-cast	listed-TU	for (i = 0; (unsigned int)i < scrParserPub.sourceBufferLookupLen; i++)
src/PC/script/scr_parser.c	122	small-integer-cast	listed-TU	newOpcodeLookup = (OpcodeLookup *)(Z_MallocInternal((int)(scrParserGlob.opcodeLookupMaxLen * sizeof(*newOpcodeLookup))));
src/PC/script/scr_parser.c	133	small-integer-cast	listed-TU	newSourcePosLookup = (SourceLookup *)(Z_MallocInternal((int)(scrParserGlob.sourcePosLookupMaxLen * sizeof(*newSourcePosLookup))));
src/PC/script/scr_parser.c	154	small-integer-cast	listed-TU	if (sourcePos == (unsigned int)-1) {
src/PC/script/scr_parser.c	155	small-integer-cast	listed-TU	scrParserGlob.delayedSourceIndex = (int)sourceIndex;
src/PC/script/scr_parser.c	156	small-integer-cast	listed-TU	} else if (sourcePos == (unsigned int)-2) {
src/PC/script/scr_parser.c	157	small-integer-cast	listed-TU	scrParserGlob.threadStartSourceIndex = (int)sourceIndex;
src/PC/script/scr_parser.c	204	small-integer-cast	listed-TU	int bufferIndex = (int)scrParserPub.sourceBufferLookupLen - 1;
src/PC/script/scr_parser.c	242	constant-pointer-arithmetic	listed-TU	buf = (char *)(Z_MallocInternal((int)filenameLen + len + 1));
src/PC/script/scr_parser.c	242	small-integer-cast	listed-TU	buf = (char *)(Z_MallocInternal((int)filenameLen + len + 1));
src/PC/script/scr_parser.c	254	constant-pointer-arithmetic	listed-TU	if (ch == '\n' || (ch == '\r' && sourceBuf[i + 1] != '\n'))
src/PC/script/scr_parser.c	260	constant-pointer-arithmetic	listed-TU	memcpy(sourceBuf2, sourceBuf, len + 1);
src/PC/script/scr_parser.c	359	constant-pointer-arithmetic	listed-TU	fileBuffer = (char *)TempMalloc(len + 1);
src/PC/script/scr_parser.c	398	constant-pointer-arithmetic	listed-TU	buf = (char *)Hunk_AllocateTempMemoryHighInternal(len + 1);
src/PC/script/scr_parser.c	423	constant-pointer-arithmetic	listed-TU	buf = (char *)Hunk_AllocateTempMemoryHighInternal(len + 1);
src/PC/script/scr_parser.c	443	small-integer-cast	listed-TU	for (i = 0; i != (int)sourcePos; i++) {
src/PC/script/scr_parser.c	447	constant-pointer-arithmetic	listed-TU	startLine = pos + 1;
src/PC/script/scr_parser.c	453	small-integer-cast	listed-TU	col = (int)(pos - startLine);
src/PC/script/scr_parser.c	454	small-integer-cast	listed-TU	lineLen = (int)strlen(startLine);
src/PC/script/scr_parser.c	470	constant-pointer-arithmetic	listed-TU	lineNumber + 1));
src/PC/script/scr_parser.c	512	small-integer-cast	listed-TU	int high = (int)scrParserGlob.opcodeLookupLen - 1;
src/PC/script/scr_parser.c	519	constant-pointer-arithmetic	listed-TU	int next = mid + 1;
src/PC/script/scr_parser.c	519	pointer-named-integer-field	listed-TU	int next = mid + 1;
src/PC/script/scr_parser.c	521	small-integer-cast	listed-TU	if (next == (int)scrParserGlob.opcodeLookupLen || codePos < scrParserGlob.opcodeLookup[next].codePos)
src/PC/script/scr_parser.c	547	x86-only-width-guard	listed-TU	#if defined(_M_X64) || defined(__x86_64__)
src/PC/script/scr_parser.c	561	small-integer-cast	listed-TU	"Com_PrintMessage(type, va(""@ %d\n"", (int)(codePos - varPub->programBuffer)));"
src/PC/script/scr_parser.c	620	constant-pointer-arithmetic	listed-TU	return lineNumber + 1;
src/PC/script/scr_stringlist.c	10	small-integer-cast	listed-TU	#define SG_W0(i) (*(unsigned short *)((char *)&scrStringGlob + (unsigned int)(i) * 4))
src/PC/script/scr_stringlist.c	11	fixed-byte-access	listed-TU	#define SG_W1(i) (*(unsigned short *)((char *)&scrStringGlob + (unsigned int)(i) * 4 + 2))
src/PC/script/scr_stringlist.c	11	small-integer-cast	listed-TU	#define SG_W1(i) (*(unsigned short *)((char *)&scrStringGlob + (unsigned int)(i) * 4 + 2))
src/PC/script/scr_stringlist.c	12	fixed-byte-access	listed-TU	#define SG_INIT_FLAG (*(unsigned char *)((char *)&scrStringGlob + 65536))
src/PC/script/scr_stringlist.c	12	constant-pointer-arithmetic	listed-TU	#define SG_INIT_FLAG (*(unsigned char *)((char *)&scrStringGlob + 65536))
src/PC/script/scr_stringlist.c	13	fixed-byte-access	listed-TU	#define SG_RESTART (*(void **)((char *)&scrStringGlob + 65540))
src/PC/script/scr_stringlist.c	13	constant-pointer-arithmetic	listed-TU	#define SG_RESTART (*(void **)((char *)&scrStringGlob + 65540))
src/PC/script/scr_stringlist.c	21	small-integer-cast	listed-TU	extern int MT_IsNodeCovered(int);
src/PC/script/scr_stringlist.c	28	x86-only-width-guard	listed-TU	#if defined(_M_X64) || defined(__x86_64__)
src/PC/script/scr_stringlist.c	29	small-integer-cast	listed-TU	#define SL_NODE_DEAD(n) (MT_IsNodeCovered((int)(n)))
src/PC/script/scr_stringlist.c	73	small-integer-cast	listed-TU	return (int)(((byte *)str - 4) - (byte *)scrMemTreePub.mt_buffer) / 8;
src/PC/script/scr_stringlist.c	97	fixed-byte-access	listed-TU	*(unsigned short *)(entry + 2) -= 1;
src/PC/script/scr_stringlist.c	97	constant-pointer-arithmetic	listed-TU	*(unsigned short *)(entry + 2) -= 1;
src/PC/script/scr_stringlist.c	109	fixed-byte-access	listed-TU	*(unsigned short *)(base + stringValue * 8 + 2) += 1;
src/PC/script/scr_stringlist.c	136	small-integer-cast	listed-TU	unsigned int prev = (unsigned int)((unsigned char)(entry[0] - 1));
src/PC/script/scr_stringlist.c	136	pointer-named-integer-field	listed-TU	unsigned int prev = (unsigned int)((unsigned char)(entry[0] - 1));
src/PC/script/scr_stringlist.c	138	constant-pointer-arithmetic	listed-TU	byte *p = entry + 4 + prev;
src/PC/script/scr_stringlist.c	144	constant-pointer-arithmetic	listed-TU	return prev + 1;
src/PC/script/scr_stringlist.c	155	pointer-named-integer-field	listed-TU	unsigned int chain_next_idx;
src/PC/script/scr_stringlist.c	160	fixed-byte-access	listed-TU	ref = *(unsigned short *)(entry + 2) - 1;
src/PC/script/scr_stringlist.c	160	constant-pointer-arithmetic	listed-TU	ref = *(unsigned short *)(entry + 2) - 1;
src/PC/script/scr_stringlist.c	161	fixed-byte-access	listed-TU	*(unsigned short *)(entry + 2) = ref;
src/PC/script/scr_stringlist.c	161	constant-pointer-arithmetic	listed-TU	*(unsigned short *)(entry + 2) = ref;
src/PC/script/scr_stringlist.c	166	x86-only-width-guard	listed-TU	#if defined(_M_X64) || defined(__x86_64__)
src/PC/script/scr_stringlist.c	177	constant-pointer-arithmetic	listed-TU	esi = compute_hash_slot((const char *)(entry + 4), len);
src/PC/script/scr_stringlist.c	182	constant-pointer-arithmetic	listed-TU	MT_FreeIndex(stringValue, len + 4);
src/PC/script/scr_stringlist.c	184	x86-only-width-guard	listed-TU	#if defined(_M_X64) || defined(__x86_64__)
src/PC/script/scr_stringlist.c	202	small-integer-cast	listed-TU	SG_W1((unsigned int)oh) = (unsigned short)b; SG_W0(0) = (unsigned short)b;
src/PC/script/scr_stringlist.c	209	small-integer-cast	listed-TU	SG_W1((unsigned int)oh) = (unsigned short)nxt; SG_W0(0) = (unsigned short)nxt;
src/PC/script/scr_stringlist.c	220	small-integer-cast	listed-TU	chain_next_idx = (unsigned int)(SG_W0(esi) & 0x3fff);
src/PC/script/scr_stringlist.c	243	pointer-named-integer-field	listed-TU	unsigned int prev_idx;
src/PC/script/scr_stringlist.c	260	pointer-named-integer-field	listed-TU	unsigned int old_prev = prev_idx;
src/PC/script/scr_stringlist.c	262	small-integer-cast	listed-TU	chain_next_idx = (unsigned int)(hash_ptr[0] & 0x3fff);
src/PC/script/scr_stringlist.c	262	integer-cast-hash-or-key	listed-TU	chain_next_idx = (unsigned int)(hash_ptr[0] & 0x3fff);
src/PC/script/scr_stringlist.c	288	small-integer-cast	listed-TU	SG_W1((unsigned int)old_head) = (unsigned short)ecx_slot;
src/PC/script/scr_stringlist.c	303	small-integer-cast	listed-TU	ecx = (unsigned int)((unsigned char)(entry[0] - 1));
src/PC/script/scr_stringlist.c	305	constant-pointer-arithmetic	listed-TU	edx_ptr = entry + 4 + ecx;
src/PC/script/scr_stringlist.c	311	small-integer-cast	listed-TU	return (int)ecx;
src/PC/script/scr_stringlist.c	323	pointer-named-integer-field	listed-TU	unsigned int prev_idx;
src/PC/script/scr_stringlist.c	330	small-integer-cast	listed-TU	unsigned int flags = (unsigned int)(entry[0]) & 0xc000;
src/PC/script/scr_stringlist.c	337	small-integer-cast	listed-TU	stringValue = (unsigned int)entry[1];
src/PC/script/scr_stringlist.c	345	constant-pointer-arithmetic	listed-TU	if (memcmp(str, refEntry + 4, len) == 0) {
src/PC/script/scr_stringlist.c	353	small-integer-cast	listed-TU	unsigned int cur_link = (unsigned int)(entry[0]) & 0x3fff;
src/PC/script/scr_stringlist.c	372	small-integer-cast	listed-TU	sv2 = (unsigned int)newEntry_ptr[1];
src/PC/script/scr_stringlist.c	376	constant-pointer-arithmetic	listed-TU	if (memcmp(str, e2 + 4, len) == 0) {
src/PC/script/scr_stringlist.c	402	small-integer-cast	listed-TU	newEntry_idx = (unsigned int)(newEntry_ptr[0]) & 0x3fff;
src/PC/script/scr_stringlist.c	418	small-integer-cast	listed-TU	slen = (int)strlen(str) + 1;
src/PC/script/scr_stringlist.c	429	small-integer-cast	listed-TU	return SL_FindStringOfLen(newStr, (unsigned int)slen);
src/PC/script/scr_stringlist.c	434	small-integer-cast	listed-TU	unsigned int len = (unsigned int)strlen(str) + 1;
src/PC/script/scr_stringlist.c	456	small-integer-cast	listed-TU	unsigned int sw0_val = (unsigned int)SG_W0(hash);
src/PC/script/scr_stringlist.c	456	integer-cast-hash-or-key	listed-TU	unsigned int sw0_val = (unsigned int)SG_W0(hash);
src/PC/script/scr_stringlist.c	457	small-integer-cast	listed-TU	unsigned int sw1_val = (unsigned int)SG_W1(hash);
src/PC/script/scr_stringlist.c	457	integer-cast-hash-or-key	listed-TU	unsigned int sw1_val = (unsigned int)SG_W1(hash);
src/PC/script/scr_stringlist.c	464	pointer-named-integer-field	listed-TU	unsigned int sv_head = sw1_val;
src/PC/script/scr_stringlist.c	469	constant-pointer-arithmetic	listed-TU	if (memcmp(str, refEntry + 4, len) == 0) {
src/PC/script/scr_stringlist.c	474	fixed-byte-access	listed-TU	*(unsigned short *)(refEntry + 2) += 1;
src/PC/script/scr_stringlist.c	474	constant-pointer-arithmetic	listed-TU	*(unsigned short *)(refEntry + 2) += 1;
src/PC/script/scr_stringlist.c	476	small-integer-cast	listed-TU	sv_head = (unsigned int)entry_ptr[1];
src/PC/script/scr_stringlist.c	495	pointer-named-integer-field	listed-TU	unsigned int prev_sv = hash;
src/PC/script/scr_stringlist.c	507	small-integer-cast	listed-TU	node_sv = (unsigned int)cur_ptr[1];
src/PC/script/scr_stringlist.c	511	constant-pointer-arithmetic	listed-TU	byte *cmp_ptr = node_entry + 4;
src/PC/script/scr_stringlist.c	536	fixed-byte-access	listed-TU	*(unsigned short *)(node_entry + 2) += 1;
src/PC/script/scr_stringlist.c	536	constant-pointer-arithmetic	listed-TU	*(unsigned short *)(node_entry + 2) += 1;
src/PC/script/scr_stringlist.c	544	small-integer-cast	listed-TU	cur_idx = (unsigned int)(cur_ptr[0]) & 0x3fff;
src/PC/script/scr_stringlist.c	556	small-integer-cast	listed-TU	unsigned int newIndex = (unsigned int)SG_W0(0);
src/PC/script/scr_stringlist.c	565	small-integer-cast	listed-TU	newIndex = (unsigned int)SG_W0(0);
src/PC/script/scr_stringlist.c	568	constant-pointer-arithmetic	listed-TU	esi_sv = (unsigned int)MT_AllocIndex((int)(len + 4), type);
src/PC/script/scr_stringlist.c	568	small-integer-cast	listed-TU	esi_sv = (unsigned int)MT_AllocIndex((int)(len + 4), type);
src/PC/script/scr_stringlist.c	579	small-integer-cast	listed-TU	SG_W1((unsigned int)fh) = 0;
src/PC/script/scr_stringlist.c	602	small-integer-cast	listed-TU	unsigned int newIndex2 = (unsigned int)SG_W0(0);
src/PC/script/scr_stringlist.c	609	small-integer-cast	listed-TU	newIndex2 = (unsigned int)SG_W0(0);
src/PC/script/scr_stringlist.c	612	constant-pointer-arithmetic	listed-TU	esi_sv = (unsigned int)MT_AllocIndex((int)(len + 4), type);
src/PC/script/scr_stringlist.c	612	small-integer-cast	listed-TU	esi_sv = (unsigned int)MT_AllocIndex((int)(len + 4), type);
src/PC/script/scr_stringlist.c	615	small-integer-cast	listed-TU	unsigned int ecx2 = (unsigned int)entry_ptr[1];
src/PC/script/scr_stringlist.c	619	small-integer-cast	listed-TU	SG_W1((unsigned int)edx2) = (unsigned short)ecx2;
src/PC/script/scr_stringlist.c	628	pointer-named-integer-field	listed-TU	unsigned int next_idx = sw0_val & 0x3fff;
src/PC/script/scr_stringlist.c	634	small-integer-cast	listed-TU	cur_search = (unsigned int)(SG_W0(cur_search) & 0x3fff);
src/PC/script/scr_stringlist.c	643	small-integer-cast	listed-TU	unsigned int newIndex3 = (unsigned int)SG_W0(0);
src/PC/script/scr_stringlist.c	652	small-integer-cast	listed-TU	newIndex3 = (unsigned int)SG_W0(0);
src/PC/script/scr_stringlist.c	655	constant-pointer-arithmetic	listed-TU	esi_sv = (unsigned int)MT_AllocIndex((int)(len + 4), type);
src/PC/script/scr_stringlist.c	655	small-integer-cast	listed-TU	esi_sv = (unsigned int)MT_AllocIndex((int)(len + 4), type);
src/PC/script/scr_stringlist.c	662	small-integer-cast	listed-TU	SG_W1((unsigned int)freenext3) = 0;
src/PC/script/scr_stringlist.c	688	constant-pointer-arithmetic	listed-TU	memcpy(newMem + 4, str, len);
src/PC/script/scr_stringlist.c	690	fixed-byte-access	listed-TU	*(unsigned short *)(newMem + 2) = 1;
src/PC/script/scr_stringlist.c	690	constant-pointer-arithmetic	listed-TU	*(unsigned short *)(newMem + 2) = 1;
src/PC/script/scr_stringlist.c	703	small-integer-cast	listed-TU	slen = (int)strlen(str) + 1;
src/PC/script/scr_stringlist.c	705	small-integer-cast	listed-TU	if ((unsigned int)slen > 0x2000) {
src/PC/script/scr_stringlist.c	712	small-integer-cast	listed-TU	while ((unsigned int)i < (unsigned int)slen) {
src/PC/script/scr_stringlist.c	718	small-integer-cast	listed-TU	return SL_GetStringOfLen(newStr, user, (unsigned int)slen, type);
src/PC/script/scr_stringlist.c	723	small-integer-cast	listed-TU	unsigned int len = (unsigned int)strlen(str) + 1;
src/PC/script/scr_stringlist.c	733	small-integer-cast	listed-TU	ecx_len = (unsigned int)((unsigned char)(entry[0] - 1));
src/PC/script/scr_stringlist.c	735	constant-pointer-arithmetic	listed-TU	byte *p = entry + 4 + ecx_len;
src/PC/script/scr_stringlist.c	762	small-integer-cast	listed-TU	sv = (unsigned int)entry_ptr[1];
src/PC/script/scr_stringlist.c	784	fixed-byte-access	listed-TU	*(unsigned short *)(base + from * 8 + 2) += 1;
src/PC/script/scr_stringlist.c	788	small-integer-cast	listed-TU	SL_RemoveRefToString((unsigned int)*to);
src/PC/script/scr_stringlist.c	800	pointer-named-integer-field	listed-TU	unsigned int ecx_prev;
src/PC/script/scr_stringlist.c	806	small-integer-cast	listed-TU	ecx_prev = (unsigned int)((unsigned char)(entry[0] - 1));
src/PC/script/scr_stringlist.c	808	constant-pointer-arithmetic	listed-TU	byte *p = entry + 4 + ecx_prev;
src/PC/script/scr_stringlist.c	814	constant-pointer-arithmetic	listed-TU	esi_len = ecx_prev + 1;
src/PC/script/scr_stringlist.c	820	constant-pointer-arithmetic	listed-TU	str_ptr = (const char *)(entry + 4);
src/PC/script/scr_stringlist.c	853	small-integer-cast	listed-TU	sv = (unsigned int)entry_ptr[1];
src/PC/script/scr_stringlist.c	887	small-integer-cast	listed-TU	sv2 = (unsigned int)SG_W1(idx);
src/PC/script/scr_stringlist.c	893	fixed-byte-access	listed-TU	*(unsigned short *)(mem2 + 2) = 1;
src/PC/script/scr_stringlist.c	893	constant-pointer-arithmetic	listed-TU	*(unsigned short *)(mem2 + 2) = 1;
src/PC/script/scr_stringlist.c	901	fixed-byte-access	listed-TU	*(unsigned short *)(mem2 + 2) = 0;
src/PC/script/scr_stringlist.c	901	constant-pointer-arithmetic	listed-TU	*(unsigned short *)(mem2 + 2) = 0;
src/PC/script/scr_stringlist.c	905	small-integer-cast	listed-TU	unsigned int ecx3 = (unsigned int)((unsigned char)(mem2[0] - 1));
src/PC/script/scr_stringlist.c	907	constant-pointer-arithmetic	listed-TU	byte *pp3 = mem2 + 4 + ecx3;
src/PC/script/scr_stringlist.c	917	constant-pointer-arithmetic	listed-TU	byte *str_ptr3 = mem2 + 4;
src/PC/script/scr_stringlist.c	934	constant-pointer-arithmetic	listed-TU	MT_FreeIndex(sv2, len3 + 4);
src/PC/script/scr_stringlist.c	936	small-integer-cast	listed-TU	esi3_chain = (unsigned int)(SG_W0(hash3) & 0x3fff);
src/PC/script/scr_stringlist.c	936	integer-cast-hash-or-key	listed-TU	esi3_chain = (unsigned int)(SG_W0(hash3) & 0x3fff);
src/PC/script/scr_stringlist.c	946	small-integer-cast	listed-TU	SG_W1((unsigned int)old_h3) = (unsigned short)hash3;
src/PC/script/scr_stringlist.c	946	integer-cast-hash-or-key	listed-TU	SG_W1((unsigned int)old_h3) = (unsigned short)hash3;
src/PC/script/scr_stringlist.c	958	small-integer-cast	listed-TU	SG_W1((unsigned int)old_h4) = (unsigned short)esi3_chain;
src/PC/script/scr_stringlist.c	963	pointer-named-integer-field	listed-TU	unsigned int esi3_prev;
src/PC/script/scr_stringlist.c	975	small-integer-cast	listed-TU	SG_W1((unsigned int)old_h5) = (unsigned short)esi3_chain;
src/PC/script/scr_stringlist.c	980	small-integer-cast	listed-TU	unsigned int ebx3w = (unsigned int)(ecx3_hash[0] & 0x3fff);
src/PC/script/scr_stringlist.c	980	integer-cast-hash-or-key	listed-TU	unsigned int ebx3w = (unsigned int)(ecx3_hash[0] & 0x3fff);
src/PC/script/scr_stringlist.c	987	small-integer-cast	listed-TU	ebx3w = (unsigned int)(ecx3w[0] & 0x3fff);
src/PC/script/scr_stringlist.c	998	small-integer-cast	listed-TU	SG_W1((unsigned int)old_h6) = (unsigned short)ebx3w;
src/PC/script/scr_stringlist.c	1019	small-integer-cast	listed-TU	unsigned int sv3 = (unsigned int)SG_W1(i2);
src/PC/script/scr_stringlist.c	1031	constant-pointer-arithmetic	listed-TU	s3 = (const char *)(mem3 + 4);
src/PC/script/scr_stringlist.c	1035	small-integer-cast	listed-TU	sz3 = (unsigned int)strlen(s3) + 1 + 4;
src/PC/script/scr_stringlist.c	1037	small-integer-cast	listed-TU	MT_ForceAllocIndex(allocBits, sv3, (int)sz3);
src/PC/script/scr_stringlist.c	1052	pointer-named-integer-field	listed-TU	unsigned int edx_prev = 0;
src/PC/script/scr_stringlist.c	1055	pointer-named-integer-field	listed-TU	unsigned int eax_next;
src/PC/script/scr_stringlist.c	1063	fixed-byte-access	listed-TU	*(unsigned short *)((char *)&scrStringGlob + ebx_off + 2) = (unsigned short)edx_prev;
src/PC/script/scr_stringlist.c	1063	constant-pointer-arithmetic	listed-TU	*(unsigned short *)((char *)&scrStringGlob + ebx_off + 2) = (unsigned short)edx_prev;
src/PC/script/scr_stringlist.c	1065	constant-pointer-arithmetic	listed-TU	eax_next = ecx_cur + 1;
src/PC/script/scr_stringlist.c	1076	fixed-byte-access	listed-TU	*(unsigned short *)((char *)&scrStringGlob + 2) = (unsigned short)ecx_cur;
src/PC/script/scr_stringlist.c	1076	constant-pointer-arithmetic	listed-TU	*(unsigned short *)((char *)&scrStringGlob + 2) = (unsigned short)ecx_cur;
src/PC/script/scr_stringlist.c	1086	small-integer-cast	listed-TU	unsigned int len = (unsigned int)strlen(s) + 1;
src/PC/script/scr_stringlist.c	1092	small-integer-cast	listed-TU	unsigned int len = (unsigned int)strlen(str) + 1;
src/PC/script/scr_stringlist.c	1102	small-integer-cast	listed-TU	len = (unsigned int)strlen(tempString) + 1;
src/PC/script/scr_stringlist.c	1112	small-integer-cast	listed-TU	len = (unsigned int)strlen(tempString) + 1;
src/PC/script/scr_stringlist.c	1122	small-integer-cast	listed-TU	len = (unsigned int)strlen(tempString) + 1;
src/PC/script/scr_stringlist.c	1135	small-integer-cast	listed-TU	c = (int)(unsigned char)*src++;
src/PC/script/scr_stringlist.c	1140	small-integer-cast	listed-TU	if ((unsigned int)c <= 0x1f) {
src/PC/script/scr_stringlist.c	1167	small-integer-cast	listed-TU	c = (int)(unsigned char)*src++;
src/PC/script/scr_stringlist.c	1175	small-integer-cast	listed-TU	unsigned int len = (unsigned int)strlen(newFilename) + 1;
src/PC/script/scr_tempmemory.c	55	small-integer-cast	listed-TU	currentPos -= (int)(base - pos);
src/PC/script/scr_variable.c	34	fixed-byte-access	listed-TU	#define VG_PREV(id) (*(unsigned short *)((byte *)scrVarGlob + (id) * 16 + 2))
src/PC/script/scr_variable.c	35	fixed-byte-access	listed-TU	#define VG_U16(id) (*(unsigned short *)((byte *)scrVarGlob + (id) * 16 + 4))
src/PC/script/scr_variable.c	36	fixed-byte-access	listed-TU	#define VG_U32(id) (*(unsigned int *)((byte *)scrVarGlob + (id) * 16 + 4))
src/PC/script/scr_variable.c	37	fixed-byte-access	listed-TU	#define VG_STATUS(id) (*(unsigned int *)((byte *)scrVarGlob + (id) * 16 + 8))
src/PC/script/scr_variable.c	38	fixed-byte-access	listed-TU	#define VG_NEXT(id) (*(unsigned short *)((byte *)scrVarGlob + (id) * 16 + 12))
src/PC/script/scr_variable.c	39	fixed-byte-access	listed-TU	#define VG_NEXT_SIBLING(id) (*(unsigned short *)((byte *)scrVarGlob + (id) * 16 + 14))
src/PC/script/scr_variable.c	40	fixed-byte-access	listed-TU	#define VG_SIBLING(id) (*(unsigned short *)((byte *)scrVarGlob + (id) * 16 + 6))
src/PC/script/scr_variable.c	268	pointer-named-integer-field	listed-TU	unsigned int prev;
src/PC/script/scr_variable.c	291	pointer-named-integer-field	listed-TU	unsigned int next;
src/PC/script/scr_variable.c	329	pointer-named-integer-field	listed-TU	unsigned int nextSiblingIndex;
src/PC/script/scr_variable.c	330	pointer-named-integer-field	listed-TU	unsigned int previousSiblingId;
src/PC/script/scr_variable.c	331	pointer-named-integer-field	listed-TU	unsigned int freeHead;
src/PC/script/scr_variable.c	392	fixed-byte-access	listed-TU	int count1 = *(int *)((byte *)threadInfo1 + 0x80);
src/PC/script/scr_variable.c	392	constant-pointer-arithmetic	listed-TU	int count1 = *(int *)((byte *)threadInfo1 + 0x80);
src/PC/script/scr_variable.c	393	fixed-byte-access	listed-TU	int count2 = *(int *)((byte *)threadInfo2 + 0x80);
src/PC/script/scr_variable.c	393	constant-pointer-arithmetic	listed-TU	int count2 = *(int *)((byte *)threadInfo2 + 0x80);
src/PC/script/scr_variable.c	417	pointer-named-integer-field	listed-TU	unsigned int nextSiblingIndex;
src/PC/script/scr_variable.c	439	pointer-named-integer-field	listed-TU	unsigned int freeHead = VG_U16(0);
src/PC/script/scr_variable.c	524	fixed-byte-access	listed-TU	return *(unsigned short *)((byte *)scrVarGlob + startLocalId * 16 + 9);
src/PC/script/scr_variable.c	634	pointer-named-integer-field	listed-TU	unsigned int prevSiblingIndex;
src/PC/script/scr_variable.c	635	pointer-named-integer-field	listed-TU	unsigned int nextSiblingIndex;
src/PC/script/scr_variable.c	636	pointer-named-integer-field	listed-TU	unsigned int freeHead;
src/PC/script/scr_variable.c	671	constant-pointer-arithmetic	listed-TU	return (unsignedValue + 0x7e0002) <= 0xfe0001;
src/PC/script/scr_variable.c	676	constant-pointer-arithmetic	listed-TU	return (unsignedValue + 0x800000) & 0xffffff;
src/PC/script/scr_variable.c	745	fixed-byte-access	listed-TU	unsigned int classnum = *(unsigned short *)((byte *)entry + 9);
src/PC/script/scr_variable.c	745	constant-pointer-arithmetic	listed-TU	unsigned int classnum = *(unsigned short *)((byte *)entry + 9);
src/PC/script/scr_variable.c	756	constant-pointer-arithmetic	listed-TU	for (pos = scrVarPub.fieldBuffer; *pos; pos += len + 3) {
src/PC/script/scr_variable.c	784	fixed-byte-access	listed-TU	notifyName = *(unsigned short *)((byte *)scrVarGlob + startLocalId * 16 + 9);
src/PC/script/scr_variable.c	788	fixed-byte-access	listed-TU	*(unsigned int *)(entry + 8) = (*(unsigned int *)(entry + 8) & 0xffffffe0) | 0xf;
src/PC/script/scr_variable.c	788	constant-pointer-arithmetic	listed-TU	*(unsigned int *)(entry + 8) = (*(unsigned int *)(entry + 8) & 0xffffffe0) | 0xf;
src/PC/script/scr_variable.c	805	fixed-byte-access	listed-TU	*(unsigned short *)(vp - 4) += 1;
src/PC/script/scr_variable.c	819	constant-pointer-arithmetic	listed-TU	float *vec = (float *)(mem + 4);
src/PC/script/scr_variable.c	843	small-integer-cast	listed-TU	return (int)VG_U32(valueId);
src/PC/script/scr_variable.c	848	constant-pointer-arithmetic	listed-TU	unsigned int name = ((unsigned int)entnum + 0x800000) & 0xffffff;
src/PC/script/scr_variable.c	848	small-integer-cast	listed-TU	unsigned int name = ((unsigned int)entnum + 0x800000) & 0xffffff;
src/PC/script/scr_variable.c	861	constant-pointer-arithmetic	listed-TU	((unsigned int)intValue + 0x800000) & 0xffffff);
src/PC/script/scr_variable.c	861	small-integer-cast	listed-TU	((unsigned int)intValue + 0x800000) & 0xffffff);
src/PC/script/scr_variable.c	862	small-integer-cast	listed-TU	return (unsigned int)VG_ID(bucket);
src/PC/script/scr_variable.c	868	small-integer-cast	listed-TU	return (unsigned int)VG_ID(bucket);
src/PC/script/scr_variable.c	875	small-integer-cast	listed-TU	return (unsigned int)VG_ID(bucket);
src/PC/script/scr_variable.c	912	constant-pointer-arithmetic	listed-TU	fileBuffer = (char *)Hunk_AllocateTempMemoryHighInternal(len + 1);
src/PC/script/scr_variable.c	967	constant-pointer-arithmetic	listed-TU	int lenWithNul = nameLen + 1;
src/PC/script/scr_variable.c	968	constant-pointer-arithmetic	listed-TU	int entrySize = lenWithNul + 3;
src/PC/script/scr_variable.c	969	constant-pointer-arithmetic	listed-TU	char *entry = TempMalloc(entrySize + 1);
src/PC/script/scr_variable.c	1002	small-integer-cast	listed-TU	return ((unsigned long long)type << 32) | (unsigned int)u.intValue;
src/PC/script/scr_variable.c	1012	pointer-named-integer-field	listed-TU	unsigned int oldNext = VG_NEXT_SIBLING(parentId);
src/PC/script/scr_variable.c	1030	small-integer-cast	listed-TU	return (unsigned int)(((const byte *)entry - (const byte *)scrVarGlob) >> 4);
src/PC/script/scr_variable.c	1054	pointer-named-integer-field	listed-TU	unsigned int prevFreeIndex = VG_PREV(freeIndex);
src/PC/script/scr_variable.c	1064	pointer-named-integer-field	listed-TU	unsigned int nextFreeIndex;
src/PC/script/scr_variable.c	1084	pointer-named-integer-field	listed-TU	unsigned int previousValueId = VG_ID(entryValue->v.next);
src/PC/script/scr_variable.c	1259	constant-pointer-arithmetic	listed-TU	unsigned int name = id + 0x10000;
src/PC/script/scr_variable.c	1261	pointer-named-integer-field	listed-TU	unsigned int previousIndex = VG_PREV(VG_NEXT_SIBLING(parentId));
src/PC/script/scr_variable.c	1276	constant-pointer-arithmetic	listed-TU	unsigned int name = id + 0x10000;
src/PC/script/scr_variable.c	1297	small-integer-cast	listed-TU	if (SetEntityFieldValue(classnum, VG_SIBLING(entId), (int)VG_U32(fieldId), value))
src/PC/script/scr_variable.c	1389	x86-only-width-guard	listed-TU	#if defined(__x86_64__) || defined(_M_X64)
src/PC/script/scr_variable.c	1410	small-integer-cast	listed-TU	unsigned int name = GetInternalVariableIndex_core((unsigned int)entnum);
src/PC/script/scr_variable.c	1441	small-integer-cast	listed-TU	if (!IsValidArrayIndex((unsigned int)intValue)) {
src/PC/script/scr_variable.c	1446	small-integer-cast	listed-TU	return GetArrayVariable(parentId, (unsigned int)intValue);
src/PC/script/scr_variable.c	1471	small-integer-cast	listed-TU	int type = (int)(VG_STATUS(parentId) & SCRVL_VAR_MASK);
src/PC/script/scr_variable.c	1575	fixed-byte-access	listed-TU	(*(unsigned short *)((byte *)VG_U32(id) - 4))++;
src/PC/script/scr_variable.c	1708	pointer-named-integer-field	listed-TU	unsigned int entryPrevIndex = entry->hash.u.prev;
src/PC/script/scr_variable.c	1709	pointer-named-integer-field	listed-TU	unsigned int entryNextSiblingIndex = entryValue->nextSibling;
src/PC/script/scr_variable.c	1710	pointer-named-integer-field	listed-TU	unsigned int swapPrevIndex = swapEntry->hash.u.prev;
src/PC/script/scr_variable.c	1711	pointer-named-integer-field	listed-TU	unsigned int swapNextSiblingIndex = swapValue->nextSibling;
src/PC/script/scr_variable.c	1732	pointer-named-integer-field	listed-TU	unsigned int nextIndex = scanValue->v.index;
src/PC/script/scr_variable.c	1824	small-integer-cast	listed-TU	if ((unsigned int)offset > 2) {
src/PC/script/scr_variable.c	1850	small-integer-cast	listed-TU	if (IsValidArrayIndex((unsigned int)intValue)) {
src/PC/script/scr_variable.c	1867	small-integer-cast	listed-TU	index->u.intValue = (unsigned int)result;
src/PC/script/scr_variable.c	1868	small-integer-cast	listed-TU	index->type = (int)(result >> 32);
src/PC/script/scr_variable.c	1907	small-integer-cast	listed-TU	result = GetEntityFieldValue(classnum, VG_SIBLING(entId), (int)VG_U32(VG_ID(fieldIndex)));
src/PC/script/scr_variable.c	1908	small-integer-cast	listed-TU	value = (unsigned int)result;
src/PC/script/scr_variable.c	1909	small-integer-cast	listed-TU	type = (unsigned int)(result >> 32);
src/PC/script/scr_variable.c	2095	small-integer-cast	listed-TU	name = GetInternalVariableIndex_core((unsigned int)entnum);
src/PC/script/scr_variable.c	2114	constant-pointer-arithmetic	listed-TU	RemoveVariable(parentId, id + 0x10000);
src/PC/script/scr_variable.c	2133	constant-pointer-arithmetic	listed-TU	VariableValue *clearValue = value + 1;
src/PC/script/scr_variable.c	2136	small-integer-cast	listed-TU	SetEntityFieldValue(classnum, VG_SIBLING(parentId), (int)VG_U32(fieldId), clearValue);
src/PC/script/scr_variable.c	2267	small-integer-cast	listed-TU	unsigned long long result = GetEntityFieldValue(classnum, VG_SIBLING(entId), (int)offset);
src/PC/script/scr_variable.c	2268	small-integer-cast	listed-TU	unsigned int value = (unsigned int)result;
src/PC/script/scr_variable.c	2269	small-integer-cast	listed-TU	unsigned int valueType = (unsigned int)(result >> 32);
src/PC/script/scr_variable.c	2295	small-integer-cast	listed-TU	SetEntityFieldValue(classnum, VG_SIBLING(entId), (int)offset, &newValue);
src/PC/script/scr_variable.c	2639	constant-pointer-arithmetic	listed-TU	int totalLen = lhsLen + rhsLen + 1;
src/PC/script/scr_variable.c	2654	small-integer-cast	listed-TU	value1->u.stringValue = SL_GetStringOfLen(tempString, 0, (unsigned int)totalLen, 0xe);
src/PC/script/scr_variable.c	2704	small-integer-cast	listed-TU	value1->u.intValue = (int)((unsigned int)value1->u.intValue << value2->u.intValue);
src/PC/script/scr_variable.c	3102	constant-pointer-arithmetic	listed-TU	VariableValue *errStart = (VariableValue *)((byte *)value + 16);
src/PC/script/scr_variable.c	3103	constant-pointer-arithmetic	listed-TU	int *typePtr = (int *)((byte *)value + 0x14);
src/PC/script/scr_variable.c	3112	fixed-byte-access	listed-TU	*dst = *(float *)((byte *)typePtr - 4);
src/PC/script/scr_variable.c	3114	fixed-byte-access	listed-TU	*dst = (float)*(int *)((byte *)typePtr - 4);
src/PC/script/scr_variable.c	3152	pointer-named-integer-field	listed-TU	unsigned int prevSiblingIndex;
src/PC/script/scr_variable.c	3153	pointer-named-integer-field	listed-TU	unsigned int nextSiblingIndex;
src/PC/script/scr_variable.c	3154	pointer-named-integer-field	listed-TU	unsigned int freeHead;
src/PC/script/scr_variable.c	3221	small-integer-cast	listed-TU	if (!IsValidArrayIndex((unsigned int)value->u.intValue)) {
src/PC/script/scr_variable.c	3226	small-integer-cast	listed-TU	name = GetInternalVariableIndex_core((unsigned int)value->u.intValue);
src/PC/script/scr_vm.c	18	small-integer-cast	listed-TU	return (unsigned int)((struct scrCompilePub_t *)imp_scrCompilePub)->programLen;
src/PC/script/scr_vm.c	295	small-integer-cast	listed-TU	#define VM_STACKBUF_HEADER_SIZE ((unsigned)offsetof(VariableStackBuffer, buf)) /* 0x0b on x86; 0x0f on x64 (pos is 8 bytes) */
src/PC/script/scr_vm.c	307	pointer-named-integer-field	listed-TU	static unsigned int vmLocalVarArchiveNext;
src/PC/script/scr_vm.c	446	fixed-byte-access	listed-TU	*(unsigned int *)(scrVmGlob + 24) = (unsigned int)(tsc >> 2);
src/PC/script/scr_vm.c	446	constant-pointer-arithmetic	listed-TU	*(unsigned int *)(scrVmGlob + 24) = (unsigned int)(tsc >> 2);
src/PC/script/scr_vm.c	446	small-integer-cast	listed-TU	*(unsigned int *)(scrVmGlob + 24) = (unsigned int)(tsc >> 2);
src/PC/script/scr_vm.c	453	small-integer-cast	listed-TU	(unsigned int)((uint64_t)now.tv_sec * 1000 + now.tv_nsec / 1000000);
src/PC/script/scr_vm.c	455	fixed-byte-access	listed-TU	*(unsigned int *)(scrVmGlob + 24) = 0;
src/PC/script/scr_vm.c	455	constant-pointer-arithmetic	listed-TU	*(unsigned int *)(scrVmGlob + 24) = 0;
src/PC/script/scr_vm.c	486	constant-pointer-arithmetic	listed-TU	unsigned int *base = (unsigned int *)(scrVmGlob + 24);
src/PC/script/scr_vm.c	487	pointer-named-integer-field	listed-TU	unsigned int previousFrameLocals = 0;
src/PC/script/scr_vm.c	492	constant-pointer-arithmetic	listed-TU	for (frameIndex = 0; frameIndex + 1 < (unsigned int)scrVmPub.function_count; frameIndex++) {
src/PC/script/scr_vm.c	492	small-integer-cast	listed-TU	for (frameIndex = 0; frameIndex + 1 < (unsigned int)scrVmPub.function_count; frameIndex++) {
src/PC/script/scr_vm.c	501	small-integer-cast	listed-TU	return (unsigned int)(scrVmPub.localVars - frameBase);
src/PC/script/scr_vm.c	530	constant-pointer-arithmetic	listed-TU	(unsigned short)scrVmPub.localVars[(int)i + 1 - (int)cacheCount];
src/PC/script/scr_vm.c	530	small-integer-cast	listed-TU	(unsigned short)scrVmPub.localVars[(int)i + 1 - (int)cacheCount];
src/PC/script/scr_vm.c	540	small-integer-cast	listed-TU	unsigned int valueBytes = (unsigned int)size * VM_STACKBUF_VALUE_SIZE;
src/PC/script/scr_vm.c	542	small-integer-cast	listed-TU	VariableStackBuffer *stackValue = (VariableStackBuffer *)MT_Alloc((int)bufLen, 1);
src/PC/script/scr_vm.c	560	small-integer-cast	listed-TU	for (i = 0; i < (int)VM_LOCAL_ARCHIVE_SLOTS; i++) {
src/PC/script/scr_vm.c	587	x86-only-width-guard	listed-TU	#if defined(__x86_64__) || defined(_M_X64)
src/PC/script/scr_vm.c	589	fixed-byte-access	listed-TU	*(unsigned int *)(record + 1) =
src/PC/script/scr_vm.c	589	constant-pointer-arithmetic	listed-TU	*(unsigned int *)(record + 1) =
src/PC/script/scr_vm.c	592	fixed-byte-access	listed-TU	*(const char **)(record + 1) = scrVmPub.function_frame->fs.pos;
src/PC/script/scr_vm.c	592	constant-pointer-arithmetic	listed-TU	*(const char **)(record + 1) = scrVmPub.function_frame->fs.pos;
src/PC/script/scr_vm.c	597	fixed-byte-access	listed-TU	*(int *)(record + 1) = value->u.intValue;
src/PC/script/scr_vm.c	597	constant-pointer-arithmetic	listed-TU	*(int *)(record + 1) = value->u.intValue;
src/PC/script/scr_vm.c	623	small-integer-cast	listed-TU	u.intValue = *(int *)(buf - sizeof(int));
src/PC/script/scr_vm.c	649	small-integer-cast	listed-TU	timeArray = GetArray(GetVariable(varPub->timeArrayId, (unsigned int)varPub->time));
src/PC/script/scr_vm.c	680	small-integer-cast	listed-TU	u.intValue = *(int *)(buf - sizeof(int));
src/PC/script/scr_vm.c	922	constant-pointer-arithmetic	listed-TU	SetNewVariableValue(varId, scrVmPub.top + 1);
src/PC/script/scr_vm.c	935	fixed-byte-access	listed-TU	parentId = *(unsigned int *)(top - 8);
src/PC/script/scr_vm.c	937	constant-pointer-arithmetic	listed-TU	SetNewVariableValue(varId, (VariableValue *)((byte *)scrVmPub.top + 8));
src/PC/script/scr_vm.c	948	fixed-byte-access	listed-TU	*(int *)(scrVmGlob + 4) = 0;
src/PC/script/scr_vm.c	948	constant-pointer-arithmetic	listed-TU	*(int *)(scrVmGlob + 4) = 0;
src/PC/script/scr_vm.c	983	constant-pointer-arithmetic	listed-TU	scrVmPub.localVars = (unsigned int *)(scrVmGlob + 24);
src/PC/script/scr_vm.c	987	fixed-byte-access	listed-TU	*(int *)(scrVmGlob + 16) = 0;
src/PC/script/scr_vm.c	987	constant-pointer-arithmetic	listed-TU	*(int *)(scrVmGlob + 16) = 0;
src/PC/script/scr_vm.c	1001	fixed-byte-access	listed-TU	*(int *)(scrVmGlob + 20) = 0;
src/PC/script/scr_vm.c	1001	constant-pointer-arithmetic	listed-TU	*(int *)(scrVmGlob + 20) = 0;
src/PC/script/scr_vm.c	1021	constant-pointer-arithmetic	listed-TU	const byte *next = scan + 1;
src/PC/script/scr_vm.c	1189	constant-pointer-arithmetic	listed-TU	next = pos + 1;
src/PC/script/scr_vm.c	1198	x86-only-width-guard	listed-TU	#if defined(__x86_64__) || defined(_M_X64)
src/PC/script/scr_vm.c	1218	x86-only-width-guard	listed-TU	#if defined(__x86_64__) || defined(_M_X64)
src/PC/script/scr_vm.c	1266	constant-pointer-arithmetic	listed-TU	next = pos + 2;
src/PC/script/scr_vm.c	1302	constant-pointer-arithmetic	listed-TU	next = pos + 3;
src/PC/script/scr_vm.c	1307	constant-pointer-arithmetic	listed-TU	next = pos + 4;
src/PC/script/scr_vm.c	1319	constant-pointer-arithmetic	listed-TU	next = pos + 5;
src/PC/script/scr_vm.c	1325	constant-pointer-arithmetic	listed-TU	next = pos + 9;
src/PC/script/scr_vm.c	1329	constant-pointer-arithmetic	listed-TU	next = pos + 13;
src/PC/script/scr_vm.c	1340	constant-pointer-arithmetic	listed-TU	next = pos + 3;
src/PC/script/scr_vm.c	1353	constant-pointer-arithmetic	listed-TU	next = pos + 3;
src/PC/script/scr_vm.c	1360	constant-pointer-arithmetic	listed-TU	return next + 4 + jumpOffset;
src/PC/script/scr_vm.c	1363	constant-pointer-arithmetic	listed-TU	return next + 2 - *(const unsigned short *)next;
src/PC/script/scr_vm.c	1367	constant-pointer-arithmetic	listed-TU	next = next + 4 + jumpOffset;
src/PC/script/scr_vm.c	1383	x86-only-width-guard	listed-TU	#if defined(__x86_64__) || defined(_M_X64)
src/PC/script/scr_vm.c	1384	fixed-byte-access	listed-TU	const char *caseCodePos = SCR_CODEPOS_PTR(*(const unsigned int *)(next + 4));
src/PC/script/scr_vm.c	1384	constant-pointer-arithmetic	listed-TU	const char *caseCodePos = SCR_CODEPOS_PTR(*(const unsigned int *)(next + 4));
src/PC/script/scr_vm.c	1386	fixed-byte-access	listed-TU	const char *caseCodePos = *(const char *const *)(next + 4);
src/PC/script/scr_vm.c	1386	constant-pointer-arithmetic	listed-TU	const char *caseCodePos = *(const char *const *)(next + 4);
src/PC/script/scr_vm.c	1396	constant-pointer-arithmetic	listed-TU	return next + 2 + 8 * *(const unsigned short *)next;
src/PC/script/scr_vm.c	1435	constant-pointer-arithmetic	listed-TU	unsigned int localId = scrVmPub.function_frame_start[scan + 1].fs.localId;
src/PC/script/scr_vm.c	1507	small-integer-cast	listed-TU	if (!GetArraySize(id) && time != (unsigned int)varPub->time) {
src/PC/script/scr_vm.c	1521	small-integer-cast	listed-TU	byte *buf = (byte *)stackValue->buf + ((int)stackValue->size - needed) * VM_STACKBUF_VALUE_SIZE;
src/PC/script/scr_vm.c	1540	fixed-byte-access	listed-TU	savedValue.u.intValue = *(int *)(buf + 1);
src/PC/script/scr_vm.c	1540	constant-pointer-arithmetic	listed-TU	savedValue.u.intValue = *(int *)(buf + 1);
src/PC/script/scr_vm.c	1548	constant-pointer-arithmetic	listed-TU	RuntimeError(pos, (unsigned int)(matchIndex + 4), varPub->error_message,
src/PC/script/scr_vm.c	1548	small-integer-cast	listed-TU	RuntimeError(pos, (unsigned int)(matchIndex + 4), varPub->error_message,
src/PC/script/scr_vm.c	1592	constant-pointer-arithmetic	listed-TU	firstValue = scan + 1;
src/PC/script/scr_vm.c	1597	small-integer-cast	listed-TU	VariableStackBuffer *newStackValue = (VariableStackBuffer *)MT_Alloc((int)newBufLen, 1);
src/PC/script/scr_vm.c	1617	fixed-byte-access	listed-TU	*(int *)(dst + 1) = value->u.intValue;
src/PC/script/scr_vm.c	1617	constant-pointer-arithmetic	listed-TU	*(int *)(dst + 1) = value->u.intValue;
src/PC/script/scr_vm.c	1638	small-integer-cast	listed-TU	waitArray = GetArray(GetVariable(varPub->timeArrayId, (unsigned int)varPub->time));
src/PC/script/scr_vm.c	1645	small-integer-cast	listed-TU	startLocalId, (unsigned int)varPub->time, varPub->pauseArrayId,
src/PC/script/scr_vm.c	1834	fixed-byte-access	listed-TU	if (varPub->developer && *(int *)(scrVmGlob + 20))
src/PC/script/scr_vm.c	1834	constant-pointer-arithmetic	listed-TU	if (varPub->developer && *(int *)(scrVmGlob + 20))
src/PC/script/scr_vm.c	1846	constant-pointer-arithmetic	listed-TU	"Scr_SetErrorMessageAndJump(va(""parameter %d does not exist"", index + 1));"
src/PC/script/scr_vm.c	1858	constant-pointer-arithmetic	listed-TU	"Scr_SetErrorMessageAndJump(va(""parameter %d does not exist"", index + 1));"
src/PC/script/scr_vm.c	1864	constant-pointer-arithmetic	listed-TU	((struct scrVarPub_t *)imp_scrVarPub)->error_index = index + 1;
src/PC/script/scr_vm.c	1865	constant-pointer-arithmetic	listed-TU	"Scr_SetErrorMessageAndJump(va(""parameter %d does not exist"", index + 1));"
src/PC/script/scr_vm.c	1874	constant-pointer-arithmetic	listed-TU	((struct scrVarPub_t *)imp_scrVarPub)->error_index = index + 1;
src/PC/script/scr_vm.c	1905	constant-pointer-arithmetic	listed-TU	((struct scrVarPub_t *)imp_scrVarPub)->error_index = index + 1;
src/PC/script/scr_vm.c	1922	constant-pointer-arithmetic	listed-TU	"Scr_SetErrorMessageAndJump(va(""parameter %d does not exist"", index + 1));"
src/PC/script/scr_vm.c	1938	constant-pointer-arithmetic	listed-TU	"Scr_SetErrorMessageAndJump(va(""parameter %d does not exist"", index + 1));"
src/PC/script/scr_vm.c	1948	constant-pointer-arithmetic	listed-TU	"Scr_SetErrorMessageAndJump(va(""parameter %d does not exist"", index + 1));"
src/PC/script/scr_vm.c	1980	constant-pointer-arithmetic	listed-TU	"Scr_SetErrorMessageAndJump(va(""parameter %d does not exist"", index + 1));"
src/PC/script/scr_vm.c	1992	constant-pointer-arithmetic	listed-TU	((struct scrVarPub_t *)imp_scrVarPub)->error_index = index + 1;
src/PC/script/scr_vm.c	2082	small-integer-cast	listed-TU	unsigned int i = (unsigned int)dbg_op_ring_idx & 31u;
src/PC/script/scr_vm.c	2083	small-integer-cast	listed-TU	dbg_op_ring[i * 2u] = (unsigned int)(uintptr_t)pos;
src/PC/script/scr_vm.c	2131	constant-pointer-arithmetic	listed-TU	"""movl %edi, dbg_op_ring+4(, %eax, 8)\n"""
src/PC/script/scr_vm.c	2153	constant-pointer-arithmetic	listed-TU	"""movl %edi, dbg_op_ring+4(, %eax, 8)\n"""
src/PC/script/scr_vm.c	2163	constant-pointer-arithmetic	listed-TU	"""movl scrVmPub+12, %ecx\n"""
src/PC/script/scr_vm.c	2170	constant-pointer-arithmetic	listed-TU	"""movl %eax, scrVmPub+28\n"""
src/PC/script/scr_vm.c	2175	constant-pointer-arithmetic	listed-TU	"""movl %eax, scrVmPub+16\n"""
src/PC/script/scr_vm.c	2211	constant-pointer-arithmetic	listed-TU	"""cmpb $0, scrVmPub+22\n"""
src/PC/script/scr_vm.c	2241	constant-pointer-arithmetic	listed-TU	"""movl %eax, scrVmGlob+24\n"""
src/PC/script/scr_vm.c	2292	constant-pointer-arithmetic	listed-TU	"""movl scrVmPub+12, %edx\n"""
src/PC/script/scr_vm.c	2310	constant-pointer-arithmetic	listed-TU	"""movl %eax, scrVmPub+28\n"""
src/PC/script/scr_vm.c	2314	constant-pointer-arithmetic	listed-TU	"""movl %eax, scrVmPub+16\n"""
src/PC/script/scr_vm.c	2321	constant-pointer-arithmetic	listed-TU	"""movl scrVmPub+12, %edx\n"""
src/PC/script/scr_vm.c	2339	constant-pointer-arithmetic	listed-TU	"""pushl dbg_op_ring+4(, %edx, 8)\n"""
src/PC/script/scr_vm.c	2375	constant-pointer-arithmetic	listed-TU	"""pushl dbg_op_ring+4(, %edx, 8)\n"""
src/PC/script/scr_vm.c	2391	constant-pointer-arithmetic	listed-TU	"""movl scrVmPub+16, %edx\n"""
src/PC/script/scr_vm.c	2393	constant-pointer-arithmetic	listed-TU	"""movl scrVmPub+12, %eax\n"""
src/PC/script/scr_vm.c	2396	constant-pointer-arithmetic	listed-TU	"""movl scrVmPub+28, %esi\n"""
src/PC/script/scr_vm.c	2399	constant-pointer-arithmetic	listed-TU	"""movl $0, scrVmPub+28\n"""
src/PC/script/scr_vm.c	2402	constant-pointer-arithmetic	listed-TU	"""movl %edx, scrVmPub+16\n"""
src/PC/script/scr_vm.c	2418	constant-pointer-arithmetic	listed-TU	"""movl scrVmPub+24, %ebx\n"""
src/PC/script/scr_vm.c	2421	constant-pointer-arithmetic	listed-TU	"""movl $0, scrVmPub+24\n"""
src/PC/script/scr_vm.c	2440	constant-pointer-arithmetic	listed-TU	"""cmpb $0, scrVmPub+22\n"""
src/PC/script/scr_vm.c	2462	constant-pointer-arithmetic	listed-TU	"""cmpb $0, scrVmPub+22\n"""
src/PC/script/scr_vm.c	2514	constant-pointer-arithmetic	listed-TU	"""movl %edx, scrVmPub+16\n"""
src/PC/script/scr_vm.c	2556	constant-pointer-arithmetic	listed-TU	"""cmpl $0x1e, scrVmPub+8\n"""
src/PC/script/scr_vm.c	2569	constant-pointer-arithmetic	listed-TU	"""cmpb $0, scrVmPub+22\n"""
src/PC/script/scr_vm.c	2583	constant-pointer-arithmetic	listed-TU	"""cmpl $0x1e, scrVmPub+8\n"""
src/PC/script/scr_vm.c	2597	constant-pointer-arithmetic	listed-TU	"""cmpb $0, scrVmPub+22\n"""
src/PC/script/scr_vm.c	2628	constant-pointer-arithmetic	listed-TU	"""cmpb $0, scrVmPub+22\n"""
src/PC/script/scr_vm.c	2642	constant-pointer-arithmetic	listed-TU	"""cmpl $0x1e, scrVmPub+8\n"""
src/PC/script/scr_vm.c	2653	constant-pointer-arithmetic	listed-TU	"""movl scrVmPub+12, %eax\n"""
src/PC/script/scr_vm.c	2655	constant-pointer-arithmetic	listed-TU	"""movl scrVmPub+12, %edx\n"""
src/PC/script/scr_vm.c	2664	constant-pointer-arithmetic	listed-TU	"""movl scrVmPub+12, %eax\n"""
src/PC/script/scr_vm.c	2675	constant-pointer-arithmetic	listed-TU	"""movl scrVmPub+12, %eax\n"""
src/PC/script/scr_vm.c	2678	constant-pointer-arithmetic	listed-TU	"""addl $1, scrVmPub+8\n"""
src/PC/script/scr_vm.c	2679	constant-pointer-arithmetic	listed-TU	"""movl scrVmPub+12, %edx\n"""
src/PC/script/scr_vm.c	2681	constant-pointer-arithmetic	listed-TU	"""movl %edx, scrVmPub+12\n"""
src/PC/script/scr_vm.c	2714	constant-pointer-arithmetic	listed-TU	"""movl scrVmGlob+20, %esi\n"""
src/PC/script/scr_vm.c	2716	constant-pointer-arithmetic	listed-TU	"""movzbl scrVmPub+22, %edx\n"""
src/PC/script/scr_vm.c	2718	constant-pointer-arithmetic	listed-TU	"""movb %al, scrVmPub+22\n"""
src/PC/script/scr_vm.c	2720	constant-pointer-arithmetic	listed-TU	"""movl scrVmPub+8, %ebx\n"""
src/PC/script/scr_vm.c	2723	constant-pointer-arithmetic	listed-TU	"""cmpb $0, scrVmPub+20\n"""
src/PC/script/scr_vm.c	2733	constant-pointer-arithmetic	listed-TU	"""cmpl $0x1e, scrVmPub+8\n"""
src/PC/script/scr_vm.c	2747	constant-pointer-arithmetic	listed-TU	"""cmpb $0, scrVmPub+22\n"""
src/PC/script/scr_vm.c	2761	constant-pointer-arithmetic	listed-TU	"""cmpl $0x1e, scrVmPub+8\n"""
src/PC/script/scr_vm.c	2775	constant-pointer-arithmetic	listed-TU	"""cmpb $0, scrVmPub+22\n"""
src/PC/script/scr_vm.c	2806	constant-pointer-arithmetic	listed-TU	"""cmpb $0, scrVmPub+22\n"""
src/PC/script/scr_vm.c	2820	constant-pointer-arithmetic	listed-TU	"""cmpl $0x1e, scrVmPub+8\n"""
src/PC/script/scr_vm.c	2829	constant-pointer-arithmetic	listed-TU	"""movl scrVmPub+12, %eax\n"""
src/PC/script/scr_vm.c	2832	constant-pointer-arithmetic	listed-TU	"""movl scrVmPub+12, %eax\n"""
src/PC/script/scr_vm.c	2834	constant-pointer-arithmetic	listed-TU	"""movl scrVmPub+12, %edx\n"""
src/PC/script/scr_vm.c	2844	constant-pointer-arithmetic	listed-TU	"""movl scrVmPub+12, %ebx\n"""
src/PC/script/scr_vm.c	2856	constant-pointer-arithmetic	listed-TU	"""movl scrVmPub+12, %eax\n"""
src/PC/script/scr_vm.c	2859	constant-pointer-arithmetic	listed-TU	"""movl scrVmPub+12, %eax\n"""
src/PC/script/scr_vm.c	2973	constant-pointer-arithmetic	listed-TU	"""cmpb $0, scrVmPub+22\n"""
src/PC/script/scr_vm.c	3022	constant-pointer-arithmetic	listed-TU	"""cmpb $0, scrVmPub+22\n"""
src/PC/script/scr_vm.c	3070	constant-pointer-arithmetic	listed-TU	"""cmpb $0, scrVmPub+22\n"""
src/PC/script/scr_vm.c	3127	constant-pointer-arithmetic	listed-TU	"""movl scrVmGlob+20, %edi\n"""
src/PC/script/scr_vm.c	3130	constant-pointer-arithmetic	listed-TU	"""cmpb $0, scrVmPub+21\n"""
src/PC/script/scr_vm.c	3134	constant-pointer-arithmetic	listed-TU	"""movb $1, scrVmPub+22\n"""
src/PC/script/scr_vm.c	3146	constant-pointer-arithmetic	listed-TU	"""cmpb $0, scrVmPub+22\n"""
src/PC/script/scr_vm.c	3217	constant-pointer-arithmetic	listed-TU	"""movl scrVmGlob+20, %esi\n"""
src/PC/script/scr_vm.c	3219	constant-pointer-arithmetic	listed-TU	"""movzbl scrVmPub+22, %edx\n"""
src/PC/script/scr_vm.c	3221	constant-pointer-arithmetic	listed-TU	"""movb %al, scrVmPub+22\n"""
src/PC/script/scr_vm.c	3223	constant-pointer-arithmetic	listed-TU	"""movl scrVmPub+8, %ebx\n"""
src/PC/script/scr_vm.c	3226	constant-pointer-arithmetic	listed-TU	"""cmpb $0, scrVmPub+20\n"""
src/PC/script/scr_vm.c	3299	constant-pointer-arithmetic	listed-TU	"""movl scrVmGlob+20, %edx\n"""
src/PC/script/scr_vm.c	3301	constant-pointer-arithmetic	listed-TU	"""movzbl scrVmPub+22, %edx\n"""
src/PC/script/scr_vm.c	3303	constant-pointer-arithmetic	listed-TU	"""movb %al, scrVmPub+22\n"""
src/PC/script/scr_vm.c	3305	constant-pointer-arithmetic	listed-TU	"""movl scrVmPub+8, %eax\n"""
src/PC/script/scr_vm.c	3308	constant-pointer-arithmetic	listed-TU	"""cmpb $0, scrVmPub+20\n"""
src/PC/script/scr_vm.c	3825	constant-pointer-arithmetic	listed-TU	"""subl scrVmGlob+24, %eax\n"""
src/PC/script/scr_vm.c	3867	constant-pointer-arithmetic	listed-TU	"""subl $1, scrVmPub+8\n"""
src/PC/script/scr_vm.c	3868	constant-pointer-arithmetic	listed-TU	"""subl $0x18, scrVmPub+12\n"""
src/PC/script/scr_vm.c	3907	constant-pointer-arithmetic	listed-TU	"""subl $1, scrVmPub+8\n"""
src/PC/script/scr_vm.c	3908	constant-pointer-arithmetic	listed-TU	"""subl $0x18, scrVmPub+12\n"""
src/PC/script/scr_vm.c	3917	constant-pointer-arithmetic	listed-TU	"""movl scrVmPub+12, %edx\n"""
src/PC/script/scr_vm.c	4202	constant-pointer-arithmetic	listed-TU	"""movl scrVmPub+12, %eax\n"""
src/PC/script/scr_vm.c	4207	constant-pointer-arithmetic	listed-TU	"""movl scrVmPub+12, %eax\n"""
src/PC/script/scr_vm.c	4293	constant-pointer-arithmetic	listed-TU	"""movl $1, scrVmPub+28\n"""
src/PC/script/scr_vm.c	4296	constant-pointer-arithmetic	listed-TU	"""movl $4, scrVmPub+28\n"""
src/PC/script/scr_vm.c	4299	constant-pointer-arithmetic	listed-TU	"""movl $5, scrVmPub+28\n"""
src/PC/script/scr_vm.c	4302	constant-pointer-arithmetic	listed-TU	"""movl $1, scrVmPub+28\n"""
src/PC/script/scr_vm.c	4305	constant-pointer-arithmetic	listed-TU	"""movl %eax, scrVmPub+16\n"""
src/PC/script/scr_vm.c	4347	constant-pointer-arithmetic	listed-TU	"""cmpb $0, scrVmPub+22\n"""
src/PC/script/scr_vm.c	4361	constant-pointer-arithmetic	listed-TU	"""movl $2, scrVmPub+28\n"""
src/PC/script/scr_vm.c	4364	constant-pointer-arithmetic	listed-TU	"""movl $3, scrVmPub+28\n"""
src/PC/script/scr_vm.c	4367	constant-pointer-arithmetic	listed-TU	"""movl $4, scrVmPub+28\n"""
src/PC/script/scr_vm.c	4370	constant-pointer-arithmetic	listed-TU	"""movl $2, scrVmPub+28\n"""
src/PC/script/scr_vm.c	4373	constant-pointer-arithmetic	listed-TU	"""movl $3, scrVmPub+28\n"""
src/PC/script/scr_vm.c	4461	constant-pointer-arithmetic	listed-TU	"""movl scrVmGlob+20, %esi\n"""
src/PC/script/scr_vm.c	4463	constant-pointer-arithmetic	listed-TU	"""movzbl scrVmPub+22, %edx\n"""
src/PC/script/scr_vm.c	4465	constant-pointer-arithmetic	listed-TU	"""movb %al, scrVmPub+22\n"""
src/PC/script/scr_vm.c	4467	constant-pointer-arithmetic	listed-TU	"""movl scrVmPub+8, %ecx\n"""
src/PC/script/scr_vm.c	4470	constant-pointer-arithmetic	listed-TU	"""cmpb $0, scrVmPub+20\n"""
src/PC/script/scr_vm.c	4535	constant-pointer-arithmetic	listed-TU	"""movl $5, scrVmPub+28\n"""
src/PC/script/scr_vm.c	4547	constant-pointer-arithmetic	listed-TU	"""cmpl $0x1e, scrVmPub+8\n"""
src/PC/script/scr_vm.c	4557	constant-pointer-arithmetic	listed-TU	"""movl scrVmPub+12, %eax\n"""
src/PC/script/scr_vm.c	4571	constant-pointer-arithmetic	listed-TU	"""cmpl $0x1e, scrVmPub+8\n"""
src/PC/script/scr_vm.c	4581	constant-pointer-arithmetic	listed-TU	"""movl scrVmPub+12, %eax\n"""
src/PC/script/scr_vm.c	4584	constant-pointer-arithmetic	listed-TU	"""movl scrVmPub+12, %eax\n"""
src/PC/script/scr_vm.c	4598	constant-pointer-arithmetic	listed-TU	"""cmpb $0, scrVmPub+22\n"""
src/PC/script/scr_vm.c	4609	constant-pointer-arithmetic	listed-TU	"""cmpb $0, scrVmPub+22\n"""
src/PC/script/scr_vm.c	4620	constant-pointer-arithmetic	listed-TU	"""cmpb $0, scrVmPub+22\n"""
src/PC/script/scr_vm.c	4651	constant-pointer-arithmetic	listed-TU	"""cmpb $0, scrVmPub+22\n"""
src/PC/script/scr_vm.c	4700	constant-pointer-arithmetic	listed-TU	"""movl scrVmGlob+20, %esi\n"""
src/PC/script/scr_vm.c	4702	constant-pointer-arithmetic	listed-TU	"""movzbl scrVmPub+22, %edx\n"""
src/PC/script/scr_vm.c	4704	constant-pointer-arithmetic	listed-TU	"""movb %al, scrVmPub+22\n"""
src/PC/script/scr_vm.c	4706	constant-pointer-arithmetic	listed-TU	"""movl scrVmPub+8, %ebx\n"""
src/PC/script/scr_vm.c	4709	constant-pointer-arithmetic	listed-TU	"""cmpb $0, scrVmPub+20\n"""
src/PC/script/scr_vm.c	4725	constant-pointer-arithmetic	listed-TU	"""movl scrVmGlob+20, %esi\n"""
src/PC/script/scr_vm.c	4727	constant-pointer-arithmetic	listed-TU	"""movzbl scrVmPub+22, %edx\n"""
src/PC/script/scr_vm.c	4729	constant-pointer-arithmetic	listed-TU	"""movb %al, scrVmPub+22\n"""
src/PC/script/scr_vm.c	4731	constant-pointer-arithmetic	listed-TU	"""movl scrVmPub+8, %ebx\n"""
src/PC/script/scr_vm.c	4734	constant-pointer-arithmetic	listed-TU	"""cmpb $0, scrVmPub+20\n"""
src/PC/script/scr_vm.c	4741	constant-pointer-arithmetic	listed-TU	"""movl scrVmGlob+20, %edx\n"""
src/PC/script/scr_vm.c	4743	constant-pointer-arithmetic	listed-TU	"""movzbl scrVmPub+22, %edx\n"""
src/PC/script/scr_vm.c	4745	constant-pointer-arithmetic	listed-TU	"""movb %al, scrVmPub+22\n"""
src/PC/script/scr_vm.c	4747	constant-pointer-arithmetic	listed-TU	"""movl scrVmPub+8, %eax\n"""
src/PC/script/scr_vm.c	4750	constant-pointer-arithmetic	listed-TU	"""cmpb $0, scrVmPub+20\n"""
src/PC/script/scr_vm.c	4757	constant-pointer-arithmetic	listed-TU	"""movl scrVmGlob+20, %edx\n"""
src/PC/script/scr_vm.c	4759	constant-pointer-arithmetic	listed-TU	"""movzbl scrVmPub+22, %edx\n"""
src/PC/script/scr_vm.c	4761	constant-pointer-arithmetic	listed-TU	"""movb %al, scrVmPub+22\n"""
src/PC/script/scr_vm.c	4763	constant-pointer-arithmetic	listed-TU	"""movl scrVmPub+8, %eax\n"""
src/PC/script/scr_vm.c	4766	constant-pointer-arithmetic	listed-TU	"""cmpb $0, scrVmPub+20\n"""
src/PC/script/scr_vm.c	4778	constant-pointer-arithmetic	listed-TU	"""movl scrVmPub+12, %eax\n"""
src/PC/script/scr_vm.c	4799	constant-pointer-arithmetic	listed-TU	"""cmpb $0, scrVmPub+22\n"""
src/PC/script/scr_vm.c	4813	constant-pointer-arithmetic	listed-TU	"""movl scrVmGlob+20, %edx\n"""
src/PC/script/scr_vm.c	4815	constant-pointer-arithmetic	listed-TU	"""movzbl scrVmPub+22, %edx\n"""
src/PC/script/scr_vm.c	4817	constant-pointer-arithmetic	listed-TU	"""movb %al, scrVmPub+22\n"""
src/PC/script/scr_vm.c	4819	constant-pointer-arithmetic	listed-TU	"""movl scrVmPub+8, %eax\n"""
src/PC/script/scr_vm.c	4822	constant-pointer-arithmetic	listed-TU	"""cmpb $0, scrVmPub+20\n"""
src/PC/script/scr_vm.c	4863	constant-pointer-arithmetic	listed-TU	"""movl scrVmGlob+20, %edx\n"""
src/PC/script/scr_vm.c	4865	constant-pointer-arithmetic	listed-TU	"""movzbl scrVmPub+22, %edx\n"""
src/PC/script/scr_vm.c	4867	constant-pointer-arithmetic	listed-TU	"""movb %al, scrVmPub+22\n"""
src/PC/script/scr_vm.c	4869	constant-pointer-arithmetic	listed-TU	"""movl scrVmPub+8, %eax\n"""
src/PC/script/scr_vm.c	4872	constant-pointer-arithmetic	listed-TU	"""cmpb $0, scrVmPub+20\n"""
src/PC/script/scr_vm.c	4892	constant-pointer-arithmetic	listed-TU	"""cmpb $0, scrVmPub+22\n"""
src/PC/script/scr_vm.c	4920	constant-pointer-arithmetic	listed-TU	"""movl scrVmPub+8, %eax\n"""
src/PC/script/scr_vm.c	4923	constant-pointer-arithmetic	listed-TU	"""cmpb $0, scrVmPub+20\n"""
src/PC/script/scr_vm.c	4949	constant-pointer-arithmetic	listed-TU	"""movl scrVmGlob+20, %edx\n"""
src/PC/script/scr_vm.c	4951	constant-pointer-arithmetic	listed-TU	"""movzbl scrVmPub+22, %edx\n"""
src/PC/script/scr_vm.c	4953	constant-pointer-arithmetic	listed-TU	"""movb %al, scrVmPub+22\n"""
src/PC/script/scr_vm.c	4955	constant-pointer-arithmetic	listed-TU	"""movl scrVmPub+8, %eax\n"""
src/PC/script/scr_vm.c	4958	constant-pointer-arithmetic	listed-TU	"""cmpb $0, scrVmPub+20\n"""
src/PC/script/scr_vm.c	4980	constant-pointer-arithmetic	listed-TU	"""movl scrVmPub+8, %eax\n"""
src/PC/script/scr_vm.c	4983	constant-pointer-arithmetic	listed-TU	"""cmpb $0, scrVmPub+20\n"""
src/PC/script/scr_vm.c	4990	constant-pointer-arithmetic	listed-TU	"""movl scrVmPub+8, %eax\n"""
src/PC/script/scr_vm.c	4993	constant-pointer-arithmetic	listed-TU	"""cmpb $0, scrVmPub+20\n"""
src/PC/script/scr_vm.c	5009	constant-pointer-arithmetic	listed-TU	"""movl scrVmPub+12, %eax\n"""
src/PC/script/scr_vm.c	5038	constant-pointer-arithmetic	listed-TU	"""movl scrVmPub+12, %eax\n"""
src/PC/script/scr_vm.c	5041	constant-pointer-arithmetic	listed-TU	"""movl scrVmPub+12, %eax\n"""
src/PC/script/scr_vm.c	5076	constant-pointer-arithmetic	listed-TU	"""movl scrVmPub+8, %eax\n"""
src/PC/script/scr_vm.c	5079	constant-pointer-arithmetic	listed-TU	"""cmpb $0, scrVmPub+20\n"""
src/PC/script/scr_vm.c	5084	constant-pointer-arithmetic	listed-TU	"""movl scrVmGlob+20, %edx\n"""
src/PC/script/scr_vm.c	5086	constant-pointer-arithmetic	listed-TU	"""movzbl scrVmPub+22, %edx\n"""
src/PC/script/scr_vm.c	5088	constant-pointer-arithmetic	listed-TU	"""movb %al, scrVmPub+22\n"""
src/PC/script/scr_vm.c	5094	constant-pointer-arithmetic	listed-TU	"""movl scrVmGlob+20, %edi\n"""
src/PC/script/scr_vm.c	5096	constant-pointer-arithmetic	listed-TU	"""movzbl scrVmPub+22, %edx\n"""
src/PC/script/scr_vm.c	5098	constant-pointer-arithmetic	listed-TU	"""movb %al, scrVmPub+22\n"""
src/PC/script/scr_vm.c	5100	constant-pointer-arithmetic	listed-TU	"""movl scrVmPub+8, %esi\n"""
src/PC/script/scr_vm.c	5103	constant-pointer-arithmetic	listed-TU	"""cmpb $0, scrVmPub+20\n"""
src/PC/script/scr_vm.c	5110	constant-pointer-arithmetic	listed-TU	"""movl scrVmGlob+20, %esi\n"""
src/PC/script/scr_vm.c	5112	constant-pointer-arithmetic	listed-TU	"""movzbl scrVmPub+22, %edx\n"""
src/PC/script/scr_vm.c	5114	constant-pointer-arithmetic	listed-TU	"""movb %al, scrVmPub+22\n"""
src/PC/script/scr_vm.c	5116	constant-pointer-arithmetic	listed-TU	"""movl scrVmPub+8, %ebx\n"""
src/PC/script/scr_vm.c	5119	constant-pointer-arithmetic	listed-TU	"""cmpb $0, scrVmPub+20\n"""
src/PC/script/scr_vm.c	5133	constant-pointer-arithmetic	listed-TU	"""movl %eax, scrVmGlob+24\n"""
src/PC/script/scr_vm.c	5161	constant-pointer-arithmetic	listed-TU	"""subl $1, scrVmPub+8\n"""
src/PC/script/scr_vm.c	5162	constant-pointer-arithmetic	listed-TU	"""subl $0x18, scrVmPub+12\n"""
src/PC/script/scr_vm.c	5168	constant-pointer-arithmetic	listed-TU	"""movl scrVmPub+12, %edx\n"""
src/PC/script/scr_vm.c	5181	constant-pointer-arithmetic	listed-TU	"""movl scrVmGlob+20, %esi\n"""
src/PC/script/scr_vm.c	5183	constant-pointer-arithmetic	listed-TU	"""movzbl scrVmPub+22, %edx\n"""
src/PC/script/scr_vm.c	5185	constant-pointer-arithmetic	listed-TU	"""movb %al, scrVmPub+22\n"""
src/PC/script/scr_vm.c	5187	constant-pointer-arithmetic	listed-TU	"""movl scrVmPub+8, %ebx\n"""
src/PC/script/scr_vm.c	5190	constant-pointer-arithmetic	listed-TU	"""cmpb $0, scrVmPub+20\n"""
src/PC/script/scr_vm.c	5197	constant-pointer-arithmetic	listed-TU	"""movl scrVmGlob+20, %edi\n"""
src/PC/script/scr_vm.c	5199	constant-pointer-arithmetic	listed-TU	"""movzbl scrVmPub+22, %edx\n"""
src/PC/script/scr_vm.c	5201	constant-pointer-arithmetic	listed-TU	"""movb %al, scrVmPub+22\n"""
src/PC/script/scr_vm.c	5203	constant-pointer-arithmetic	listed-TU	"""movl scrVmPub+8, %esi\n"""
src/PC/script/scr_vm.c	5206	constant-pointer-arithmetic	listed-TU	"""cmpb $0, scrVmPub+20\n"""
src/PC/script/scr_vm.c	5211	constant-pointer-arithmetic	listed-TU	"""movl scrVmGlob+20, %edx\n"""
src/PC/script/scr_vm.c	5213	constant-pointer-arithmetic	listed-TU	"""movzbl scrVmPub+22, %edx\n"""
src/PC/script/scr_vm.c	5215	constant-pointer-arithmetic	listed-TU	"""movb %al, scrVmPub+22\n"""
src/PC/script/scr_vm.c	5219	constant-pointer-arithmetic	listed-TU	"""movl scrVmGlob+20, %edx\n"""
src/PC/script/scr_vm.c	5221	constant-pointer-arithmetic	listed-TU	"""movzbl scrVmPub+22, %edx\n"""
src/PC/script/scr_vm.c	5223	constant-pointer-arithmetic	listed-TU	"""movb %al, scrVmPub+22\n"""
src/PC/script/scr_vm.c	5233	constant-pointer-arithmetic	listed-TU	"""movl scrVmGlob+20, %esi\n"""
src/PC/script/scr_vm.c	5235	constant-pointer-arithmetic	listed-TU	"""movzbl scrVmPub+22, %edx\n"""
src/PC/script/scr_vm.c	5237	constant-pointer-arithmetic	listed-TU	"""movb %al, scrVmPub+22\n"""
src/PC/script/scr_vm.c	5239	constant-pointer-arithmetic	listed-TU	"""movl scrVmPub+8, %ebx\n"""
src/PC/script/scr_vm.c	5242	constant-pointer-arithmetic	listed-TU	"""cmpb $0, scrVmPub+20\n"""
src/PC/script/scr_vm.c	5247	constant-pointer-arithmetic	listed-TU	"""movl scrVmGlob+20, %edx\n"""
src/PC/script/scr_vm.c	5249	constant-pointer-arithmetic	listed-TU	"""movzbl scrVmPub+22, %edx\n"""
src/PC/script/scr_vm.c	5251	constant-pointer-arithmetic	listed-TU	"""movb %al, scrVmPub+22\n"""
src/PC/script/scr_vm.c	5287	constant-pointer-arithmetic	listed-TU	"""movl %eax, scrVmGlob+24\n"""
src/PC/script/scr_vm.c	5315	constant-pointer-arithmetic	listed-TU	"""movl scrVmGlob+16, %eax\n"""
src/PC/script/scr_vm.c	5326	constant-pointer-arithmetic	listed-TU	"""movl $0, scrVmGlob+16\n"""
src/PC/script/scr_vm.c	5351	constant-pointer-arithmetic	listed-TU	"""cmpb $0, scrVmPub+22\n"""
src/PC/script/scr_vm.c	5358	constant-pointer-arithmetic	listed-TU	"""movl scrVmGlob+20, %edx\n"""
src/PC/script/scr_vm.c	5360	constant-pointer-arithmetic	listed-TU	"""movzbl scrVmPub+22, %edx\n"""
src/PC/script/scr_vm.c	5362	constant-pointer-arithmetic	listed-TU	"""movb %al, scrVmPub+22\n"""
src/PC/script/scr_vm.c	5364	constant-pointer-arithmetic	listed-TU	"""movl scrVmPub+8, %eax\n"""
src/PC/script/scr_vm.c	5367	constant-pointer-arithmetic	listed-TU	"""cmpb $0, scrVmPub+20\n"""
src/PC/script/scr_vm.c	5390	constant-pointer-arithmetic	listed-TU	"""cmpb $0, scrVmPub+22\n"""
src/PC/script/scr_vm.c	5424	constant-pointer-arithmetic	listed-TU	"""cmpb $0, scrVmPub+22\n"""
src/PC/script/scr_vm.c	5446	constant-pointer-arithmetic	listed-TU	"""movl scrVmGlob+20, %ebx\n"""
src/PC/script/scr_vm.c	5448	constant-pointer-arithmetic	listed-TU	"""movzbl scrVmPub+22, %edx\n"""
src/PC/script/scr_vm.c	5450	constant-pointer-arithmetic	listed-TU	"""movb %al, scrVmPub+22\n"""
src/PC/script/scr_vm.c	5452	constant-pointer-arithmetic	listed-TU	"""movl scrVmPub+8, %ecx\n"""
src/PC/script/scr_vm.c	5455	constant-pointer-arithmetic	listed-TU	"""cmpb $0, scrVmPub+20\n"""
src/PC/script/scr_vm.c	5463	constant-pointer-arithmetic	listed-TU	"""movl scrVmPub+28, %eax\n"""
src/PC/script/scr_vm.c	5473	constant-pointer-arithmetic	listed-TU	"""movl scrVmPub+28, %eax\n"""
src/PC/script/scr_vm.c	5540	constant-pointer-arithmetic	listed-TU	"""cmpb $0, scrVmPub+22\n"""
src/PC/script/scr_vm.c	5570	constant-pointer-arithmetic	listed-TU	"""cmpb $0, scrVmPub+22\n"""
src/PC/script/scr_vm.c	5591	constant-pointer-arithmetic	listed-TU	"""movl scrVmGlob+20, %edx\n"""
src/PC/script/scr_vm.c	5593	constant-pointer-arithmetic	listed-TU	"""movzbl scrVmPub+22, %edx\n"""
src/PC/script/scr_vm.c	5595	constant-pointer-arithmetic	listed-TU	"""movb %al, scrVmPub+22\n"""
src/PC/script/scr_vm.c	5597	constant-pointer-arithmetic	listed-TU	"""movl scrVmPub+8, %eax\n"""
src/PC/script/scr_vm.c	5600	constant-pointer-arithmetic	listed-TU	"""cmpb $0, scrVmPub+20\n"""
src/PC/script/scr_vm.c	5607	constant-pointer-arithmetic	listed-TU	"""movl scrVmGlob+20, %esi\n"""
src/PC/script/scr_vm.c	5609	constant-pointer-arithmetic	listed-TU	"""movzbl scrVmPub+22, %edx\n"""
src/PC/script/scr_vm.c	5611	constant-pointer-arithmetic	listed-TU	"""movb %al, scrVmPub+22\n"""
src/PC/script/scr_vm.c	5613	constant-pointer-arithmetic	listed-TU	"""movl scrVmPub+8, %ebx\n"""
src/PC/script/scr_vm.c	5616	constant-pointer-arithmetic	listed-TU	"""cmpb $0, scrVmPub+20\n"""
src/PC/script/scr_vm.c	5660	constant-pointer-arithmetic	listed-TU	"""movl scrVmPub+28, %eax\n"""
src/PC/script/scr_vm.c	5663	constant-pointer-arithmetic	listed-TU	"""movl $0, scrVmPub+28\n"""
src/PC/script/scr_vm.c	5679	constant-pointer-arithmetic	listed-TU	"""cmpb $0, scrVmPub+22\n"""
src/PC/script/scr_vm.c	5700	constant-pointer-arithmetic	listed-TU	"""movl scrVmGlob+20, %esi\n"""
src/PC/script/scr_vm.c	5702	constant-pointer-arithmetic	listed-TU	"""movzbl scrVmPub+22, %edx\n"""
src/PC/script/scr_vm.c	5704	constant-pointer-arithmetic	listed-TU	"""movb %al, scrVmPub+22\n"""
src/PC/script/scr_vm.c	5706	constant-pointer-arithmetic	listed-TU	"""movl scrVmPub+8, %ebx\n"""
src/PC/script/scr_vm.c	5709	constant-pointer-arithmetic	listed-TU	"""cmpb $0, scrVmPub+20\n"""
src/PC/script/scr_vm.c	5716	constant-pointer-arithmetic	listed-TU	"""movl scrVmGlob+20, %esi\n"""
src/PC/script/scr_vm.c	5718	constant-pointer-arithmetic	listed-TU	"""movzbl scrVmPub+22, %edx\n"""
src/PC/script/scr_vm.c	5720	constant-pointer-arithmetic	listed-TU	"""movb %al, scrVmPub+22\n"""
src/PC/script/scr_vm.c	5722	constant-pointer-arithmetic	listed-TU	"""movl scrVmPub+8, %ebx\n"""
src/PC/script/scr_vm.c	5725	constant-pointer-arithmetic	listed-TU	"""cmpb $0, scrVmPub+20\n"""
src/PC/script/scr_vm.c	5729	constant-pointer-arithmetic	listed-TU	"""movl scrVmPub+28, %edi\n"""
src/PC/script/scr_vm.c	5741	constant-pointer-arithmetic	listed-TU	"""movl $0, scrVmPub+28\n"""
src/PC/script/scr_vm.c	5744	constant-pointer-arithmetic	listed-TU	"""movl scrVmPub+28, %ecx\n"""
src/PC/script/scr_vm.c	5748	constant-pointer-arithmetic	listed-TU	"""movl scrVmPub+16, %eax\n"""
src/PC/script/scr_vm.c	5772	constant-pointer-arithmetic	listed-TU	"""movl scrVmPub+16, %edx\n"""
src/PC/script/scr_vm.c	5778	constant-pointer-arithmetic	listed-TU	"""subl $8, scrVmPub+16\n"""
src/PC/script/scr_vm.c	5779	constant-pointer-arithmetic	listed-TU	"""movl scrVmPub+28, %eax\n"""
src/PC/script/scr_vm.c	5781	constant-pointer-arithmetic	listed-TU	"""movl %eax, scrVmPub+28\n"""
src/PC/script/scr_vm.c	6305	small-integer-cast	listed-TU	value.u.intValue = (int)(unsigned int)packed;
src/PC/script/scr_vm.c	6306	small-integer-cast	listed-TU	value.type = (int)(packed >> 32);
src/PC/script/scr_vm.c	6318	small-integer-cast	listed-TU	return scrVmPub.localVars[-(int)slot];
src/PC/script/scr_vm.c	6371	small-integer-cast	listed-TU	unsigned int slot = (unsigned int)(dbg_op_ring_idx + i) & 31u;
src/PC/script/scr_vm.c	6437	small-integer-cast	listed-TU	{ extern void dbg_check439_pre(unsigned int); dbg_check439_pre(builtinIndex); }
src/PC/script/scr_vm.c	6459	small-integer-cast	listed-TU	((struct scrVarPub_t *)imp_scrVarPub)->error_index = (unsigned int)-1;
src/PC/script/scr_vm.c	6467	small-integer-cast	listed-TU	((struct scrVarPub_t *)imp_scrVarPub)->error_index = (unsigned int)-1;
src/PC/script/scr_vm.c	6525	small-integer-cast	listed-TU	extern void dbg_end_probe(int);
src/PC/script/scr_vm.c	6583	small-integer-cast	listed-TU	int stackSize = (int)(top - startTop);
src/PC/script/scr_vm.c	6584	small-integer-cast	listed-TU	return (unsigned int)(uintptr_t)VM_ArchiveStack(stackSize, archivePos, top, localVarCount, localId);
src/PC/script/scr_vm.c	6614	constant-pointer-arithmetic	listed-TU	*top = *top + 1;
src/PC/script/scr_vm.c	6630	small-integer-cast	listed-TU	ticks = (int)floorf(seconds * 20.0f + 0.5f);
src/PC/script/scr_vm.c	6634	small-integer-cast	listed-TU	return (unsigned int)ticks;
src/PC/script/scr_vm.c	6638	small-integer-cast	listed-TU	return (unsigned int)(value->u.intValue * 20);
src/PC/script/scr_vm.c	6668	small-integer-cast	listed-TU	waitTime = (waitTime + (unsigned int)varPub->time) & 0x00ffffffu;
src/PC/script/scr_vm.c	6702	small-integer-cast	listed-TU	waitArray = GetArray(GetVariable(varPub->timeArrayId, (unsigned int)varPub->time));
src/PC/script/scr_vm.c	6705	small-integer-cast	listed-TU	Scr_SetThreadWaitTime(*localId, (unsigned int)varPub->time);
src/PC/script/scr_vm.c	6857	constant-pointer-arithmetic	listed-TU	const char *tablePos = opcodeStart + 5 + *(const int *)*pos;
src/PC/script/scr_vm.c	6870	small-integer-cast	listed-TU	if (!IsValidArrayIndex((unsigned int)(*top)->u.intValue)) {
src/PC/script/scr_vm.c	6873	small-integer-cast	listed-TU	caseValue = GetInternalVariableIndex((unsigned int)(*top)->u.intValue);
src/PC/script/scr_vm.c	6881	x86-only-width-guard	listed-TU	#    if defined(__x86_64__) || defined(_M_X64)
src/PC/script/scr_vm.c	6882	fixed-byte-access	listed-TU	const char *currentCodePos = SCR_CODEPOS_PTR(*(const unsigned int *)(*pos + 4));
src/PC/script/scr_vm.c	6882	constant-pointer-arithmetic	listed-TU	const char *currentCodePos = SCR_CODEPOS_PTR(*(const unsigned int *)(*pos + 4));
src/PC/script/scr_vm.c	6884	fixed-byte-access	listed-TU	const char *currentCodePos = *(const char *const *)(*pos + 4);
src/PC/script/scr_vm.c	6884	constant-pointer-arithmetic	listed-TU	const char *currentCodePos = *(const char *const *)(*pos + 4);
src/PC/script/scr_vm.c	6952	x86-only-width-guard	listed-TU	#    if defined(__x86_64__) || defined(_M_X64)
src/PC/script/scr_vm.c	7112	small-integer-cast	listed-TU	{ extern void dbg_check439_op(unsigned int); extern unsigned int g_lastop_dbg; dbg_check439_op(g_lastop_dbg); }
src/PC/script/scr_vm.c	7123	small-integer-cast	listed-TU	unsigned int bpLine = (unsigned int)Scr_Debugger_CodePosToLine(opcodePos, 0);
src/PC/script/scr_vm.c	7126	small-integer-cast	listed-TU	opcode = (unsigned int)(unsigned char)
src/PC/script/scr_vm.c	7129	small-integer-cast	listed-TU	opcode = (unsigned int)(unsigned char)
src/PC/script/scr_vm.c	7162	small-integer-cast	listed-TU	VM_PushInt(&top, -(int)*(const unsigned char *)pos++);
src/PC/script/scr_vm.c	7170	small-integer-cast	listed-TU	VM_PushInt(&top, -(int)VM_ReadU16(&pos));
src/PC/script/scr_vm.c	7238	x86-only-width-guard	listed-TU	#    if defined(__x86_64__) || defined(_M_X64)
src/PC/script/scr_vm.c	7684	constant-pointer-arithmetic	listed-TU	pos = opcodeStart + 3 - offset;
src/PC/script/scr_vm.c	7839	constant-pointer-arithmetic	listed-TU	unsigned int *localVarLimit = (unsigned int *)(scrVmGlob + 24) + 2047;
src/PC/script/scr_vm.c	7908	small-integer-cast	listed-TU	timeId, startLocalId, (unsigned int)svp->time,
src/PC/script/scr_vm.c	7909	small-integer-cast	listed-TU	(unsigned int)stackValue->time, (const void *)stackValue->pos,
src/PC/script/scr_vm.c	7910	small-integer-cast	listed-TU	(unsigned int)stackValue->size);
src/PC/script/scr_vm.c	7934	x86-only-width-guard	listed-TU	#if defined(__x86_64__) || defined(_M_X64)
src/PC/script/scr_vm.c	7936	fixed-byte-access	listed-TU	SCR_CODEPOS_PTR(*(unsigned int *)(record + 1));
src/PC/script/scr_vm.c	7936	constant-pointer-arithmetic	listed-TU	SCR_CODEPOS_PTR(*(unsigned int *)(record + 1));
src/PC/script/scr_vm.c	7938	fixed-byte-access	listed-TU	scrVmPub.function_frame->fs.pos = *(const char **)(record + 1);
src/PC/script/scr_vm.c	7938	constant-pointer-arithmetic	listed-TU	scrVmPub.function_frame->fs.pos = *(const char **)(record + 1);
src/PC/script/scr_vm.c	7943	fixed-byte-access	listed-TU	top->u.intValue = *(int *)(record + 1);
src/PC/script/scr_vm.c	7943	constant-pointer-arithmetic	listed-TU	top->u.intValue = *(int *)(record + 1);
src/PC/script/scr_vm.c	7958	small-integer-cast	listed-TU	for (frameIndex = (unsigned int)scrVmPub.function_count; frameIndex > 0; frameIndex--) {
src/PC/script/scr_vm.c	7964	constant-pointer-arithmetic	listed-TU	for (i = 0; i + 1 < (unsigned int)scrVmPub.function_count; i++) {
src/PC/script/scr_vm.c	7964	small-integer-cast	listed-TU	for (i = 0; i + 1 < (unsigned int)scrVmPub.function_count; i++) {
src/PC/script/scr_vm.c	8012	small-integer-cast	listed-TU	varId = FindVariable(notifyId, (unsigned int)svp->time);
src/PC/script/scr_vm.c	8019	small-integer-cast	listed-TU	(unsigned int)svp->time, notifyId, varId, FindObject(varId));
src/PC/script/scr_vm.c	8023	small-integer-cast	listed-TU	SafeRemoveVariable(svp->timeArrayId, (unsigned int)svp->time);
src/PC/script/scr_vm.c	8042	constant-pointer-arithmetic	listed-TU	svp->time = (svp->time + 1) & 0x00FFFFFF;
src/PC/script/scr_vm.c	8081	constant-pointer-arithmetic	listed-TU	scrVmPub.inparamcount = oldInParamCount + 1;
src/PC/script/scr_vm.c	8108	constant-pointer-arithmetic	listed-TU	scrVmPub.top = startTop + 1;
src/PC/script/scr_vm.c	8109	constant-pointer-arithmetic	listed-TU	scrVmPub.inparamcount = oldInParamCount + 1;
src/PC/script/scr_vm.c	8222	constant-pointer-arithmetic	listed-TU	"Scr_SetErrorMessageAndJump(va(""parameter %d does not exist"", index + 1));"
src/PC/script/scr_vm.c	8237	small-integer-cast	listed-TU	anim.tree = (short unsigned int)((unsigned int)value->u.intValue >> 16);
src/PC/script/scr_yacc.c	62	constant-pointer-arithmetic	listed-TU	buf = (char *)malloc(size + 2);
src/PC/script/yyparse_impl.h	106	constant-pointer-arithmetic	header-or-unlisted	if (yy_c_buf_p > b->yy_ch_buf + yy_n_chars + 1) {
src/PC/script/yyparse_impl.h	112	small-integer-cast	header-or-unlisted	n_kept = (int)(yy_c_buf_p - yytext) - 1;
src/PC/script/yyparse_impl.h	125	small-integer-cast	header-or-unlisted	int buf_offset = (int)(yy_c_buf_p - b->yy_ch_buf);
src/PC/script/yyparse_impl.h	131	constant-pointer-arithmetic	header-or-unlisted	b->yy_ch_buf = (char *)realloc(b->yy_ch_buf, (size_t)(b->yy_buf_size + 2));
src/PC/script/yyparse_impl.h	165	constant-pointer-arithmetic	header-or-unlisted	b->yy_ch_buf[yy_n_chars + 1] = '\0';
src/PC/script/yyparse_impl.h	240	small-integer-cast	header-or-unlisted	yyleng = (int)(yy_cp - yy_bp);
src/PC/script/yyparse_impl.h	245	small-integer-cast	header-or-unlisted	if ((unsigned int)yy_act > 0x61) {
src/PC/script/yyparse_impl.h	259	small-integer-cast	header-or-unlisted	yyleng = (int)(yy_cp - yy_bp);
src/PC/script/yyparse_impl.h	308	constant-pointer-arithmetic	header-or-unlisted	const char *src = yytext + 1;
src/PC/script/yyparse_impl.h	315	small-integer-cast	header-or-unlisted	yylval.val.node = (intptr_t)SL_GetString_(string_buf, (unsigned int)(unsigned char)g_parse_user, 0xd);
src/PC/script/yyparse_impl.h	327	constant-pointer-arithmetic	header-or-unlisted	const char *src = yytext + 2;
src/PC/script/yyparse_impl.h	334	small-integer-cast	header-or-unlisted	yylval.val.node = (intptr_t)SL_GetString_(string_buf, (unsigned int)(unsigned char)g_parse_user, 0xd);
src/PC/script/yyparse_impl.h	475	constant-pointer-arithmetic	header-or-unlisted	yylval.val.node = (intptr_t)SL_GetStringOfLen(yytext, 0, (unsigned int)(slen + 1), 0xd);
src/PC/script/yyparse_impl.h	475	small-integer-cast	header-or-unlisted	yylval.val.node = (intptr_t)SL_GetStringOfLen(yytext, 0, (unsigned int)(slen + 1), 0xd);
src/PC/script/yyparse_impl.h	518	constant-pointer-arithmetic	header-or-unlisted	yylval.val.node = (intptr_t)SL_GetStringOfLen(yytext, 0, (unsigned int)(slen + 1), 0xd);
src/PC/script/yyparse_impl.h	518	small-integer-cast	header-or-unlisted	yylval.val.node = (intptr_t)SL_GetStringOfLen(yytext, 0, (unsigned int)(slen + 1), 0xd);
src/PC/script/yyparse_impl.h	528	constant-pointer-arithmetic	header-or-unlisted	yylval.val.node = (intptr_t)SL_GetStringOfLen(yytext, 0, (unsigned int)(slen + 1), 0xd);
src/PC/script/yyparse_impl.h	528	small-integer-cast	header-or-unlisted	yylval.val.node = (intptr_t)SL_GetStringOfLen(yytext, 0, (unsigned int)(slen + 1), 0xd);
src/PC/script/yyparse_impl.h	559	small-integer-cast	header-or-unlisted	offset = (int)(yy_c_buf_p - yytext) - 1;
src/PC/script/yyparse_impl.h	619	small-integer-cast	header-or-unlisted	int size = (int)(yyssp - yyss);
src/PC/script/yyparse_impl.h	626	constant-pointer-arithmetic	header-or-unlisted	memcpy(new_yyss, yyss, (size + 1) * sizeof(short));
src/PC/script/yyparse_impl.h	628	constant-pointer-arithmetic	header-or-unlisted	memcpy(new_yyvs, yyvs, (size + 1) * sizeof(stype_t));
src/PC/script/yyparse_impl.h	656	small-integer-cast	header-or-unlisted	yyn = yytoken + (int)pact_val;
src/PC/script/yyparse_impl.h	657	small-integer-cast	header-or-unlisted	if ((unsigned int)yyn > 0x520 || YYCHECK(yyn) != yytoken)
src/PC/script/yyparse_impl.h	662	small-integer-cast	header-or-unlisted	int n = (int)table_val;
src/PC/script/yyparse_impl.h	687	small-integer-cast	header-or-unlisted	yyn = (int)defact_val;
src/PC/script/yyparse_impl.h	693	small-integer-cast	header-or-unlisted	yylen = (int)YYR2(yyn);
src/PC/script/yyparse_impl.h	698	small-integer-cast	header-or-unlisted	if ((unsigned int)yyn > 0x82)
src/PC/script/yyparse_impl.h	840	small-integer-cast	header-or-unlisted	yyvsp[0].val.node = (intptr_t)SL_ConvertToLowercase(yyvsp[0].val.node, (unsigned int)(unsigned char)g_parse_user, 0xd);
src/PC/script/yyparse_impl.h	844	small-integer-cast	header-or-unlisted	yyvsp[0].val.node = (intptr_t)SL_ConvertToLowercase(yyvsp[0].val.node, (unsigned int)(unsigned char)g_parse_user, 0xd);
src/PC/script/yyparse_impl.h	848	small-integer-cast	header-or-unlisted	yyvsp[0].val.node = (intptr_t)SL_ConvertToLowercase(yyvsp[0].val.node, (unsigned int)(unsigned char)g_parse_user, 0xd);
src/PC/script/yyparse_impl.h	850	fixed-byte-access	header-or-unlisted	*(int *)((char *)imp_scrCompilePub + 4) += 1;
src/PC/script/yyparse_impl.h	850	constant-pointer-arithmetic	header-or-unlisted	*(int *)((char *)imp_scrCompilePub + 4) += 1;
src/PC/script/yyparse_impl.h	854	small-integer-cast	header-or-unlisted	yyvsp[0].val.node = (intptr_t)SL_ConvertToLowercase(yyvsp[0].val.node, (unsigned int)(unsigned char)g_parse_user, 0xd);
src/PC/script/yyparse_impl.h	859	small-integer-cast	header-or-unlisted	yyvsp[0].val.node = (intptr_t)SL_ConvertToLowercase(yyvsp[0].val.node, (unsigned int)(unsigned char)g_parse_user, 0xd);
src/PC/script/yyparse_impl.h	862	fixed-byte-access	header-or-unlisted	*(int *)((char *)imp_scrCompilePub + 4) += 1;
src/PC/script/yyparse_impl.h	862	constant-pointer-arithmetic	header-or-unlisted	*(int *)((char *)imp_scrCompilePub + 4) += 1;
src/PC/script/yyparse_impl.h	866	small-integer-cast	header-or-unlisted	yyvsp[0].val.node = (intptr_t)SL_ConvertToLowercase(yyvsp[0].val.node, (unsigned int)(unsigned char)g_parse_user, 0xd);
src/PC/script/yyparse_impl.h	949	small-integer-cast	header-or-unlisted	yyvsp[0].val.node = (intptr_t)SL_ConvertToLowercase(yyvsp[0].val.node, (unsigned int)(unsigned char)g_parse_user, 0xd);
src/PC/script/yyparse_impl.h	963	small-integer-cast	header-or-unlisted	yyvsp[0].val.node = (intptr_t)SL_ConvertToLowercase(yyvsp[0].val.node, (unsigned int)(unsigned char)g_parse_user, 0xd);
src/PC/script/yyparse_impl.h	975	small-integer-cast	header-or-unlisted	yyvsp[0].val.node = (intptr_t)SL_ConvertToLowercase(yyvsp[0].val.node, (unsigned int)(unsigned char)g_parse_user, 0xd);
src/PC/script/yyparse_impl.h	980	small-integer-cast	header-or-unlisted	yyvsp[0].val.node = (intptr_t)SL_ConvertToLowercase(yyvsp[0].val.node, (unsigned int)(unsigned char)g_parse_user, 0xd);
src/PC/script/yyparse_impl.h	1175	small-integer-cast	header-or-unlisted	yyvsp[0].val.node = (intptr_t)SL_ConvertToLowercase(yyvsp[0].val.node, (unsigned int)(unsigned char)g_parse_user, 0xd);
src/PC/script/yyparse_impl.h	1180	small-integer-cast	header-or-unlisted	yyvsp[0].val.node = (intptr_t)SL_ConvertToLowercase(yyvsp[0].val.node, (unsigned int)(unsigned char)g_parse_user, 0xd);
src/PC/script/yyparse_impl.h	1188	small-integer-cast	header-or-unlisted	yyvsp[0].val.node = (intptr_t)SL_ConvertToLowercase(yyvsp[0].val.node, (unsigned int)(unsigned char)g_parse_user, 0xd);
src/PC/script/yyparse_impl.h	1218	small-integer-cast	header-or-unlisted	yyvsp[-6].val.node = (intptr_t)SL_ConvertToLowercase(yyvsp[-6].val.node, (unsigned int)(unsigned char)g_parse_user, 0xd);
src/PC/script/yyparse_impl.h	1242	fixed-byte-access	header-or-unlisted	*(int *)((char *)imp_scrCompilePub + 4) += 1;
src/PC/script/yyparse_impl.h	1242	constant-pointer-arithmetic	header-or-unlisted	*(int *)((char *)imp_scrCompilePub + 4) += 1;
src/PC/script/yyparse_impl.h	1263	small-integer-cast	header-or-unlisted	int r1 = (int)YYR1(yyn) - 0x5a;
src/PC/script/yyparse_impl.h	1264	small-integer-cast	header-or-unlisted	int pg = (int)YYPGOTO(r1);
src/PC/script/yyparse_impl.h	1265	small-integer-cast	header-or-unlisted	int st = (int)*yyssp;
src/PC/script/yyparse_impl.h	1267	small-integer-cast	header-or-unlisted	if ((unsigned)idx <= 0x520 && YYCHECK(idx) == st)
src/PC/script/yyparse_impl.h	1268	small-integer-cast	header-or-unlisted	yystate = (int)YYTABLE(idx);
src/PC/script/yyparse_impl.h	1270	small-integer-cast	header-or-unlisted	yystate = (int)YYDEFGOTO(r1);
src/PC/script/yyparse_impl.h	1291	constant-pointer-arithmetic	header-or-unlisted	int idx = (int)pv + 1;
src/PC/script/yyparse_impl.h	1291	small-integer-cast	header-or-unlisted	int idx = (int)pv + 1;
src/PC/script/yyparse_impl.h	1292	small-integer-cast	header-or-unlisted	if ((unsigned)idx <= 0x520 && YYCHECK(idx) == 1) {
src/PC/script/yyparse_impl.h	1294	small-integer-cast	header-or-unlisted	int n = (int)tv;
src/PC/script/yyparse_impl.h	1316	small-integer-cast	header-or-unlisted	yystate = (int)*(yyssp - 1);
src/PC/server_mp/sv_ccmds_mp.c	261	constant-pointer-arithmetic	listed-TU	serverId = (serverId & 0xf0) + ((serverId + 1) & 0x0f);
src/PC/server_mp/sv_ccmds_mp.c	442	small-integer-cast	listed-TU	l = 22 - (int)strlen(s);
src/PC/server_mp/sv_ccmds_mp.c	467	fixed-size-memory-call	listed-TU	"memcpy(text, ""console: "", 10);"
src/PC/server_mp/sv_ccmds_mp.c	501	fixed-size-memory-call	listed-TU	"memcpy(text, ""console: "", 10);"
src/PC/server_mp/sv_ccmds_mp.c	514	small-integer-cast	listed-TU	svs.nextHeartbeatTime = (int)0x80000000;
src/PC/server_mp/sv_ccmds_mp.c	665	fixed-byte-access	listed-TU	if (*(int *)((byte *)com_dedicated + 8)) {
src/PC/server_mp/sv_ccmds_mp.c	665	constant-pointer-arithmetic	listed-TU	if (*(int *)((byte *)com_dedicated + 8)) {
src/PC/server_mp/sv_client_mp.c	117	small-integer-cast	listed-TU	return (int)(cl - svs->clients);
src/PC/server_mp/sv_client_mp.c	239	small-integer-cast	listed-TU	(unsigned int)from.ip[0], (unsigned int)from.ip[1],
src/PC/server_mp/sv_client_mp.c	240	small-integer-cast	listed-TU	(unsigned int)from.ip[2], (unsigned int)from.ip[3],
src/PC/server_mp/sv_client_mp.c	241	small-integer-cast	listed-TU	game, (int)(unsigned char)allowAnon);
src/PC/server_mp/sv_client_mp.c	244	small-integer-cast	listed-TU	(unsigned int)from.ip[0], (unsigned int)from.ip[1],
src/PC/server_mp/sv_client_mp.c	245	small-integer-cast	listed-TU	(unsigned int)from.ip[2], (unsigned int)from.ip[3],
src/PC/server_mp/sv_client_mp.c	246	small-integer-cast	listed-TU	game, (int)(unsigned char)allowAnon, clientPBGuid);
src/PC/server_mp/sv_client_mp.c	249	small-integer-cast	listed-TU	(unsigned int)from.ip[0], (unsigned int)from.ip[1],
src/PC/server_mp/sv_client_mp.c	250	small-integer-cast	listed-TU	(unsigned int)from.ip[2], (unsigned int)from.ip[3],
src/PC/server_mp/sv_client_mp.c	251	small-integer-cast	listed-TU	game, (int)(unsigned char)allowAnon);
src/PC/server_mp/sv_client_mp.c	303	constant-pointer-arithmetic	listed-TU	if (i + 1 == 16) {
src/PC/server_mp/sv_client_mp.c	307	constant-pointer-arithmetic	listed-TU	if (!svs->tempBans[i + 1].guid) {
src/PC/server_mp/sv_client_mp.c	308	constant-pointer-arithmetic	listed-TU	slot = i + 1;
src/PC/server_mp/sv_client_mp.c	437	constant-pointer-arithmetic	listed-TU	for (ban = svs.tempBans, banEnd = svs.tempBans + 16; ban != banEnd; ++ban) {
src/PC/server_mp/sv_client_mp.c	986	small-integer-cast	listed-TU	ClientUserinfoChanged((int)(cl - svs.clients));
src/PC/server_mp/sv_client_mp.c	993	small-integer-cast	listed-TU	if ((unsigned int)clientNum > 0x40) {
src/PC/server_mp/sv_client_mp.c	1005	small-integer-cast	listed-TU	if ((unsigned int)clientNum > 0x40) {
src/PC/server_mp/sv_client_mp.c	1349	small-integer-cast	listed-TU	clientNum = (int)(cl - svs->clients);
src/PC/server_mp/sv_client_mp.c	1645	constant-pointer-arithmetic	listed-TU	if (seq > cl->lastClientCommand + 1) {
src/PC/server_mp/sv_client_mp.c	1646	constant-pointer-arithmetic	listed-TU	"Com_Printf(""Client %s lost %i clientCommands\n"", cl->name, seq - cl->lastClientCommand + 1);"
src/PC/server_mp/sv_client_mp.c	1665	constant-pointer-arithmetic	listed-TU	cl->nextReliableTime = svs.time + 800;
src/PC/server_mp/sv_game_mp.c	150	small-integer-cast	listed-TU	/* was cast to (int) -> truncated the 8-byte svEntity pointer on x64 */
src/PC/server_mp/sv_game_mp.c	219	constant-pointer-arithmetic	listed-TU	return XModelPrecache(name + 7, SV_AllocXModelPrecache, SV_AllocXModelPrecacheColl);
src/PC/server_mp/sv_game_mp.c	238	constant-pointer-arithmetic	listed-TU	int incd = sv.skelTimeStamp + 1;
src/PC/server_mp/sv_game_mp.c	322	x86-only-width-guard	listed-TU	#if defined(__x86_64__) || defined(_M_X64)
src/PC/server_mp/sv_game_mp.c	326	small-integer-cast	listed-TU	int parse_point = (int)(CM_EntityString());
src/PC/server_mp/sv_game_mp.c	427	fixed-byte-access	listed-TU	*(int *)((char *)&svs.clients[i] + 0x20c44) = 0;
src/PC/server_mp/sv_game_mp.c	488	pointer-named-integer-field	listed-TU	int clipHandle = SV_ClipHandleForEntity(gEnt);
src/PC/server_mp/sv_game_mp.c	610	constant-pointer-arithmetic	listed-TU	org[0] = boneInfo[boxVerts[edge + 1][0] * 3 + 0];
src/PC/server_mp/sv_game_mp.c	611	constant-pointer-arithmetic	listed-TU	org[1] = boneInfo[boxVerts[edge + 1][1] * 3 + 1];
src/PC/server_mp/sv_game_mp.c	612	constant-pointer-arithmetic	listed-TU	org[2] = boneInfo[boxVerts[edge + 1][2] * 3 + 2];
src/PC/server_mp/sv_game_mp.c	732	constant-pointer-arithmetic	listed-TU	alignedSize = (allocSize + 15) & ~15;
src/PC/server_mp/sv_game_mp.c	739	constant-pointer-arithmetic	listed-TU	buf = (char *)(((uintptr_t)g_sv_skel_memory + 15) & ~(uintptr_t)15);
src/PC/server_mp/sv_game_mp.c	747	constant-pointer-arithmetic	listed-TU	timestamp = sv->skelTimeStamp + 1;
src/PC/server_mp/sv_game_mp.c	778	constant-pointer-arithmetic	listed-TU	alignedSize = (allocSize + 15) & ~15;
src/PC/server_mp/sv_game_mp.c	783	constant-pointer-arithmetic	listed-TU	buf = (char *)(((uintptr_t)g_sv_skel_memory + 15) & ~(uintptr_t)15);
src/PC/server_mp/sv_game_mp.c	791	constant-pointer-arithmetic	listed-TU	timestamp = sv->skelTimeStamp + 1;
src/PC/server_mp/sv_init_mp.c	104	pointer-named-integer-field	listed-TU	extern int nextmap;
src/PC/server_mp/sv_init_mp.c	195	pointer-named-integer-field	listed-TU	extern int __mh_execute_header;
src/PC/server_mp/sv_init_mp.c	209	x86-only-width-guard	listed-TU	#if defined(__x86_64__) || defined(_M_X64)
src/PC/server_mp/sv_init_mp.c	257	small-integer-cast	listed-TU	if ((unsigned int)index > 0x7ff) {
src/PC/server_mp/sv_init_mp.c	337	constant-pointer-arithmetic	listed-TU	buf = (char *)Z_MallocInternal(len + 1);
src/PC/server_mp/sv_init_mp.c	338	constant-pointer-arithmetic	listed-TU	memset(buf, 0, len + 1);
src/PC/server_mp/sv_init_mp.c	416	small-integer-cast	listed-TU	"sv_showCommands = Dvar_RegisterBool(""sv_showCommands"", 0, (int)&__mh_execute_header);"
src/PC/server_mp/sv_init_mp.c	421	small-integer-cast	listed-TU	"sv_serverid = Dvar_RegisterInt(""sv_serverid"", 0, (int)0x80000000, 0x7fffffff, 0x1048);"
src/PC/server_mp/sv_init_mp.c	427	small-integer-cast	listed-TU	"rcon_password = Dvar_RegisterString(""rcon_password"", """", (int)&__mh_execute_header);"
src/PC/server_mp/sv_init_mp.c	428	small-integer-cast	listed-TU	"sv_privatePassword = Dvar_RegisterString(""sv_privatePassword"", """", (int)&__mh_execute_header);"
src/PC/server_mp/sv_init_mp.c	429	small-integer-cast	listed-TU	"sv_fps = Dvar_RegisterInt(""sv_fps"", 20, 10, 1000, (int)&__mh_execute_header);"
src/PC/server_mp/sv_init_mp.c	430	small-integer-cast	listed-TU	"sv_timeout = Dvar_RegisterInt(""sv_timeout"", 240, 0, 1800, (int)&__mh_execute_header);"
src/PC/server_mp/sv_init_mp.c	431	small-integer-cast	listed-TU	"sv_zombietime = Dvar_RegisterInt(""sv_zombietime"", 2, 0, 1800, (int)&__mh_execute_header);"
src/PC/server_mp/sv_init_mp.c	434	small-integer-cast	listed-TU	"sv_padPackets = Dvar_RegisterInt(""sv_padPackets"", 0, 0, 0x7fffffff, (int)&__mh_execute_header);"
src/PC/server_mp/sv_init_mp.c	441	small-integer-cast	listed-TU	"sv_allowedClan1 = Dvar_RegisterString(""sv_allowedClan1"", """", (int)&__mh_execute_header);"
src/PC/server_mp/sv_init_mp.c	442	small-integer-cast	listed-TU	"sv_allowedClan2 = Dvar_RegisterString(""sv_allowedClan2"", """", (int)&__mh_execute_header);"
src/PC/server_mp/sv_init_mp.c	443	small-integer-cast	listed-TU	"sv_packet_info = Dvar_RegisterBool(""sv_packet_info"", 0, (int)&__mh_execute_header);"
src/PC/server_mp/sv_init_mp.c	444	small-integer-cast	listed-TU	"sv_showAverageBPS = Dvar_RegisterBool(""sv_showAverageBPS"", 0, (int)&__mh_execute_header);"
src/PC/server_mp/sv_init_mp.c	445	small-integer-cast	listed-TU	"sv_kickBanTime = Dvar_RegisterFloat(""sv_kickBanTime"", 300.0f, 0.0f, 3600.0f, (int)&__mh_execute_header);"
src/PC/server_mp/sv_init_mp.c	446	small-integer-cast	listed-TU	"sv_mapRotation = Dvar_RegisterString(""sv_mapRotation"", """", (int)&__mh_execute_header);"
src/PC/server_mp/sv_init_mp.c	447	small-integer-cast	listed-TU	"sv_mapRotationCurrent = Dvar_RegisterString(""sv_mapRotationCurrent"", """", (int)&__mh_execute_header);"
src/PC/server_mp/sv_init_mp.c	448	small-integer-cast	listed-TU	"sv_debugRate = Dvar_RegisterBool(""sv_debugRate"", 0, (int)&__mh_execute_header);"
src/PC/server_mp/sv_init_mp.c	449	small-integer-cast	listed-TU	"sv_debugReliableCmds = Dvar_RegisterBool(""sv_debugReliableCmds"", 0, (int)&__mh_execute_header);"
src/PC/server_mp/sv_init_mp.c	455	small-integer-cast	listed-TU	"*(dvar_t **)&nextmap = Dvar_RegisterString(""nextmap"", """", (int)&__mh_execute_header);"
src/PC/server_mp/sv_init_mp.c	510	constant-pointer-arithmetic	listed-TU	I_strncpyz(buf, val + sent, maxChunk + 1);
src/PC/server_mp/sv_init_mp.c	561	fixed-byte-access	listed-TU	if (!dvarVal || *(char *)(dvarVal + 8) == 0)
src/PC/server_mp/sv_init_mp.c	561	constant-pointer-arithmetic	listed-TU	if (!dvarVal || *(char *)(dvarVal + 8) == 0)
src/PC/server_mp/sv_init_mp.c	605	x86-only-width-guard	listed-TU	#if defined(__x86_64__) || defined(_M_X64)
src/PC/server_mp/sv_init_mp.c	616	small-integer-cast	listed-TU	Com_Memset(svLocal, 0, (int)sizeof(server_t));
src/PC/server_mp/sv_init_mp.c	627	fixed-size-memory-call	listed-TU	Com_Memset(svLocal, 0, 0x5f534);
src/PC/server_mp/sv_init_mp.c	709	fixed-byte-access	listed-TU	isDedicated = *(int *)((byte *)(void *)imp_com_dedicated + 8);
src/PC/server_mp/sv_init_mp.c	709	constant-pointer-arithmetic	listed-TU	isDedicated = *(int *)((byte *)(void *)imp_com_dedicated + 8);
src/PC/server_mp/sv_init_mp.c	794	fixed-byte-access	listed-TU	isDedicated = *(int *)((byte *)(void *)imp_com_dedicated + 8);
src/PC/server_mp/sv_init_mp.c	794	constant-pointer-arithmetic	listed-TU	isDedicated = *(int *)((byte *)(void *)imp_com_dedicated + 8);
src/PC/server_mp/sv_init_mp.c	830	small-integer-cast	listed-TU	savepersist = (int)G_GetSavePersist();
src/PC/server_mp/sv_init_mp.c	859	x86-only-width-guard	listed-TU	#if defined(__x86_64__) || defined(_M_X64)
src/PC/server_mp/sv_init_mp.c	868	small-integer-cast	listed-TU	Com_Memset(sv, 0, (int)sizeof(server_t));
src/PC/server_mp/sv_init_mp.c	879	fixed-size-memory-call	listed-TU	Com_Memset(sv, 0, 0x5f534);
src/PC/server_mp/sv_init_mp.c	883	fixed-byte-access	listed-TU	isDedicated = *(int *)((byte *)(void *)imp_com_dedicated + 8);
src/PC/server_mp/sv_init_mp.c	883	constant-pointer-arithmetic	listed-TU	isDedicated = *(int *)((byte *)(void *)imp_com_dedicated + 8);
src/PC/server_mp/sv_init_mp.c	926	x86-only-width-guard	listed-TU	#if defined(__x86_64__) || defined(_M_X64)
src/PC/server_mp/sv_init_mp.c	987	constant-pointer-arithmetic	listed-TU	sv_serverId_value = (sv_serverId_value + 16) & 0xff;
src/PC/server_mp/sv_init_mp.c	1008	fixed-byte-access	listed-TU	isDedicated = *(int *)((byte *)(void *)imp_com_dedicated + 8);
src/PC/server_mp/sv_init_mp.c	1008	constant-pointer-arithmetic	listed-TU	isDedicated = *(int *)((byte *)(void *)imp_com_dedicated + 8);
src/PC/server_mp/sv_init_mp.c	1045	constant-pointer-arithmetic	listed-TU	dest = sv + entOff + 0x2500 + 0x18;
src/PC/server_mp/sv_init_mp.c	1047	fixed-byte-access	listed-TU	*(int *)(dest + 4) = *(int *)&gent->r.absmin[1];
src/PC/server_mp/sv_init_mp.c	1047	constant-pointer-arithmetic	listed-TU	*(int *)(dest + 4) = *(int *)&gent->r.absmin[1];
src/PC/server_mp/sv_init_mp.c	1048	fixed-byte-access	listed-TU	*(int *)(dest + 8) = *(int *)&gent->r.absmin[2];
src/PC/server_mp/sv_init_mp.c	1048	constant-pointer-arithmetic	listed-TU	*(int *)(dest + 8) = *(int *)&gent->r.absmin[2];
src/PC/server_mp/sv_init_mp.c	1050	constant-pointer-arithmetic	listed-TU	dest = sv + entOff + 0x2510 + 0x14;
src/PC/server_mp/sv_init_mp.c	1052	fixed-byte-access	listed-TU	*(int *)(dest + 4) = *(int *)&gent->r.absmax[1];
src/PC/server_mp/sv_init_mp.c	1052	constant-pointer-arithmetic	listed-TU	*(int *)(dest + 4) = *(int *)&gent->r.absmax[1];
src/PC/server_mp/sv_init_mp.c	1053	fixed-byte-access	listed-TU	*(int *)(dest + 8) = *(int *)&gent->r.absmax[2];
src/PC/server_mp/sv_init_mp.c	1053	constant-pointer-arithmetic	listed-TU	*(int *)(dest + 8) = *(int *)&gent->r.absmax[2];
src/PC/server_mp/sv_main_mp.c	163	constant-pointer-arithmetic	listed-TU	int from = client->reliableSent + 1;
src/PC/server_mp/sv_main_mp.c	196	constant-pointer-arithmetic	listed-TU	from = client->reliableSent + 1;
src/PC/server_mp/sv_main_mp.c	246	constant-pointer-arithmetic	listed-TU	const char *str1 = cmd + 2;
src/PC/server_mp/sv_main_mp.c	247	constant-pointer-arithmetic	listed-TU	const char *str2 = client->reliableCommandInfo[slot].cmd + 2;
src/PC/server_mp/sv_main_mp.c	293	constant-pointer-arithmetic	listed-TU	char *entryStr = client->reliableCommandInfo[slot].cmd + 1;
src/PC/server_mp/sv_main_mp.c	294	constant-pointer-arithmetic	listed-TU	if (strcmp(cmd + 1, entryStr) != 0) {
src/PC/server_mp/sv_main_mp.c	305	constant-pointer-arithmetic	listed-TU	int fromCmd = foundIdx + 1;
src/PC/server_mp/sv_main_mp.c	333	constant-pointer-arithmetic	listed-TU	dumpFrom = client->reliableAcknowledge + 1;
src/PC/server_mp/sv_main_mp.c	356	constant-pointer-arithmetic	listed-TU	int newSeq = i + 1;
src/PC/server_mp/sv_main_mp.c	452	small-integer-cast	listed-TU	G_GetClientScore((int)(cl - svs.clients));
src/PC/server_mp/sv_main_mp.c	455	small-integer-cast	listed-TU	newStatusLength = statusLength + (int)strlen(player);
src/PC/server_mp/sv_main_mp.c	456	small-integer-cast	listed-TU	if ((unsigned int)newStatusLength > 0x3fff)
src/PC/server_mp/sv_main_mp.c	539	small-integer-cast	listed-TU	newStatusLength = statusLength + (int)strlen(player);
src/PC/server_mp/sv_main_mp.c	540	small-integer-cast	listed-TU	if ((unsigned int)newStatusLength > 0x3fff)
src/PC/server_mp/sv_main_mp.c	811	fixed-byte-access	listed-TU	G_RunFrame(*(int *)((char *)&svs + 4));
src/PC/server_mp/sv_main_mp.c	811	constant-pointer-arithmetic	listed-TU	G_RunFrame(*(int *)((char *)&svs + 4));
src/PC/server_mp/sv_main_mp.c	824	small-integer-cast	listed-TU	clientNum = (int)(cl - svs.clients);
src/PC/server_mp/sv_main_mp.c	847	small-integer-cast	listed-TU	nullcmd.angles[0] = (int)(crandom() * 360.0f);
src/PC/server_mp/sv_main_mp.c	850	small-integer-cast	listed-TU	nullcmd.angles[1] = (int)(crandom() * 360.0f);
src/PC/server_mp/sv_main_mp.c	853	small-integer-cast	listed-TU	nullcmd.angles[2] = (int)(crandom() * 360.0f);
src/PC/server_mp/sv_main_mp.c	1092	fixed-byte-access	listed-TU	if (*(int *)((byte *)cl + 0x765f4)) {
src/PC/server_mp/sv_main_mp.c	1092	constant-pointer-arithmetic	listed-TU	if (*(int *)((byte *)cl + 0x765f4)) {
src/PC/server_mp/sv_main_pc_mp.c	30	small-integer-cast	listed-TU	#define SVS_TIME_OFF ((int)offsetof(serverStatic_t, time))
src/PC/server_mp/sv_main_pc_mp.c	31	small-integer-cast	listed-TU	#define SVS_NEXTHEARTBEATTIME_OFF ((int)offsetof(serverStatic_t, nextHeartbeatTime))
src/PC/server_mp/sv_main_pc_mp.c	32	small-integer-cast	listed-TU	#define SVS_NEXTSTATUSRESPTIME_OFF ((int)offsetof(serverStatic_t, nextStatusResponseTime))
src/PC/server_mp/sv_main_pc_mp.c	33	small-integer-cast	listed-TU	#define SVS_REDIRECTADDR_OFF ((int)offsetof(serverStatic_t, redirectAddress))
src/PC/server_mp/sv_main_pc_mp.c	218	fixed-byte-access	listed-TU	*(int *)(svs + SVS_NEXTHEARTBEATTIME_OFF) = time + 180000;
src/PC/server_mp/sv_main_pc_mp.c	218	constant-pointer-arithmetic	listed-TU	*(int *)(svs + SVS_NEXTHEARTBEATTIME_OFF) = time + 180000;
src/PC/server_mp/sv_main_pc_mp.c	236	fixed-byte-access	listed-TU	*(int *)(svs + SVS_NEXTSTATUSRESPTIME_OFF) = time + 600000;
src/PC/server_mp/sv_main_pc_mp.c	236	constant-pointer-arithmetic	listed-TU	*(int *)(svs + SVS_NEXTSTATUSRESPTIME_OFF) = time + 600000;
src/PC/server_mp/sv_main_pc_mp.c	250	small-integer-cast	listed-TU	*(int *)((byte *)&svs + SVS_NEXTHEARTBEATTIME_OFF) = (int)0x80000000;
src/PC/server_mp/sv_net_chan_mp.c	21	small-integer-cast	listed-TU	#define CLIENT_NETCHAN_OFF ((int)offsetof(client_t, netchan))
src/PC/server_mp/sv_net_chan_mp.c	22	small-integer-cast	listed-TU	#define CLIENT_NETCHAN_PPROF_OFF ((int)(offsetof(client_t, netchan) + offsetof(netchan_t, pProf)))
src/PC/server_mp/sv_net_chan_mp.c	23	small-integer-cast	listed-TU	#define CLIENT_SERVERID_OFF ((int)offsetof(client_t, serverId))
src/PC/server_mp/sv_net_chan_mp.c	24	small-integer-cast	listed-TU	#define CLIENT_STRIDE ((int)sizeof(client_t))
src/PC/server_mp/sv_net_chan_mp.c	31	small-integer-cast	listed-TU	#define SVS_CLIENTS_OFF ((int)offsetof(serverStatic_t, clients))
src/PC/server_mp/sv_net_chan_mp.c	32	small-integer-cast	listed-TU	#define SVS_POOBPROF_OFF ((int)offsetof(serverStatic_t, pOOBProf))
src/PC/server_mp/sv_net_chan_mp.c	107	x86-only-width-guard	listed-TU	#if defined(_M_X64) || defined(__x86_64__)
src/PC/server_mp/sv_net_chan_mp.c	114	constant-pointer-arithmetic	listed-TU	encodeData = data + 4;
src/PC/server_mp/sv_net_chan_mp.c	123	x86-only-width-guard	listed-TU	#if defined(_M_X64) || defined(__x86_64__)
src/PC/server_mp/sv_net_chan_mp.c	124	small-integer-cast	listed-TU	beforeTraceLen = dataSize < (int)sizeof(beforeTrace) ? dataSize : (int)sizeof(beforeTrace);
src/PC/server_mp/sv_net_chan_mp.c	145	x86-only-width-guard	listed-TU	#if defined(_M_X64) || defined(__x86_64__)
src/PC/server_mp/sv_net_chan_mp.c	226	fixed-byte-access	listed-TU	numClients = *(int *)((byte *)sv_ptr + 8);
src/PC/server_mp/sv_net_chan_mp.c	226	constant-pointer-arithmetic	listed-TU	numClients = *(int *)((byte *)sv_ptr + 8);
src/PC/server_mp/sv_net_chan_mp.c	255	constant-pointer-arithmetic	listed-TU	CL_DrawString(0x20, iYPos + 0xa, szLine, 0, 8);
src/PC/server_mp/sv_net_chan_mp.c	264	constant-pointer-arithmetic	listed-TU	CL_DrawString(0x20, iYPos + 0xa, szLine, 0, 8);
src/PC/server_mp/sv_net_chan_mp.c	273	constant-pointer-arithmetic	listed-TU	CL_DrawString(0x20, iYPos + 0xa, szLine, 0, 8);
src/PC/server_mp/sv_net_chan_mp.c	314	fixed-byte-access	listed-TU	numClients = *(int *)((byte *)sv_ptr + 8);
src/PC/server_mp/sv_net_chan_mp.c	314	constant-pointer-arithmetic	listed-TU	numClients = *(int *)((byte *)sv_ptr + 8);
src/PC/server_mp/sv_net_chan_mp.c	358	constant-pointer-arithmetic	listed-TU	CL_DrawString(0x20, iYPos + 0xa, szLine, 0, 8);
src/PC/server_mp/sv_net_chan_mp.c	395	constant-pointer-arithmetic	listed-TU	CL_DrawString(0x20, iYPos + 0xa, szLine, 0, 8);
src/PC/server_mp/sv_net_chan_mp.c	399	fixed-byte-access	listed-TU	numClients = *(int *)((byte *)sv_ptr + 8);
src/PC/server_mp/sv_net_chan_mp.c	399	constant-pointer-arithmetic	listed-TU	numClients = *(int *)((byte *)sv_ptr + 8);
src/PC/server_mp/sv_net_chan_mp.c	446	constant-pointer-arithmetic	listed-TU	CL_DrawString(0x20, iYPos + 0xa, szLine, 0, 8);
src/PC/server_mp/sv_snapshot_mp.c	31	pointer-named-integer-field	listed-TU	extern int __mh_execute_header;
src/PC/server_mp/sv_snapshot_mp.c	156	constant-pointer-arithmetic	listed-TU	if (reliableAck + 1 < client->reliableSequence) {
src/PC/server_mp/sv_snapshot_mp.c	163	constant-pointer-arithmetic	listed-TU	for (i = reliableAck + 1; i <= client->reliableSequence; i++) {
src/PC/server_mp/sv_snapshot_mp.c	214	small-integer-cast	listed-TU	if (cf->first_client >= svs->nextCachedSnapshotClients - (int)&__mh_execute_header) {
src/PC/server_mp/sv_snapshot_mp.c	225	fixed-byte-access	listed-TU	msg.cursize = *(int *)(partEntry + 4);
src/PC/server_mp/sv_snapshot_mp.c	225	constant-pointer-arithmetic	listed-TU	msg.cursize = *(int *)(partEntry + 4);
src/PC/server_mp/sv_snapshot_mp.c	284	fixed-byte-access	listed-TU	oldClientNum = *(int *)(oldCachedClient + 4);
src/PC/server_mp/sv_snapshot_mp.c	284	constant-pointer-arithmetic	listed-TU	oldClientNum = *(int *)(oldCachedClient + 4);
src/PC/server_mp/sv_snapshot_mp.c	304	pointer-named-integer-field	listed-TU	int nextIdx = (oldCachedFrame->first_client + oldindex) % 0x1000;
src/PC/server_mp/sv_snapshot_mp.c	306	fixed-byte-access	listed-TU	oldClientNum = *(int *)(oldCachedClient + 4);
src/PC/server_mp/sv_snapshot_mp.c	306	constant-pointer-arithmetic	listed-TU	oldClientNum = *(int *)(oldCachedClient + 4);
src/PC/server_mp/sv_snapshot_mp.c	316	constant-pointer-arithmetic	listed-TU	MSG_ReadDeltaClient(&msg, oldCachedClient + 4, newCachedClient + 4, newClientNum);
src/PC/server_mp/sv_snapshot_mp.c	334	pointer-named-integer-field	listed-TU	int nextIdx = (oldCachedFrame->first_client + oldindex) % 0x1000;
src/PC/server_mp/sv_snapshot_mp.c	336	fixed-byte-access	listed-TU	oldClientNum = *(int *)(oldCachedClient + 4);
src/PC/server_mp/sv_snapshot_mp.c	336	constant-pointer-arithmetic	listed-TU	oldClientNum = *(int *)(oldCachedClient + 4);
src/PC/server_mp/sv_snapshot_mp.c	340	constant-pointer-arithmetic	listed-TU	MSG_ReadDeltaClient(&msg, NULL, newCachedClient + 4, newClientNum);
src/PC/server_mp/sv_snapshot_mp.c	381	constant-pointer-arithmetic	listed-TU	MSG_ReadDeltaClient(&msg, NULL, newCachedClient + 4, clientNum);
src/PC/server_mp/sv_snapshot_mp.c	440	small-integer-cast	listed-TU	r = ((r - 1) | (int)0xfffffe00) + 1;
src/PC/server_mp/sv_snapshot_mp.c	449	small-integer-cast	listed-TU	r = ((r - 1) | (int)0xfffff000) + 1;
src/PC/server_mp/sv_snapshot_mp.c	458	small-integer-cast	listed-TU	r = ((r - 1) | (int)0xffffc000) + 1;
src/PC/server_mp/sv_snapshot_mp.c	467	small-integer-cast	listed-TU	r = ((r - 1) | (int)0xfe000000) + 1;
src/PC/server_mp/sv_snapshot_mp.c	518	small-integer-cast	listed-TU	if (((cachedSnapshot_t *)cf)->first_client < svs.nextCachedSnapshotClients - (int)&__mh_execute_header)
src/PC/server_mp/sv_snapshot_mp.c	540	fixed-byte-access	listed-TU	if (*(int *)(cachedClient + 4) >= newIdx)
src/PC/server_mp/sv_snapshot_mp.c	540	constant-pointer-arithmetic	listed-TU	if (*(int *)(cachedClient + 4) >= newIdx)
src/PC/server_mp/sv_snapshot_mp.c	562	fixed-byte-access	listed-TU	int oldClientNum = *(int *)(cachedClient + 4);
src/PC/server_mp/sv_snapshot_mp.c	562	constant-pointer-arithmetic	listed-TU	int oldClientNum = *(int *)(cachedClient + 4);
src/PC/server_mp/sv_snapshot_mp.c	567	constant-pointer-arithmetic	listed-TU	MSG_WriteDeltaClient((msg_t *)msg, cachedClient + 4, (byte *)clientState, 1);
src/PC/server_mp/sv_snapshot_mp.c	607	constant-pointer-arithmetic	listed-TU	MSG_WriteDeltaClient((msg_t *)msg, cachedClient + 4, (byte *)clientState, 1);
src/PC/server_mp/sv_snapshot_mp.c	726	fixed-byte-access	listed-TU	maxClients = *(int *)(maxclients_val + 8);
src/PC/server_mp/sv_snapshot_mp.c	726	constant-pointer-arithmetic	listed-TU	maxClients = *(int *)(maxclients_val + 8);
src/PC/server_mp/sv_snapshot_mp.c	740	constant-pointer-arithmetic	listed-TU	memcpy(archivedClient + 4, clientState, sizeof(clientState_t));
src/PC/server_mp/sv_snapshot_mp.c	743	constant-pointer-arithmetic	listed-TU	MSG_WriteDeltaClient((msg_t *)msg, NULL, archivedClient + 4, 1);
src/PC/server_mp/sv_snapshot_mp.c	758	constant-pointer-arithmetic	listed-TU	int newClientIdx = svs.nextCachedSnapshotClients + 1;
src/PC/server_mp/sv_snapshot_mp.c	830	constant-pointer-arithmetic	listed-TU	int newEntIdx = svs.nextCachedSnapshotEntities + 1;
src/PC/server_mp/sv_snapshot_mp.c	847	constant-pointer-arithmetic	listed-TU	int newFrameNum = svs.nextCachedSnapshotFrames + 1;
src/PC/server_mp/sv_snapshot_mp.c	880	small-integer-cast	listed-TU	int q = (int)(tmp >> 39);
src/PC/server_mp/sv_snapshot_mp.c	893	fixed-byte-access	listed-TU	*(int *)(partEntry + 4) = msgDataLen;
src/PC/server_mp/sv_snapshot_mp.c	893	constant-pointer-arithmetic	listed-TU	*(int *)(partEntry + 4) = msgDataLen;
src/PC/server_mp/sv_snapshot_mp.c	907	fixed-byte-access	listed-TU	byte *msgData = *(byte **)(msg + 4);
src/PC/server_mp/sv_snapshot_mp.c	907	constant-pointer-arithmetic	listed-TU	byte *msgData = *(byte **)(msg + 4);
src/PC/server_mp/sv_snapshot_mp.c	915	constant-pointer-arithmetic	listed-TU	int newCount = svs.nextArchivedSnapshotFrames + 1;
src/PC/server_mp/sv_snapshot_mp.c	943	constant-pointer-arithmetic	listed-TU	compressedSize = MSG_WriteBitsCompress(msg->data + 4, compressedBuf + 4, msg->cursize - 4) + 4;
src/PC/server_mp/sv_snapshot_mp.c	945	x86-only-width-guard	listed-TU	#if defined(_M_X64) || defined(__x86_64__)
src/PC/server_mp/sv_snapshot_mp.c	964	constant-pointer-arithmetic	listed-TU	verifySize = MSG_ReadBitsCompress(compressedBuf + 4, verifyBuf, compressedSize - 4);
src/PC/server_mp/sv_snapshot_mp.c	968	constant-pointer-arithmetic	listed-TU	if (verifyBuf[i] != msg->data[i + 4]) {
src/PC/server_mp/sv_snapshot_mp.c	987	constant-pointer-arithmetic	listed-TU	"fprintf(f, "" %02x"", msg->data[i + 4]);"
src/PC/server_mp/sv_snapshot_mp.c	1065	constant-pointer-arithmetic	listed-TU	if (rateMsec + svsTime < svsTime + 0x3e8) {
src/PC/server_mp/sv_snapshot_mp.c	1066	constant-pointer-arithmetic	listed-TU	client->nextSnapshotTime = svsTime + 0x3e8;
src/PC/server_mp/sv_snapshot_mp.c	1132	fixed-byte-access	listed-TU	if (*(int *)(cc + 4) == clientNum) {
src/PC/server_mp/sv_snapshot_mp.c	1132	constant-pointer-arithmetic	listed-TU	if (*(int *)(cc + 4) == clientNum) {
src/PC/server_mp/sv_snapshot_mp.c	1142	constant-pointer-arithmetic	listed-TU	memcpy(cs, cachedClient + 4, sizeof(clientState_t));
src/PC/server_mp/sv_snapshot_mp.c	1342	small-integer-cast	listed-TU	return (int)(((byte *)client - (byte *)svs->clients) / CLIENT_STRIDE);
src/PC/server_mp/sv_snapshot_mp.c	1532	constant-pointer-arithmetic	listed-TU	memcpy(dst, cachedClient + 4, sizeof(clientState_t));
src/PC/server_mp/sv_snapshot_mp.c	1846	constant-pointer-arithmetic	listed-TU	for (i = client->reliableAcknowledge + 1; i <= client->reliableSent; ++i) {
src/PC/server_mp/sv_snapshot_mp.c	1852	constant-pointer-arithmetic	listed-TU	reliableAck = client->reliableAcknowledge + 1;
src/PC/server_mp/sv_snapshot_mp.c	1857	small-integer-cast	listed-TU	if (msg->cursize + (int)strlen(cmd) + 5 > 0x1ffff) {
src/PC/server_mp/sv_snapshot_mp.c	1974	constant-pointer-arithmetic	listed-TU	rateMsec = (msgBytes + 0xbb80) / rate;
src/PC/server_mp/sv_snapshot_mp.c	1993	constant-pointer-arithmetic	listed-TU	int bpsVal = sv.bpsWindow[j + 1];
src/PC/server_mp/sv_snapshot_mp.c	1997	constant-pointer-arithmetic	listed-TU	int ubpsVal = sv.ubpsWindow[j + 1];
src/PC/server_mp/sv_snapshot_mp.c	2016	constant-pointer-arithmetic	listed-TU	int counter = sv.bpsWindowSteps + 1;
src/PC/server_mp/sv_snapshot_mp.c	2027	constant-pointer-arithmetic	listed-TU	int numSamples = sv.ucompNum + 1;
src/PC/server_mp/sv_snapshot_mp.c	2044	small-integer-cast	listed-TU	r = ((r - 1) | (int)0xfffffe00) + 1;
src/PC/server_mp/sv_snapshot_mp.c	2053	small-integer-cast	listed-TU	r = ((r - 1) | (int)0xfffff000) + 1;
src/PC/server_mp/sv_snapshot_mp.c	2062	small-integer-cast	listed-TU	r = ((r - 1) | (int)0xffffc000) + 1;
src/PC/server_mp/sv_snapshot_mp.c	2071	small-integer-cast	listed-TU	r = ((r - 1) | (int)0xfe000000) + 1;
src/PC/server_mp/sv_snapshot_mp.c	2125	small-integer-cast	listed-TU	if (((cachedSnapshot_t *)cf)->first_client < svs2->nextCachedSnapshotClients - (int)&__mh_execute_header)
src/PC/server_mp/sv_snapshot_mp.c	2148	fixed-byte-access	listed-TU	if (*(int *)(cachedClient + 4) >= newIdx)
src/PC/server_mp/sv_snapshot_mp.c	2148	constant-pointer-arithmetic	listed-TU	if (*(int *)(cachedClient + 4) >= newIdx)
src/PC/server_mp/sv_snapshot_mp.c	2172	fixed-byte-access	listed-TU	int oldClientNum = *(int *)(cachedClient + 4);
src/PC/server_mp/sv_snapshot_mp.c	2172	constant-pointer-arithmetic	listed-TU	int oldClientNum = *(int *)(cachedClient + 4);
src/PC/server_mp/sv_snapshot_mp.c	2177	constant-pointer-arithmetic	listed-TU	MSG_WriteDeltaClient((msg_t *)msg, cachedClient + 4, (byte *)clientState, 1);
src/PC/server_mp/sv_snapshot_mp.c	2217	constant-pointer-arithmetic	listed-TU	MSG_WriteDeltaClient((msg_t *)msg, cachedClient + 4, (byte *)clientState, 1);
src/PC/server_mp/sv_snapshot_mp.c	2338	fixed-byte-access	listed-TU	maxClients = *(int *)(maxclients_val + 8);
src/PC/server_mp/sv_snapshot_mp.c	2338	constant-pointer-arithmetic	listed-TU	maxClients = *(int *)(maxclients_val + 8);
src/PC/server_mp/sv_snapshot_mp.c	2352	constant-pointer-arithmetic	listed-TU	memcpy(archivedClient + 4, clientState, sizeof(clientState_t));
src/PC/server_mp/sv_snapshot_mp.c	2355	constant-pointer-arithmetic	listed-TU	MSG_WriteDeltaClient((msg_t *)msg, NULL, archivedClient + 4, 1);
src/PC/server_mp/sv_snapshot_mp.c	2371	constant-pointer-arithmetic	listed-TU	int newClientIdx = svs3->nextCachedSnapshotClients + 1;
src/PC/server_mp/sv_snapshot_mp.c	2445	constant-pointer-arithmetic	listed-TU	int newEntIdx = svs5->nextCachedSnapshotEntities + 1;
src/PC/server_mp/sv_snapshot_mp.c	2463	constant-pointer-arithmetic	listed-TU	int newFrameNum = svs5->nextCachedSnapshotFrames + 1;
src/PC/server_mp/sv_snapshot_mp.c	2497	small-integer-cast	listed-TU	int q = (int)(tmp >> 39);
src/PC/server_mp/sv_snapshot_mp.c	2510	fixed-byte-access	listed-TU	*(int *)(partEntry + 4) = msgDataLen;
src/PC/server_mp/sv_snapshot_mp.c	2510	constant-pointer-arithmetic	listed-TU	*(int *)(partEntry + 4) = msgDataLen;
src/PC/server_mp/sv_snapshot_mp.c	2524	fixed-byte-access	listed-TU	byte *msgData = *(byte **)(msg + 4);
src/PC/server_mp/sv_snapshot_mp.c	2524	constant-pointer-arithmetic	listed-TU	byte *msgData = *(byte **)(msg + 4);
src/PC/server_mp/sv_snapshot_mp.c	2533	constant-pointer-arithmetic	listed-TU	int newCount = svs2->nextArchivedSnapshotFrames + 1;
src/PC/server_mp/sv_voice_mp.c	107	constant-pointer-arithmetic	listed-TU	client->voicePacketCount = count + 1;
src/PC/server_mp/sv_voice_mp.c	117	fixed-byte-access	listed-TU	if (*(byte *)(*(int *)(*(int *)imp_sv_voice) + 8) == 0)
src/PC/server_mp/sv_voice_mp.c	127	small-integer-cast	listed-TU	if ((unsigned int)(dataSize - 1) > 255) {
src/PC/server_mp/sv_voice_mp.c	152	fixed-byte-access	listed-TU	if (*(byte *)(*(int *)(*(int *)imp_sv_voice) + 8) == 0)
src/PC/server_mp/sv_voice_mp.c	156	small-integer-cast	listed-TU	clientNum = (int)(cl - svs->clients);
src/PC/server_mp/sv_voice_mp.c	165	small-integer-cast	listed-TU	if ((unsigned int)(dataSize - 1) > 255) {
src/PC/server_mp/sv_voice_mp.c	198	constant-pointer-arithmetic	listed-TU	otherCl->voicePacketCount = count + 1;
src/PC/server_mp/sv_world_mp.c	122	constant-pointer-arithmetic	listed-TU	clip.outerSize[0] = halfX + 1.0f;
src/PC/server_mp/sv_world_mp.c	123	constant-pointer-arithmetic	listed-TU	clip.outerSize[1] = halfY + 1.0f;
src/PC/server_mp/sv_world_mp.c	124	constant-pointer-arithmetic	listed-TU	clip.outerSize[2] = halfZ + 1.0f;
src/PC/server_mp/sv_world_mp.c	150	constant-pointer-arithmetic	listed-TU	results->entityNum = (unsigned short)(isOne + 0x3fe);
src/PC/server_mp/sv_world_mp.c	236	constant-pointer-arithmetic	listed-TU	moveClip->outerSize[0] = halfX + 1.0f;
src/PC/server_mp/sv_world_mp.c	237	constant-pointer-arithmetic	listed-TU	moveClip->outerSize[1] = halfY + 1.0f;
src/PC/server_mp/sv_world_mp.c	238	constant-pointer-arithmetic	listed-TU	moveClip->outerSize[2] = halfZ + 1.0f;
src/PC/server_mp/sv_world_mp.c	294	constant-pointer-arithmetic	listed-TU	clip.outerSize[0] = halfX + 1.0f;
src/PC/server_mp/sv_world_mp.c	295	constant-pointer-arithmetic	listed-TU	clip.outerSize[1] = halfY + 1.0f;
src/PC/server_mp/sv_world_mp.c	296	constant-pointer-arithmetic	listed-TU	clip.outerSize[2] = halfZ + 1.0f;
src/PC/server_mp/sv_world_mp.c	333	small-integer-cast	listed-TU	x = (int)maxs[0];
src/PC/server_mp/sv_world_mp.c	339	small-integer-cast	listed-TU	zd = (int)(1.0f - mins[2]);
src/PC/server_mp/sv_world_mp.c	347	small-integer-cast	listed-TU	zu = (int)(maxs[2] + 32.0f);
src/PC/server_mp/sv_world_mp.c	361	small-integer-cast	listed-TU	float rounded = (float)(int)floorf(angles[i] + 0.5f);
src/PC/server_mp/sv_world_mp.c	470	small-integer-cast	listed-TU	int entityNum = (int)(check - sv.svEntities);
src/PC/server_mp/sv_world_mp.c	521	small-integer-cast	listed-TU	int entityNum = (int)(check - sv.svEntities);
src/PC/server_mp/sv_world_mp.c	651	small-integer-cast	listed-TU	int entityNum = (int)(check - sv.svEntities);
src/PC/server_mp/sv_world_mp.c	689	small-integer-cast	listed-TU	int entityNum = (int)(check - sv.svEntities);
src/PC/snd.c	229	small-integer-cast	listed-TU	if ((unsigned int)channel > 10)
src/PC/snd.c	453	constant-pointer-arithmetic	listed-TU	for (k = priority + 1; k <= 3; k++) {
src/PC/snd.c	535	constant-pointer-arithmetic	listed-TU	int channel = track + 32;
src/PC/snd.c	640	constant-pointer-arithmetic	listed-TU	for (k = priority + 1; k <= 2; k++) {
src/PC/snd.c	730	constant-pointer-arithmetic	listed-TU	if (SND_Is2DChannelFree(i + 45)) {
src/PC/snd.c	735	constant-pointer-arithmetic	listed-TU	rate = SND_Get2DChannelPlaybackRate(i + 45);
src/PC/snd.c	742	constant-pointer-arithmetic	listed-TU	vol = SND_Get2DChannelVolume(i + 45);
src/PC/snd.c	785	small-integer-cast	listed-TU	info[i].dist = (int)dist;
src/PC/snd.c	806	constant-pointer-arithmetic	listed-TU	if (SND_IsStreamChannelFree(i + 32)) {
src/PC/snd.c	811	constant-pointer-arithmetic	listed-TU	rate = SND_GetStreamChannelPlaybackRate(i + 32);
src/PC/snd.c	816	constant-pointer-arithmetic	listed-TU	vol = SND_GetStreamChannelVolume(i + 32);
src/PC/snd.c	826	small-integer-cast	listed-TU	info[i].dist = (int)dist;
src/PC/snd.c	872	constant-pointer-arithmetic	listed-TU	channel = i + 32;
src/PC/snd.c	882	constant-pointer-arithmetic	listed-TU	index = g_snd.max_stream_channels + 32;
src/PC/snd.c	945	fixed-byte-access	listed-TU	if (!*(unsigned char *)((char *)snd_enableStream + 8))
src/PC/snd.c	945	constant-pointer-arithmetic	listed-TU	if (!*(unsigned char *)((char *)snd_enableStream + 8))
src/PC/snd.c	1043	fixed-byte-access	listed-TU	g_snd.volume = 0.75f * *(float *)((char *)snd_volume + 8);
src/PC/snd.c	1043	constant-pointer-arithmetic	listed-TU	g_snd.volume = 0.75f * *(float *)((char *)snd_volume + 8);
src/PC/snd.c	1118	small-integer-cast	listed-TU	rate = (int)floorf((float)g_snd.chaninfo[i].baserate * g_snd.chaninfo[i].pitch * g_snd.timescale + 0.5f);
src/PC/snd.c	1141	small-integer-cast	listed-TU	rate = (int)floorf((float)g_snd.chaninfo[i].baserate * g_snd.chaninfo[i].pitch * g_snd.timescale + 0.5f);
src/PC/snd.c	1163	small-integer-cast	listed-TU	rate = (int)floorf((float)g_snd.chaninfo[i].baserate * g_snd.chaninfo[i].pitch * g_snd.timescale + 0.5f);
src/PC/snd.c	1307	constant-pointer-arithmetic	listed-TU	if (SND_Is2DChannelFree(i + 45))
src/PC/snd.c	1308	constant-pointer-arithmetic	listed-TU	return i + 45;
src/PC/snd.c	1311	constant-pointer-arithmetic	listed-TU	total = g_snd.max_2D_channels + 45;
src/PC/snd.c	1413	small-integer-cast	listed-TU	chaninfo->entnum = (int)value_s;
src/PC/snd.c	1416	small-integer-cast	listed-TU	chaninfo->entchannel = (int)value_b;
src/PC/snd.c	1444	fixed-byte-access	listed-TU	newPaused = (*(int *)((char *)cl_paused + 8) != 0);
src/PC/snd.c	1444	constant-pointer-arithmetic	listed-TU	newPaused = (*(int *)((char *)cl_paused + 8) != 0);
src/PC/snd.c	1459	small-integer-cast	listed-TU	if ((unsigned)((flags & 0x60) >> 5) - 2 > 1) {
src/PC/snd.c	1467	constant-pointer-arithmetic	listed-TU	channel = track + 32;
src/PC/snd.c	1482	fixed-byte-access	listed-TU	if (!*(unsigned char *)((char *)snd_enableStream + 8))
src/PC/snd.c	1482	constant-pointer-arithmetic	listed-TU	if (!*(unsigned char *)((char *)snd_enableStream + 8))
src/PC/snd.c	1503	constant-pointer-arithmetic	listed-TU	tracknum = curTrack + 32;
src/PC/snd.c	1536	constant-pointer-arithmetic	listed-TU	tracknum = curTrack + 32;
src/PC/snd.c	1590	constant-pointer-arithmetic	listed-TU	total = g_snd.max_2D_channels + 45;
src/PC/snd.c	1602	constant-pointer-arithmetic	listed-TU	total = g_snd.max_stream_channels + 32;
src/PC/snd.c	1607	small-integer-cast	listed-TU	if ((which & 4) && (unsigned)(i - 33) <= 1)
src/PC/snd.c	1756	constant-pointer-arithmetic	listed-TU	if (g_snd.Initialized2d && g_snd.max_2D_channels + 45 > 45) {
src/PC/snd.c	1757	constant-pointer-arithmetic	listed-TU	for (i = 45; i < g_snd.max_2D_channels + 45; i++) {
src/PC/snd.c	1786	constant-pointer-arithmetic	listed-TU	if (g_snd.Initialized2d && g_snd.max_stream_channels + 32 > 32) {
src/PC/snd.c	1787	constant-pointer-arithmetic	listed-TU	for (i = 32; i < g_snd.max_stream_channels + 32; i++) {
src/PC/snd.c	1789	small-integer-cast	listed-TU	if ((unsigned)(i - 33) <= 1)
src/PC/snd.c	1855	small-integer-cast	listed-TU	if ((unsigned)((pAlias0->flags & 0x60) >> 5) - 2 > 1)
src/PC/snd.c	1857	small-integer-cast	listed-TU	if ((unsigned)((pAlias1->flags & 0x60) >> 5) - 2 > 1)
src/PC/snd.c	1868	fixed-byte-access	listed-TU	if (!*(unsigned char *)((char *)snd_enableStream + 8))
src/PC/snd.c	1868	constant-pointer-arithmetic	listed-TU	if (!*(unsigned char *)((char *)snd_enableStream + 8))
src/PC/snd.c	1882	small-integer-cast	listed-TU	rate = (int)floorf((float)(*(int *)&info[4]) * g_snd.chaninfo[channel].pitch * g_snd.timescale + 0.5f);
src/PC/snd.c	1959	fixed-byte-access	listed-TU	if (!*(unsigned char *)((char *)snd_enable3D + 8))
src/PC/snd.c	1959	constant-pointer-arithmetic	listed-TU	if (!*(unsigned char *)((char *)snd_enable3D + 8))
src/PC/snd.c	2002	fixed-byte-access	listed-TU	if (!*(unsigned char *)((char *)snd_enable2D + 8))
src/PC/snd.c	2002	constant-pointer-arithmetic	listed-TU	if (!*(unsigned char *)((char *)snd_enable2D + 8))
src/PC/snd.c	2052	fixed-byte-access	listed-TU	if (*(unsigned char *)((char *)com_statmon + 8) && cpu > 2)
src/PC/snd.c	2052	constant-pointer-arithmetic	listed-TU	if (*(unsigned char *)((char *)com_statmon + 8) && cpu > 2)
src/PC/snd.c	2060	fixed-byte-access	listed-TU	newPaused = (*(int *)((char *)cl_paused + 8) != 0);
src/PC/snd.c	2060	constant-pointer-arithmetic	listed-TU	newPaused = (*(int *)((char *)cl_paused + 8) != 0);
src/PC/snd.c	2104	fixed-byte-access	listed-TU	g_snd.volume = g_snd.mastervol.volume * *(float *)((char *)snd_volume + 8) * 0.75f;
src/PC/snd.c	2104	constant-pointer-arithmetic	listed-TU	g_snd.volume = g_snd.mastervol.volume * *(float *)((char *)snd_volume + 8) * 0.75f;
src/PC/snd.c	2105	fixed-byte-access	listed-TU	} else if (*(unsigned char *)((char *)snd_volume + 7)) {
src/PC/snd.c	2105	constant-pointer-arithmetic	listed-TU	} else if (*(unsigned char *)((char *)snd_volume + 7)) {
src/PC/snd.c	2108	fixed-byte-access	listed-TU	g_snd.volume = g_snd.mastervol.volume * *(float *)((char *)snd_volume + 8) * 0.75f;
src/PC/snd.c	2108	constant-pointer-arithmetic	listed-TU	g_snd.volume = g_snd.mastervol.volume * *(float *)((char *)snd_volume + 8) * 0.75f;
src/PC/snd.c	2131	small-integer-cast	listed-TU	SND_Set3DChannelPlaybackRate(i, (int)floorf((float)rate * ratio + 0.5f));
src/PC/snd.c	2138	small-integer-cast	listed-TU	SND_SetStreamChannelPlaybackRate(i, (int)floorf((float)rate * ratio + 0.5f));
src/PC/snd.c	2145	small-integer-cast	listed-TU	SND_Set2DChannelPlaybackRate(i, (int)floorf((float)rate * ratio + 0.5f));
src/PC/snd.c	2199	fixed-byte-access	listed-TU	fadeTime = *(int *)((char *)snd_slaveFadeTime + 8);
src/PC/snd.c	2199	constant-pointer-arithmetic	listed-TU	fadeTime = *(int *)((char *)snd_slaveFadeTime + 8);
src/PC/speex/bits.c	128	constant-pointer-arithmetic	listed-TU	for (i=bits->bytePtr;i<((bits->nbBits+7)>>3);i++)
src/PC/speex/bits.c	139	constant-pointer-arithmetic	listed-TU	if ((bits->nbBits>>3)+len+1 > bits->buf_size)
src/PC/speex/bits.c	144	constant-pointer-arithmetic	listed-TU	char *tmp = (char*)speex_realloc(bits->bytes, (bits->nbBits>>3)+len+1);
src/PC/speex/bits.c	147	constant-pointer-arithmetic	listed-TU	bits->buf_size=(bits->nbBits>>3)+len+1;
src/PC/speex/bits.c	180	constant-pointer-arithmetic	listed-TU	if (max_len > ((bits->nbBits+7)>>3))
src/PC/speex/bits.c	181	constant-pointer-arithmetic	listed-TU	max_len = ((bits->nbBits+7)>>3);
src/PC/speex/bits.c	217	constant-pointer-arithmetic	listed-TU	char *tmp = (char*)speex_realloc(bits->bytes, ((bits->buf_size+5)*3)>>1);
src/PC/speex/bits.c	220	constant-pointer-arithmetic	listed-TU	for (i=bits->buf_size;i<(((bits->buf_size+5)*3)>>1);i++)
src/PC/speex/bits.c	222	constant-pointer-arithmetic	listed-TU	bits->buf_size=((bits->buf_size+5)*3)>>1;
src/PC/speex/bits.c	315	constant-pointer-arithmetic	listed-TU	if ((bits->bytePtr<<3)+bits->bitPtr+1>bits->nbBits)
src/PC/speex/bits.c	354	constant-pointer-arithmetic	listed-TU	return ((bits->nbBits+7)>>3);
src/PC/speex/cb_search.c	176	constant-pointer-arithmetic	listed-TU	for (m=i*subvect_size;m<(i+1)*subvect_size;m++)
src/PC/speex/cb_search.c	201	constant-pointer-arithmetic	listed-TU	for (m=i*subvect_size;m<(i+1)*subvect_size;m++)
src/PC/speex/cb_search.c	208	constant-pointer-arithmetic	listed-TU	for (m=(i+1)*subvect_size;m<nsf;m++)
src/PC/speex/cb_search.c	225	constant-pointer-arithmetic	listed-TU	for (n=subvect_size*(i+1);n<nsf;n++,q++)
src/PC/speex/cb_search.c	236	constant-pointer-arithmetic	listed-TU	for (q=(i+1)*subvect_size;q<nsf;q++)
src/PC/speex/cb_search.c	242	constant-pointer-arithmetic	listed-TU	for (q=(i+1)*subvect_size;q<nsf;q++)
src/PC/speex/filters.c	42	constant-pointer-arithmetic	listed-TU	for (i=0;i<order+1;i++)
src/PC/speex/filters.c	63	constant-pointer-arithmetic	listed-TU	mem[j] = mem[j+1] + num[j+1]*xi - den[j+1]*yi;
src/PC/speex/filters.c	78	constant-pointer-arithmetic	listed-TU	mem[j] = mem[j+1] - den[j+1]*y[i];
src/PC/speex/filters.c	95	constant-pointer-arithmetic	listed-TU	mem[j] = mem[j+1] + num[j+1]*xi;
src/PC/speex/filters.c	172	constant-pointer-arithmetic	listed-TU	xx[N+i] = mem[i+1];
src/PC/speex/filters.c	186	constant-pointer-arithmetic	listed-TU	a1 = a[j+1];
src/PC/speex/filters.c	194	constant-pointer-arithmetic	listed-TU	a0 = a[j+2];
src/PC/speex/filters.c	195	constant-pointer-arithmetic	listed-TU	a1 = a[j+3];
src/PC/speex/filters.c	204	constant-pointer-arithmetic	listed-TU	y[i+1] = y1;
src/PC/speex/filters.c	205	constant-pointer-arithmetic	listed-TU	y[i+2] = y2;
src/PC/speex/filters.c	206	constant-pointer-arithmetic	listed-TU	y[i+3] = y3;
src/PC/speex/filters.c	210	constant-pointer-arithmetic	listed-TU	mem[i+1] = xx[i];
src/PC/speex/filters.c	260	constant-pointer-arithmetic	listed-TU	pitch_gain[0]*exc[i-pitch+1] +
src/PC/speex/filters.c	265	constant-pointer-arithmetic	listed-TU	mem->last_pitch_gain[0]*exc[i-mem->last_pitch+1] +
src/PC/speex/filters_sse.h	51	constant-pointer-arithmetic	header-or-unlisted	mem[j] = mem[j + 1] + num[j + 1] * xi - den[j + 1] * yi;
src/PC/speex/filters_sse.h	67	constant-pointer-arithmetic	header-or-unlisted	mem[j] = mem[j + 1] - den[j + 1] * y[i];
src/PC/speex/lpc.c	57	constant-pointer-arithmetic	listed-TU	* and/or the related reflection coefficients from the first P_MAX+1
src/PC/speex/lpc.c	83	constant-pointer-arithmetic	listed-TU	r = -ac[i + 1];
src/PC/speex/lsp.c	82	constant-pointer-arithmetic	listed-TU	T=PUSH(stack, m2+1, float);
src/PC/speex/lsp.c	143	constant-pointer-arithmetic	listed-TU	Q = PUSH(stack, (m+1), float);
src/PC/speex/lsp.c	144	constant-pointer-arithmetic	listed-TU	P = PUSH(stack, (m+1), float);
src/PC/speex/lsp.c	156	constant-pointer-arithmetic	listed-TU	*px++ = a[i]+a[lpcrdr+1-i]-*p++;
src/PC/speex/lsp.c	157	constant-pointer-arithmetic	listed-TU	*qx++ = a[i]-a[lpcrdr+1-i]+*q++;
src/PC/speex/lsp.c	264	constant-pointer-arithmetic	listed-TU	Wp = PUSH(stack, 4*m+2, float);
src/PC/speex/lsp.c	269	constant-pointer-arithmetic	listed-TU	"for(i=0;i<=4*m+1;i++){       	/* set contents of buffer to 0 */"
src/PC/speex/lsp.c	287	constant-pointer-arithmetic	listed-TU	n2 = n1 + 1;
src/PC/speex/lsp.c	288	constant-pointer-arithmetic	listed-TU	n3 = n2 + 1;
src/PC/speex/lsp.c	289	constant-pointer-arithmetic	listed-TU	n4 = n3 + 1;
src/PC/speex/lsp.c	291	constant-pointer-arithmetic	listed-TU	xout2 = xin2 - 2*(freq[i2+1]) * *n3 + *n4;
src/PC/speex/lsp.c	299	constant-pointer-arithmetic	listed-TU	xout1 = xin1 + *(n4+1);
src/PC/speex/lsp.c	300	constant-pointer-arithmetic	listed-TU	xout2 = xin2 - *(n4+2);
src/PC/speex/lsp.c	302	constant-pointer-arithmetic	listed-TU	*(n4+1) = xin1;
src/PC/speex/lsp.c	303	constant-pointer-arithmetic	listed-TU	*(n4+2) = xin2;
src/PC/speex/lsp.c	325	constant-pointer-arithmetic	listed-TU	if (lsp[i]>lsp[i+1]-margin)
src/PC/speex/lsp.c	326	constant-pointer-arithmetic	listed-TU	lsp[i]= .5* (lsp[i] + lsp[i+1]-margin);
src/PC/speex/ltp.c	50	constant-pointer-arithmetic	listed-TU	sum2 += x[i+1]*y[i+1];
src/PC/speex/ltp.c	51	constant-pointer-arithmetic	listed-TU	sum3 += x[i+2]*y[i+2];
src/PC/speex/ltp.c	52	constant-pointer-arithmetic	listed-TU	sum4 += x[i+3]*y[i+3];
src/PC/speex/ltp.c	81	constant-pointer-arithmetic	listed-TU	corr = PUSH(stack,end-start+1, float);
src/PC/speex/ltp.c	82	constant-pointer-arithmetic	listed-TU	energy = PUSH(stack,end-start+2, float);
src/PC/speex/ltp.c	83	constant-pointer-arithmetic	listed-TU	score = PUSH(stack,end-start+1, float);
src/PC/speex/ltp.c	95	constant-pointer-arithmetic	listed-TU	energy[i-start+1] = energy[i-start] + sw[-i-1]*sw[-i-1] - sw[-i+len-1]*sw[-i+len-1];
src/PC/speex/ltp.c	96	constant-pointer-arithmetic	listed-TU	if (energy[i-start+1] < 1)
src/PC/speex/ltp.c	97	constant-pointer-arithmetic	listed-TU	energy[i-start+1]=1;
src/PC/speex/ltp.c	117	constant-pointer-arithmetic	listed-TU	g = sqrt(g1*corr[i-start]/(e0+10));
src/PC/speex/ltp.c	184	constant-pointer-arithmetic	listed-TU	x[2]=tmp+2*nsf;
src/PC/speex/ltp.c	188	constant-pointer-arithmetic	listed-TU	e[2]=tmp2+2*nsf;
src/PC/speex/ltp.c	192	constant-pointer-arithmetic	listed-TU	int pp=pitch+1-i;
src/PC/speex/ltp.c	207	constant-pointer-arithmetic	listed-TU	x[i][j+1]=x[i+1][j];
src/PC/speex/ltp.c	240	constant-pointer-arithmetic	listed-TU	ptr = gain_cdbk+3*i;
src/PC/speex/ltp.c	344	constant-pointer-arithmetic	listed-TU	if (N>end-start+1)
src/PC/speex/ltp.c	345	constant-pointer-arithmetic	listed-TU	N=end-start+1;
src/PC/speex/ltp.c	454	constant-pointer-arithmetic	listed-TU	e[2]=tmp2+2*nsf;
src/PC/speex/ltp.c	459	constant-pointer-arithmetic	listed-TU	int pp=pitch+1-i;
src/PC/speex/misc.c	95	fixed-size-memory-call	listed-TU	return calloc(size,1);
src/PC/speex/modes.c	597	constant-pointer-arithmetic	listed-TU	*((int*)ptr) = NB_SUBMODE_BITS+1;
src/PC/speex/modes.c	621	constant-pointer-arithmetic	listed-TU	*((int*)ptr) = SB_SUBMODE_BITS+1;
src/PC/speex/nb_celp.c	129	constant-pointer-arithmetic	listed-TU	st->lagWindow = PUSH(st->stack, st->lpcSize+1, float);
src/PC/speex/nb_celp.c	130	constant-pointer-arithmetic	listed-TU	for (i=0;i<st->lpcSize+1;i++)
src/PC/speex/nb_celp.c	133	constant-pointer-arithmetic	listed-TU	st->autocorr = PUSH(st->stack, st->lpcSize+1, float);
src/PC/speex/nb_celp.c	137	constant-pointer-arithmetic	listed-TU	st->lpc = PUSH(st->stack, st->lpcSize+1, float);
src/PC/speex/nb_celp.c	138	constant-pointer-arithmetic	listed-TU	st->interp_lpc = PUSH(st->stack, st->lpcSize+1, float);
src/PC/speex/nb_celp.c	139	constant-pointer-arithmetic	listed-TU	st->interp_qlpc = PUSH(st->stack, st->lpcSize+1, float);
src/PC/speex/nb_celp.c	140	constant-pointer-arithmetic	listed-TU	st->bw_lpc1 = PUSH(st->stack, st->lpcSize+1, float);
src/PC/speex/nb_celp.c	141	constant-pointer-arithmetic	listed-TU	st->bw_lpc2 = PUSH(st->stack, st->lpcSize+1, float);
src/PC/speex/nb_celp.c	153	constant-pointer-arithmetic	listed-TU	st->lsp[i]=(M_PI*((float)(i+1)))/(st->lpcSize+1);
src/PC/speex/nb_celp.c	226	constant-pointer-arithmetic	listed-TU	_spx_autocorr(st->buf2, st->autocorr, st->lpcSize+1, st->windowSize);
src/PC/speex/nb_celp.c	232	constant-pointer-arithmetic	listed-TU	for (i=0;i<st->lpcSize+1;i++)
src/PC/speex/nb_celp.c	236	constant-pointer-arithmetic	listed-TU	wld(st->lpc+1, st->autocorr, st->rc, st->lpcSize);
src/PC/speex/nb_celp.c	368	small-integer-cast	listed-TU	v1=(int)floor(st->vbr_quality);
src/PC/speex/nb_celp.c	372	constant-pointer-arithmetic	listed-TU	thresh = (st->vbr_quality-v1)*vbr_nb_thresh[mode][v1+1] + (1+v1-st->vbr_quality)*vbr_nb_thresh[mode][v1];
src/PC/speex/nb_celp.c	486	small-integer-cast	listed-TU	quant = (int)floor(.5+15*ol_pitch_coef);
src/PC/speex/nb_celp.c	498	small-integer-cast	listed-TU	int qe = (int)(floor(.5+3.5*log(ol_gain)));
src/PC/speex/nb_celp.c	634	constant-pointer-arithmetic	listed-TU	pit_min = ol_pitch-margin+1;
src/PC/speex/nb_celp.c	793	constant-pointer-arithmetic	listed-TU	snr = 10*log10((ener+1)/(err+1));
src/PC/speex/nb_celp.c	855	constant-pointer-arithmetic	listed-TU	st->interp_qlpc = PUSH(st->stack, st->lpcSize+1, float);
src/PC/speex/nb_celp.c	914	constant-pointer-arithmetic	listed-TU	awk1=PUSH(stack, (st->lpcSize+1), float);
src/PC/speex/nb_celp.c	915	constant-pointer-arithmetic	listed-TU	awk2=PUSH(stack, (st->lpcSize+1), float);
src/PC/speex/nb_celp.c	916	constant-pointer-arithmetic	listed-TU	awk3=PUSH(stack, (st->lpcSize+1), float);
src/PC/speex/nb_celp.c	1044	constant-pointer-arithmetic	listed-TU	advance -= (SB_SUBMODE_BITS+1);
src/PC/speex/nb_celp.c	1056	constant-pointer-arithmetic	listed-TU	advance -= (SB_SUBMODE_BITS+1);
src/PC/speex/nb_celp.c	1177	constant-pointer-arithmetic	listed-TU	awk1=PUSH(stack, st->lpcSize+1, float);
src/PC/speex/nb_celp.c	1178	constant-pointer-arithmetic	listed-TU	awk2=PUSH(stack, st->lpcSize+1, float);
src/PC/speex/nb_celp.c	1179	constant-pointer-arithmetic	listed-TU	awk3=PUSH(stack, st->lpcSize+1, float);
src/PC/speex/nb_celp.c	1271	constant-pointer-arithmetic	listed-TU	pit_min = ol_pitch-margin+1;
src/PC/speex/nb_celp.c	1274	constant-pointer-arithmetic	listed-TU	pit_min = ol_pitch-margin+1;
src/PC/speex/nb_celp.c	1295	constant-pointer-arithmetic	listed-TU	float fact = ol_gain/(st->last_ol_gain+1);
src/PC/speex/nb_celp.c	1563	constant-pointer-arithmetic	listed-TU	(*(int*)ptr) = st->sampling_rate*(NB_SUBMODE_BITS+1)/st->frameSize;
src/PC/speex/nb_celp.c	1577	constant-pointer-arithmetic	listed-TU	st->lsp[i]=(M_PI*((float)(i+1)))/(st->lpcSize+1);
src/PC/speex/nb_celp.c	1644	constant-pointer-arithmetic	listed-TU	(*(int*)ptr) = st->sampling_rate*(NB_SUBMODE_BITS+1)/st->frameSize;
src/PC/speex/quant_lsp.c	110	constant-pointer-arithmetic	listed-TU	tmp2 = 1/((.15+qlsp[i+1]-qlsp[i])*(.15+qlsp[i+1]-qlsp[i]));
src/PC/speex/quant_lsp.c	113	constant-pointer-arithmetic	listed-TU	tmp2 = 1/(qlsp[i+1]-qlsp[i]);
src/PC/speex/quant_lsp.c	137	constant-pointer-arithmetic	listed-TU	id = lsp_weight_quant(qlsp+5, quant_weight+5, cdbk_nb_high1, NB_CDBK_SIZE_HIGH1, 5);
src/PC/speex/quant_lsp.c	143	constant-pointer-arithmetic	listed-TU	id = lsp_weight_quant(qlsp+5, quant_weight+5, cdbk_nb_high2, NB_CDBK_SIZE_HIGH2, 5);
src/PC/speex/quant_lsp.c	174	constant-pointer-arithmetic	listed-TU	lsp[i+5] += 0.0019531 * cdbk_nb_high1[id*5+i];
src/PC/speex/quant_lsp.c	178	constant-pointer-arithmetic	listed-TU	lsp[i+5] += 0.00097656 * cdbk_nb_high2[id*5+i];
src/PC/speex/quant_lsp.c	198	constant-pointer-arithmetic	listed-TU	tmp2 = 1/((.15+qlsp[i+1]-qlsp[i])*(.15+qlsp[i+1]-qlsp[i]));
src/PC/speex/quant_lsp.c	201	constant-pointer-arithmetic	listed-TU	tmp2 = 1/(qlsp[i+1]-qlsp[i]);
src/PC/speex/quant_lsp.c	220	constant-pointer-arithmetic	listed-TU	id = lsp_weight_quant(qlsp+5, quant_weight+5, cdbk_nb_high1, NB_CDBK_SIZE_HIGH1, 5);
src/PC/speex/quant_lsp.c	247	constant-pointer-arithmetic	listed-TU	lsp[i+5] += 0.0019531*cdbk_nb_high1[id*5+i];
src/PC/speex/quant_lsp.c	271	constant-pointer-arithmetic	listed-TU	tmp2 = 1/(qlsp[i+1]-qlsp[i]);
src/PC/speex/sb_celp.c	188	constant-pointer-arithmetic	listed-TU	st->lagWindow = PUSH(st->stack, st->lpcSize+1, float);
src/PC/speex/sb_celp.c	189	constant-pointer-arithmetic	listed-TU	for (i=0;i<st->lpcSize+1;i++)
src/PC/speex/sb_celp.c	193	constant-pointer-arithmetic	listed-TU	st->autocorr = PUSH(st->stack, st->lpcSize+1, float);
src/PC/speex/sb_celp.c	194	constant-pointer-arithmetic	listed-TU	st->lpc = PUSH(st->stack, st->lpcSize+1, float);
src/PC/speex/sb_celp.c	195	constant-pointer-arithmetic	listed-TU	st->bw_lpc1 = PUSH(st->stack, st->lpcSize+1, float);
src/PC/speex/sb_celp.c	196	constant-pointer-arithmetic	listed-TU	st->bw_lpc2 = PUSH(st->stack, st->lpcSize+1, float);
src/PC/speex/sb_celp.c	203	constant-pointer-arithmetic	listed-TU	st->interp_lpc = PUSH(st->stack, st->lpcSize+1, float);
src/PC/speex/sb_celp.c	204	constant-pointer-arithmetic	listed-TU	st->interp_qlpc = PUSH(st->stack, st->lpcSize+1, float);
src/PC/speex/sb_celp.c	282	constant-pointer-arithmetic	listed-TU	_spx_autocorr(st->buf, st->autocorr, st->lpcSize+1, st->windowSize);
src/PC/speex/sb_celp.c	287	constant-pointer-arithmetic	listed-TU	for (i=0;i<st->lpcSize+1;i++)
src/PC/speex/sb_celp.c	291	constant-pointer-arithmetic	listed-TU	wld(st->lpc+1, st->autocorr, st->rc, st->lpcSize);
src/PC/speex/sb_celp.c	303	constant-pointer-arithmetic	listed-TU	st->lsp[i]=cos(M_PI*((float)(i+1))/(st->lpcSize+1));
src/PC/speex/sb_celp.c	353	constant-pointer-arithmetic	listed-TU	st->relative_quality+=1.0*(ratio+2);
src/PC/speex/sb_celp.c	360	small-integer-cast	listed-TU	v1=(int)floor(st->vbr_quality);
src/PC/speex/sb_celp.c	364	constant-pointer-arithmetic	listed-TU	thresh = (st->vbr_quality-v1)   * mode->vbr_thresh[modeid][v1+1] +
src/PC/speex/sb_celp.c	522	small-integer-cast	listed-TU	int quant = (int) floor(.5 + 10 + 8.0 * log((g+.0001)));
src/PC/speex/sb_celp.c	543	small-integer-cast	listed-TU	int qgc = (int)floor(.5+3.7*(log(gc)+2));
src/PC/speex/sb_celp.c	596	constant-pointer-arithmetic	listed-TU	innov, syn_resp, bits, stack, (st->complexity+1)>>1);
src/PC/speex/sb_celp.c	611	constant-pointer-arithmetic	listed-TU	innov2, syn_resp, bits, tmp_stack, (st->complexity+1)>>1);
src/PC/speex/sb_celp.c	697	constant-pointer-arithmetic	listed-TU	st->interp_qlpc = PUSH(st->stack, st->lpcSize+1, float);
src/PC/speex/sb_celp.c	732	constant-pointer-arithmetic	listed-TU	awk1=PUSH(stack, st->lpcSize+1, float);
src/PC/speex/sb_celp.c	733	constant-pointer-arithmetic	listed-TU	awk2=PUSH(stack, st->lpcSize+1, float);
src/PC/speex/sb_celp.c	734	constant-pointer-arithmetic	listed-TU	awk3=PUSH(stack, st->lpcSize+1, float);
src/PC/speex/sb_celp.c	903	constant-pointer-arithmetic	listed-TU	awk1=PUSH(stack, st->lpcSize+1, float);
src/PC/speex/sb_celp.c	904	constant-pointer-arithmetic	listed-TU	awk2=PUSH(stack, st->lpcSize+1, float);
src/PC/speex/sb_celp.c	905	constant-pointer-arithmetic	listed-TU	awk3=PUSH(stack, st->lpcSize+1, float);
src/PC/speex/sb_celp.c	1104	small-integer-cast	listed-TU	q=(int)floor(.5+*(float*)ptr);
src/PC/speex/sb_celp.c	1182	constant-pointer-arithmetic	listed-TU	(*(int*)ptr) += st->sampling_rate*(SB_SUBMODE_BITS+1)/st->full_frame_size;
src/PC/speex/sb_celp.c	1201	constant-pointer-arithmetic	listed-TU	st->lsp[i]=(M_PI*((float)(i+1)))/(st->lpcSize+1);
src/PC/speex/sb_celp.c	1273	constant-pointer-arithmetic	listed-TU	(*(int*)ptr) += st->sampling_rate*(SB_SUBMODE_BITS+1)/st->full_frame_size;
src/PC/speex/speex/speex_bits.h	50	pointer-named-integer-field	header-or-unlisted	"int   bytePtr; /**< Position of the byte ""cursor"" */"
src/PC/speex/speex/speex_bits.h	51	pointer-named-integer-field	header-or-unlisted	"int   bitPtr;  /**< Position of the bit ""cursor"" within the current byte */"
src/PC/speex/speex/speex_header.h	54	pointer-named-integer-field	header-or-unlisted	int header_size;            /**< Total size of the header ( sizeof(SpeexHeader) ) */
src/PC/speex/speex/speex_header.h	63	pointer-named-integer-field	header-or-unlisted	int extra_headers;          /**< Number of additional headers after the comments */
src/PC/speex/vbr.c	189	constant-pointer-arithmetic	listed-TU	short_diff = log((ener+1)/(1+vbr->last_energy));
src/PC/speex/vbr.c	190	constant-pointer-arithmetic	listed-TU	long_diff = log((ener+1)/(1+vbr->average_energy));
src/PC/stringed/stringed_hooks.c	43	pointer-named-integer-field	listed-TU	extern int __mh_execute_header;
src/PC/stringed/stringed_hooks.c	114	small-integer-cast	listed-TU	if ((unsigned int)iLanguage > 13) {
src/PC/stringed/stringed_hooks.c	156	small-integer-cast	listed-TU	"loc_warnings = Dvar_RegisterBool(""loc_warnings"", 0, (int)&__mh_execute_header);"
src/PC/stringed/stringed_hooks.c	157	small-integer-cast	listed-TU	"loc_warningsAsErrors = Dvar_RegisterBool(""loc_warningsAsErrors"", 0, (int)&__mh_execute_header);"
src/PC/stringed/stringed_hooks.c	159	small-integer-cast	listed-TU	g_currentAsian = ((unsigned int)(loc_language->current.integer - 8) <= 4);
src/PC/stringed/stringed_hooks.c	180	x86-only-width-guard	listed-TU	#if defined(__x86_64__) || defined(_M_X64)
src/PC/stringed/stringed_hooks.c	215	small-integer-cast	listed-TU	g_currentAsian = ((unsigned int)(loc_language->current.integer - 8) <= 4);
src/PC/stringed/stringed_hooks.c	237	small-integer-cast	listed-TU	g_currentAsian = ((unsigned int)(loc_language->current.integer - 8) <= 4);
src/PC/stringed/stringed_hooks.c	244	small-integer-cast	listed-TU	g_currentAsian = ((unsigned int)(loc_language->current.integer - 8) <= 4);
src/PC/stringed/stringed_hooks.c	249	constant-pointer-arithmetic	listed-TU	if ((unsigned char)(lead + 0x50) <= 0x18 || (unsigned char)(lead + 0x20) <= 0x0F) {
src/PC/stringed/stringed_hooks.c	259	constant-pointer-arithmetic	listed-TU	if ((unsigned char)(hi + 0x5F) > 0x25) {
src/PC/stringed/stringed_hooks.c	260	constant-pointer-arithmetic	listed-TU	if ((unsigned char)(hi + 0x37) > 0x30) {
src/PC/stringed/stringed_hooks.c	265	constant-pointer-arithmetic	listed-TU	if ((unsigned char)(lo + 0x5F) > 0x5D) {
src/PC/stringed/stringed_hooks.c	274	constant-pointer-arithmetic	listed-TU	if ((unsigned char)(lead + 0x7F) > 0x1E) {
src/PC/stringed/stringed_hooks.c	275	constant-pointer-arithmetic	listed-TU	if ((unsigned char)(lead + 0x20) > 0x0F) {
src/PC/stringed/stringed_hooks.c	280	constant-pointer-arithmetic	listed-TU	if ((unsigned char)(follow + 0x80) > 0x7C) {
src/PC/stringed/stringed_hooks.c	289	constant-pointer-arithmetic	listed-TU	if ((unsigned char)(hi + 0x5F) > 0x56) {
src/PC/stringed/stringed_hooks.c	295	constant-pointer-arithmetic	listed-TU	if ((unsigned char)(lo + 1) == 0) {
src/PC/stringed/stringed_hooks.c	316	small-integer-cast	listed-TU	uiLetter = ((unsigned int)lead << 8) | follow;
src/PC/stringed/stringed_hooks.c	317	constant-pointer-arithmetic	listed-TU	*ppsText = p + 2;
src/PC/stringed/stringed_hooks.c	325	small-integer-cast	listed-TU	uiLetter = ((unsigned int)(unsigned char)p[0] << 8) | (unsigned char)p[1];
src/PC/stringed/stringed_hooks.c	327	constant-pointer-arithmetic	listed-TU	*ppsText = p + 2;
src/PC/stringed/stringed_hooks.c	329	small-integer-cast	listed-TU	*pbIsTrailingPunctuation = ((unsigned int)(uiLetter - 0xA140) <= 0x13);
src/PC/stringed/stringed_hooks.c	338	small-integer-cast	listed-TU	uiLetter = ((unsigned int)lead << 8) | follow;
src/PC/stringed/stringed_hooks.c	339	constant-pointer-arithmetic	listed-TU	*ppsText = p + 2;
src/PC/stringed/stringed_hooks.c	341	small-integer-cast	listed-TU	*pbIsTrailingPunctuation = ((unsigned int)(uiLetter - 0x8140) <= 0x11);
src/PC/stringed/stringed_hooks.c	347	small-integer-cast	listed-TU	uiLetter = ((unsigned int)(unsigned char)p[0] << 8) | (unsigned char)p[1];
src/PC/stringed/stringed_hooks.c	349	constant-pointer-arithmetic	listed-TU	*ppsText = p + 2;
src/PC/stringed/stringed_hooks.c	351	small-integer-cast	listed-TU	*pbIsTrailingPunctuation = ((unsigned int)(uiLetter - 0xA1A1) <= 0x0C);
src/PC/stringed/stringed_hooks.c	359	constant-pointer-arithmetic	listed-TU	*ppsText = p + 1;
src/PC/stringed/stringed_hooks.c	427	small-integer-cast	listed-TU	if ((unsigned int)c > 0xFF) {
src/PC/stringed/stringed_hooks.c	430	constant-pointer-arithmetic	listed-TU	return (((unsigned long *)((byte *)__DefaultRuneLocale + 0x34))[(unsigned char)c] >> 0) & 4;
src/PC/stringed/stringed_hooks.c	451	constant-pointer-arithmetic	listed-TU	iCurrString = (iCurrString + 1) % 2;
src/PC/stringed/stringed_hooks.c	453	fixed-size-memory-call	listed-TU	memset(pszString, 0, 1024);
src/PC/stringed/stringed_hooks.c	472	constant-pointer-arithmetic	listed-TU	I_strncpyz(szTokenBuf, pszScanStart, iTokenLen + 1);
src/PC/stringed/stringed_hooks.c	528	constant-pointer-arithmetic	listed-TU	if (szTokenBuf[i] == '&' && szTokenBuf[i + 1] == '&' &&
src/PC/stringed/stringed_hooks.c	529	constant-pointer-arithmetic	listed-TU	SEH_IsDigit((signed char)szTokenBuf[i + 2])) {
src/PC/stringed/stringed_hooks.c	536	constant-pointer-arithmetic	listed-TU	if (szTokenBuf[i] == '&' && szTokenBuf[i + 1] == '&' &&
src/PC/stringed/stringed_hooks.c	537	constant-pointer-arithmetic	listed-TU	SEH_IsDigit((signed char)szTokenBuf[i + 2])) {
src/PC/stringed/stringed_hooks.c	558	constant-pointer-arithmetic	listed-TU	if (pszString[searchIdx] == '&' && pszString[searchIdx + 1] == '&' &&
src/PC/stringed/stringed_hooks.c	559	constant-pointer-arithmetic	listed-TU	SEH_IsDigit((signed char)pszString[searchIdx + 2])) {
src/PC/stringed/stringed_hooks.c	560	constant-pointer-arithmetic	listed-TU	int digit = (signed char)pszString[searchIdx + 2] - '0';
src/PC/stringed/stringed_hooks.c	566	constant-pointer-arithmetic	listed-TU	strcpy(szInsertBuf, &pszString[searchIdx + 3]);
src/PC/stringed/stringed_hooks.c	568	constant-pointer-arithmetic	listed-TU	insertIndex = digit + 1;
src/PC/stringed/stringed_ingame.c	82	small-integer-cast	listed-TU	for (i = 0; i < (int)(comment - s); i++) {
src/PC/stringed/stringed_ingame.c	89	constant-pointer-arithmetic	listed-TU	s = comment + 1;
src/PC/stringed/stringed_ingame.c	180	small-integer-cast	listed-TU	return (int)ca - (int)cb;
src/PC/stringed/stringed_ingame.c	196	small-integer-cast	listed-TU	return (int)ca - (int)cb;
src/PC/stringed/stringed_ingame.c	290	constant-pointer-arithmetic	listed-TU	"scan = strstr(scan + 3, ""&&"");"
src/PC/stringed/stringed_ingame.c	349	small-integer-cast	listed-TU	if (written < 0 || (unsigned int)written >= outSize) {
src/PC/stringed/stringed_ingame.c	369	constant-pointer-arithmetic	listed-TU	if (slash && slash + 1 > base) {
src/PC/stringed/stringed_ingame.c	370	constant-pointer-arithmetic	listed-TU	base = slash + 1;
src/PC/stringed/stringed_ingame.c	372	constant-pointer-arithmetic	listed-TU	if (backslash && backslash + 1 > base) {
src/PC/stringed/stringed_ingame.c	373	constant-pointer-arithmetic	listed-TU	base = backslash + 1;
src/PC/stringed/stringed_ingame.c	377	small-integer-cast	listed-TU	len = dot ? (unsigned int)(dot - base) : strlen(base);
src/PC/stringed/stringed_ingame.c	436	constant-pointer-arithmetic	listed-TU	WebSE_InsideQuotes(psLine + 7, token, sizeof(token));
src/PC/stringed/stringed_ingame.c	451	constant-pointer-arithmetic	listed-TU	WebSE_InsideQuotes(psLine + 9, token, sizeof(token));
src/PC/stringed/stringed_ingame.c	469	constant-pointer-arithmetic	listed-TU	afterKeyword = psLine + 5;
src/PC/stringed/stringed_ingame.c	584	constant-pointer-arithmetic	listed-TU	WebSE_LoadDirectory(path, forceEnglish, firstError, fileCount, depth + 1);
src/PC/stringed/stringed_ingame.c	643	fixed-size-memory-call	listed-TU	memset(TheStringPackage, 0, 0x28);
src/PC/stringed/stringed_interface.c	72	fixed-byte-access	listed-TU	size = *(unsigned int *)(data - 12);
src/PC/stringed/stringed_interface.c	73	constant-pointer-arithmetic	listed-TU	new_size = size + 1;
src/PC/stringed/stringed_interface.c	75	fixed-byte-access	listed-TU	if (new_size > *(unsigned int *)(data - 8) ||
src/PC/stringed/stringed_interface.c	76	fixed-byte-access	listed-TU	*(int *)(data - 4) > 0) {
src/PC/stringed/stringed_interface.c	84	fixed-byte-access	listed-TU	*(int *)(data - 4) = 0;
src/PC/stringed/stringed_interface.c	85	fixed-byte-access	listed-TU	*(unsigned int *)(data - 12) = new_size;
src/PC/ui/ui_shared_obj.c	208	constant-pointer-arithmetic	listed-TU	return (itemDef_t **)(g_load + 64);
src/PC/ui/ui_shared_obj.c	213	constant-pointer-arithmetic	listed-TU	return (menuDef_t **)(g_load + 1088);
src/PC/ui/ui_shared_obj.c	220	integer-cast-hash-or-key	listed-TU	return (keywordHash_t *)(uintptr_t)hash->next;
src/PC/ui/ui_shared_obj.c	244	small-integer-cast	listed-TU	return (unsigned int)((hash ^ (hash >> 10) ^ (hash >> 20)) & 0x1ff);
src/PC/ui/ui_shared_obj.c	244	integer-cast-hash-or-key	listed-TU	return (unsigned int)((hash ^ (hash >> 10) ^ (hash >> 20)) & 0x1ff);
src/PC/ui/ui_shared_obj.c	368	constant-pointer-arithmetic	listed-TU	if (tokenLen + 1 > 255) {
src/PC/ui/ui_shared_obj.c	373	constant-pointer-arithmetic	listed-TU	memcpy(key, token, tokenLen + 1);
src/PC/ui/ui_shared_obj.c	747	small-integer-cast	listed-TU	int size = ((menuDef_t *)menu)->itemCount * (int)sizeof(itemDef_t *);   /* was *4 (x86 ptr) */
src/PC/ui/ui_shared_obj.c	750	constant-pointer-arithmetic	listed-TU	memcpy(items, (void *)UI_MenuItemStorage(), size);   /* was g_load + 64 */
src/PC/ui/ui_shared_obj.c	814	integer-cast-hash-or-key	listed-TU	handler->next = (intptr_t)menu->onKey;
src/PC/ui/ui_shared_obj.c	837	integer-cast-hash-or-key	listed-TU	handler->next = (intptr_t)itemDef->onKey;
src/PC/ui/ui_shared_obj.c	879	small-integer-cast	listed-TU	menu = (menuDef_t *)UI_Alloc((int)sizeof(menuDef_t), 4);   /* 0x280 was x86 sizeof(menuDef_t) */
src/PC/ui/ui_shared_obj.c	891	fixed-size-memory-call	listed-TU	memset(menu, 0, 0x210);
src/PC/ui/ui_shared_obj.c	993	small-integer-cast	listed-TU	itemDef = (itemDef_t *)UI_Alloc((int)sizeof(itemDef_t), 4);   /* 0x2f4 was x86 sizeof(itemDef_t) */
src/PC/ui/ui_shared_obj.c	1002	fixed-size-memory-call	listed-TU	memset(itemDef, 0, 0x210);
src/PC/ui/ui_shared_obj.c	1015	constant-pointer-arithmetic	listed-TU	((itemDef_t *)itemBytes)->parent = (menuDef_t *)item;   /* was itemBytes + 0x29c (x86 offset) */
src/PC/ui/ui_shared_obj.c	1016	constant-pointer-arithmetic	listed-TU	((menuDef_t *)menuBytes)->itemCount = itemCount + 1;
src/PC/ui/ui_shared_obj.c	1030	integer-cast-hash-or-key	listed-TU	key->next = (intptr_t)itemParseKeywordHash[hash];
src/PC/ui/ui_shared_obj.c	1045	integer-cast-hash-or-key	listed-TU	key->next = (intptr_t)menuParseKeywordHash[hash];
src/PC/ui/ui_shared_obj.c	1055	constant-pointer-arithmetic	listed-TU	menu->window.name = String_Alloc(token + 0x10);
src/PC/ui/ui_shared_obj.c	1065	constant-pointer-arithmetic	listed-TU	I_strncpyz(name, String_Alloc(token + 0x10), 0x40);
src/PC/ui/ui_shared_obj.c	1076	constant-pointer-arithmetic	listed-TU	menu->window.cinematicName = String_Alloc(token + 0x10);
src/PC/ui/ui_shared_obj.c	1085	constant-pointer-arithmetic	listed-TU	item->window.name = String_Alloc(token + 0x10);
src/PC/ui/ui_shared_obj.c	1106	constant-pointer-arithmetic	listed-TU	item->text = String_Alloc(token + 0x10);
src/PC/ui/ui_shared_obj.c	1115	constant-pointer-arithmetic	listed-TU	item->window.group = String_Alloc(token + 0x10);
src/PC/ui/ui_shared_obj.c	1125	constant-pointer-arithmetic	listed-TU	I_strncpyz(name, String_Alloc(token + 0x10), 0x40);
src/PC/ui/ui_shared_obj.c	1136	constant-pointer-arithmetic	listed-TU	item->window.cinematicName = String_Alloc(token + 0x10);
src/PC/ui/ui_shared_obj.c	1145	constant-pointer-arithmetic	listed-TU	item->dvarTest = String_Alloc(token + 0x10);
src/PC/ui/ui_shared_obj.c	1513	integer-cast-hash-or-key	listed-TU	handler->next = (intptr_t)menu->onKey;
src/PC/ui/ui_shared_obj.c	1725	integer-cast-hash-or-key	listed-TU	handler->next = (intptr_t)itemDef->onKey;
src/PC/ui/ui_shared_obj.c	1842	pointer-named-integer-field	listed-TU	int handle;
src/PC/ui/ui_utils.c	80	constant-pointer-arithmetic	listed-TU	hash += (long)letter * (i + 119);
src/PC/ui/ui_utils.c	98	fixed-size-memory-call	listed-TU	memset(script, 0, 1024);
src/PC/ui/ui_utils.c	211	fixed-byte-access	listed-TU	*(int *)(dst + 4) = *(int *)(src + 4);
src/PC/ui/ui_utils.c	211	constant-pointer-arithmetic	listed-TU	*(int *)(dst + 4) = *(int *)(src + 4);
src/PC/ui/ui_utils.c	212	fixed-byte-access	listed-TU	*(int *)(dst + 8) = *(int *)(src + 8);
src/PC/ui/ui_utils.c	212	constant-pointer-arithmetic	listed-TU	*(int *)(dst + 8) = *(int *)(src + 8);
src/PC/ui/ui_utils.c	213	fixed-byte-access	listed-TU	*(int *)(dst + 12) = *(int *)(src + 12);
src/PC/ui/ui_utils.c	213	constant-pointer-arithmetic	listed-TU	*(int *)(dst + 12) = *(int *)(src + 12);
src/PC/ui/ui_utils.c	214	fixed-byte-access	listed-TU	*(int *)(dst + 16) = *(int *)(src + 16);
src/PC/ui/ui_utils.c	214	constant-pointer-arithmetic	listed-TU	*(int *)(dst + 16) = *(int *)(src + 16);
src/PC/ui/ui_utils.c	215	fixed-byte-access	listed-TU	*(int *)(dst + 20) = *(int *)(src + 20);
src/PC/ui/ui_utils.c	215	constant-pointer-arithmetic	listed-TU	*(int *)(dst + 20) = *(int *)(src + 20);
src/PC/ui/ui_utils.c	271	constant-pointer-arithmetic	listed-TU	c = *(cp + 1);
src/PC/ui/ui_utils.c	293	fixed-byte-access	listed-TU	c = *(unsigned char *)(cp - 1);
src/PC/ui/ui_utils.c	390	fixed-byte-access	listed-TU	if (strcmp(p, s->str) == 0) {   /* was *(char**)(s+4): x86 stringDef_t.str offset */
src/PC/ui/ui_utils.c	390	constant-pointer-arithmetic	listed-TU	if (strcmp(p, s->str) == 0) {   /* was *(char**)(s+4): x86 stringDef_t.str offset */
src/PC/ui/ui_utils.c	406	small-integer-cast	listed-TU	newDef = (stringDef_t *)STRPOOL_ALLOC((int)sizeof(stringDef_t), (int)sizeof(void *));
src/PC/ui_mp/ui_console_mode.c	156	constant-pointer-arithmetic	listed-TU	x + 18.0f, y, 0 , 0,
src/PC/ui_mp/ui_console_mode.c	159	small-integer-cast	listed-TU	return 18.0f + 6.0f + 6.0f * (float)(label ? (int)__builtin_strlen(label) : 0) + 22.0f;
src/PC/ui_mp/ui_console_mode.c	176	constant-pointer-arithmetic	listed-TU	x = sx + 8.0f;
src/PC/ui_mp/ui_gameinfo_mp.c	80	constant-pointer-arithmetic	listed-TU	allocSize = vaLen + infoLen + 5;
src/PC/ui_mp/ui_gameinfo_mp.c	142	constant-pointer-arithmetic	listed-TU	dirptr += dirlen + 1;
src/PC/ui_mp/ui_gameinfo_mp.c	236	constant-pointer-arithmetic	listed-TU	sharedUiInfo.mapCount = arenaIdx + 1;
src/PC/ui_mp/ui_gameinfo_mp.c	237	constant-pointer-arithmetic	listed-TU	if (arenaIdx + 1 > 0x7f)
src/PC/ui_mp/ui_main_mp.c	387	small-integer-cast	listed-TU	return (int)((float)CL_TextWidth(text, maxChars, font) * actualScale);
src/PC/ui_mp/ui_main_mp.c	393	small-integer-cast	listed-TU	return (int)((float)CL_TextHeight(font) * actualScale);
src/PC/ui_mp/ui_main_mp.c	579	fixed-size-memory-call	listed-TU	memset(sharedUiInfo.playerClientNums, -1, 0x100);
src/PC/ui_mp/ui_main_mp.c	594	constant-pointer-arithmetic	listed-TU	sharedUiInfo.playerCount = playerCount + 1;
src/PC/ui_mp/ui_main_mp.c	718	fixed-byte-access	listed-TU	if (!*(int *)(entry + 0x13f4))
src/PC/ui_mp/ui_main_mp.c	718	constant-pointer-arithmetic	listed-TU	if (!*(int *)(entry + 0x13f4))
src/PC/ui_mp/ui_main_mp.c	721	fixed-byte-access	listed-TU	if (I_stricmp(szMap, *(const char **)(entry + 0x1354)) == 0) {
src/PC/ui_mp/ui_main_mp.c	721	constant-pointer-arithmetic	listed-TU	if (I_stricmp(szMap, *(const char **)(entry + 0x1354)) == 0) {
src/PC/ui_mp/ui_main_mp.c	966	constant-pointer-arithmetic	listed-TU	info->numLines = row + 1;
src/PC/ui_mp/ui_main_mp.c	980	constant-pointer-arithmetic	listed-TU	int headerLine = currentLine + 1;
src/PC/ui_mp/ui_main_mp.c	980	pointer-named-integer-field	listed-TU	int headerLine = currentLine + 1;
src/PC/ui_mp/ui_main_mp.c	993	constant-pointer-arithmetic	listed-TU	info->numLines = currentLine + 2;
src/PC/ui_mp/ui_main_mp.c	1031	constant-pointer-arithmetic	listed-TU	info->numLines = row + 1;
src/PC/ui_mp/ui_main_mp.c	1042	constant-pointer-arithmetic	listed-TU	p = slash + 1;
src/PC/ui_mp/ui_main_mp.c	1057	fixed-byte-access	listed-TU	int cinHandle = *(int *)((byte *)&sharedUiInfo + 4972 + offset);
src/PC/ui_mp/ui_main_mp.c	1057	constant-pointer-arithmetic	listed-TU	int cinHandle = *(int *)((byte *)&sharedUiInfo + 4972 + offset);
src/PC/ui_mp/ui_main_mp.c	1057	pointer-named-integer-field	listed-TU	int cinHandle = *(int *)((byte *)&sharedUiInfo + 4972 + offset);
src/PC/ui_mp/ui_main_mp.c	1062	fixed-byte-access	listed-TU	*(int *)((byte *)&sharedUiInfo + 4960 + 12 + offset) = -1;
src/PC/ui_mp/ui_main_mp.c	1062	constant-pointer-arithmetic	listed-TU	*(int *)((byte *)&sharedUiInfo + 4960 + 12 + offset) = -1;
src/PC/ui_mp/ui_main_mp.c	1096	small-integer-cast	listed-TU	*p = ___tolower((int)(signed char)*p);
src/PC/ui_mp/ui_main_mp.c	1152	constant-pointer-arithmetic	listed-TU	pszFileName += iLen + 1;
src/PC/ui_mp/ui_main_mp.c	1189	fixed-byte-access	listed-TU	*(const char **)((byte *)&sharedUiInfo + 4432 + gt3 * 8) = *(const char **)((byte *)&sharedUiInfo + 4428 + gt3 * 8);
src/PC/ui_mp/ui_main_mp.c	1189	constant-pointer-arithmetic	listed-TU	*(const char **)((byte *)&sharedUiInfo + 4432 + gt3 * 8) = *(const char **)((byte *)&sharedUiInfo + 4428 + gt3 * 8);
src/PC/ui_mp/ui_main_mp.c	1199	constant-pointer-arithmetic	listed-TU	pszFileName = pszEnd + 1;
src/PC/ui_mp/ui_main_mp.c	1287	small-integer-cast	listed-TU	"ui_browserShowPunkBuster = (const dvar_t *)(Dvar_RegisterInt(""ui_browserShowPunkBuster"", -1, (int)0x80000000, 0x7fffffff, 0x1001));"
src/PC/ui_mp/ui_main_mp.c	1290	small-integer-cast	listed-TU	"ui_browserFriendlyfire = (const dvar_t *)(Dvar_RegisterInt(""ui_browserFriendlyfire"", -1, (int)0x80000000, 0x7fffffff, 0x1001));"
src/PC/ui_mp/ui_main_mp.c	1291	small-integer-cast	listed-TU	"ui_browserKillcam = (const dvar_t *)(Dvar_RegisterInt(""ui_browserKillcam"", -1, (int)0x80000000, 0x7fffffff, 0x1001));"
src/PC/ui_mp/ui_main_mp.c	1293	small-integer-cast	listed-TU	"ui_playerProfileCount = (const dvar_t *)(Dvar_RegisterInt(""ui_playerProfileCount"", 0, (int)0x80000000, 0x7fffffff, 0x1040));"
src/PC/ui_mp/ui_main_mp.c	1481	small-integer-cast	listed-TU	if ((unsigned)menu > 11)
src/PC/ui_mp/ui_main_mp.c	1610	small-integer-cast	listed-TU	int product = (int)((unsigned int)(value & (int)mask) * 100u);
src/PC/ui_mp/ui_main_mp.c	1613	small-integer-cast	listed-TU	product += (int)mask;
src/PC/ui_mp/ui_main_mp.c	1673	fixed-size-memory-call	listed-TU	memset(outputString, 0, 0x400);
src/PC/ui_mp/ui_main_mp.c	1685	constant-pointer-arithmetic	listed-TU	int c = (signed char)sourceString[index + 2];
src/PC/ui_mp/ui_main_mp.c	1690	small-integer-cast	listed-TU	if ((unsigned int)c <= 0xff && (rt[13 + c] & 0x400)) {
src/PC/ui_mp/ui_main_mp.c	1719	small-integer-cast	listed-TU	convArgs[1] = (int)replaceString;
src/PC/ui_mp/ui_main_mp.c	1770	fixed-byte-access	listed-TU	int endPos = *(int *)(listPtr + 0x10);
src/PC/ui_mp/ui_main_mp.c	1770	constant-pointer-arithmetic	listed-TU	int endPos = *(int *)(listPtr + 0x10);
src/PC/ui_mp/ui_main_mp.c	1791	fixed-byte-access	listed-TU	ListBox_SetCursorPos((listBoxDef_t *)listPtr, delta + *(int *)(listPtr + 0x24));
src/PC/ui_mp/ui_main_mp.c	1791	constant-pointer-arithmetic	listed-TU	ListBox_SetCursorPos((listBoxDef_t *)listPtr, delta + *(int *)(listPtr + 0x24));
src/PC/ui_mp/ui_main_mp.c	1815	constant-pointer-arithmetic	listed-TU	UI_FillRect(rect->x + 2.0f, rect->y + 2.0f, barWidth, rect->h - 4.0f, 0, 0, (const vec_t *)imp_colorWhite);
src/PC/ui_mp/ui_main_mp.c	1825	constant-pointer-arithmetic	listed-TU	UI_FillRect(rect->x, rect->y + 1.0f, 1.0f, rect->h - 2.0f, 0, 0, white);
src/PC/ui_mp/ui_main_mp.c	1827	constant-pointer-arithmetic	listed-TU	UI_FillRect(rect->x + rect->w - 1.0f, rect->y + 1.0f, 1.0f, rect->h - 2.0f, 0, 0, white);
src/PC/ui_mp/ui_main_mp.c	1883	small-integer-cast	listed-TU	x = (float)(int)floorf(x + 0.5f);
src/PC/ui_mp/ui_main_mp.c	1884	small-integer-cast	listed-TU	y = (float)(int)floorf(y + 0.5f);
src/PC/ui_mp/ui_main_mp.c	1900	small-integer-cast	listed-TU	x = (float)(int)floorf(x + 0.5f);
src/PC/ui_mp/ui_main_mp.c	1901	small-integer-cast	listed-TU	y = (float)(int)floorf(y + 0.5f);
src/PC/ui_mp/ui_main_mp.c	1921	constant-pointer-arithmetic	listed-TU	q.tm_year + 1900,
src/PC/ui_mp/ui_main_mp.c	1930	constant-pointer-arithmetic	listed-TU	sharedUiInfo.serverStatus.refreshtime = now + 1000;
src/PC/ui_mp/ui_main_mp.c	1935	constant-pointer-arithmetic	listed-TU	sharedUiInfo.serverStatus.nextDisplayRefresh = now + 1000;
src/PC/ui_mp/ui_main_mp.c	1944	constant-pointer-arithmetic	listed-TU	sharedUiInfo.serverStatus.refreshtime = now + 1000;
src/PC/ui_mp/ui_main_mp.c	1948	constant-pointer-arithmetic	listed-TU	sharedUiInfo.serverStatus.refreshtime = now + 5000;
src/PC/ui_mp/ui_main_mp.c	2005	constant-pointer-arithmetic	listed-TU	displayServers[j] = displayServers[j + 1];
src/PC/ui_mp/ui_main_mp.c	2036	constant-pointer-arithmetic	listed-TU	position = testIdx + 1;
src/PC/ui_mp/ui_main_mp.c	2045	constant-pointer-arithmetic	listed-TU	position = lo + 1;
src/PC/ui_mp/ui_main_mp.c	2108	constant-pointer-arithmetic	listed-TU	sharedUiInfo.serverStatus.nextDisplayRefresh = uiInfo->uiDC.realTime + 500;
src/PC/ui_mp/ui_main_mp.c	2155	small-integer-cast	listed-TU	"if ((unsigned)(atoi(Info_ValueForKey(info_buf, ""hw"")) - 1) > 2)"
src/PC/ui_mp/ui_main_mp.c	2155	integer-cast-hash-or-key	listed-TU	"if ((unsigned)(atoi(Info_ValueForKey(info_buf, ""hw"")) - 1) > 2)"
src/PC/ui_mp/ui_main_mp.c	2185	fixed-byte-access	listed-TU	const char *filterBaseName = *(const char **)((byte *)serverFilters + ui_serverFilterType * 8 + 4);
src/PC/ui_mp/ui_main_mp.c	2222	fixed-byte-access	listed-TU	*(int *)(p + 0x13f4 + i * 0xa4) = 0;
src/PC/ui_mp/ui_main_mp.c	2222	constant-pointer-arithmetic	listed-TU	*(int *)(p + 0x13f4 + i * 0xa4) = 0;
src/PC/ui_mp/ui_main_mp.c	2223	fixed-byte-access	listed-TU	if ((*(int *)(p + 0x1368 + i * 0xa4) >> listIndex) & 1) {
src/PC/ui_mp/ui_main_mp.c	2223	constant-pointer-arithmetic	listed-TU	if ((*(int *)(p + 0x1368 + i * 0xa4) >> listIndex) & 1) {
src/PC/ui_mp/ui_main_mp.c	2225	fixed-byte-access	listed-TU	*(int *)(p + 0x13f4 + i * 0xa4) = 1;
src/PC/ui_mp/ui_main_mp.c	2225	constant-pointer-arithmetic	listed-TU	*(int *)(p + 0x13f4 + i * 0xa4) = 1;
src/PC/ui_mp/ui_main_mp.c	2239	fixed-byte-access	listed-TU	if (*(int *)(p + 5108 + off) != 0) {
src/PC/ui_mp/ui_main_mp.c	2239	constant-pointer-arithmetic	listed-TU	if (*(int *)(p + 5108 + off) != 0) {
src/PC/ui_mp/ui_main_mp.c	2243	fixed-byte-access	listed-TU	if (*(int *)(p + 0x13f4 + i * 0xa4) != 0) {
src/PC/ui_mp/ui_main_mp.c	2243	constant-pointer-arithmetic	listed-TU	if (*(int *)(p + 0x13f4 + i * 0xa4) != 0) {
src/PC/ui_mp/ui_main_mp.c	2263	fixed-byte-access	listed-TU	if (*(int *)(p + 0x1498 + (i - 1) * 0xa4) != 0) {
src/PC/ui_mp/ui_main_mp.c	2263	constant-pointer-arithmetic	listed-TU	if (*(int *)(p + 0x1498 + (i - 1) * 0xa4) != 0) {
src/PC/ui_mp/ui_main_mp.c	2284	small-integer-cast	listed-TU	if ((unsigned)idx > 0x30)
src/PC/ui_mp/ui_main_mp.c	2305	constant-pointer-arithmetic	listed-TU	newGT = (ui_gametype)->current.integer + 1;
src/PC/ui_mp/ui_main_mp.c	2326	pointer-named-integer-field	listed-TU	int nextNetSource;
src/PC/ui_mp/ui_main_mp.c	2333	constant-pointer-arithmetic	listed-TU	nextNetSource = (ui_netSource)->current.integer + 1;
src/PC/ui_mp/ui_main_mp.c	2355	constant-pointer-arithmetic	listed-TU	filterType = ui_serverFilterType + 1;
src/PC/ui_mp/ui_main_mp.c	2378	constant-pointer-arithmetic	listed-TU	newVal = (ui_netGameType)->current.integer + 1;
src/PC/ui_mp/ui_main_mp.c	2403	constant-pointer-arithmetic	listed-TU	newVal = (ui_joinGameType)->current.integer + 1;
src/PC/ui_mp/ui_main_mp.c	2433	fixed-byte-access	listed-TU	if (*(int *)(entry + 0x13f4)) {
src/PC/ui_mp/ui_main_mp.c	2433	constant-pointer-arithmetic	listed-TU	if (*(int *)(entry + 0x13f4)) {
src/PC/ui_mp/ui_main_mp.c	2436	fixed-byte-access	listed-TU	return *(const char **)(entry + 0x1354);
src/PC/ui_mp/ui_main_mp.c	2436	constant-pointer-arithmetic	listed-TU	return *(const char **)(entry + 0x1354);
src/PC/ui_mp/ui_main_mp.c	2461	constant-pointer-arithmetic	listed-TU	uiInfo->uiDC.realTime + 5000 < lastTime) {
src/PC/ui_mp/ui_main_mp.c	2479	small-integer-cast	listed-TU	if ((unsigned)hw > 7)
src/PC/ui_mp/ui_main_mp.c	2497	fixed-byte-access	listed-TU	if (I_stricmp(mapName, *(const char **)(entry + 0x1358)) == 0) {
src/PC/ui_mp/ui_main_mp.c	2497	constant-pointer-arithmetic	listed-TU	if (I_stricmp(mapName, *(const char **)(entry + 0x1358)) == 0) {
src/PC/ui_mp/ui_main_mp.c	2498	fixed-byte-access	listed-TU	return *(const char **)(entry + 0x1354);
src/PC/ui_mp/ui_main_mp.c	2498	constant-pointer-arithmetic	listed-TU	return *(const char **)(entry + 0x1354);
src/PC/ui_mp/ui_main_mp.c	2537	small-integer-cast	listed-TU	if ((unsigned)column > 3)
src/PC/ui_mp/ui_main_mp.c	2540	fixed-byte-access	listed-TU	const char *text = *(const char **)((byte *)&sharedUiInfo + 109864 + (column + index * 4) * 4);
src/PC/ui_mp/ui_main_mp.c	2540	constant-pointer-arithmetic	listed-TU	const char *text = *(const char **)((byte *)&sharedUiInfo + 109864 + (column + index * 4) * 4);
src/PC/ui_mp/ui_main_mp.c	2542	constant-pointer-arithmetic	listed-TU	return UI_SafeTranslateString(text + 1);
src/PC/ui_mp/ui_main_mp.c	2555	fixed-byte-access	listed-TU	const char *desc = *(const char **)((byte *)&sharedUiInfo + 25976 + index * 8);
src/PC/ui_mp/ui_main_mp.c	2555	constant-pointer-arithmetic	listed-TU	const char *desc = *(const char **)((byte *)&sharedUiInfo + 25976 + index * 8);
src/PC/ui_mp/ui_main_mp.c	2558	fixed-byte-access	listed-TU	return *(const char **)((byte *)&sharedUiInfo + 25972 + index * 8);
src/PC/ui_mp/ui_main_mp.c	2558	constant-pointer-arithmetic	listed-TU	return *(const char **)((byte *)&sharedUiInfo + 25972 + index * 8);
src/PC/ui_mp/ui_main_mp.c	2618	small-integer-cast	listed-TU	if ((unsigned int)ui_serverFilterType < 2)
src/PC/ui_mp/ui_main_mp.c	2642	small-integer-cast	listed-TU	return (int)((float)CL_TextWidth(s, 0, font) * actualScale);
src/PC/ui_mp/ui_main_mp.c	2704	small-integer-cast	listed-TU	if ((unsigned int)ui_serverFilterType < 2)
src/PC/ui_mp/ui_main_mp.c	2745	pointer-named-integer-field	listed-TU	int cinHandle = sharedUiInfo.serverStatus.currentServerCinematic;
src/PC/ui_mp/ui_main_mp.c	2755	small-integer-cast	listed-TU	CIN_SetExtents(cinHandle, (int)rect[0], (int)rect[1], (int)rect[2], (int)rect[3]);
src/PC/ui_mp/ui_main_mp.c	2806	small-integer-cast	listed-TU	convArgs[1] = (int)tempString;
src/PC/ui_mp/ui_main_mp.c	2824	small-integer-cast	listed-TU	convArgs[1] = (int)tempString;
src/PC/ui_mp/ui_main_mp.c	2863	pointer-named-integer-field	listed-TU	int cinHandle = sharedUiInfo.previewMovie;
src/PC/ui_mp/ui_main_mp.c	2875	small-integer-cast	listed-TU	CIN_SetExtents(cinHandle, (int)rect[0], (int)rect[1], (int)rect[2], (int)rect[3]);
src/PC/ui_mp/ui_main_mp.c	2952	small-integer-cast	listed-TU	float scaledHeight = (float)((int)((float)textHeight * actualScale));
src/PC/ui_mp/ui_main_mp.c	3013	pointer-named-integer-field	listed-TU	int nextRefresh;
src/PC/ui_mp/ui_main_mp.c	3027	constant-pointer-arithmetic	listed-TU	serverAddr = (byte *)&sharedUiInfo + 113140 + i * 0x8c;
src/PC/ui_mp/ui_main_mp.c	3028	constant-pointer-arithmetic	listed-TU	hostName = (byte *)&sharedUiInfo + 113204 + i * 0x8c;
src/PC/ui_mp/ui_main_mp.c	3029	constant-pointer-arithmetic	listed-TU	hostName2 = (byte *)&sharedUiInfo + 113204 + i * 0x8c;
src/PC/ui_mp/ui_main_mp.c	3030	constant-pointer-arithmetic	listed-TU	pendingFlag = (int *)((byte *)&sharedUiInfo + 0x1ba7c + i * 0x8c);
src/PC/ui_mp/ui_main_mp.c	3058	constant-pointer-arithmetic	listed-TU	"Com_sprintf((char *)((byte *)uiInfo + 0xc60 + numResults * 64), 0x40, ""searching %d/%d..."", curServer, numFound);"
src/PC/ui_mp/ui_main_mp.c	3103	constant-pointer-arithmetic	listed-TU	I_strncpyz((char *)((byte *)uiInfo + 0x860 + numResults * 64), (const char *)serverAddr, 0x40);
src/PC/ui_mp/ui_main_mp.c	3104	constant-pointer-arithmetic	listed-TU	I_strncpyz((char *)((byte *)uiInfo + 0xc60 + numResults * 64), (const char *)hostName2, 0x40);
src/PC/ui_mp/ui_main_mp.c	3111	constant-pointer-arithmetic	listed-TU	"Com_sprintf((char *)((byte *)uiInfo + 0xc60 + uiInfo->numFoundPlayerServers * 64), 0x40, ""searching %d/%d..."", sharedUiInfo.pendingServerStatus.num, numFound);"
src/PC/ui_mp/ui_main_mp.c	3129	constant-pointer-arithmetic	listed-TU	uiInfo->nextFindPlayerRefresh = uiInfo->uiDC.realTime + 25;
src/PC/ui_mp/ui_main_mp.c	3136	constant-pointer-arithmetic	listed-TU	"Com_sprintf((char *)((byte *)uiInfo + 0xc60), 0x40, ""no servers found"");"
src/PC/ui_mp/ui_main_mp.c	3157	pointer-named-integer-field	listed-TU	int nextRefresh = sharedUiInfo.nextServerStatusRefresh;
src/PC/ui_mp/ui_main_mp.c	3199	constant-pointer-arithmetic	listed-TU	sharedUiInfo.nextServerStatusRefresh = uiInfo->uiDC.realTime + 500;
src/PC/ui_mp/ui_main_mp.c	3274	constant-pointer-arithmetic	listed-TU	sharedUiInfo.serverStatus.refreshtime = uiInfo->uiDC.realTime + 1000;
src/PC/ui_mp/ui_main_mp.c	3427	fixed-byte-access	listed-TU	if (I_stricmp(curGameType, *(const char **)((byte *)&sharedUiInfo + 0x114c + i * 8)) == 0) {
src/PC/ui_mp/ui_main_mp.c	3427	constant-pointer-arithmetic	listed-TU	if (I_stricmp(curGameType, *(const char **)((byte *)&sharedUiInfo + 0x114c + i * 8)) == 0) {
src/PC/ui_mp/ui_main_mp.c	3442	fixed-byte-access	listed-TU	*(int *)(entry + 0x13f4) = 0;
src/PC/ui_mp/ui_main_mp.c	3442	constant-pointer-arithmetic	listed-TU	*(int *)(entry + 0x13f4) = 0;
src/PC/ui_mp/ui_main_mp.c	3443	fixed-byte-access	listed-TU	if ((*(int *)(entry + 0x1368) >> gtIdx) & 1) {
src/PC/ui_mp/ui_main_mp.c	3443	constant-pointer-arithmetic	listed-TU	if ((*(int *)(entry + 0x1368) >> gtIdx) & 1) {
src/PC/ui_mp/ui_main_mp.c	3444	fixed-byte-access	listed-TU	*(int *)(entry + 0x13f4) = 1;
src/PC/ui_mp/ui_main_mp.c	3444	constant-pointer-arithmetic	listed-TU	*(int *)(entry + 0x13f4) = 1;
src/PC/ui_mp/ui_main_mp.c	3484	fixed-byte-access	listed-TU	*(const char **)((byte *)&sharedUiInfo + 25972 + modCount * 8) = String_Alloc(modName);
src/PC/ui_mp/ui_main_mp.c	3484	constant-pointer-arithmetic	listed-TU	*(const char **)((byte *)&sharedUiInfo + 25972 + modCount * 8) = String_Alloc(modName);
src/PC/ui_mp/ui_main_mp.c	3487	fixed-byte-access	listed-TU	*(const char **)((byte *)&sharedUiInfo + 25976 + modCount * 8) = String_Alloc(modDesc);
src/PC/ui_mp/ui_main_mp.c	3487	constant-pointer-arithmetic	listed-TU	*(const char **)((byte *)&sharedUiInfo + 25976 + modCount * 8) = String_Alloc(modDesc);
src/PC/ui_mp/ui_main_mp.c	3491	constant-pointer-arithmetic	listed-TU	namePtr = (char *)modDesc + descLen + 1;
src/PC/ui_mp/ui_main_mp.c	3493	constant-pointer-arithmetic	listed-TU	modCount = sharedUiInfo.modCount + 1;
src/PC/ui_mp/ui_main_mp.c	3751	fixed-byte-access	listed-TU	sortedIdx = *(int *)((byte *)uiInfo + 0x388 - 4);
src/PC/ui_mp/ui_main_mp.c	3751	constant-pointer-arithmetic	listed-TU	sortedIdx = *(int *)((byte *)uiInfo + 0x388 - 4);
src/PC/ui_mp/ui_main_mp.c	3800	pointer-named-integer-field	listed-TU	extern int __mh_execute_header;
src/PC/ui_mp/ui_main_mp.c	3802	small-integer-cast	listed-TU	"numMovies = FS_GetFileList(""video"", ""roq"", 0, addr, (int)&__mh_execute_header);"
src/PC/ui_mp/ui_main_mp.c	3824	fixed-byte-access	listed-TU	*(const char **)((byte *)&sharedUiInfo + 0x677c + i * 4) = String_Alloc(filePtr);
src/PC/ui_mp/ui_main_mp.c	3824	constant-pointer-arithmetic	listed-TU	*(const char **)((byte *)&sharedUiInfo + 0x677c + i * 4) = String_Alloc(filePtr);
src/PC/ui_mp/ui_main_mp.c	3826	constant-pointer-arithmetic	listed-TU	filePtr = end + 1;
src/PC/ui_mp/ui_main_mp.c	3832	pointer-named-integer-field	listed-TU	int cinHandle = sharedUiInfo.previewMovie;
src/PC/ui_mp/ui_main_mp.c	3842	fixed-byte-access	listed-TU	*(const char **)((byte *)&sharedUiInfo + 25972 + sharedUiInfo.modIndex * 8));
src/PC/ui_mp/ui_main_mp.c	3842	constant-pointer-arithmetic	listed-TU	*(const char **)((byte *)&sharedUiInfo + 25972 + sharedUiInfo.modIndex * 8));
src/PC/ui_mp/ui_main_mp.c	3905	constant-pointer-arithmetic	listed-TU	sharedUiInfo.nextServerStatusRefresh = uiInfo->uiDC.realTime + 500;
src/PC/ui_mp/ui_main_mp.c	4193	fixed-byte-access	listed-TU	*(int *)(entry + 0x13f4) = 0;
src/PC/ui_mp/ui_main_mp.c	4193	constant-pointer-arithmetic	listed-TU	*(int *)(entry + 0x13f4) = 0;
src/PC/ui_mp/ui_main_mp.c	4194	fixed-byte-access	listed-TU	if ((*(int *)(entry + 0x1368) >> gameType) & 1) {
src/PC/ui_mp/ui_main_mp.c	4194	constant-pointer-arithmetic	listed-TU	if ((*(int *)(entry + 0x1368) >> gameType) & 1) {
src/PC/ui_mp/ui_main_mp.c	4196	fixed-byte-access	listed-TU	*(int *)(entry + 0x13f4) = 1;
src/PC/ui_mp/ui_main_mp.c	4196	constant-pointer-arithmetic	listed-TU	*(int *)(entry + 0x13f4) = 1;
src/PC/ui_mp/ui_main_mp.c	4219	constant-pointer-arithmetic	listed-TU	uiInfo->playerRefresh = curTime + 3000;
src/PC/ui_mp/ui_main_mp.c	4233	small-integer-cast	listed-TU	int scaledWidth = (int)((float)pixelWidth * actualScale);
src/PC/ui_mp/ui_main_mp.c	4266	constant-pointer-arithmetic	listed-TU	y1 = yStart + 184.0f;
src/PC/ui_mp/ui_main_mp.c	4268	constant-pointer-arithmetic	listed-TU	y2 = yStart + 185.0f;
src/PC/ui_mp/ui_main_mp.c	4270	constant-pointer-arithmetic	listed-TU	y3 = yStart + 186.0f;
src/PC/ui_mp/ui_main_mp.c	4282	small-integer-cast	listed-TU	width = (int)((float)downloadCount / (float)downloadSize * 640.0f);
src/PC/ui_mp/ui_main_mp.c	4283	constant-pointer-arithmetic	listed-TU	UI_FillRect(0, y1, (float)(width + 2), 85.0f, 0, 0, color);
src/PC/ui_mp/ui_main_mp.c	4284	constant-pointer-arithmetic	listed-TU	UI_FillRect(0, y2, (float)(width + 1), 83.0f, 0, 0, color);
src/PC/ui_mp/ui_main_mp.c	4289	constant-pointer-arithmetic	listed-TU	float yDl = yStart + 210.0f;
src/PC/ui_mp/ui_main_mp.c	4290	constant-pointer-arithmetic	listed-TU	float yEta = yStart + 235.0f;
src/PC/ui_mp/ui_main_mp.c	4291	constant-pointer-arithmetic	listed-TU	float yXfer = yStart + 260.0f;
src/PC/ui_mp/ui_main_mp.c	4312	constant-pointer-arithmetic	listed-TU	if ((unsigned)(elapsedMs + 999) <= 1998) {
src/PC/ui_mp/ui_main_mp.c	4312	small-integer-cast	listed-TU	if ((unsigned)(elapsedMs + 999) <= 1998) {
src/PC/ui_mp/ui_main_mp.c	4339	constant-pointer-arithmetic	listed-TU	dlSizeK = (downloadSize + 1023) >> 10;
src/PC/ui_mp/ui_main_mp.c	4346	constant-pointer-arithmetic	listed-TU	int nextIdx = curTle + 1;
src/PC/ui_mp/ui_main_mp.c	4346	pointer-named-integer-field	listed-TU	int nextIdx = curTle + 1;
src/PC/ui_mp/ui_main_mp.c	4379	constant-pointer-arithmetic	listed-TU	UI_DrawCenteredText(text, font, scale, yStart + 320.0f, ltGrey, 6);
src/PC/ui_mp/ui_main_mp.c	4398	constant-pointer-arithmetic	listed-TU	UI_DrawCenteredText(text, font, scale, yStart + 320.0f, ltGrey, 6);
src/PC/ui_mp/ui_main_mp.c	4449	constant-pointer-arithmetic	listed-TU	if (I_stricmp(g_gametype, sharedUiInfo.gameTypes[gi].gameTypeName) == 0) {   /* was base+0x114c+gi*8 (x86) */
src/PC/ui_mp/ui_main_mp.c	4509	small-integer-cast	listed-TU	convArgs[1] = (int)tempString;
src/PC/ui_mp/ui_main_mp.c	4546	small-integer-cast	listed-TU	convArgs[1] = (int)tempString;
src/PC/ui_mp/ui_main_mp.c	4609	fixed-byte-access	listed-TU	if (!*(int *)(entry + 0x13f4))
src/PC/ui_mp/ui_main_mp.c	4609	constant-pointer-arithmetic	listed-TU	if (!*(int *)(entry + 0x13f4))
src/PC/ui_mp/ui_main_mp.c	4612	fixed-byte-access	listed-TU	if (I_stricmp(szMap, *(const char **)(entry + 0x1354)) == 0) {
src/PC/ui_mp/ui_main_mp.c	4612	constant-pointer-arithmetic	listed-TU	if (I_stricmp(szMap, *(const char **)(entry + 0x1354)) == 0) {
src/PC/ui_mp/ui_main_mp.c	4719	constant-pointer-arithmetic	listed-TU	q.tm_year + 1900,
src/PC/ui_mp/ui_main_mp.c	4728	constant-pointer-arithmetic	listed-TU	sharedUiInfo.serverStatus.refreshtime = now + 1000;
src/PC/ui_mp/ui_main_mp.c	4733	constant-pointer-arithmetic	listed-TU	sharedUiInfo.serverStatus.nextDisplayRefresh = now + 1000;
src/PC/ui_mp/ui_main_mp.c	4742	constant-pointer-arithmetic	listed-TU	sharedUiInfo.serverStatus.refreshtime = now + 1000;
src/PC/ui_mp/ui_main_mp.c	4746	constant-pointer-arithmetic	listed-TU	sharedUiInfo.serverStatus.refreshtime = now + 5000;
src/PC/ui_mp/ui_main_mp.c	4791	fixed-byte-access	listed-TU	int cinHandle = *(int *)((byte *)&sharedUiInfo + 4972 + offset);
src/PC/ui_mp/ui_main_mp.c	4791	constant-pointer-arithmetic	listed-TU	int cinHandle = *(int *)((byte *)&sharedUiInfo + 4972 + offset);
src/PC/ui_mp/ui_main_mp.c	4791	pointer-named-integer-field	listed-TU	int cinHandle = *(int *)((byte *)&sharedUiInfo + 4972 + offset);
src/PC/ui_mp/ui_main_mp.c	4796	fixed-byte-access	listed-TU	*(int *)((byte *)&sharedUiInfo + 4960 + 12 + offset) = -1;
src/PC/ui_mp/ui_main_mp.c	4796	constant-pointer-arithmetic	listed-TU	*(int *)((byte *)&sharedUiInfo + 4960 + 12 + offset) = -1;
src/PC/ui_mp/ui_main_mp.c	4829	small-integer-cast	listed-TU	*p = ___tolower((int)(signed char)*p);
src/PC/ui_mp/ui_main_mp.c	4863	fixed-byte-access	listed-TU	"*(const char **)((byte *)&sharedUiInfo + 4688) = String_Alloc(""All"");"
src/PC/ui_mp/ui_main_mp.c	4863	constant-pointer-arithmetic	listed-TU	"*(const char **)((byte *)&sharedUiInfo + 4688) = String_Alloc(""All"");"
src/PC/ui_mp/ui_main_mp.c	4881	constant-pointer-arithmetic	listed-TU	pszFileName += iLen + 1;
src/PC/ui_mp/ui_main_mp.c	4917	fixed-byte-access	listed-TU	*(const char **)((byte *)&sharedUiInfo + 4432 + gt3 * 8) = *(const char **)((byte *)&sharedUiInfo + 4428 + gt3 * 8);
src/PC/ui_mp/ui_main_mp.c	4917	constant-pointer-arithmetic	listed-TU	*(const char **)((byte *)&sharedUiInfo + 4432 + gt3 * 8) = *(const char **)((byte *)&sharedUiInfo + 4428 + gt3 * 8);
src/PC/ui_mp/ui_main_mp.c	4927	constant-pointer-arithmetic	listed-TU	pszFileName = pszEnd + 1;
src/PC/ui_mp/ui_main_mp.c	4987	small-integer-cast	listed-TU	"ui_browserShowPunkBuster = Dvar_RegisterInt(""ui_browserShowPunkBuster"", -1, (int)0x80000000, 0x7fffffff, 0x1001);"
src/PC/ui_mp/ui_main_mp.c	4990	small-integer-cast	listed-TU	"ui_browserFriendlyfire = Dvar_RegisterInt(""ui_browserFriendlyfire"", -1, (int)0x80000000, 0x7fffffff, 0x1001);"
src/PC/ui_mp/ui_main_mp.c	4991	small-integer-cast	listed-TU	"ui_browserKillcam = Dvar_RegisterInt(""ui_browserKillcam"", -1, (int)0x80000000, 0x7fffffff, 0x1001);"
src/PC/ui_mp/ui_main_mp.c	4993	small-integer-cast	listed-TU	"ui_playerProfileCount = Dvar_RegisterInt(""ui_playerProfileCount"", 0, (int)0x80000000, 0x7fffffff, 0x1040);"
src/PC/ui_mp/ui_main_mp.c	5079	fixed-size-memory-call	listed-TU	memset(sharedUiInfo.playerClientNums, -1, 0x100);
src/PC/ui_mp/ui_main_mp.c	5092	constant-pointer-arithmetic	listed-TU	sharedUiInfo.playerCount = playerCount + 1;
src/PC/ui_mp/ui_main_mp.c	5177	constant-pointer-arithmetic	listed-TU	displayServers[j] = displayServers[j + 1];
src/PC/ui_mp/ui_main_mp.c	5204	constant-pointer-arithmetic	listed-TU	position = testIdx + 1;
src/PC/ui_mp/ui_main_mp.c	5213	constant-pointer-arithmetic	listed-TU	position = lo + 1;
src/PC/ui_mp/ui_main_mp.c	5270	constant-pointer-arithmetic	listed-TU	sharedUiInfo.serverStatus.nextDisplayRefresh = uiInfo->uiDC.realTime + 500;
src/PC/ui_mp/ui_main_mp.c	5305	small-integer-cast	listed-TU	"(unsigned)(atoi(Info_ValueForKey(info_buf, ""hw"")) - 1) > 2)"
src/PC/ui_mp/ui_main_mp.c	5305	integer-cast-hash-or-key	listed-TU	"(unsigned)(atoi(Info_ValueForKey(info_buf, ""hw"")) - 1) > 2)"
src/PC/ui_mp/ui_main_mp.c	5328	fixed-byte-access	listed-TU	const char *filterBaseName = *(const char **)((byte *)serverFilters + ui_serverFilterType * 8 + 4);
src/PC/ui_mp/ui_main_mp.c	5364	fixed-byte-access	listed-TU	*(int *)(entry + 0x13f4) = 0;
src/PC/ui_mp/ui_main_mp.c	5364	constant-pointer-arithmetic	listed-TU	*(int *)(entry + 0x13f4) = 0;
src/PC/ui_mp/ui_main_mp.c	5365	fixed-byte-access	listed-TU	if ((*(int *)(entry + 0x1368) >> gameType) & 1) {
src/PC/ui_mp/ui_main_mp.c	5365	constant-pointer-arithmetic	listed-TU	if ((*(int *)(entry + 0x1368) >> gameType) & 1) {
src/PC/ui_mp/ui_main_mp.c	5367	fixed-byte-access	listed-TU	*(int *)(entry + 0x13f4) = 1;
src/PC/ui_mp/ui_main_mp.c	5367	constant-pointer-arithmetic	listed-TU	*(int *)(entry + 0x13f4) = 1;
src/PC/ui_mp/ui_main_mp.c	5394	constant-pointer-arithmetic	listed-TU	uiInfo->playerRefresh = curTime + 3000;
src/PC/ui_mp/ui_main_mp.c	5520	small-integer-cast	listed-TU	if ((unsigned int)menu > 11)
src/PC/ui_mp/ui_main_mp.c	5646	small-integer-cast	listed-TU	x = (float)(int)floorf(x + 0.5f);
src/PC/ui_mp/ui_main_mp.c	5647	small-integer-cast	listed-TU	y = (float)(int)floorf(y + 0.5f);
src/PC/ui_mp/ui_shared_mp.c	286	constant-pointer-arithmetic	listed-TU	const char *translated = SEH_StringEd_GetString(token + 1);
src/PC/ui_mp/ui_shared_mp.c	310	small-integer-cast	listed-TU	int wildcard = wc ? (int)(wc - name) : -1;
src/PC/ui_mp/ui_shared_mp.c	346	small-integer-cast	listed-TU	int wildcard = wc ? (int)(wc - name) : -1;
src/PC/ui_mp/ui_shared_mp.c	428	pointer-named-integer-field	listed-TU	int cinHandle = ((itemDef_t *)item)->window.cinematic;
src/PC/ui_mp/ui_shared_mp.c	665	fixed-size-memory-call	listed-TU	memset(script, 0, 0x400);
src/PC/ui_mp/ui_shared_mp.c	721	constant-pointer-arithmetic	listed-TU	} while (entry != (byte *)g_bindings + 56 * sizeof(bind_t));
src/PC/ui_mp/ui_shared_mp.c	917	constant-pointer-arithmetic	listed-TU	maxVal = *((float *)editDef + 1);
src/PC/ui_mp/ui_shared_mp.c	1011	small-integer-cast	listed-TU	visibleRows = (int)((((rectDef_t*)(it))->w) / (((listBoxDef_s*)(listPtr))->elementWidth));
src/PC/ui_mp/ui_shared_mp.c	1014	small-integer-cast	listed-TU	visibleRows = (int)((((rectDef_t*)(it))->h) / (((listBoxDef_s*)(listPtr))->elementHeight));
src/PC/ui_mp/ui_shared_mp.c	1016	constant-pointer-arithmetic	listed-TU	int maxScroll = count - visibleRows + 1;
src/PC/ui_mp/ui_shared_mp.c	1038	fixed-byte-access	listed-TU	return (int)(ratio * (float)*(int *)listPtr + (1.0f + (((rectDef_t*)(it))->x) + 16.0f));
src/PC/ui_mp/ui_shared_mp.c	1038	small-integer-cast	listed-TU	return (int)(ratio * (float)*(int *)listPtr + (1.0f + (((rectDef_t*)(it))->x) + 16.0f));
src/PC/ui_mp/ui_shared_mp.c	1043	fixed-byte-access	listed-TU	return (int)(ratio * (float)*(int *)listPtr + (1.0f + (((rectDef_t*)(it))->y) + 16.0f));
src/PC/ui_mp/ui_shared_mp.c	1043	small-integer-cast	listed-TU	return (int)(ratio * (float)*(int *)listPtr + (1.0f + (((rectDef_t*)(it))->y) + 16.0f));
src/PC/ui_mp/ui_shared_mp.c	1057	small-integer-cast	listed-TU	int max = (int)((((rectDef_t*)(it))->x) + (((rectDef_t*)(it))->w) - 32.0f - 1.0f);
src/PC/ui_mp/ui_shared_mp.c	1059	small-integer-cast	listed-TU	int minPos = (int)((((rectDef_t*)(it))->x) + 16.0f + 1.0f) + 8;
src/PC/ui_mp/ui_shared_mp.c	1060	constant-pointer-arithmetic	listed-TU	if (cursor < minPos || cursor > max + 8)
src/PC/ui_mp/ui_shared_mp.c	1065	small-integer-cast	listed-TU	int max = (int)((((rectDef_t*)(it))->y) + (((rectDef_t*)(it))->h) - 32.0f - 1.0f);
src/PC/ui_mp/ui_shared_mp.c	1067	small-integer-cast	listed-TU	int minPos = (int)((((rectDef_t*)(it))->y) + 16.0f + 1.0f) + 8;
src/PC/ui_mp/ui_shared_mp.c	1068	constant-pointer-arithmetic	listed-TU	if (cursor < minPos || cursor > max + 8)
src/PC/ui_mp/ui_shared_mp.c	1093	fixed-byte-access	listed-TU	cursorx = (float)*(int *)(dc + 0xc);
src/PC/ui_mp/ui_shared_mp.c	1093	constant-pointer-arithmetic	listed-TU	cursorx = (float)*(int *)(dc + 0xc);
src/PC/ui_mp/ui_shared_mp.c	1096	constant-pointer-arithmetic	listed-TU	usableStart = rightEdge + 5.0f + 1.0f;
src/PC/ui_mp/ui_shared_mp.c	1120	fixed-byte-access	listed-TU	Scroll_Slider_SetThumbPos_impl((byte *)dc, *(byte **)(scroll + 0x18));
src/PC/ui_mp/ui_shared_mp.c	1120	constant-pointer-arithmetic	listed-TU	Scroll_Slider_SetThumbPos_impl((byte *)dc, *(byte **)(scroll + 0x18));
src/PC/ui_mp/ui_shared_mp.c	1158	fixed-byte-access	listed-TU	*(void **)((char *)&((displayContextDef_s *)d)->menuStack[i]) = *(void **)((char *)&((displayContextDef_s *)d)->menuStack[(i + 1)]);
src/PC/ui_mp/ui_shared_mp.c	1158	constant-pointer-arithmetic	listed-TU	*(void **)((char *)&((displayContextDef_s *)d)->menuStack[i]) = *(void **)((char *)&((displayContextDef_s *)d)->menuStack[(i + 1)]);
src/PC/ui_mp/ui_shared_mp.c	1197	constant-pointer-arithmetic	listed-TU	textPtr = UI_SafeTranslateString(textPtr + 1);
src/PC/ui_mp/ui_shared_mp.c	1200	small-integer-cast	listed-TU	*width = (int)(((itemDef_s*)(it))->textRect[0].w);
src/PC/ui_mp/ui_shared_mp.c	1201	small-integer-cast	listed-TU	*height = (int)((itemDef_t *)it)->textRect[0].h;
src/PC/ui_mp/ui_shared_mp.c	1293	small-integer-cast	listed-TU	int numLines = (int)ceilf((float)textWidth / itemW);
src/PC/ui_mp/ui_shared_mp.c	1294	small-integer-cast	listed-TU	iTargetLineWidth = (int)((float)textWidth / (float)numLines);
src/PC/ui_mp/ui_shared_mp.c	1296	small-integer-cast	listed-TU	iTargetLineWidth = (int)itemW;
src/PC/ui_mp/ui_shared_mp.c	1301	constant-pointer-arithmetic	listed-TU	lineHeight = (float)(height + 5);
src/PC/ui_mp/ui_shared_mp.c	1316	constant-pointer-arithmetic	listed-TU	newLinePtr = p + 1;
src/PC/ui_mp/ui_shared_mp.c	1405	constant-pointer-arithmetic	listed-TU	float lineHeight = (float)(height + 5);
src/PC/ui_mp/ui_shared_mp.c	1427	small-integer-cast	listed-TU	int lineLen = (int)(p - lineStart);
src/PC/ui_mp/ui_shared_mp.c	1428	constant-pointer-arithmetic	listed-TU	strncpy(buff, lineStart, lineLen + 1);
src/PC/ui_mp/ui_shared_mp.c	1445	constant-pointer-arithmetic	listed-TU	lineStart = p + 1 + lineLen + 1 - (lineLen + 1);
src/PC/ui_mp/ui_shared_mp.c	1446	constant-pointer-arithmetic	listed-TU	lineStart = p + 1;
src/PC/ui_mp/ui_shared_mp.c	1503	constant-pointer-arithmetic	listed-TU	float trackX = hx + 15.0f;
src/PC/ui_mp/ui_shared_mp.c	1507	constant-pointer-arithmetic	listed-TU	trackX, hy_bottom, trackW + 1.0f, 16.0f,
src/PC/ui_mp/ui_shared_mp.c	1541	constant-pointer-arithmetic	listed-TU	x + 1.0f, y + 1.0f,
src/PC/ui_mp/ui_shared_mp.c	1558	small-integer-cast	listed-TU	(((listBoxDef_s*)(listPtr))->drawPadding) = (int)size;
src/PC/ui_mp/ui_shared_mp.c	1586	constant-pointer-arithmetic	listed-TU	float trackY = scrollY + 15.0f;
src/PC/ui_mp/ui_shared_mp.c	1592	constant-pointer-arithmetic	listed-TU	scrollX, trackY, 16.0f, trackH + 1.0f,
src/PC/ui_mp/ui_shared_mp.c	1621	constant-pointer-arithmetic	listed-TU	float ix2 = ix + 1.0f;
src/PC/ui_mp/ui_shared_mp.c	1629	constant-pointer-arithmetic	listed-TU	ix2, iy + 1.0f,
src/PC/ui_mp/ui_shared_mp.c	1647	small-integer-cast	listed-TU	(((listBoxDef_s*)(listPtr))->drawPadding) = (int)((((listBoxDef_s*)(listPtr))->elementHeight) - sizeH);
src/PC/ui_mp/ui_shared_mp.c	1665	constant-pointer-arithmetic	listed-TU	float preX4 = baseX + 4.0f;
src/PC/ui_mp/ui_shared_mp.c	1666	constant-pointer-arithmetic	listed-TU	float preX2a = baseX + 2.0f;
src/PC/ui_mp/ui_shared_mp.c	1667	constant-pointer-arithmetic	listed-TU	float preX2b = baseX + 2.0f;
src/PC/ui_mp/ui_shared_mp.c	1685	constant-pointer-arithmetic	listed-TU	y + 3.0f,
src/PC/ui_mp/ui_shared_mp.c	1712	constant-pointer-arithmetic	listed-TU	y + 2.0f,
src/PC/ui_mp/ui_shared_mp.c	1732	constant-pointer-arithmetic	listed-TU	UI_FillRect(preX2a, y + 2.0f,
src/PC/ui_mp/ui_shared_mp.c	1741	small-integer-cast	listed-TU	(((listBoxDef_s*)(listPtr))->drawPadding) = (int)((((listBoxDef_s*)(listPtr))->elementHeight) - sizeH);
src/PC/ui_mp/ui_shared_mp.c	1784	constant-pointer-arithmetic	listed-TU	out = (float *)(item2 + 0x1dc);
src/PC/ui_mp/ui_shared_mp.c	1786	constant-pointer-arithmetic	listed-TU	out = (float *)(item2 + 0x1cc);
src/PC/ui_mp/ui_shared_mp.c	1789	constant-pointer-arithmetic	listed-TU	out = (float *)(item2 + 0x1ec);
src/PC/ui_mp/ui_shared_mp.c	1805	pointer-named-integer-field	listed-TU	int handle;
src/PC/ui_mp/ui_shared_mp.c	1836	constant-pointer-arithmetic	listed-TU	ww -= (bs + 1.0f);
src/PC/ui_mp/ui_shared_mp.c	1837	constant-pointer-arithmetic	listed-TU	hh -= (bs + 1.0f);
src/PC/ui_mp/ui_shared_mp.c	1855	small-integer-cast	listed-TU	int offsetTime = (int)fadeCycle;
src/PC/ui_mp/ui_shared_mp.c	1909	small-integer-cast	listed-TU	(int)x, (int)y, (int)ww, (int)hh, 0x0a);
src/PC/ui_mp/ui_shared_mp.c	1919	small-integer-cast	listed-TU	CIN_SetExtents(((windowDef_t *)w)->cinematic, (int)x, (int)y, (int)ww, (int)hh);
src/PC/ui_mp/ui_shared_mp.c	2101	small-integer-cast	listed-TU	int dx = (int)(rectTo.x - rectFrom.x);
src/PC/ui_mp/ui_shared_mp.c	2103	small-integer-cast	listed-TU	int dy = (int)(rectTo.y - rectFrom.y);
src/PC/ui_mp/ui_shared_mp.c	2105	small-integer-cast	listed-TU	int dw = (int)(rectTo.w - rectFrom.w);
src/PC/ui_mp/ui_shared_mp.c	2107	small-integer-cast	listed-TU	int dh = (int)(rectTo.h - rectFrom.h);
src/PC/ui_mp/ui_shared_mp.c	2262	fixed-byte-access	listed-TU	*(void **)((char *)&((displayContextDef_s *)d)->menuStack[i]) = *(void **)((char *)&((displayContextDef_s *)d)->menuStack[(i + 1)]);
src/PC/ui_mp/ui_shared_mp.c	2262	constant-pointer-arithmetic	listed-TU	*(void **)((char *)&((displayContextDef_s *)d)->menuStack[i]) = *(void **)((char *)&((displayContextDef_s *)d)->menuStack[(i + 1)]);
src/PC/ui_mp/ui_shared_mp.c	2268	constant-pointer-arithmetic	listed-TU	(((displayContextDef_s*)(d))->openMenuCount) = idx + 1;
src/PC/ui_mp/ui_shared_mp.c	2398	constant-pointer-arithmetic	listed-TU	Menu_SetCursorItem(menu, cursor + 1);
src/PC/ui_mp/ui_shared_mp.c	2411	constant-pointer-arithmetic	listed-TU	Menu_HandleMouseMove(dc, menu, (((rectDef_t*)(item))->x) + 1.0f, *((float *)item + 1) + 1.0f);
src/PC/ui_mp/ui_shared_mp.c	2458	constant-pointer-arithmetic	listed-TU	Menu_HandleMouseMove(dc, menu, (((rectDef_t*)(item))->x) + 1.0f, *((float *)item + 1) + 1.0f);
src/PC/ui_mp/ui_shared_mp.c	2633	constant-pointer-arithmetic	listed-TU	textPtr = UI_SafeTranslateString(textPtr + 1);
src/PC/ui_mp/ui_shared_mp.c	2709	constant-pointer-arithmetic	listed-TU	text = UI_SafeTranslateString(text + 1);
src/PC/ui_mp/ui_shared_mp.c	2787	small-integer-cast	listed-TU	while (textLen < (int)sizeof(buff) - 1 && buff[textLen] != '\0') {
src/PC/ui_mp/ui_shared_mp.c	2801	small-integer-cast	listed-TU	} else if (maxChars > (int)sizeof(buff) - 1 - paintOffset) {
src/PC/ui_mp/ui_shared_mp.c	2802	small-integer-cast	listed-TU	maxChars = (int)sizeof(buff) - 1 - paintOffset;
src/PC/ui_mp/ui_shared_mp.c	3227	constant-pointer-arithmetic	listed-TU	float maxVal = *((float *)editDef + 1);
src/PC/ui_mp/ui_shared_mp.c	3323	fixed-byte-access	listed-TU	float rw = (((rectDef_t*)(focusedMenu))->w), rh = *(float *)(focusedMenu + 0xc);
src/PC/ui_mp/ui_shared_mp.c	3323	constant-pointer-arithmetic	listed-TU	float rw = (((rectDef_t*)(focusedMenu))->w), rh = *(float *)(focusedMenu + 0xc);
src/PC/ui_mp/ui_shared_mp.c	3368	constant-pointer-arithmetic	listed-TU	if (((itemDef_t *)reloaded)->leaveFocus)   /* was reloaded + 0x2bc (x86) */
src/PC/ui_mp/ui_shared_mp.c	3578	constant-pointer-arithmetic	listed-TU	ry = itemY + 16.0f + 1.0f;
src/PC/ui_mp/ui_shared_mp.c	3589	constant-pointer-arithmetic	listed-TU	float thumbEnd = (float)thumbPos + 16.0f + 1.0f;
src/PC/ui_mp/ui_shared_mp.c	3641	constant-pointer-arithmetic	listed-TU	ry = itemY + 16.0f + 1.0f;
src/PC/ui_mp/ui_shared_mp.c	3652	constant-pointer-arithmetic	listed-TU	float thumbEnd = (float)thumbPos + 16.0f + 1.0f;
src/PC/ui_mp/ui_shared_mp.c	3721	small-integer-cast	listed-TU	viewmax = (int)((((rectDef_t*)(it))->w) / (((listBoxDef_s*)(listPtr))->elementWidth));
src/PC/ui_mp/ui_shared_mp.c	3735	constant-pointer-arithmetic	listed-TU	ListBox_SetStartPos((itemDef_t *)listPtr, (((listBoxDef_s*)(listPtr))->cursorPos[0]) - viewmax + 1);
src/PC/ui_mp/ui_shared_mp.c	3744	constant-pointer-arithmetic	listed-TU	ListBox_SetStartPos((itemDef_t *)listPtr, *(int *)listPtr + 1);
src/PC/ui_mp/ui_shared_mp.c	3756	constant-pointer-arithmetic	listed-TU	ListBox_SetStartPos((itemDef_t *)listPtr, (((listBoxDef_s*)(listPtr))->cursorPos[0]) - viewmax + 1);
src/PC/ui_mp/ui_shared_mp.c	3763	small-integer-cast	listed-TU	viewmax = (int)((((rectDef_t*)(it))->h) / (((listBoxDef_s*)(listPtr))->elementHeight));
src/PC/ui_mp/ui_shared_mp.c	3777	constant-pointer-arithmetic	listed-TU	ListBox_SetStartPos((itemDef_t *)listPtr, ((itemDef_t *)it)->cursorPos[0] - viewmax + 1);
src/PC/ui_mp/ui_shared_mp.c	3796	constant-pointer-arithmetic	listed-TU	ListBox_SetStartPos((itemDef_t *)listPtr, ((itemDef_t *)it)->cursorPos[0] - viewmax + 1);
src/PC/ui_mp/ui_shared_mp.c	3842	constant-pointer-arithmetic	listed-TU	lastListBoxClickTime = curTime + 0x12c;
src/PC/ui_mp/ui_shared_mp.c	3882	constant-pointer-arithmetic	listed-TU	ListBox_SetStartPos((itemDef_t *)listPtr, ((itemDef_t *)it)->cursorPos[0] - viewmax + 1);
src/PC/ui_mp/ui_shared_mp.c	3901	constant-pointer-arithmetic	listed-TU	ListBox_SetStartPos((itemDef_t *)listPtr, (((listBoxDef_s*)(listPtr))->cursorPos[0]) - viewmax + 1);
src/PC/ui_mp/ui_shared_mp.c	3919	constant-pointer-arithmetic	listed-TU	ListBox_SetStartPos((itemDef_t *)listPtr, (((listBoxDef_s*)(listPtr))->cursorPos[0]) - viewmax + 1);
src/PC/ui_mp/ui_shared_mp.c	3935	constant-pointer-arithmetic	listed-TU	int newStart = *(int *)listPtr + 1;
src/PC/ui_mp/ui_shared_mp.c	3967	fixed-byte-access	listed-TU	itemDef_t *scrollItem = *(itemDef_t **)(scroll + 0x18);
src/PC/ui_mp/ui_shared_mp.c	3967	constant-pointer-arithmetic	listed-TU	itemDef_t *scrollItem = *(itemDef_t **)(scroll + 0x18);
src/PC/ui_mp/ui_shared_mp.c	3984	small-integer-cast	listed-TU	int newStart = (int)thumbPos;
src/PC/ui_mp/ui_shared_mp.c	4001	small-integer-cast	listed-TU	int newStart = (int)thumbPos;
src/PC/ui_mp/ui_shared_mp.c	4019	constant-pointer-arithmetic	listed-TU	(((scrollInfo_s*)(scroll))->nextAdjustTime) = curTime + 150;
src/PC/ui_mp/ui_shared_mp.c	4037	constant-pointer-arithmetic	listed-TU	(((scrollInfo_s*)(scroll))->nextAdjustTime) = curTime + 150;
src/PC/ui_mp/ui_shared_mp.c	4091	fixed-byte-access	listed-TU	int key1 = *(int *)((byte *)g_bindings + idx + 12);
src/PC/ui_mp/ui_shared_mp.c	4091	constant-pointer-arithmetic	listed-TU	int key1 = *(int *)((byte *)g_bindings + idx + 12);
src/PC/ui_mp/ui_shared_mp.c	4094	fixed-byte-access	listed-TU	*(int *)((byte *)g_bindings + idx + 12) = -1;
src/PC/ui_mp/ui_shared_mp.c	4094	constant-pointer-arithmetic	listed-TU	*(int *)((byte *)g_bindings + idx + 12) = -1;
src/PC/ui_mp/ui_shared_mp.c	4096	fixed-byte-access	listed-TU	int key2 = *(int *)((byte *)g_bindings + idx + 16);
src/PC/ui_mp/ui_shared_mp.c	4096	constant-pointer-arithmetic	listed-TU	int key2 = *(int *)((byte *)g_bindings + idx + 16);
src/PC/ui_mp/ui_shared_mp.c	4099	fixed-byte-access	listed-TU	*(int *)((byte *)g_bindings + idx + 16) = -1;
src/PC/ui_mp/ui_shared_mp.c	4099	constant-pointer-arithmetic	listed-TU	*(int *)((byte *)g_bindings + idx + 16) = -1;
src/PC/ui_mp/ui_shared_mp.c	4117	constant-pointer-arithmetic	listed-TU	while (entry != (byte *)g_bindings + 56 * 0x14) {
src/PC/ui_mp/ui_shared_mp.c	4141	fixed-byte-access	listed-TU	if (*(int *)((byte *)g_bindings + offset + 12) == -1) {
src/PC/ui_mp/ui_shared_mp.c	4141	constant-pointer-arithmetic	listed-TU	if (*(int *)((byte *)g_bindings + offset + 12) == -1) {
src/PC/ui_mp/ui_shared_mp.c	4142	fixed-byte-access	listed-TU	*(int *)((byte *)g_bindings + offset + 12) = key;
src/PC/ui_mp/ui_shared_mp.c	4142	constant-pointer-arithmetic	listed-TU	*(int *)((byte *)g_bindings + offset + 12) = key;
src/PC/ui_mp/ui_shared_mp.c	4144	fixed-byte-access	listed-TU	*(int *)((byte *)g_bindings + offset + 16) = key;
src/PC/ui_mp/ui_shared_mp.c	4144	constant-pointer-arithmetic	listed-TU	*(int *)((byte *)g_bindings + offset + 16) = key;
src/PC/ui_mp/ui_shared_mp.c	4284	fixed-byte-access	listed-TU	if (*(float *)(mDef + 0x100 + i * 4) == curVal) {
src/PC/ui_mp/ui_shared_mp.c	4284	constant-pointer-arithmetic	listed-TU	if (*(float *)(mDef + 0x100 + i * 4) == curVal) {
src/PC/ui_mp/ui_shared_mp.c	4299	fixed-byte-access	listed-TU	if (I_stricmp(string, *(const char **)(mDef + 0x80 + i * 4)) == 0) {
src/PC/ui_mp/ui_shared_mp.c	4299	constant-pointer-arithmetic	listed-TU	if (I_stricmp(string, *(const char **)(mDef + 0x80 + i * 4)) == 0) {
src/PC/ui_mp/ui_shared_mp.c	4320	constant-pointer-arithmetic	listed-TU	newIndex = (current + 1) % totalCount;
src/PC/ui_mp/ui_shared_mp.c	4334	fixed-byte-access	listed-TU	newVal = *(const char **)(multiPtr + 0x80 + newIndex * 4);
src/PC/ui_mp/ui_shared_mp.c	4334	constant-pointer-arithmetic	listed-TU	newVal = *(const char **)(multiPtr + 0x80 + newIndex * 4);
src/PC/ui_mp/ui_shared_mp.c	4380	fixed-byte-access	listed-TU	totalCount = *(int *)((byte *)dv + 0x14);
src/PC/ui_mp/ui_shared_mp.c	4380	constant-pointer-arithmetic	listed-TU	totalCount = *(int *)((byte *)dv + 0x14);
src/PC/ui_mp/ui_shared_mp.c	4389	constant-pointer-arithmetic	listed-TU	newIndex = (current + 1) % totalCount;
src/PC/ui_mp/ui_shared_mp.c	4429	pointer-named-integer-field	listed-TU	int headerH = (((listBoxDef_s*)(listPtr))->drawPadding);
src/PC/ui_mp/ui_shared_mp.c	4438	small-integer-cast	listed-TU	int cursorPos = (int)((x - itemX) / (((listBoxDef_s*)(listPtr))->elementWidth)) + *(int *)listPtr;
src/PC/ui_mp/ui_shared_mp.c	4448	pointer-named-integer-field	listed-TU	int headerH = (((listBoxDef_s*)(listPtr))->drawPadding);
src/PC/ui_mp/ui_shared_mp.c	4457	small-integer-cast	listed-TU	int cursorPos = (int)((y - 2.0f - itemY) / (((listBoxDef_s*)(listPtr))->elementHeight)) + *(int *)listPtr;
src/PC/ui_mp/ui_shared_mp.c	4580	fixed-size-memory-call	listed-TU	memset(textBuf, 0, 24);
src/PC/ui_mp/ui_shared_mp.c	4648	fixed-size-memory-call	listed-TU	memset(buff, 0, 0x400);
src/PC/ui_mp/ui_shared_mp.c	4667	constant-pointer-arithmetic	listed-TU	memmove(buff + cursorPos - 1, buff + cursorPos, len - cursorPos + 1);
src/PC/ui_mp/ui_shared_mp.c	4691	small-integer-cast	listed-TU	if (key != (int)(signed char)Com_GetDecimalDelimiter())
src/PC/ui_mp/ui_shared_mp.c	4691	integer-cast-hash-or-key	listed-TU	if (key != (int)(signed char)Com_GetDecimalDelimiter())
src/PC/ui_mp/ui_shared_mp.c	4694	small-integer-cast	listed-TU	if (key == (int)(signed char)Com_GetDecimalDelimiter())
src/PC/ui_mp/ui_shared_mp.c	4694	integer-cast-hash-or-key	listed-TU	if (key == (int)(signed char)Com_GetDecimalDelimiter())
src/PC/ui_mp/ui_shared_mp.c	4710	small-integer-cast	listed-TU	if (nextItem && (unsigned int)((itemDef_s *)nextItem)->type <= 0x12 &&
src/PC/ui_mp/ui_shared_mp.c	4724	constant-pointer-arithmetic	listed-TU	memmove(buff + cursorPos + 1, buff + cursorPos, len - cursorPos + 1);
src/PC/ui_mp/ui_shared_mp.c	4752	small-integer-cast	listed-TU	if (nextItem && (unsigned int)((itemDef_s *)nextItem)->type <= 0x12 &&
src/PC/ui_mp/ui_shared_mp.c	4763	constant-pointer-arithmetic	listed-TU	memmove(buff + cursorPos, buff + cursorPos + 1, len - cursorPos);
src/PC/ui_mp/ui_shared_mp.c	4807	small-integer-cast	listed-TU	if (nextItem && (unsigned int)((itemDef_s *)nextItem)->type <= 0x12 &&
src/PC/ui_mp/ui_shared_mp.c	4816	small-integer-cast	listed-TU	if (prevItem && (unsigned int)((itemDef_s *)prevItem)->type <= 0x12 &&
src/PC/ui_mp/ui_shared_mp.c	4835	pointer-named-integer-field	listed-TU	extern int inHandleKey;
src/PC/ui_mp/ui_shared_mp.c	4969	fixed-size-memory-call	listed-TU	memset(textBuf, 0, 24);
src/PC/ui_mp/ui_shared_mp.c	5464	fixed-byte-access	listed-TU	*(void **)((char *)&((displayContextDef_s *)d)->menuStack[i]) = *(void **)((char *)&((displayContextDef_s *)d)->menuStack[(i + 1)]);
src/PC/ui_mp/ui_shared_mp.c	5464	constant-pointer-arithmetic	listed-TU	*(void **)((char *)&((displayContextDef_s *)d)->menuStack[i]) = *(void **)((char *)&((displayContextDef_s *)d)->menuStack[(i + 1)]);
src/PC/ui_mp/ui_shared_mp.c	5471	constant-pointer-arithmetic	listed-TU	(((displayContextDef_s*)(d))->openMenuCount) = idx + 1;
src/PC/ui_mp/ui_shared_mp.c	5634	fixed-size-memory-call	listed-TU	memset(textBuf, 0, 24);
src/PC/ui_mp/ui_shared_mp.c	5692	pointer-named-integer-field	listed-TU	int cinHandle = ((menuDef_t *)openMenu)->window.cinematic;
src/PC/universal/com_convexhull.c	94	constant-pointer-arithmetic	listed-TU	newIndex = hullIdx1 + 1;
src/PC/universal/com_convexhull.c	96	constant-pointer-arithmetic	listed-TU	memmove(&hull[newIndex + 1], &hull[newIndex], (hullPointCount - newIndex) * sizeof(vec2_t));
src/PC/universal/com_convexhull.c	107	constant-pointer-arithmetic	listed-TU	hullIdx2 = hullIdx1 + 2;
src/PC/universal/com_convexhull.c	305	constant-pointer-arithmetic	listed-TU	vec2_t *backPoints = &points[botScan + 1];
src/PC/universal/com_files.c	266	x86-only-width-guard	listed-TU	#if defined(__x86_64__) || defined(_M_X64)
src/PC/universal/com_files.c	286	constant-pointer-arithmetic	listed-TU	for (ofs = OSPath + 1; *ofs; ofs++) {
src/PC/universal/com_files.c	403	x86-only-width-guard	listed-TU	#if defined(__x86_64__) || defined(_M_X64)
src/PC/universal/com_files.c	407	fixed-byte-access	listed-TU	homePath = *(const char **)(*(byte **)&fs_basepath + 8);
src/PC/universal/com_files.c	407	constant-pointer-arithmetic	listed-TU	homePath = *(const char **)(*(byte **)&fs_basepath + 8);
src/PC/universal/com_files.c	424	fixed-byte-access	listed-TU	byte *pack = *(byte **)(search + 4);
src/PC/universal/com_files.c	424	constant-pointer-arithmetic	listed-TU	byte *pack = *(byte **)(search + 4);
src/PC/universal/com_files.c	426	fixed-byte-access	listed-TU	*(byte *)(pack + 0x310) = 0;
src/PC/universal/com_files.c	426	constant-pointer-arithmetic	listed-TU	*(byte *)(pack + 0x310) = 0;
src/PC/universal/com_files.c	474	x86-only-width-guard	listed-TU	#if defined(__x86_64__) || defined(_M_X64)
src/PC/universal/com_files.c	476	small-integer-cast	listed-TU	return (int)((unz_s *)entry->handleFiles.file.z)->cur_file_info.uncompressed_size;
src/PC/universal/com_files.c	478	fixed-byte-access	listed-TU	return *(int *)(*(byte **)entry + 0x44);
src/PC/universal/com_files.c	478	constant-pointer-arithmetic	listed-TU	return *(int *)(*(byte **)entry + 0x44);
src/PC/universal/com_files.c	587	small-integer-cast	listed-TU	int read = (int)FS_FileRead(buf, 1, remaining, file);
src/PC/universal/com_files.c	597	small-integer-cast	listed-TU	if ((unsigned int)(h - 61) <= 12) {
src/PC/universal/com_files.c	629	small-integer-cast	listed-TU	int wrote = (int)FS_FileWrite(buf, 1, remaining, f);
src/PC/universal/com_files.c	740	x86-only-width-guard	listed-TU	#    if defined(__x86_64__) || defined(_M_X64)
src/PC/universal/com_files.c	769	constant-pointer-arithmetic	listed-TU	if ((c == '.' && filename[srcIndex + 1] == '.') ||
src/PC/universal/com_files.c	770	constant-pointer-arithmetic	listed-TU	(c == ':' && filename[srcIndex + 1] == ':')) {
src/PC/universal/com_files.c	775	constant-pointer-arithmetic	listed-TU	unsigned char next = (unsigned char)filename[srcIndex + 1];
src/PC/universal/com_files.c	815	constant-pointer-arithmetic	listed-TU	if (lenBase + lenGame + lenQpath + 2 > 0xff) {
src/PC/universal/com_files.c	825	constant-pointer-arithmetic	listed-TU	memcpy(ospath + lenBase + 1, useGame, lenGame);
src/PC/universal/com_files.c	826	constant-pointer-arithmetic	listed-TU	ospath[lenBase + lenGame + 1] = '/';
src/PC/universal/com_files.c	827	constant-pointer-arithmetic	listed-TU	memcpy(ospath + lenBase + lenGame + 2, qpath, lenQpath + 1);
src/PC/universal/com_files.c	1008	small-integer-cast	listed-TU	remaining = (int)strlen(msg);
src/PC/universal/com_files.c	1019	small-integer-cast	listed-TU	int wrote = (int)FS_FileWrite(buf, 1, remaining, f);
src/PC/universal/com_files.c	1063	constant-pointer-arithmetic	listed-TU	if (len == lastSep + 1) {
src/PC/universal/com_files.c	1142	small-integer-cast	listed-TU	nameLen = (int)strlen(name);
src/PC/universal/com_files.c	1160	constant-pointer-arithmetic	listed-TU	start = pathLength ? pathLength + 1 : 0;
src/PC/universal/com_files.c	1164	small-integer-cast	listed-TU	nameLen = (int)strlen(trimmedName);
src/PC/universal/com_files.c	1206	small-integer-cast	listed-TU	pathLength = (int)strlen(sanitizedPath);
src/PC/universal/com_files.c	1211	small-integer-cast	listed-TU	extensionLen = (int)strlen(extension);
src/PC/universal/com_files.c	1269	constant-pointer-arithmetic	listed-TU	filelist = (const char **)Z_MallocInternal((nfiles + 1) * sizeof(*filelist));
src/PC/universal/com_files.c	1301	small-integer-cast	listed-TU	int len = (int)strlen(fileNames[i]) + 1;
src/PC/universal/com_files.c	1303	constant-pointer-arithmetic	listed-TU	if (nTotal + 1 >= bufsize) {
src/PC/universal/com_files.c	1338	constant-pointer-arithmetic	listed-TU	for (i = 0; i < 54 && iwdName[i + 10] && FS_IwdLanguageChar((unsigned char)iwdName[i + 10]); ++i) {
src/PC/universal/com_files.c	1339	constant-pointer-arithmetic	listed-TU	szIwdLanguageName[slot][i] = iwdName[i + 10];
src/PC/universal/com_files.c	1378	constant-pointer-arithmetic	listed-TU	sortedlist = (const char **)Z_MallocInternal((numfiles + 1) * sizeof(*sortedlist));
src/PC/universal/com_files.c	1521	fixed-size-memory-call	listed-TU	memset(outName, 0, 64);
src/PC/universal/com_files.c	1522	constant-pointer-arithmetic	listed-TU	src = pszIwdFileName + 10;
src/PC/universal/com_files.c	1539	pointer-named-integer-field	listed-TU	int fs_numHeaderLongs;
src/PC/universal/com_files.c	1562	small-integer-cast	listed-TU	fs_headerLongs = (int *)Z_MallocInternal(gi.number_entry * sizeof(int));
src/PC/universal/com_files.c	1564	small-integer-cast	listed-TU	for (hashSize = 1, i = 11; i && hashSize <= (int)gi.number_entry; i--) {
src/PC/universal/com_files.c	1564	integer-cast-hash-or-key	listed-TU	for (hashSize = 1, i = 11; i && hashSize <= (int)gi.number_entry; i--) {
src/PC/universal/com_files.c	1571	small-integer-cast	listed-TU	for (i = 0; i < (unsigned int)iwd->hashSize; i++) {
src/PC/universal/com_files.c	1571	integer-cast-hash-or-key	listed-TU	for (i = 0; i < (unsigned int)iwd->hashSize; i++) {
src/PC/universal/com_files.c	1604	integer-cast-hash-or-key	listed-TU	file->next = (intptr_t)iwd->hashTable[hashSize];
src/PC/universal/com_files.c	1610	small-integer-cast	listed-TU	iwd->checksum = Com_BlockChecksum(fs_headerLongs, fs_numHeaderLongs * sizeof(int));
src/PC/universal/com_files.c	1611	small-integer-cast	listed-TU	iwd->pure_checksum = Com_BlockChecksumKey(fs_headerLongs, fs_numHeaderLongs * sizeof(int), fs_checksumFeed);
src/PC/universal/com_files.c	1611	integer-cast-hash-or-key	listed-TU	iwd->pure_checksum = Com_BlockChecksumKey(fs_headerLongs, fs_numHeaderLongs * sizeof(int), fs_checksumFeed);
src/PC/universal/com_files.c	1640	fixed-size-memory-call	listed-TU	memset(sorted[i], ' ', 10);
src/PC/universal/com_files.c	1656	fixed-size-memory-call	listed-TU	"memcpy(pszIwdFileName, ""localized_"", 10);"
src/PC/universal/com_files.c	1778	small-integer-cast	listed-TU	if ((int)FS_FileRead(buffer, 1, len, in) != len) {
src/PC/universal/com_files.c	1786	small-integer-cast	listed-TU	if ((int)FS_FileWrite(buffer, 1, len, out) != len) {
src/PC/universal/com_files.c	1823	integer-cast-hash-or-key	listed-TU	for (iwdFile = iwd->hashTable[hash]; iwdFile; iwdFile = (fileInPack_t *)(uintptr_t)iwdFile->next) {
src/PC/universal/com_files.c	1862	integer-cast-hash-or-key	listed-TU	for (iwdFile = iwd->hashTable[hash]; iwdFile; iwdFile = (fileInPack_t *)(uintptr_t)iwdFile->next) {
src/PC/universal/com_files.c	1923	small-integer-cast	listed-TU	fsh[*file].zipFilePos = (int)iwdFile->pos;
src/PC/universal/com_files.c	2009	constant-pointer-arithmetic	listed-TU	if ((unsigned int)(len + 2) > 1) {
src/PC/universal/com_files.c	2009	small-integer-cast	listed-TU	if ((unsigned int)(len + 2) > 1) {
src/PC/universal/com_files.c	2016	constant-pointer-arithmetic	listed-TU	"const char *base = (I_stricmp(filename, ""$font"") == 0) ? ""normalFont"" : filename + 1;"
src/PC/universal/com_files.c	2037	constant-pointer-arithmetic	listed-TU	if ((unsigned int)(len + 2) > 1) {
src/PC/universal/com_files.c	2037	small-integer-cast	listed-TU	if ((unsigned int)(len + 2) > 1) {
src/PC/universal/com_files.c	2066	constant-pointer-arithmetic	listed-TU	if ((unsigned int)(len + 2) <= 1) {
src/PC/universal/com_files.c	2066	small-integer-cast	listed-TU	if ((unsigned int)(len + 2) <= 1) {
src/PC/universal/com_files.c	2084	constant-pointer-arithmetic	listed-TU	buf = (byte *)Hunk_AllocateTempMemoryInternal(len + 1);
src/PC/universal/com_files.c	2149	small-integer-cast	listed-TU	int wrote = (int)FS_FileWrite(buf, 1, remaining, f);
src/PC/universal/com_files.c	2285	constant-pointer-arithmetic	listed-TU	if ((unsigned int)(len + 2) > 1) {
src/PC/universal/com_files.c	2285	small-integer-cast	listed-TU	if ((unsigned int)(len + 2) > 1) {
src/PC/universal/com_files.c	2596	small-integer-cast	listed-TU	return (int)ca - (int)cb;
src/PC/universal/com_files.c	2684	constant-pointer-arithmetic	listed-TU	base = base ? base + 1 : path;
src/PC/universal/com_files.c	2692	small-integer-cast	listed-TU	while (base[len] && base[len] != '_' && base[len] != '.' && len < (int)sizeof(languageName) - 1) {
src/PC/universal/com_files.c	2708	small-integer-cast	listed-TU	if ((unsigned int)language >= 14 || fs_webLanguageSearchPathAdded[language]) {
src/PC/universal/com_files.c	2755	small-integer-cast	listed-TU	file->size = (int)info.uncompressed_size;
src/PC/universal/com_files.c	3015	small-integer-cast	listed-TU	return (int)end;
src/PC/universal/com_files.c	3104	small-integer-cast	listed-TU	entry->zipFilePos = (int)iwdFile->pos;
src/PC/universal/com_files.c	3174	small-integer-cast	listed-TU	total += (int)n;
src/PC/universal/com_files.c	3175	small-integer-cast	listed-TU	remaining -= (int)n;
src/PC/universal/com_files.c	3191	small-integer-cast	listed-TU	written = (int)fwrite(buffer, 1, len, entry->handleFiles.file.o);
src/PC/universal/com_files.c	3232	small-integer-cast	listed-TU	int chunk = target > (long)sizeof(scratch) ? (int)sizeof(scratch) : (int)target;
src/PC/universal/com_files.c	3259	small-integer-cast	listed-TU	return (int)ftell(entry->handleFiles.file.o);
src/PC/universal/com_files.c	3286	small-integer-cast	listed-TU	if (len >= (int)sizeof(msg)) {
src/PC/universal/com_files.c	3287	small-integer-cast	listed-TU	len = (int)sizeof(msg) - 1;
src/PC/universal/com_files.c	3333	constant-pointer-arithmetic	listed-TU	rest = entryName + pathLen + 1;
src/PC/universal/com_files.c	3455	constant-pointer-arithmetic	listed-TU	result = (const char **)Z_MallocInternal((count + 1) * sizeof(*result));
src/PC/universal/com_files.c	3509	constant-pointer-arithmetic	listed-TU	if (nTotal + 1 >= bufsize) {
src/PC/universal/com_files.c	3554	constant-pointer-arithmetic	listed-TU	buf = (byte *)Hunk_AllocateTempMemoryInternal(len + 1);
src/PC/universal/com_math.c	359	constant-pointer-arithmetic	listed-TU	src[i + 4] = mat[i * 4 + 1];
src/PC/universal/com_math.c	360	constant-pointer-arithmetic	listed-TU	src[i + 8] = mat[i * 4 + 2];
src/PC/universal/com_math.c	361	constant-pointer-arithmetic	listed-TU	src[i + 12] = mat[i * 4 + 3];
src/PC/universal/com_math.c	536	small-integer-cast	listed-TU	return (float)((int)(a * 182.04444885253906f) & 0xffff) * 0.0054931640625f;
src/PC/universal/com_math.c	565	small-integer-cast	listed-TU	((float)((int)((a) * 182.04444885253906f) & 0xffff) * 0.0054931640625f)
src/PC/universal/com_math.c	701	small-integer-cast	listed-TU	return min + ((int)((holdrand >> 17) * (unsigned int)(max - min)) >> 15);
src/PC/universal/com_math.c	1415	constant-pointer-arithmetic	listed-TU	angles[2] = roll + 180.0f;
src/PC/universal/com_math.h	772	x86-only-width-guard	header-or-unlisted	#if defined(__x86_64__) || defined(_M_X64)
src/PC/universal/com_math.h	776	pointer-named-integer-field	header-or-unlisted	int pHashNext;
src/PC/universal/com_math.h	886	pointer-named-integer-field	header-or-unlisted	int iPrevAnim;
src/PC/universal/com_memory.c	41	constant-pointer-arithmetic	listed-TU	int need = (size <= 0) ? 16 : ((size + 15) & ~15);
src/PC/universal/com_memory.c	42	constant-pointer-arithmetic	listed-TU	int nbytes = ((need + 32 + GP_PAGE - 1) / GP_PAGE) * GP_PAGE;
src/PC/universal/com_memory.c	56	fixed-byte-access	listed-TU	*(void **)(user - 16) = base;
src/PC/universal/com_memory.c	57	fixed-byte-access	listed-TU	*(void **)(user - 8) = GP_MAGIC;
src/PC/universal/com_memory.c	126	fixed-byte-access	listed-TU	if (*(void **)((char *)ptr - 8) == GP_MAGIC && gp_realVF)
src/PC/universal/com_memory.c	127	fixed-byte-access	listed-TU	gp_realVF(*(void **)((char *)ptr - 16), 0, 0x8000 /*MEM_RELEASE*/);
src/PC/universal/com_memory.c	377	small-integer-cast	listed-TU	fd = (fileData_t *)alloc(nameLen + (int)offsetof(fileData_t, name));
src/PC/universal/com_memory.c	381	integer-cast-hash-or-key	listed-TU	fd->next = (intptr_t)com_fileDataHashTable[hash];
src/PC/universal/com_memory.c	391	small-integer-cast	listed-TU	fd = (fileData_t *)alloc((int)offsetof(fileData_t, name));   /* was 9 (x86 header); x64 header is 17 */
src/PC/universal/com_memory.c	530	constant-pointer-arithmetic	listed-TU	if (hg_enabled()) reqSize = size + 16;
src/PC/universal/com_memory.c	533	constant-pointer-arithmetic	listed-TU	newHighUsed = (hunk_high.permanent + reqSize + 31) & ~31;
src/PC/universal/com_memory.c	561	constant-pointer-arithmetic	listed-TU	newHighUsed = (hunk_high.permanent + size + 31) & ~31;
src/PC/universal/com_memory.c	597	constant-pointer-arithmetic	listed-TU	newTempHigh = (hunk_high.temp + size + 15) & ~15;
src/PC/universal/com_memory.c	619	constant-pointer-arithmetic	listed-TU	aligned = (hunk_low.permanent + 31) & ~31;
src/PC/universal/com_memory.c	664	pointer-named-integer-field	listed-TU	int prevTemp;
src/PC/universal/com_memory.c	675	constant-pointer-arithmetic	listed-TU	allocSize = size + 16;
src/PC/universal/com_memory.c	677	constant-pointer-arithmetic	listed-TU	aligned = (prevTemp + 15) & ~15;
src/PC/universal/com_memory.c	688	constant-pointer-arithmetic	listed-TU	buf = base + 16;
src/PC/universal/com_memory.c	690	fixed-byte-access	listed-TU	*(int *)(base + 4) = hunk_low.temp - prevTemp;
src/PC/universal/com_memory.c	690	constant-pointer-arithmetic	listed-TU	*(int *)(base + 4) = hunk_low.temp - prevTemp;
src/PC/universal/com_memory.c	700	constant-pointer-arithmetic	listed-TU	aligned = (hunk_low.permanent + 31) & ~31;
src/PC/universal/com_memory.c	728	fixed-byte-access	listed-TU	hunk_low.temp -= *(int *)(hdr + 4);
src/PC/universal/com_memory.c	728	constant-pointer-arithmetic	listed-TU	hunk_low.temp -= *(int *)(hdr + 4);
src/PC/universal/com_memory.c	758	constant-pointer-arithmetic	listed-TU	size = (size + 3) & ~3;
src/PC/universal/com_shared.c	17	constant-pointer-arithmetic	listed-TU	hash += (signed char)string[i] * (i + 119);
src/PC/universal/com_shared.c	42	small-integer-cast	listed-TU	return (int)t;
src/PC/universal/com_sndalias.c	81	small-integer-cast	listed-TU	hash = hash * 31337u + (unsigned int)___tolower((signed char)*name);
src/PC/universal/com_sndalias.c	81	integer-cast-hash-or-key	listed-TU	hash = hash * 31337u + (unsigned int)___tolower((signed char)*name);
src/PC/universal/com_sndalias.c	94	small-integer-cast	listed-TU	return ((unsigned int)seed >> 16) & 0x7fff;   /* unsigned: a logical shift, not arithmetic */
src/PC/universal/com_sndalias.c	170	x86-only-width-guard	listed-TU	#if defined(__x86_64__) || defined(_M_X64)
src/PC/universal/com_sndalias.c	174	constant-pointer-arithmetic	listed-TU	curvePtr = (void *)((byte *)curvePtr + 0x48);
src/PC/universal/com_sndalias.c	184	constant-pointer-arithmetic	listed-TU	I_strncpyz(namePtr, fn, fnLen + 1);
src/PC/universal/com_sndalias.c	201	constant-pointer-arithmetic	listed-TU	Com_StripExtension(loadspec + 8, trimspec);
src/PC/universal/com_sndalias.c	204	constant-pointer-arithmetic	listed-TU	Com_StripExtension(loadspec + 5, trimspec);
src/PC/universal/com_sndalias.c	260	x86-only-width-guard	listed-TU	#if defined(__x86_64__) || defined(_M_X64)
src/PC/universal/com_sndalias.c	264	constant-pointer-arithmetic	listed-TU	(snd_alias_list_t *)((byte *)&g_sa + 4104 + (int)system * 16),
src/PC/universal/com_sndalias.c	264	small-integer-cast	listed-TU	(snd_alias_list_t *)((byte *)&g_sa + 4104 + (int)system * 16),
src/PC/universal/com_sndalias.c	265	constant-pointer-arithmetic	listed-TU	(SoundFileInfo *)((byte *)&g_sa + 4152 + (int)system * 8));
src/PC/universal/com_sndalias.c	265	small-integer-cast	listed-TU	(SoundFileInfo *)((byte *)&g_sa + 4152 + (int)system * 8));
src/PC/universal/com_sndalias.c	276	small-integer-cast	listed-TU	if ((int)system <= 1) {
src/PC/universal/com_sndalias.c	277	x86-only-width-guard	listed-TU	#if defined(__x86_64__) || defined(_M_X64)
src/PC/universal/com_sndalias.c	289	small-integer-cast	listed-TU	if ((int)system <= 1) {
src/PC/universal/com_sndalias.c	291	x86-only-width-guard	listed-TU	#if defined(__x86_64__) || defined(_M_X64)
src/PC/universal/com_sndalias.c	294	constant-pointer-arithmetic	listed-TU	int missCount = Com_LoadSoundAliasSounds((SoundFileInfo *)((byte *)&g_sa + 4152 + (int)system * 8));
src/PC/universal/com_sndalias.c	294	small-integer-cast	listed-TU	int missCount = Com_LoadSoundAliasSounds((SoundFileInfo *)((byte *)&g_sa + 4152 + (int)system * 8));
src/PC/universal/com_sndalias.c	533	constant-pointer-arithmetic	listed-TU	bestAlias->iSequence = maxSequence + 1;
src/PC/universal/com_sndalias.c	555	integer-cast-hash-or-key	listed-TU	aliasList = (snd_alias_list_t *)(uintptr_t)aliasList->pHashNext) {
src/PC/universal/com_sndalias.c	570	integer-cast-hash-or-key	listed-TU	aliasListIter = (snd_alias_list_t *)(uintptr_t)aliasListIter->pHashNext) {
src/PC/universal/com_sndalias.c	576	x86-only-width-guard	listed-TU	#if defined(__x86_64__) || defined(_M_X64)
src/PC/universal/com_sndalias.c	577	integer-cast-hash-or-key	listed-TU	aliasList->pHashNext = (intptr_t)(uintptr_t)g_sa.pHash[hash];
src/PC/universal/com_sndalias.c	579	small-integer-cast	listed-TU	aliasList->pHashNext = (int)(uintptr_t)g_sa.pHash[hash];
src/PC/universal/com_sndalias.c	579	integer-cast-hash-or-key	listed-TU	aliasList->pHashNext = (int)(uintptr_t)g_sa.pHash[hash];
src/PC/universal/com_sndalias.c	592	integer-cast-hash-or-key	listed-TU	aliasList = (snd_alias_list_t *)(uintptr_t)aliasList->pHashNext) {
src/PC/universal/com_sndalias.c	609	x86-only-width-guard	listed-TU	#if defined(__x86_64__) || defined(_M_X64)
src/PC/universal/com_sndalias.c	610	integer-cast-hash-or-key	listed-TU	aliasList->pHashNext = (intptr_t)(uintptr_t)g_sa.pHash[hash];
src/PC/universal/com_sndalias.c	612	small-integer-cast	listed-TU	aliasList->pHashNext = (int)(uintptr_t)g_sa.pHash[hash];
src/PC/universal/com_sndalias.c	612	integer-cast-hash-or-key	listed-TU	aliasList->pHashNext = (int)(uintptr_t)g_sa.pHash[hash];
src/PC/universal/com_sndalias_load_obj.c	360	small-integer-cast	listed-TU	#    define SA_TYPE(a) ((int)(a)->eType)
src/PC/universal/com_sndalias_load_obj.c	397	small-integer-cast	listed-TU	len = (int)strlen(SA_SOUND_FILE(alias)) + 1;
src/PC/universal/com_sndalias_load_obj.c	445	small-integer-cast	listed-TU	len = (int)strlen(SA_ALIAS_NAME(alias)) + 1;
src/PC/universal/com_sndalias_load_obj.c	452	small-integer-cast	listed-TU	stringBytesCount += (int)strlen(SA_SUBTITLE(alias)) + 1;
src/PC/universal/com_sndalias_load_obj.c	456	x86-only-width-guard	listed-TU	#    if defined(__x86_64__) || defined(_M_X64)
src/PC/universal/com_sndalias_load_obj.c	458	small-integer-cast	listed-TU	"aliasInfo->head = (snd_alias_t *)Com_AllocSoundMemory(saLoadObjGlob.tempAliasCount * (int)sizeof(snd_alias_t), ""Com_MakeSoundAliasesPermanent:aliases"", 0xe);"
src/PC/universal/com_sndalias_load_obj.c	459	small-integer-cast	listed-TU	"soundFileInfo->files = (SoundFile *)Com_AllocSoundMemory(soundCount * (int)sizeof(SoundFile), ""Com_MakeSoundAliasesPermanent:soundFiles"", 0xe);"
src/PC/universal/com_sndalias_load_obj.c	491	x86-only-width-guard	listed-TU	#    if defined(__x86_64__) || defined(_M_X64)
src/PC/universal/com_sndalias_load_obj.c	493	small-integer-cast	listed-TU	"aliasList = (snd_alias_list_t *)Com_AllocSoundMemory((int)sizeof(snd_alias_list_t), ""Com_MakeSoundAliasesPermanent:aliasList"", 0xe);"
src/PC/universal/com_sndalias_load_obj.c	529	small-integer-cast	listed-TU	"permAlias->pszSecondaryAliasName = (const char *)Com_AllocSoundMemory((int)strlen(SA_SECONDARY_NAME(alias)) + 1, ""Com_AddSoundAlias"", 0xe);"
src/PC/universal/com_sndalias_load_obj.c	864	small-integer-cast	listed-TU	cmp = (int)frontList->eType - (int)backList->eType;
src/PC/universal/com_sndalias_load_obj.c	930	constant-pointer-arithmetic	listed-TU	list = match + 1;
src/PC/universal/com_sndalias_load_obj.c	994	small-integer-cast	listed-TU	"Com_Printf(""^1ERROR: Sound alias file %s: Subtitle '%s' has invalid character '%c' ascii %i\n"", sourceFile, token, (int)(signed char)token[i], (unsigned char)token[i]);"
src/PC/universal/com_sndalias_load_obj.c	1000	constant-pointer-arithmetic	listed-TU	alias->subtitleText = (char *)Hunk_AllocateTempMemoryInternal(len + 1);
src/PC/universal/com_sndalias_load_obj.c	1254	constant-pointer-arithmetic	listed-TU	if (!I_stricmp(subtitleReference + 9, Com_ParseOnLine(&ptr))) {
src/PC/universal/com_sndalias_load_obj.c	1322	small-integer-cast	listed-TU	FS_Write(start, (int)(ptr - start) - 11, hOutFile);
src/PC/universal/com_sndalias_load_obj.c	1332	constant-pointer-arithmetic	listed-TU	if (strcmp(Com_ParseOnLine(&ptr), reference + 9)) {
src/PC/universal/com_sndalias_load_obj.c	1338	small-integer-cast	listed-TU	FS_Write(start, (int)(ptr - start), hOutFile);
src/PC/universal/com_sndalias_load_obj.c	1341	constant-pointer-arithmetic	listed-TU	Com_WriteStringEdReferenceToFile(reference + 9, subtitle, hOutFile);
src/PC/universal/com_sndalias_load_obj.c	1364	constant-pointer-arithmetic	listed-TU	Com_WriteStringEdReferenceToFile(reference + 9, subtitle, hOutFile);
src/PC/universal/com_sndalias_load_obj.c	1460	small-integer-cast	listed-TU	FS_Write(lineStart, (int)(ptr - lineStart), hAliasOutFile);
src/PC/universal/com_sndalias_load_obj.c	1484	constant-pointer-arithmetic	listed-TU	iColCount = col + 1;
src/PC/universal/com_sndalias_load_obj.c	1500	small-integer-cast	listed-TU	FS_Write(lineStart, (int)(ptr - lineStart), hAliasOutFile);
src/PC/universal/com_sndalias_load_obj.c	1515	constant-pointer-arithmetic	listed-TU	if (col + 1 == iColCount) {
src/PC/universal/com_sndalias_load_obj.c	1528	small-integer-cast	listed-TU	FS_Write(lineStart, (int)(ptr - lineStart), hAliasOutFile);
src/PC/universal/com_sndalias_load_obj.c	1535	small-integer-cast	listed-TU	FS_Write(lineStart, (int)(ptr - lineStart), hAliasOutFile);
src/PC/universal/com_sndalias_load_obj.c	2044	constant-pointer-arithmetic	listed-TU	if (i + 1 == iColCount) {
src/PC/universal/com_sndalias_load_obj.c	2103	x86-only-width-guard	listed-TU	#    if defined(__x86_64__) || defined(_M_X64)
src/PC/universal/com_sndalias_load_obj.c	2106	small-integer-cast	listed-TU	aliasCopy->pNext = (int)(uintptr_t)saLoadObjGlob.tempAliases;
src/PC/universal/com_vector.h	422	pointer-named-integer-field	header-or-unlisted	int next;
src/PC/universal/com_vector.h	560	pointer-named-integer-field	header-or-unlisted	short unsigned int nextModelInWorldSector;
src/PC/universal/com_vector.h	593	pointer-named-integer-field	header-or-unlisted	int previousEventSequence;
src/PC/universal/com_vector.h	652	x86-only-width-guard	header-or-unlisted	#if defined(__x86_64__) || defined(_M_X64)
src/PC/universal/com_vector.h	657	pointer-named-integer-field	header-or-unlisted	int next;
src/PC/universal/com_vector.h	658	pointer-named-integer-field	header-or-unlisted	int hashNext;
src/PC/universal/com_vector.h	879	pointer-named-integer-field	header-or-unlisted	int previous_waterlevel;
src/PC/universal/dvar.c	42	constant-pointer-arithmetic	listed-TU	* per target). Blob extent was 8 B of pointers + 24 B inter-symbol padding (next
src/PC/universal/dvar.c	238	constant-pointer-arithmetic	listed-TU	hash += (unsigned int)___tolower(name[i]) * (unsigned int)(i + 0x77);
src/PC/universal/dvar.c	238	small-integer-cast	listed-TU	hash += (unsigned int)___tolower(name[i]) * (unsigned int)(i + 0x77);
src/PC/universal/dvar.c	238	integer-cast-hash-or-key	listed-TU	hash += (unsigned int)___tolower(name[i]) * (unsigned int)(i + 0x77);
src/PC/universal/dvar.c	310	small-integer-cast	listed-TU	return (byte)(int)floorf(value * 255.0f + 0.5f);
src/PC/universal/dvar.c	748	fixed-byte-access	listed-TU	isAlnum = (*(int *)(*(byte **)&__DefaultRuneLocale + 0x34 + sch * 4) & 0x500) != 0;
src/PC/universal/dvar.c	748	constant-pointer-arithmetic	listed-TU	isAlnum = (*(int *)(*(byte **)&__DefaultRuneLocale + 0x34 + sch * 4) & 0x500) != 0;
src/PC/universal/dvar.c	799	small-integer-cast	listed-TU	(float)(unsigned char)((unsigned int)value.integer >> 8) * (1.0f / 255.0f),
src/PC/universal/dvar.c	894	small-integer-cast	listed-TU	len = (int)strlen(indexString);
src/PC/universal/dvar.c	1302	small-integer-cast	listed-TU	"len = snprintf(cursor, (int)(outBufferEnd - cursor), ""Domain is one of the following:"");"
src/PC/universal/dvar.c	1308	small-integer-cast	listed-TU	"len = snprintf(cursor, (int)(outBufferEnd - cursor), ""\n  %2i: %s"", i, domain.enumeration.strings[i]);"
src/PC/universal/dvar.c	1755	integer-cast-hash-or-key	listed-TU	for (dvar = dvarHashTable[hash]; dvar; dvar = (dvar_t *)(uintptr_t)dvar->hashNext) {
src/PC/universal/dvar.c	1819	integer-cast-hash-or-key	listed-TU	dvar->hashNext = (intptr_t)(uintptr_t)dvarHashTable[hash];
src/PC/universal/q_parse.c	407	constant-pointer-arithmetic	listed-TU	text = bp + 1;
src/PC/universal/q_parse.c	411	constant-pointer-arithmetic	listed-TU	text = bp + 3;
src/PC/universal/q_parse.c	443	pointer-named-integer-field	listed-TU	int next = *text;
src/PC/universal/q_parse.c	568	constant-pointer-arithmetic	listed-TU	*data_p = text + 1;
src/PC/universal/q_shared.c	15	small-integer-cast	listed-TU	extern void *Sys_GetValue(int);
src/PC/universal/q_shared.c	36	small-integer-cast	listed-TU	static short int (*LittleShort)(int);
src/PC/universal/q_shared.c	37	small-integer-cast	listed-TU	static int (*LittleLong)(int);
src/PC/universal/q_shared.c	39	small-integer-cast	listed-TU	static float (*LittleFloatRead)(int);
src/PC/universal/q_shared.c	105	constant-pointer-arithmetic	listed-TU	last = pathname + 1;
src/PC/universal/q_shared.c	149	small-integer-cast	listed-TU	return ((int)b1 << 24) + ((int)b2 << 16) + ((int)b3 << 8) + b4;
src/PC/universal/q_shared.c	193	small-integer-cast	listed-TU	u.i = ((int)b1 << 24) + ((int)b2 << 16) + ((int)b3 << 8) + b4;
src/PC/universal/q_shared.c	231	small-integer-cast	listed-TU	return (unsigned)(c - 'a') <= 25;
src/PC/universal/q_shared.c	236	small-integer-cast	listed-TU	return (unsigned)(c - 'A') <= 25;
src/PC/universal/q_shared.c	241	small-integer-cast	listed-TU	return (unsigned)(c - '0') <= 9;
src/PC/universal/q_shared.c	337	constant-pointer-arithmetic	listed-TU	info->index = (info->index + 1) % 2;
src/PC/universal/q_shared.c	343	small-integer-cast	listed-TU	if ((unsigned)len > 1023) {
src/PC/universal/q_shared.c	373	constant-pointer-arithmetic	listed-TU	char *kend = key + 8191;
src/PC/universal/q_shared.c	401	constant-pointer-arithmetic	listed-TU	char *vend = value + 8191;
src/PC/universal/q_shared.c	699	small-integer-cast	listed-TU	if ((unsigned)(c - 'a') <= 25)
src/PC/universal/q_shared.c	801	small-integer-cast	listed-TU	if ((unsigned)(c - 'a') <= 25 || (unsigned)(c - 'A') <= 25 || (unsigned)(c - '0') <= 9 || c == '_' || c == '-')
src/PC/universal/q_shared.c	955	small-integer-cast	listed-TU	*(int *)dest = (int)((float)atof(val) * 1000.0f);
src/PC/universal/q_shared.h	34	pointer-named-integer-field	header-or-unlisted	int nextpingtime;
src/PC/universal/q_shared.h	47	pointer-named-integer-field	header-or-unlisted	int nextDisplayRefresh;
src/PC/universal/q_shared.h	48	pointer-named-integer-field	header-or-unlisted	int nextSortTime;
src/PC/universal/surfaceflags.c	23	small-integer-cast	listed-TU	return (int)(((unsigned int)infoParms[i].surfaceFlags & 0x1f00000) >> 20);
src/PC/universal/surfaceflags.c	64	constant-pointer-arithmetic	listed-TU	{ (char *)&str_00220148, 0x0, (int)((char *)&s_debugFrameGlob + 1106304), 0x0, 0x0 },
src/PC/universal/surfaceflags.c	64	small-integer-cast	listed-TU	{ (char *)&str_00220148, 0x0, (int)((char *)&s_debugFrameGlob + 1106304), 0x0, 0x0 },
src/PC/universal/surfaceflags.c	66	small-integer-cast	listed-TU	{ (char *)&str_00220160, 0x1, 0x0, (int)&__mh_execute_header, 0x0 },
src/PC/universal/surfaceflags.c	67	constant-pointer-arithmetic	listed-TU	{ (char *)&str_0022016c, 0x1, 0x0, (int)((char *)&__mh_execute_header + 4096), 0x0 },
src/PC/universal/surfaceflags.c	67	small-integer-cast	listed-TU	{ (char *)&str_0022016c, 0x1, 0x0, (int)((char *)&__mh_execute_header + 4096), 0x0 },
src/PC/universal/surfaceflags.c	68	constant-pointer-arithmetic	listed-TU	{ (char *)&str_00220178, 0x1, 0x0, (int)((char *)&CDirect3DDevice_CreateAndSetFixedFunctionVAO + 1116), 0x0 },
src/PC/universal/surfaceflags.c	68	small-integer-cast	listed-TU	{ (char *)&str_00220178, 0x1, 0x0, (int)((char *)&CDirect3DDevice_CreateAndSetFixedFunctionVAO + 1116), 0x0 },
src/PC/universal/surfaceflags.c	69	constant-pointer-arithmetic	listed-TU	{ (char *)&str_00220184, 0x1, 0x0, (int)((char *)&CDirect3DVertexDeclaration_GetShaderDeclaration + 82), 0x0 },
src/PC/universal/surfaceflags.c	69	small-integer-cast	listed-TU	{ (char *)&str_00220184, 0x1, 0x0, (int)((char *)&CDirect3DVertexDeclaration_GetShaderDeclaration + 82), 0x0 },
src/PC/universal/surfaceflags.c	73	constant-pointer-arithmetic	listed-TU	{ (char *)&str_002201b0, 0x1, (int)((char *)&MacBuilder_SetControlFontStyle + 64), 0x0, 0x0 },
src/PC/universal/surfaceflags.c	73	small-integer-cast	listed-TU	{ (char *)&str_002201b0, 0x1, (int)((char *)&MacBuilder_SetControlFontStyle + 64), 0x0, 0x0 },
src/PC/universal/surfaceflags.c	80	constant-pointer-arithmetic	listed-TU	{ (char *)&str_002201ec, 0x0, (int)((char *)&CDirect3DDevice_CreateAndSetFixedFunctionVAO + 1116), 0x0, 0x0 },
src/PC/universal/surfaceflags.c	80	small-integer-cast	listed-TU	{ (char *)&str_002201ec, 0x0, (int)((char *)&CDirect3DDevice_CreateAndSetFixedFunctionVAO + 1116), 0x0, 0x0 },
src/PC/universal/surfaceflags.c	81	constant-pointer-arithmetic	listed-TU	{ (char *)&str_002201f8, 0x0, (int)((char *)&XAnimSetCompleteGoalWeightKnobAll + 1744), 0x0, 0x0 },
src/PC/universal/surfaceflags.c	81	small-integer-cast	listed-TU	{ (char *)&str_002201f8, 0x0, (int)((char *)&XAnimSetCompleteGoalWeightKnobAll + 1744), 0x0, 0x0 },
src/PC/universal/surfaceflags.c	89	constant-pointer-arithmetic	listed-TU	{ (char *)&str_00220250, 0x0, (int)((char *)&__mh_execute_header + 4096), 0x0, 0x0 },
src/PC/universal/surfaceflags.c	89	small-integer-cast	listed-TU	{ (char *)&str_00220250, 0x0, (int)((char *)&__mh_execute_header + 4096), 0x0, 0x0 },
src/PC/universal/surfaceflags.c	93	constant-pointer-arithmetic	listed-TU	{ (char *)&str_00220278, 0x0, (int)((char *)&CDirect3DVertexDeclaration_GetShaderDeclaration + 82), 0x0, 0x0 },
src/PC/universal/surfaceflags.c	93	small-integer-cast	listed-TU	{ (char *)&str_00220278, 0x0, (int)((char *)&CDirect3DVertexDeclaration_GetShaderDeclaration + 82), 0x0, 0x0 },
src/PC/win32/cinematics.c	25	small-integer-cast	listed-TU	extern qboolean UI_SetActiveMenu(int);
src/PC/win32/cinematics.c	27	small-integer-cast	listed-TU	extern char *Cmd_Argv(int);
src/PC/win32/cinematics.c	50	pointer-named-integer-field	listed-TU	__attribute__((used)) int CL_handle = -1;
src/PC/win32/cinematics.c	52	pointer-named-integer-field	listed-TU	"__attribute__((used, section(""__DATA,__currentHandle""), aligned(4))) int currentHandle = -1;"
src/PC/win32/cinematics.c	53	pointer-named-integer-field	listed-TU	"__attribute__((used, section(""__DATA,__currentHandle""), aligned(4))) static int currentHandle_pad[6];"
src/PC/win32/cinematics.c	55	pointer-named-integer-field	listed-TU	"__attribute__((used, section("".data.currentHandle""), aligned(4))) int currentHandle = -1;"
src/PC/win32/cinematics.c	56	pointer-named-integer-field	listed-TU	"__attribute__((used, section("".data.currentHandle""), aligned(4))) static int currentHandle_pad[6];"
src/PC/win32/cinematics.c	111	constant-pointer-arithmetic	listed-TU	*a = ap + 2;
src/PC/win32/cinematics.c	112	constant-pointer-arithmetic	listed-TU	*b = bp + 2;
src/PC/win32/cinematics.c	148	constant-pointer-arithmetic	listed-TU	cinTable[h].onQuad = onQuad + 1;
src/PC/win32/cinematics.c	247	small-integer-cast	listed-TU	if ((unsigned int)handle > 0xf || cinTable[handle].status == FMV_EOF) {
src/PC/win32/cinematics.c	267	small-integer-cast	listed-TU	if ((unsigned int)handle <= 0xf && cinTable[handle].status != FMV_EOF) {
src/PC/win32/cinematics.c	278	small-integer-cast	listed-TU	if ((unsigned int)handle <= 0xf && cinTable[handle].buf) {
src/PC/win32/cinematics.c	589	pointer-named-integer-field	listed-TU	int handle;
src/PC/win32/cinematics.c	620	small-integer-cast	listed-TU	if ((unsigned int)handle <= 0xf && cinTable[handle].status != FMV_EOF) {
src/PC/win32/cinematics.c	630	small-integer-cast	listed-TU	if ((unsigned int)handle <= 0xf && cinTable[handle].status != FMV_EOF) {
src/PC/win32/cinematics.c	672	constant-pointer-arithmetic	listed-TU	tab[d + 128] = (short)(-(d * d));
src/PC/win32/cinematics.c	737	small-integer-cast	listed-TU	if ((unsigned int)handle > 0xf || cinTable[handle].status == FMV_EOF) {
src/PC/win32/cinematics.c	761	small-integer-cast	listed-TU	y = (int)floorf(barSize);
src/PC/win32/cinematics.c	762	small-integer-cast	listed-TU	barSizeCeil = (int)ceilf(barSize);
src/PC/win32/cinematics.c	770	small-integer-cast	listed-TU	x = (int)floorf(barSize);
src/PC/win32/cinematics.c	771	small-integer-cast	listed-TU	barSizeCeil = (int)ceilf(barSize);
src/PC/win32/cinematics.c	789	small-integer-cast	listed-TU	barSizeCeil = (int)ceilf(barSize);
src/PC/win32/cinematics.c	792	small-integer-cast	listed-TU	material = (int)(cls->whiteMaterial);
src/PC/win32/cinematics.c	796	small-integer-cast	listed-TU	xf, (float)y, wf, (float)(int)floorf(barSize),
src/PC/win32/cinematics.c	807	small-integer-cast	listed-TU	if ((unsigned int)CL_handle <= 0xf) {
src/PC/win32/cinematics.c	876	small-integer-cast	listed-TU	if ((unsigned int)h <= 0xf) {
src/PC/win32/cinematics.c	903	small-integer-cast	listed-TU	if ((unsigned int)handle > 0xf || cinTable[handle].status == FMV_EOF) {
src/PC/win32/cinematics.c	934	small-integer-cast	listed-TU	int elapsed = (int)thisTime - (int)cinTable[h].lastTime;
src/PC/win32/cinematics.c	940	small-integer-cast	listed-TU	fElapsed = (float)(unsigned int)((unsigned int)thisTime - cinTable[h].lastTime);
src/PC/win32/cinematics.c	942	small-integer-cast	listed-TU	absElapsed = (int)fElapsed;
src/PC/win32/cinematics.c	946	small-integer-cast	listed-TU	cinTable[h].startTime += (unsigned int)elapsed;
src/PC/win32/cinematics.c	954	small-integer-cast	listed-TU	numFrames = (unsigned int)((unsigned int)(thisTime - cinTable[handle].startTime) * (unsigned int)cinTable[handle].roqFPS) / 1000;
src/PC/win32/cinematics.c	959	small-integer-cast	listed-TU	if ((thisTime - cinTable[h].lastFrameTime) * (unsigned int)cinTable[h].roqFPS > 4000) {
src/PC/win32/cinematics.c	984	constant-pointer-arithmetic	listed-TU	Sys_StreamedRead(cin.file, cinTable[h].RoQFrameSize + 8, 1, cinTable[h].iFile);
src/PC/win32/cinematics.c	1053	constant-pointer-arithmetic	listed-TU	right += cin.sqrTable[framedata[j + 1]];
src/PC/win32/cinematics.c	1055	constant-pointer-arithmetic	listed-TU	samplesBuf[j + 1] = right;
src/PC/win32/cinematics.c	1130	small-integer-cast	listed-TU	cinTable[h].ysize == (unsigned int)cin.oldysize &&
src/PC/win32/cinematics.c	1131	small-integer-cast	listed-TU	cinTable[h].xsize == (unsigned int)cin.oldxsize) {
src/PC/win32/cinematics.c	1147	small-integer-cast	listed-TU	for (sy = 0; (unsigned int)sy < cinTable[h].ysize; sy += 16) {
src/PC/win32/cinematics.c	1148	small-integer-cast	listed-TU	for (sx = 0; (unsigned int)sx < cinTable[h].xsize; sx += 16) {
src/PC/win32/cinematics.c	1156	constant-pointer-arithmetic	listed-TU	int sentEnd = numCells + halfCells + 0x40;
src/PC/win32/cinematics.c	1353	constant-pointer-arithmetic	listed-TU	cinTable[h].RoQPlayed += cinTable[h].RoQFrameSize + 8;
src/PC/win32/cinematics.c	1369	small-integer-cast	listed-TU	numFrames = (unsigned int)((unsigned int)(thisTime - cinTable[h].startTime) * (unsigned int)cinTable[h].roqFPS) / 1000;
src/PC/win32/cinematics.c	1400	small-integer-cast	listed-TU	if ((unsigned int)CL_handle <= 0xf) {
src/PC/win32/cinematics.c	1433	small-integer-cast	listed-TU	if ((unsigned int)h <= 0xf) {
src/PC/win32/cinematics.c	1482	small-integer-cast	listed-TU	if ((unsigned int)CL_handle <= 0xf) {
src/PC/win32/gfx_dll_v60.c	19	small-integer-cast	listed-TU	extern unsigned gfxv60_HiAlloc(unsigned);
src/PC/win32/gfx_dll_v60.c	20	small-integer-cast	listed-TU	extern void gfxv60_HiSetOffset(unsigned);
src/PC/win32/gfx_dll_v60.c	21	small-integer-cast	listed-TU	extern void *gfxv60_HiOffToPtr(unsigned);
src/PC/win32/gfx_dll_v60.c	25	small-integer-cast	listed-TU	extern void gfxv60_ResumeWorker(int);
src/PC/win32/gfx_dll_v60.c	34	small-integer-cast	listed-TU	extern void Hunk_ShowTempMemory(int);
src/PC/win32/gfx_dll_v60.c	123	small-integer-cast	listed-TU	int n = (int)(sizeof(*out_re) / sizeof(*rdst));
src/PC/win32/gfx_dll_v60.c	124	small-integer-cast	listed-TU	for (k = 0; k < n && k < (int)(sizeof(kReV60) / sizeof(kReV60[0])); k++)
src/PC/win32/gfx_v60_threads.c	96	small-integer-cast	listed-TU	int slot = (int)(long)arg;
src/PC/win32/gfx_v60_threads.c	152	fixed-size-memory-call	listed-TU	p = calloc(1, 0x40000);
src/PC/win32/gfx_v60_threads.c	210	small-integer-cast	listed-TU	extern void *malloc(unsigned int);
src/PC/win32/mss32shim/shim.c	7	x86-only-width-guard	listed-TU	#if defined(_M_X64)
src/PC/win32/mss32shim/shim.c	57	fixed-byte-access	listed-TU	unsigned f00 = *(unsigned *)(base + 0x00);
src/PC/win32/mss32shim/shim.c	57	constant-pointer-arithmetic	listed-TU	unsigned f00 = *(unsigned *)(base + 0x00);
src/PC/win32/mss32shim/shim.c	58	fixed-byte-access	listed-TU	unsigned f04 = *(unsigned *)(base + 0x04);
src/PC/win32/mss32shim/shim.c	58	constant-pointer-arithmetic	listed-TU	unsigned f04 = *(unsigned *)(base + 0x04);
src/PC/win32/mss32shim/shim.c	59	fixed-byte-access	listed-TU	unsigned f1c = *(unsigned *)(base + 0x1c);
src/PC/win32/mss32shim/shim.c	59	constant-pointer-arithmetic	listed-TU	unsigned f1c = *(unsigned *)(base + 0x1c);
src/PC/win32/mss32shim/shim.c	60	fixed-byte-access	listed-TU	unsigned f2c = *(unsigned *)(base + 0x2c);
src/PC/win32/mss32shim/shim.c	60	constant-pointer-arithmetic	listed-TU	unsigned f2c = *(unsigned *)(base + 0x2c);
src/PC/win32/mss32shim/shim.c	61	fixed-byte-access	listed-TU	unsigned f40b = *(unsigned char *)(base + 0x40);
src/PC/win32/mss32shim/shim.c	61	constant-pointer-arithmetic	listed-TU	unsigned f40b = *(unsigned char *)(base + 0x40);
src/PC/win32/mss32shim/shim.c	62	pointer-named-integer-field	listed-TU	unsigned handle = *(unsigned *)edi;
src/PC/win32/mss32shim/shim.c	66	small-integer-cast	listed-TU	which, (int)c->Ebp, base, f00, f04, f1c, f2c, f40b, handle,
src/PC/win32/mss32shim/shim.c	80	small-integer-cast	listed-TU	(unsigned)c->Eip, val, ++g_fired);
src/PC/win32/mss32shim/shim.c	151	small-integer-cast	listed-TU	size, (unsigned)(DWORD)p);
src/PC/win32/mss32shim/shim.c	167	small-integer-cast	listed-TU	sc, sc == g_flakXModel, (int)(sc - g_flakXModel),
src/PC/win32/mss32shim/shim.c	168	small-integer-cast	listed-TU	(sc >= 0x10000) ? *(unsigned *)sc : 0, (unsigned)(DWORD)streamCursor, (unsigned)(DWORD)alloc);
src/PC/win32/mss32shim/shim.c	182	small-integer-cast	listed-TU	(unsigned)(DWORD)xmodel, (unsigned)(DWORD)r, r == xmodel);
src/PC/win32/mss32shim/shim.c	194	small-integer-cast	listed-TU	(unsigned)surfsCtx, (unsigned)eax, (unsigned)g_flakXModel,
src/PC/win32/mss32shim/shim.c	195	small-integer-cast	listed-TU	surfsCtx == g_flakXModel, (unsigned)retaddr);
src/PC/win32/mss32shim/shim.c	205	constant-pointer-arithmetic	listed-TU	mov eax, [esp+0x2c]
src/PC/win32/mss32shim/shim.c	206	constant-pointer-arithmetic	listed-TU	mov edx, [esp+0x20]
src/PC/win32/mss32shim/shim.c	207	constant-pointer-arithmetic	listed-TU	mov ecx, [esp+0x1c]
src/PC/win32/mss32shim/shim.c	240	small-integer-cast	listed-TU	"caption ? caption : """", text ? text : """", (unsigned)type);"
src/PC/win32/mss32shim/shim.c	251	small-integer-cast	listed-TU	"LOG(""[MessageBoxW] caption='%s' text='%s' type=0x%x -> auto IDOK\n"", c, t, (unsigned)type);"
src/PC/win32/mss32shim/shim.c	260	fixed-byte-access	listed-TU	*(DWORD *)(t + 1) = (DWORD)to - ((DWORD)fn + 5);
src/PC/win32/mss32shim/shim.c	260	constant-pointer-arithmetic	listed-TU	*(DWORD *)(t + 1) = (DWORD)to - ((DWORD)fn + 5);
src/PC/win32/mss32shim/shim.c	294	small-integer-cast	listed-TU	(unsigned)(DWORD)m, parts, (parts & 3) == 0, firstDword,
src/PC/win32/mss32shim/shim.c	295	fixed-byte-access	listed-TU	"(*(char **)((char *)m + 0x88)) ? *(char **)((char *)m + 0x88) : ""(null)"");"
src/PC/win32/mss32shim/shim.c	295	constant-pointer-arithmetic	listed-TU	"(*(char **)((char *)m + 0x88)) ? *(char **)((char *)m + 0x88) : ""(null)"");"
src/PC/win32/mss32shim/shim.c	329	fixed-size-memory-call	listed-TU	memcpy(tr, (void *)target, 6);
src/PC/win32/mss32shim/shim.c	331	fixed-byte-access	listed-TU	*(DWORD *)(tr + 7) = (target + 6) - ((DWORD)tr + 11);
src/PC/win32/mss32shim/shim.c	331	constant-pointer-arithmetic	listed-TU	*(DWORD *)(tr + 7) = (target + 6) - ((DWORD)tr + 11);
src/PC/win32/mss32shim/shim.c	337	fixed-byte-access	listed-TU	*(DWORD *)(t + 1) = (DWORD)MyXMP - (target + 5);
src/PC/win32/mss32shim/shim.c	337	constant-pointer-arithmetic	listed-TU	*(DWORD *)(t + 1) = (DWORD)MyXMP - (target + 5);
src/PC/win32/mss32shim/shim.c	341	small-integer-cast	listed-TU	(unsigned)target, (unsigned)(DWORD)MyXMP, (unsigned)(DWORD)tr);
src/PC/win32/mss32shim/shim.c	357	small-integer-cast	listed-TU	(unsigned)(DWORD)g_realS97, (unsigned)(DWORD)MyS97);
src/PC/win32/mss32shim/shim.c	366	fixed-size-memory-call	listed-TU	memcpy(trl, (void *)ld, 6);
src/PC/win32/mss32shim/shim.c	368	fixed-byte-access	listed-TU	*(DWORD *)(trl + 7) = (ld + 6) - ((DWORD)trl + 11);
src/PC/win32/mss32shim/shim.c	368	constant-pointer-arithmetic	listed-TU	*(DWORD *)(trl + 7) = (ld + 6) - ((DWORD)trl + 11);
src/PC/win32/mss32shim/shim.c	373	fixed-byte-access	listed-TU	*(DWORD *)(t + 1) = (DWORD)MyLoader - (ld + 5);
src/PC/win32/mss32shim/shim.c	373	constant-pointer-arithmetic	listed-TU	*(DWORD *)(t + 1) = (DWORD)MyLoader - (ld + 5);
src/PC/win32/mss32shim/shim.c	376	small-integer-cast	listed-TU	"LOG("">>> detoured loader @0x%08x -> MyLoader=0x%08x\n"", (unsigned)ld, (unsigned)(DWORD)MyLoader);"
src/PC/win32/mss32shim/shim.c	394	fixed-size-memory-call	listed-TU	memcpy(tr3, (void *)s98, 6);
src/PC/win32/mss32shim/shim.c	396	fixed-byte-access	listed-TU	*(DWORD *)(tr3 + 7) = (s98 + 6) - ((DWORD)tr3 + 11);
src/PC/win32/mss32shim/shim.c	396	constant-pointer-arithmetic	listed-TU	*(DWORD *)(tr3 + 7) = (s98 + 6) - ((DWORD)tr3 + 11);
src/PC/win32/mss32shim/shim.c	401	fixed-byte-access	listed-TU	*(DWORD *)(t + 1) = (DWORD)MyS98 - (s98 + 5);
src/PC/win32/mss32shim/shim.c	401	constant-pointer-arithmetic	listed-TU	*(DWORD *)(t + 1) = (DWORD)MyS98 - (s98 + 5);
src/PC/win32/mss32shim/shim.c	404	small-integer-cast	listed-TU	"LOG("">>> detoured slot98 @0x%08x -> MyS98=0x%08x\n"", (unsigned)s98, (unsigned)(DWORD)MyS98);"
src/PC/win32/snd_driver.c	186	small-integer-cast	listed-TU	return ((unsigned int)FS_FOpenFileReadStream(pszFilename, phFileHandle, 1) >> 31) ^ 1;
src/PC/win32/snd_driver.c	191	small-integer-cast	listed-TU	FS_FCloseFile((int)hFileHandle);
src/PC/win32/snd_driver.c	198	small-integer-cast	listed-TU	FS_Seek((int)hFileHandle, offset, 2);
src/PC/win32/snd_driver.c	199	small-integer-cast	listed-TU	return FS_FTell((int)hFileHandle);
src/PC/win32/snd_driver.c	201	small-integer-cast	listed-TU	FS_Seek((int)hFileHandle, offset, 0);
src/PC/win32/snd_driver.c	202	small-integer-cast	listed-TU	return FS_FTell((int)hFileHandle);
src/PC/win32/snd_driver.c	204	small-integer-cast	listed-TU	FS_Seek((int)hFileHandle, offset, 1);
src/PC/win32/snd_driver.c	205	small-integer-cast	listed-TU	return FS_FTell((int)hFileHandle);
src/PC/win32/snd_driver.c	213	small-integer-cast	listed-TU	return FS_Read(pBuffer, (int)bytes, (int)hFileHandle);
src/PC/win32/snd_driver.c	465	small-integer-cast	listed-TU	return (int)length;
src/PC/win32/snd_driver.c	478	small-integer-cast	listed-TU	return (int)length;
src/PC/win32/snd_driver.c	540	small-integer-cast	listed-TU	info->rate = (int)floorf((float)AIL_stream_playback_rate(handle) / sndGlob->timescale + 0.5f);
src/PC/win32/snd_driver.c	569	small-integer-cast	listed-TU	return (int)(dpos * milesGlob.raw.bufRate + milesGlob.raw.sampleTime);
src/PC/win32/snd_driver.c	623	fixed-size-memory-call	listed-TU	memset(milesGlob.raw.bufReady, 0, 32);
src/PC/win32/snd_driver.c	656	constant-pointer-arithmetic	listed-TU	milesGlob.raw.writeBuf = (milesGlob.raw.writeBuf + 1) % 32;
src/PC/win32/snd_driver.c	664	constant-pointer-arithmetic	listed-TU	return (int)sound->info.data_len + 0x24;
src/PC/win32/snd_driver.c	664	small-integer-cast	listed-TU	return (int)sound->info.data_len + 0x24;
src/PC/win32/snd_driver.c	991	constant-pointer-arithmetic	listed-TU	} else if ((totalSize = (int)mixinfo.Info.data_len + 0x24) == 0) {
src/PC/win32/snd_driver.c	991	small-integer-cast	listed-TU	} else if ((totalSize = (int)mixinfo.Info.data_len + 0x24) == 0) {
src/PC/win32/snd_driver.c	1012	small-integer-cast	listed-TU	rate = (int)mixinfo.Info.rate;
src/PC/win32/snd_driver.c	1013	small-integer-cast	listed-TU	while ((unsigned int)rate > (unsigned int)sndGlob->playback_rate) {
src/PC/win32/snd_driver.c	1018	small-integer-cast	listed-TU	targetBits = (int)mixinfo.Info.bits;
src/PC/win32/snd_driver.c	1022	small-integer-cast	listed-TU	targetChannels = (int)mixinfo.Info.channels;
src/PC/win32/snd_driver.c	1054	constant-pointer-arithmetic	listed-TU	sound = (MssSound *)Hunk_AllocNoZeroInternal(datasize + 0x24);
src/PC/win32/snd_driver.c	1100	small-integer-cast	listed-TU	bits = (int)((MssSound *)sound)->info.bits;
src/PC/win32/snd_driver.c	1101	small-integer-cast	listed-TU	channels = (int)((MssSound *)sound)->info.channels;
src/PC/win32/snd_driver.c	1102	small-integer-cast	listed-TU	format = (int)((MssSound *)sound)->info.format;
src/PC/win32/snd_driver.c	1125	small-integer-cast	listed-TU	AIL_set_sample_address(handle, (void *)((MssSound *)sound)->info.data_ptr, (int)((MssSound *)sound)->info.data_len);
src/PC/win32/snd_driver.c	1126	small-integer-cast	listed-TU	AIL_set_sample_adpcm_block_size(handle, (int)((MssSound *)sound)->info.block_size);
src/PC/win32/snd_driver.c	1129	small-integer-cast	listed-TU	AIL_set_sample_playback_rate(handle, (int)floorf((float)(int)((MssSound *)sound)->info.rate * pitch * sndGlob->timescale + 0.5f));
src/PC/win32/snd_driver.c	1158	small-integer-cast	listed-TU	start_msec = (int)floorf((float)total_msec * fraction + 0.5f);
src/PC/win32/snd_driver.c	1188	small-integer-cast	listed-TU	SND_SetChannelInfo(index, entnum, pAlias0, pAlias1, lerp, NULL, volume, pitch, channels, (int)((MssSound *)sound)->info.rate, total_msec, start_msec, startDelay, master, system);
src/PC/win32/snd_driver.c	1189	small-integer-cast	listed-TU	return (int)total_msec;
src/PC/win32/snd_driver.c	1246	small-integer-cast	listed-TU	AIL_set_3D_sample_playback_rate(handle, (int)floorf((float)playbackRate * pitch * sndGlob->timescale + 0.5f));
src/PC/win32/snd_driver.c	1252	small-integer-cast	listed-TU	soundSamples = (int)((MssSound *)sound)->info.samples;
src/PC/win32/snd_driver.c	1256	small-integer-cast	listed-TU	total_msec = (int)floorf(totalFloat);
src/PC/win32/snd_driver.c	1264	small-integer-cast	listed-TU	start_msec = (int)floorf((float)total_msec * fraction + 0.5f);
src/PC/win32/snd_driver.c	1276	small-integer-cast	listed-TU	int datasize = (int)((MssSound *)sound)->info.data_len;
src/PC/win32/snd_driver.c	1278	small-integer-cast	listed-TU	AIL_set_3D_sample_offset(handle, (int)floorf(bytePos));
src/PC/win32/snd_driver.c	1298	small-integer-cast	listed-TU	SND_SetChannelInfo(index, entnum, pAlias0, pAlias1, lerp, org, volume, pitch, (int)((MssSound *)sound)->info.channels, (int)((MssSound *)sound)->info.rate, total_msec, start_msec, startDelay, master, system);
src/PC/win32/snd_driver.c	1357	small-integer-cast	listed-TU	AIL_set_stream_playback_rate(handle, (int)floorf((float)baserate * pitch * sndGlob->timescale + 0.5f));
src/PC/win32/snd_driver.c	1397	small-integer-cast	listed-TU	start_msec = (int)floorf((float)total_msec * fraction + 0.5f);
src/PC/win32/snd_driver.c	1433	small-integer-cast	listed-TU	SND_SetChannelInfo(index, entnum, pAlias0, pAlias1, lerp, org, volume, pitch, srcChannelCount, baserate, (int)total_msec, start_msec, startDelay, master, (int)system);
src/PC/win32/snd_driver.c	1483	small-integer-cast	listed-TU	return (int)total_msec;
src/PC/win32/snd_driver.c	1671	small-integer-cast	listed-TU	maxRate = ((unsigned int)freq >> 1) + (unsigned int)freq;
src/PC/win32/snd_driver.c	1673	small-integer-cast	listed-TU	sndGlob->playback_rate = (int)maxRate;
src/PC/win32/snd_driver.c	1759	constant-pointer-arithmetic	listed-TU	"Com_Error(1, (const char *)""\x15MILES 2D sound sample allocation failed on channel %i\n"", i + 1);"
src/PC/win32/snd_driver.c	1767	constant-pointer-arithmetic	listed-TU	"Com_Error(1, (const char *)""\x15MILES 3D sound sample allocation failed on channel %i\n"", i + 1);"
src/PC/win32/snd_driver.c	1837	constant-pointer-arithmetic	listed-TU	milesGlob.raw.readBuf = (milesGlob.raw.readBuf + 1) % 32;
src/PC/win32/win_localize.c	35	small-integer-cast	listed-TU	size = (int)ftell(fp);
src/PC/win32/win_localize.c	39	small-integer-cast	listed-TU	size = (int)FS_FileRead(language_buffer, 1, (size_t)size, fp);
src/PC/win32/win_net.c	182	fixed-size-memory-call	listed-TU	memset(&fdset, 0, 0x80);
src/PC/win32/win_net.c	189	small-integer-cast	listed-TU	fdset.fds_bits[(unsigned)ip_socket >> 5] |= 1 << (ip_socket & 31);
src/PC/win32/win_net.c	195	constant-pointer-arithmetic	listed-TU	select(ip_socket + 1, &fdset, NULL, NULL, &timeout);
src/PC/win32/win_net.c	261	constant-pointer-arithmetic	listed-TU	memset(from.sa_data + 6, 0, 8);
src/PC/win32/win_net.c	261	fixed-size-memory-call	listed-TU	memset(from.sa_data + 6, 0, 8);
src/PC/win32/win_net.c	279	fixed-byte-access	listed-TU	net_from->port = *(unsigned short *)(net_message->data + 8);
src/PC/win32/win_net.c	279	constant-pointer-arithmetic	listed-TU	net_from->port = *(unsigned short *)(net_message->data + 8);
src/PC/win32/win_net.c	345	fixed-byte-access	listed-TU	*(unsigned long *)(socksBuf + 4) = addr.sin_addr.s_addr;
src/PC/win32/win_net.c	345	constant-pointer-arithmetic	listed-TU	*(unsigned long *)(socksBuf + 4) = addr.sin_addr.s_addr;
src/PC/win32/win_net.c	346	fixed-byte-access	listed-TU	*(unsigned short *)(socksBuf + 8) = addr.sin_port;
src/PC/win32/win_net.c	346	constant-pointer-arithmetic	listed-TU	*(unsigned short *)(socksBuf + 8) = addr.sin_port;
src/PC/win32/win_net.c	347	constant-pointer-arithmetic	listed-TU	memcpy(socksBuf + 10, data, length);
src/PC/win32/win_net.c	348	constant-pointer-arithmetic	listed-TU	ret = sendto(net_socket, socksBuf, length + 10, 0, (struct sockaddr *)&socksRelayAddr, 16);
src/PC/win32/win_net.c	554	constant-pointer-arithmetic	listed-TU	memcpy(buf + 2, net_socksUsername->current.string, ulen);
src/PC/win32/win_net.c	558	constant-pointer-arithmetic	listed-TU	memcpy(buf + 2 + ulen + 1, net_socksPassword->current.string, plen);
src/PC/win32/win_net.c	588	fixed-byte-access	listed-TU	*(unsigned long *)(buf + 4) = 0;
src/PC/win32/win_net.c	588	constant-pointer-arithmetic	listed-TU	*(unsigned long *)(buf + 4) = 0;
src/PC/win32/win_net.c	591	fixed-byte-access	listed-TU	*(unsigned short *)(buf + 8) = sp;
src/PC/win32/win_net.c	591	constant-pointer-arithmetic	listed-TU	*(unsigned short *)(buf + 8) = sp;
src/PC/win32/win_net.c	621	fixed-byte-access	listed-TU	*(unsigned long *)(((byte *)&socksRelayAddr) + 4) = *(unsigned long *)(buf + 4);
src/PC/win32/win_net.c	621	constant-pointer-arithmetic	listed-TU	*(unsigned long *)(((byte *)&socksRelayAddr) + 4) = *(unsigned long *)(buf + 4);
src/PC/win32/win_net.c	622	fixed-byte-access	listed-TU	*(unsigned short *)(((byte *)&socksRelayAddr) + 2) = *(unsigned short *)(buf + 8);
src/PC/win32/win_net.c	622	constant-pointer-arithmetic	listed-TU	*(unsigned short *)(((byte *)&socksRelayAddr) + 2) = *(unsigned short *)(buf + 8);
src/PC/win32/win_net.c	623	fixed-size-memory-call	listed-TU	memset(((byte *)&socksRelayAddr) + 8, 0, 8);
src/PC/win32/win_net.c	671	constant-pointer-arithmetic	listed-TU	ifr = ifr + 32 + sa_len;
src/PC/win32/win_net.c	682	constant-pointer-arithmetic	listed-TU	ifr2 = ifr2 + 32 + sa_len;
src/PC/win32/win_net.c	689	constant-pointer-arithmetic	listed-TU	ifr2 = ifr2 + 32 + sa_len;
src/PC/win32/win_net.c	706	constant-pointer-arithmetic	listed-TU	ifr2 = ifr2 + 32 + sa_len;
src/PC/win32/win_net.c	720	constant-pointer-arithmetic	listed-TU	ifr2 = ifr2 + 32 + sa_len;
src/PC/win32/win_net.c	724	fixed-byte-access	listed-TU	ipaddr = cod2_bswap32(*(unsigned long *)(namebuf + 20));
src/PC/win32/win_net.c	724	constant-pointer-arithmetic	listed-TU	ipaddr = cod2_bswap32(*(unsigned long *)(namebuf + 20));
src/PC/win32/win_net.c	738	constant-pointer-arithmetic	listed-TU	ifr2 = ifr2 + 32 + sa_len;
src/PC/win32/win_net.c	745	constant-pointer-arithmetic	listed-TU	ifr = ifr + 32 + sa_len;
src/PC/win32/win_shared.c	35	small-integer-cast	listed-TU	v[0] = (float)(int)v[0];
src/PC/win32/win_shared.c	36	small-integer-cast	listed-TU	v[1] = (float)(int)v[1];
src/PC/win32/win_shared.c	37	small-integer-cast	listed-TU	v[2] = (float)(int)v[2];
src/PC/win32/win_syscon.c	178	constant-pointer-arithmetic	listed-TU	s_wcd.windowWidth = rect.right - rect.left + 1;
src/PC/win32/win_syscon.c	179	constant-pointer-arithmetic	listed-TU	s_wcd.windowHeight = rect.bottom - rect.top + 1;
src/PC/win32/win_syscon.c	289	small-integer-cast	listed-TU	for (msg = pMsg; *msg && ((b - buffer) < (int)sizeof(buffer) - 2); msg++) {
src/PC/win32/win_syscon.c	307	small-integer-cast	listed-TU	bufLen = (int)(b - buffer);
src/PC/win32/win_voice.c	92	small-integer-cast	listed-TU	level = (unsigned short)(int)winvoice_mic_reclevel->current.value;
src/PC/win32/win_voice.c	95	small-integer-cast	listed-TU	level = (unsigned short)(int)winvoice_mic_reclevel->current.value;
src/PC/win32/win_voice.c	141	small-integer-cast	listed-TU	level = (unsigned short)(int)winvoice_mic_reclevel->current.value;
src/PC/win32/win_voice.c	144	small-integer-cast	listed-TU	level = (unsigned short)(int)winvoice_mic_reclevel->current.value;
src/PC/xanim/dobj.c	142	small-integer-cast	listed-TU	if ((unsigned int)obj->duplicateParts != g_empty) {
src/PC/xanim/dobj.c	144	constant-pointer-arithmetic	listed-TU	int len = strlen(str + 16) + 17;
src/PC/xanim/dobj.c	339	constant-pointer-arithmetic	listed-TU	obj->skel = (DSkel *)(*(int *)model + 0x14);
src/PC/xanim/dobj.c	475	constant-pointer-arithmetic	listed-TU	(surfPartBits[i] >> invTargBit) | (surfPartBits[i + 1] << targBit);
src/PC/xanim/dobj.c	528	small-integer-cast	listed-TU	int parentIndex = DObjFindBoneIndexForTag(obj, (unsigned int)name);
src/PC/xanim/dobj.c	536	constant-pointer-arithmetic	listed-TU	data.duplicateParts[duplicatePartByteCount] = (unsigned char)(globalBoneIndex + 1);
src/PC/xanim/dobj.c	538	constant-pointer-arithmetic	listed-TU	data.duplicateParts[duplicatePartByteCount + 1] = (unsigned char)(parentIndex + 1);
src/PC/xanim/dobj.c	558	constant-pointer-arithmetic	listed-TU	duplicatePartByteCount + 0x11,
src/PC/xanim/dobj.c	577	small-integer-cast	listed-TU	while (((int)duplicateParts[0] - 1) != boneIndex) {
src/PC/xanim/dobj.c	581	small-integer-cast	listed-TU	return (int)duplicateParts[1] - 1;
src/PC/xanim/dobj.c	587	pointer-named-integer-field	listed-TU	int nextStartIndex;
src/PC/xanim/dobj.c	627	constant-pointer-arithmetic	listed-TU	duplicateParts = (const unsigned char *)(duplicatePartBitsString + 0x10);
src/PC/xanim/dobj.c	651	constant-pointer-arithmetic	listed-TU	if ((unsigned char)(parentBoneIndex + 1) == 0) {
src/PC/xanim/dobj.c	689	constant-pointer-arithmetic	listed-TU	duplicateParts = (const unsigned char *)(duplicatePartBitsString + 0x10);
src/PC/xanim/dobj.c	716	constant-pointer-arithmetic	listed-TU	if ((unsigned char)(boneIndex + 1) == 0) {
src/PC/xanim/dobj.c	913	constant-pointer-arithmetic	listed-TU	obj->animToModel = (unsigned short *)((char *)tree + 8 + animBytes);
src/PC/xanim/dobj.c	917	constant-pointer-arithmetic	listed-TU	memset(pAge + 1, 0, animCount);
src/PC/xanim/dobj.c	1104	small-integer-cast	listed-TU	int dstBone = (int)pos[0] - 1;
src/PC/xanim/dobj.c	1105	small-integer-cast	listed-TU	int srcBone = (int)pos[1] - 1;
src/PC/xanim/dobj.c	1149	constant-pointer-arithmetic	listed-TU	duplicateParts = (const unsigned char *)duplicateString + 16;
src/PC/xanim/dobj.c	1459	small-integer-cast	listed-TU	if (duplicateParts && duplicateParts[0] && (int)duplicateParts[0] - 1 == globalBoneIndex) {
src/PC/xanim/dobj.c	1461	small-integer-cast	listed-TU	int srcBone = (int)duplicateParts[1] - 1;
src/PC/xanim/xanim.c	156	constant-pointer-arithmetic	listed-TU	g_xAnimInfo[i].prev = (unsigned short)((i + 4095) % 4096);
src/PC/xanim/xanim.c	157	constant-pointer-arithmetic	listed-TU	g_xAnimInfo[i].next = (unsigned short)((i + 1) % 4096);
src/PC/xanim/xanim.c	225	small-integer-cast	listed-TU	XAnim *anims = (XAnim *)Alloc((int)(offsetof(XAnim, entries) + (size_t)size * sizeof(XAnimEntry)));
src/PC/xanim/xanim.c	234	small-integer-cast	listed-TU	anims->debugAnimNames = (const char **)Z_MallocInternal((int)((size_t)size * sizeof(char *)));
src/PC/xanim/xanim.c	391	constant-pointer-arithmetic	listed-TU	/* was hardcoded x86 layout (entries at +0xc, 8-byte stride, union at +4); on x64 XAnimEntry
src/PC/xanim/xanim.c	392	constant-pointer-arithmetic	listed-TU	is 16B with the union at +8 and entries[] at +24 -> use the typed struct (correct on both). */
src/PC/xanim/xanim.c	431	small-integer-cast	listed-TU	int index = (int)(animTime->time * (float)tableSize);
src/PC/xanim/xanim.c	436	small-integer-cast	listed-TU	while (index > 0 && frameIndex < (int)frames[index]) {
src/PC/xanim/xanim.c	440	constant-pointer-arithmetic	listed-TU	while (index < tableSize - 1 && frameIndex >= (int)frames[index + 1]) {
src/PC/xanim/xanim.c	440	small-integer-cast	listed-TU	while (index < tableSize - 1 && frameIndex >= (int)frames[index + 1]) {
src/PC/xanim/xanim.c	444	constant-pointer-arithmetic	listed-TU	*keyFrameLerpFrac = (animTime->frameFrac - (float)frames[index]) / (float)((int)frames[index + 1] - (int)frames[index]);
src/PC/xanim/xanim.c	444	small-integer-cast	listed-TU	*keyFrameLerpFrac = (animTime->frameFrac - (float)frames[index]) / (float)((int)frames[index + 1] - (int)frames[index]);
src/PC/xanim/xanim.c	444	integer-cast-hash-or-key	listed-TU	*keyFrameLerpFrac = (animTime->frameFrac - (float)frames[index]) / (float)((int)frames[index + 1] - (int)frames[index]);
src/PC/xanim/xanim.c	452	small-integer-cast	listed-TU	int index = (int)(animTime->time * (float)tableSize);
src/PC/xanim/xanim.c	457	small-integer-cast	listed-TU	while (index > 0 && frameIndex < (int)indices[index]) {
src/PC/xanim/xanim.c	461	constant-pointer-arithmetic	listed-TU	while (index < tableSize - 1 && frameIndex >= (int)indices[index + 1]) {
src/PC/xanim/xanim.c	461	small-integer-cast	listed-TU	while (index < tableSize - 1 && frameIndex >= (int)indices[index + 1]) {
src/PC/xanim/xanim.c	465	constant-pointer-arithmetic	listed-TU	*keyFrameLerpFrac = (animTime->frameFrac - (float)indices[index]) / (float)((int)indices[index + 1] - (int)indices[index]);
src/PC/xanim/xanim.c	465	small-integer-cast	listed-TU	*keyFrameLerpFrac = (animTime->frameFrac - (float)indices[index]) / (float)((int)indices[index + 1] - (int)indices[index]);
src/PC/xanim/xanim.c	465	integer-cast-hash-or-key	listed-TU	*keyFrameLerpFrac = (animTime->frameFrac - (float)indices[index]) / (float)((int)indices[index + 1] - (int)indices[index]);
src/PC/xanim/xanim.c	605	small-integer-cast	listed-TU	return (int)((float)parts->numframes / parts->framerate * 1000.0f);
src/PC/xanim/xanim.c	692	small-integer-cast	listed-TU	animTime.frameIndex = (int)animTime.frameFrac;
src/PC/xanim/xanim.c	696	small-integer-cast	listed-TU	if ((int)quat->size < frameCount) {
src/PC/xanim/xanim.c	706	constant-pointer-arithmetic	listed-TU	rotDelta[0] = (float)frames[keyFrameIndex][0] + ((float)frames[keyFrameIndex + 1][0] - (float)frames[keyFrameIndex][0]) * keyFrameLerpFrac;
src/PC/xanim/xanim.c	707	constant-pointer-arithmetic	listed-TU	rotDelta[1] = (float)frames[keyFrameIndex][1] + ((float)frames[keyFrameIndex + 1][1] - (float)frames[keyFrameIndex][1]) * keyFrameLerpFrac;
src/PC/xanim/xanim.c	724	small-integer-cast	listed-TU	animTime.frameIndex = (int)animTime.frameFrac;
src/PC/xanim/xanim.c	728	small-integer-cast	listed-TU	if ((int)trans->size < frameCount) {
src/PC/xanim/xanim.c	738	constant-pointer-arithmetic	listed-TU	posDelta[0] = frames[keyFrameIndex][0] + (frames[keyFrameIndex + 1][0] - frames[keyFrameIndex][0]) * keyFrameLerpFrac;
src/PC/xanim/xanim.c	739	constant-pointer-arithmetic	listed-TU	posDelta[1] = frames[keyFrameIndex][1] + (frames[keyFrameIndex + 1][1] - frames[keyFrameIndex][1]) * keyFrameLerpFrac;
src/PC/xanim/xanim.c	740	constant-pointer-arithmetic	listed-TU	posDelta[2] = frames[keyFrameIndex][2] + (frames[keyFrameIndex + 1][2] - frames[keyFrameIndex][2]) * keyFrameLerpFrac;
src/PC/xanim/xanim.c	796	constant-pointer-arithmetic	listed-TU	if (*((const char *)parts + 3) == 0)
src/PC/xanim/xanim.c	1017	small-integer-cast	listed-TU	for (i = 0; i < (int)numAnims; ++i) {
src/PC/xanim/xanim.c	1018	small-integer-cast	listed-TU	childIndex = firstChildIndex + (unsigned int)i;
src/PC/xanim/xanim.c	1027	small-integer-cast	listed-TU	firstWeightedChild = (unsigned int)i;
src/PC/xanim/xanim.c	1040	constant-pointer-arithmetic	listed-TU	for (i = (int)firstWeightedChild + 1; i < (int)numAnims; ++i) {
src/PC/xanim/xanim.c	1040	small-integer-cast	listed-TU	for (i = (int)firstWeightedChild + 1; i < (int)numAnims; ++i) {
src/PC/xanim/xanim.c	1041	small-integer-cast	listed-TU	childIndex = firstChildIndex + (unsigned int)i;
src/PC/xanim/xanim.c	1055	small-integer-cast	listed-TU	secondWeightedChild = (unsigned int)i;
src/PC/xanim/xanim.c	1083	constant-pointer-arithmetic	listed-TU	for (i = (int)secondWeightedChild + 1; i < (int)numAnims; ++i) {
src/PC/xanim/xanim.c	1083	small-integer-cast	listed-TU	for (i = (int)secondWeightedChild + 1; i < (int)numAnims; ++i) {
src/PC/xanim/xanim.c	1084	small-integer-cast	listed-TU	childIndex = firstChildIndex + (unsigned int)i;
src/PC/xanim/xanim.c	1560	constant-pointer-arithmetic	listed-TU	SL_RemoveRefToStringOfLen(stringValue[j], tree_s->anims->entries[j].u.parts->boneCount + 16);
src/PC/xanim/xanim.c	1632	small-integer-cast	listed-TU	animTime->frameIndex = (int)animTime->frameFrac;
src/PC/xanim/xanim.c	1707	constant-pointer-arithmetic	listed-TU	return (unsigned short)SL_GetStringOfLen((const char *)&animToModel, 0, (unsigned int)(storedBoneCount + 16), 11);
src/PC/xanim/xanim.c	1707	small-integer-cast	listed-TU	return (unsigned short)SL_GetStringOfLen((const char *)&animToModel, 0, (unsigned int)(storedBoneCount + 16), 11);
src/PC/xanim/xanim.c	1716	constant-pointer-arithmetic	listed-TU	int len = parts->boneCount + 16;
src/PC/xanim/xanim.c	1727	constant-pointer-arithmetic	listed-TU	ageTable[animIndex + 1] = ageTable[0];
src/PC/xanim/xanim.c	1730	constant-pointer-arithmetic	listed-TU	} else if (ageTable[animIndex + 1] != ageTable[0]) {
src/PC/xanim/xanim.c	1731	constant-pointer-arithmetic	listed-TU	ageTable[animIndex + 1] = ageTable[0];
src/PC/xanim/xanim.c	1758	small-integer-cast	listed-TU	if ((unsigned)quat->size > 4096u ||
src/PC/xanim/xanim.c	1764	small-integer-cast	listed-TU	if (frameIndex < 0 || frameIndex >= (int)quat->size) { frameIndex = 0; lerpFrac = 0.0f; } /* x64: guard OOB frame index */
src/PC/xanim/xanim.c	1765	constant-pointer-arithmetic	listed-TU	mat->quat[0] += ((float)frames[frameIndex][0] + ((float)frames[frameIndex + 1][0] - (float)frames[frameIndex][0]) * lerpFrac) * scale;
src/PC/xanim/xanim.c	1766	constant-pointer-arithmetic	listed-TU	mat->quat[1] += ((float)frames[frameIndex][1] + ((float)frames[frameIndex + 1][1] - (float)frames[frameIndex][1]) * lerpFrac) * scale;
src/PC/xanim/xanim.c	1767	constant-pointer-arithmetic	listed-TU	mat->quat[2] += ((float)frames[frameIndex][2] + ((float)frames[frameIndex + 1][2] - (float)frames[frameIndex][2]) * lerpFrac) * scale;
src/PC/xanim/xanim.c	1768	constant-pointer-arithmetic	listed-TU	mat->quat[3] += ((float)frames[frameIndex][3] + ((float)frames[frameIndex + 1][3] - (float)frames[frameIndex][3]) * lerpFrac) * scale;
src/PC/xanim/xanim.c	1788	small-integer-cast	listed-TU	if ((unsigned)quat->size > 4096u ||
src/PC/xanim/xanim.c	1794	small-integer-cast	listed-TU	if (frameIndex < 0 || frameIndex >= (int)quat->size) { frameIndex = 0; lerpFrac = 0.0f; } /* x64: guard OOB frame index */
src/PC/xanim/xanim.c	1795	constant-pointer-arithmetic	listed-TU	mat->quat[2] += ((float)frames[frameIndex][0] + ((float)frames[frameIndex + 1][0] - (float)frames[frameIndex][0]) * lerpFrac) * scale;
src/PC/xanim/xanim.c	1796	constant-pointer-arithmetic	listed-TU	mat->quat[3] += ((float)frames[frameIndex][1] + ((float)frames[frameIndex + 1][1] - (float)frames[frameIndex][1]) * lerpFrac) * scale;
src/PC/xanim/xanim.c	1818	small-integer-cast	listed-TU	if ((unsigned)trans->size > 4096u ||
src/PC/xanim/xanim.c	1826	small-integer-cast	listed-TU	if (frameIndex < 0 || frameIndex >= (int)trans->size) { frameIndex = 0; lerpFrac = 0.0f; } /* x64: guard OOB frame index */
src/PC/xanim/xanim.c	1827	constant-pointer-arithmetic	listed-TU	mat->trans[0] += (frames[frameIndex][0] + (frames[frameIndex + 1][0] - frames[frameIndex][0]) * lerpFrac) * weightScale;
src/PC/xanim/xanim.c	1828	constant-pointer-arithmetic	listed-TU	mat->trans[1] += (frames[frameIndex][1] + (frames[frameIndex + 1][1] - frames[frameIndex][1]) * lerpFrac) * weightScale;
src/PC/xanim/xanim.c	1829	constant-pointer-arithmetic	listed-TU	mat->trans[2] += (frames[frameIndex][2] + (frames[frameIndex + 1][2] - frames[frameIndex][2]) * lerpFrac) * weightScale;
src/PC/xanim/xanim.c	1861	constant-pointer-arithmetic	listed-TU	boneIndexMap = animToModel + 16;
src/PC/xanim/xanim.c	2562	constant-pointer-arithmetic	listed-TU	XAnimDisplay(tree, anim->u.s.children + i, depth + 1);
src/PC/xanim/xanim.c	2707	constant-pointer-arithmetic	listed-TU	g_notifyList[insertIndex + 1] = g_notifyList[insertIndex];
src/PC/xanim/xanim.c	2729	constant-pointer-arithmetic	listed-TU	return (notetrackTime - oldTime + 1.0f) / dtime;
src/PC/xanim/xanim.c	2938	small-integer-cast	listed-TU	for (i = 0; i < (int)numAnims; ++i) {
src/PC/xanim/xanim.c	2939	small-integer-cast	listed-TU	XAnimUpdateInfoInternal(tree, totalDtime, anim->u.s.children + (unsigned int)i, bNotify);
src/PC/xanim/xanim.c	2948	small-integer-cast	listed-TU	for (i = 0; i < (int)numAnims; ++i) {
src/PC/xanim/xanim.c	2949	small-integer-cast	listed-TU	unsigned int childAnimIndex = anim->u.s.children + (unsigned int)i;
src/PC/xanim/xanim.c	3015	small-integer-cast	listed-TU	for (i = 0; i < (int)numAnims; ++i) {
src/PC/xanim/xanim.c	3016	small-integer-cast	listed-TU	unsigned int childAnimIndex = anim->u.s.children + (unsigned int)i;
src/PC/xanim/xanim.c	3065	small-integer-cast	listed-TU	XAnimUpdateInfoSyncInternal(tree, childAnim->u.s.children + (unsigned int)j, childNotify, childState, totalDtime);
src/PC/xanim/xanim.c	3097	small-integer-cast	listed-TU	oldTimeCountDelta = (int)nextSyncState->oldTimeCount - (int)syncState->oldTimeCount;
src/PC/xanim/xanim.c	3101	constant-pointer-arithmetic	listed-TU	return ((float)(oldTimeCountDelta + 1) + (notifyTime - syncState->oldTime)) / dtime;
src/PC/xanim/xanim.c	3313	small-integer-cast	listed-TU	if (state->time - nextTime > (float)((int)nextTimeCount - (int)state->timeCount)) {
src/PC/xanim/xanim.c	3344	small-integer-cast	listed-TU	if (state->time - nextTime > (float)((int)nextTimeCount - (int)state->timeCount)) {
src/PC/xanim/xanim_load_obj.c	18	small-integer-cast	listed-TU	#define DQ_IDX  ((int)offsetof(XAnimDeltaPartQuat,  u.frames.indices))
src/PC/xanim/xanim_load_obj.c	19	small-integer-cast	listed-TU	#define DQ_F0   ((int)(offsetof(XAnimDeltaPartQuat,  u.frame0)  + sizeof(XQuat2)))
src/PC/xanim/xanim_load_obj.c	20	small-integer-cast	listed-TU	#define DT_IDX  ((int)offsetof(XAnimDeltaPartTrans, u.frames.indices))
src/PC/xanim/xanim_load_obj.c	21	small-integer-cast	listed-TU	#define DT_F0   ((int)(offsetof(XAnimDeltaPartTrans, u.frame0)  + sizeof(vec3_t)))
src/PC/xanim/xanim_load_obj.c	22	small-integer-cast	listed-TU	#define PQ_IDX  ((int)offsetof(XAnimPartQuat,  u.frames.indices))
src/PC/xanim/xanim_load_obj.c	23	small-integer-cast	listed-TU	#define PQ_F0   ((int)(offsetof(XAnimPartQuat,  u.frame0)  + sizeof(XQuat)))
src/PC/xanim/xanim_load_obj.c	24	small-integer-cast	listed-TU	#define PT_IDX  ((int)offsetof(XAnimPartTrans, u.frames.indices))
src/PC/xanim/xanim_load_obj.c	25	small-integer-cast	listed-TU	#define PT_F0   ((int)(offsetof(XAnimPartTrans, u.frame0)  + sizeof(vec3_t)))
src/PC/xanim/xanim_load_obj.c	77	small-integer-cast	listed-TU	sum = (int)a * (int)a + (int)b * (int)b + (int)c * (int)c;
src/PC/xanim/xanim_load_obj.c	90	small-integer-cast	listed-TU	remainder = 0x3fff0001 - (int)a * (int)a;
src/PC/xanim/xanim_load_obj.c	144	small-integer-cast	listed-TU	"Com_Printf(""^1ERROR: xanim '%s' out of date (version %d, expecting %d)\n"", name, (int)version, 14);"
src/PC/xanim/xanim_load_obj.c	166	small-integer-cast	listed-TU	parts = (XAnimParts *)Alloc((int)sizeof(XAnimParts));   /* was 0x2c (x86); XAnimParts is larger on x64 */
src/PC/xanim/xanim_load_obj.c	179	constant-pointer-arithmetic	listed-TU	numloopframes = (unsigned short int)(numNoteTracks + 1);
src/PC/xanim/xanim_load_obj.c	196	small-integer-cast	listed-TU	deltaPart = (XAnimDeltaPart *)Alloc((int)sizeof(XAnimDeltaPart));   /* was 8 (x86); 16B on x64 */
src/PC/xanim/xanim_load_obj.c	211	small-integer-cast	listed-TU	rem = 0x3fff0001 - (int)dq0 * (int)dq0;
src/PC/xanim/xanim_load_obj.c	226	small-integer-cast	listed-TU	numFrames = (int)(unsigned short int)sQ2;
src/PC/xanim/xanim_load_obj.c	229	small-integer-cast	listed-TU	numFrames = (int)(unsigned short int)sQ2;
src/PC/xanim/xanim_load_obj.c	230	constant-pointer-arithmetic	listed-TU	deltaPart->quat = (XAnimDeltaPartQuat *)Alloc(DQ_IDX + 2 * numFrames);
src/PC/xanim/xanim_load_obj.c	235	small-integer-cast	listed-TU	numFrames = (int)(unsigned short int)sQ2;
src/PC/xanim/xanim_load_obj.c	255	small-integer-cast	listed-TU	v1 = QuatSqrt(0x3fff0001 - (int)v0 * (int)v0);
src/PC/xanim/xanim_load_obj.c	265	small-integer-cast	listed-TU	int dot = (int)cur[0] * (int)prev[0] + (int)cur[1] * (int)prev[1];
src/PC/xanim/xanim_load_obj.c	305	small-integer-cast	listed-TU	numFrames = (int)(unsigned short int)sQ2;
src/PC/xanim/xanim_load_obj.c	308	small-integer-cast	listed-TU	numFrames = (int)(unsigned short int)sQ2;
src/PC/xanim/xanim_load_obj.c	309	constant-pointer-arithmetic	listed-TU	deltaPart->trans = (XAnimDeltaPartTrans *)Alloc(DT_IDX + 2 * numFrames);
src/PC/xanim/xanim_load_obj.c	314	small-integer-cast	listed-TU	numFrames = (int)(unsigned short int)sQ2;
src/PC/xanim/xanim_load_obj.c	334	fixed-byte-access	listed-TU	*(int *)(frameBase + 4) = val1;
src/PC/xanim/xanim_load_obj.c	334	constant-pointer-arithmetic	listed-TU	*(int *)(frameBase + 4) = val1;
src/PC/xanim/xanim_load_obj.c	336	fixed-byte-access	listed-TU	*(int *)(frameBase + 8) = val2;
src/PC/xanim/xanim_load_obj.c	336	constant-pointer-arithmetic	listed-TU	*(int *)(frameBase + 8) = val2;
src/PC/xanim/xanim_load_obj.c	343	small-integer-cast	listed-TU	int flipSize = (int)(short int)numBoneCount - 1;
src/PC/xanim/xanim_load_obj.c	356	small-integer-cast	listed-TU	parts->parts = (XAnimPart *)Alloc((int)(short int)numBoneCount * (int)sizeof(XAnimPart));   /* was *8 (x86); XAnimPart is 16B on x64 */
src/PC/xanim/xanim_load_obj.c	362	small-integer-cast	listed-TU	if ((int)(short int)numBoneCount > 0) {
src/PC/xanim/xanim_load_obj.c	366	small-integer-cast	listed-TU	for (j = 0; j < (int)(short int)numBoneCount; j++) {
src/PC/xanim/xanim_load_obj.c	377	small-integer-cast	listed-TU	for (i = 0; i < (int)(short int)numBoneCount; i++) {
src/PC/xanim/xanim_load_obj.c	403	small-integer-cast	listed-TU	rem = 0x3fff0001 - (int)dq0 * (int)dq0;
src/PC/xanim/xanim_load_obj.c	439	small-integer-cast	listed-TU	numQFrames = (int)numQuatIndices;
src/PC/xanim/xanim_load_obj.c	448	small-integer-cast	listed-TU	numQFrames = (int)numQuatIndices;
src/PC/xanim/xanim_load_obj.c	451	constant-pointer-arithmetic	listed-TU	part->quat = (XAnimPartQuat *)Alloc(PQ_IDX + 2 * numQFrames);
src/PC/xanim/xanim_load_obj.c	487	small-integer-cast	listed-TU	int dot = (int)cur[0] * (int)prev[0] + (int)cur[1] * (int)prev[1];
src/PC/xanim/xanim_load_obj.c	527	small-integer-cast	listed-TU	int dot = (int)cur[0] * (int)prev[0] + (int)cur[1] * (int)prev[1] + (int)cur[2] * (int)prev[2] + (int)cur[3] * (int)prev[3];
src/PC/xanim/xanim_load_obj.c	566	small-integer-cast	listed-TU	int numTFrames = (int)numTransIndices;
src/PC/xanim/xanim_load_obj.c	573	constant-pointer-arithmetic	listed-TU	part->trans = (XAnimPartTrans *)Alloc(PT_IDX + 2 * numTFrames);
src/PC/xanim/xanim_load_obj.c	611	constant-pointer-arithmetic	listed-TU	parts->notifyCount = (byte)(numNT + 1);
src/PC/xanim/xanim_load_obj.c	613	small-integer-cast	listed-TU	notify = (XAnimNotifyInfo *)Alloc((int)(unsigned char)parts->notifyCount * 8);
src/PC/xanim/xanim_load_obj.c	629	small-integer-cast	listed-TU	notify[j].time = (float)(int)timeVal / (float)(unsigned short int)parts->numframes;
src/PC/xanim/xmodel.c	133	small-integer-cast	listed-TU	return (int)parts->hierarchy->names;
src/PC/xanim/xmodel.c	142	small-integer-cast	listed-TU	localBoneIndex = (int)parts->numBones - 1;
src/PC/xanim/xmodel_load_obj.c	135	small-integer-cast	listed-TU	"Com_Printf(""^1ERROR: xmodel '%s' out of date (version %d, expecting %d)."", name, (int)(signed short)u.s, 0x14);"
src/PC/xanim/xmodel_load_obj.c	142	fixed-byte-access	listed-TU	config.flags = *(unsigned char *)(pos + 2);
src/PC/xanim/xmodel_load_obj.c	142	constant-pointer-arithmetic	listed-TU	config.flags = *(unsigned char *)(pos + 2);
src/PC/xanim/xmodel_load_obj.c	144	constant-pointer-arithmetic	listed-TU	memcpy(&config.mins[0], pos + 3, 4);
src/PC/xanim/xmodel_load_obj.c	144	fixed-size-memory-call	listed-TU	memcpy(&config.mins[0], pos + 3, 4);
src/PC/xanim/xmodel_load_obj.c	145	constant-pointer-arithmetic	listed-TU	memcpy(&config.mins[1], pos + 7, 4);
src/PC/xanim/xmodel_load_obj.c	145	fixed-size-memory-call	listed-TU	memcpy(&config.mins[1], pos + 7, 4);
src/PC/xanim/xmodel_load_obj.c	146	constant-pointer-arithmetic	listed-TU	memcpy(&config.mins[2], pos + 11, 4);
src/PC/xanim/xmodel_load_obj.c	146	fixed-size-memory-call	listed-TU	memcpy(&config.mins[2], pos + 11, 4);
src/PC/xanim/xmodel_load_obj.c	147	constant-pointer-arithmetic	listed-TU	memcpy(&config.maxs[0], pos + 15, 4);
src/PC/xanim/xmodel_load_obj.c	147	fixed-size-memory-call	listed-TU	memcpy(&config.maxs[0], pos + 15, 4);
src/PC/xanim/xmodel_load_obj.c	148	constant-pointer-arithmetic	listed-TU	memcpy(&config.maxs[1], pos + 19, 4);
src/PC/xanim/xmodel_load_obj.c	148	fixed-size-memory-call	listed-TU	memcpy(&config.maxs[1], pos + 19, 4);
src/PC/xanim/xmodel_load_obj.c	149	constant-pointer-arithmetic	listed-TU	memcpy(&config.maxs[2], pos + 23, 4);
src/PC/xanim/xmodel_load_obj.c	149	fixed-size-memory-call	listed-TU	memcpy(&config.maxs[2], pos + 23, 4);
src/PC/xanim/xmodel_load_obj.c	152	constant-pointer-arithmetic	listed-TU	const byte *cur = pos + 27;
src/PC/xanim/xmodel_load_obj.c	155	fixed-size-memory-call	listed-TU	memcpy(&config.entries[i].dist, cur, 4);
src/PC/xanim/xmodel_load_obj.c	161	fixed-size-memory-call	listed-TU	memcpy(&config.collLod, cur, 4);
src/PC/xanim/xmodel_load_obj.c	176	fixed-size-memory-call	listed-TU	memcpy(&numCS, cur, 4);
src/PC/xanim/xmodel_load_obj.c	199	fixed-size-memory-call	listed-TU	memcpy(&numTris, cur, 4);
src/PC/xanim/xmodel_load_obj.c	218	fixed-size-memory-call	listed-TU	memcpy(&tri->plane[0], cur, 4);
src/PC/xanim/xmodel_load_obj.c	220	fixed-size-memory-call	listed-TU	memcpy(&tri->plane[1], cur, 4);
src/PC/xanim/xmodel_load_obj.c	222	fixed-size-memory-call	listed-TU	memcpy(&tri->plane[2], cur, 4);
src/PC/xanim/xmodel_load_obj.c	224	fixed-size-memory-call	listed-TU	memcpy(&tri->plane[3], cur, 4);
src/PC/xanim/xmodel_load_obj.c	226	fixed-size-memory-call	listed-TU	memcpy(&tri->svec[0], cur, 4);
src/PC/xanim/xmodel_load_obj.c	228	fixed-size-memory-call	listed-TU	memcpy(&tri->svec[1], cur, 4);
src/PC/xanim/xmodel_load_obj.c	230	fixed-size-memory-call	listed-TU	memcpy(&tri->svec[2], cur, 4);
src/PC/xanim/xmodel_load_obj.c	232	fixed-size-memory-call	listed-TU	memcpy(&tri->svec[3], cur, 4);
src/PC/xanim/xmodel_load_obj.c	234	fixed-size-memory-call	listed-TU	memcpy(&tri->tvec[0], cur, 4);
src/PC/xanim/xmodel_load_obj.c	236	fixed-size-memory-call	listed-TU	memcpy(&tri->tvec[1], cur, 4);
src/PC/xanim/xmodel_load_obj.c	238	fixed-size-memory-call	listed-TU	memcpy(&tri->tvec[2], cur, 4);
src/PC/xanim/xmodel_load_obj.c	240	fixed-size-memory-call	listed-TU	memcpy(&tri->tvec[3], cur, 4);
src/PC/xanim/xmodel_load_obj.c	247	fixed-size-memory-call	listed-TU	memcpy(&tmp, cur, 4);
src/PC/xanim/xmodel_load_obj.c	250	fixed-size-memory-call	listed-TU	memcpy(&tmp, cur, 4);
src/PC/xanim/xmodel_load_obj.c	253	fixed-size-memory-call	listed-TU	memcpy(&tmp, cur, 4);
src/PC/xanim/xmodel_load_obj.c	256	fixed-size-memory-call	listed-TU	memcpy(&tmp, cur, 4);
src/PC/xanim/xmodel_load_obj.c	259	fixed-size-memory-call	listed-TU	memcpy(&tmp, cur, 4);
src/PC/xanim/xmodel_load_obj.c	262	fixed-size-memory-call	listed-TU	memcpy(&tmp, cur, 4);
src/PC/xanim/xmodel_load_obj.c	267	fixed-size-memory-call	listed-TU	memcpy(&surf->boneIdx, cur, 4);
src/PC/xanim/xmodel_load_obj.c	272	fixed-size-memory-call	listed-TU	memcpy(&contents, cur, 4);
src/PC/xanim/xmodel_load_obj.c	277	fixed-size-memory-call	listed-TU	memcpy(&surf->surfFlags, cur, 4);
src/PC/xanim/xmodel_load_obj.c	302	fixed-size-memory-call	listed-TU	memcpy(&ns, cur, 2);
src/PC/xanim/xmodel_load_obj.c	355	fixed-size-memory-call	listed-TU	memcpy(&ver, partsPos, 2);
src/PC/xanim/xmodel_load_obj.c	358	small-integer-cast	listed-TU	"Com_Printf(""^1ERROR: xmodelparts '%s' out of date (version %d, expecting %d)."", partsName, (int)ver, 0x14);"
src/PC/xanim/xmodel_load_obj.c	371	constant-pointer-arithmetic	listed-TU	memcpy(&numRootBones, partsPos + 2, 2);
src/PC/xanim/xmodel_load_obj.c	371	fixed-size-memory-call	listed-TU	memcpy(&numRootBones, partsPos + 2, 2);
src/PC/xanim/xmodel_load_obj.c	372	constant-pointer-arithmetic	listed-TU	memcpy(&numNonRootBones, partsPos + 4, 2);
src/PC/xanim/xmodel_load_obj.c	372	fixed-size-memory-call	listed-TU	memcpy(&numNonRootBones, partsPos + 4, 2);
src/PC/xanim/xmodel_load_obj.c	373	small-integer-cast	listed-TU	numNonRoot = (int)(signed short)numNonRootBones;
src/PC/xanim/xmodel_load_obj.c	374	constant-pointer-arithmetic	listed-TU	filePos = partsPos + 6;
src/PC/xanim/xmodel_load_obj.c	378	small-integer-cast	listed-TU	if ((int)(signed short)totalBones > 127) {
src/PC/xanim/xmodel_load_obj.c	384	small-integer-cast	listed-TU	boneNames = (short unsigned int *)Alloc((int)(signed short)totalBones * 2);
src/PC/xanim/xmodel_load_obj.c	385	small-integer-cast	listed-TU	model->memUsage += (int)(signed short)totalBones * 2;
src/PC/xanim/xmodel_load_obj.c	388	constant-pointer-arithmetic	listed-TU	/* x86: names(4) + parentList[numRootBones+3] = numRootBones+7.
src/PC/xanim/xmodel_load_obj.c	390	constant-pointer-arithmetic	listed-TU	int hierSize = (int)(signed short)numRootBones + 7 + ((int)sizeof(void *) - 4);
src/PC/xanim/xmodel_load_obj.c	390	small-integer-cast	listed-TU	int hierSize = (int)(signed short)numRootBones + 7 + ((int)sizeof(void *) - 4);
src/PC/xanim/xmodel_load_obj.c	403	small-integer-cast	listed-TU	int partsSize = (int)sizeof(XModelParts) + ((int)(signed short)totalBones - 1) * (int)sizeof(DObjAnimMat);
src/PC/xanim/xmodel_load_obj.c	411	small-integer-cast	listed-TU	modelParts->quats = (short int *)Alloc((int)(signed short)numRootBones * 8);
src/PC/xanim/xmodel_load_obj.c	412	small-integer-cast	listed-TU	model->memUsage += (int)(signed short)numRootBones * 8;
src/PC/xanim/xmodel_load_obj.c	413	small-integer-cast	listed-TU	modelParts->trans = (float *)Alloc((int)(signed short)numRootBones * 16);
src/PC/xanim/xmodel_load_obj.c	414	small-integer-cast	listed-TU	model->memUsage += (int)(signed short)numRootBones * 16;
src/PC/xanim/xmodel_load_obj.c	420	small-integer-cast	listed-TU	modelParts->partClassification = (unsigned char *)Alloc((int)(signed short)totalBones);
src/PC/xanim/xmodel_load_obj.c	421	small-integer-cast	listed-TU	model->memUsage += (int)(signed short)totalBones;
src/PC/xanim/xmodel_load_obj.c	427	small-integer-cast	listed-TU	int numParented = (int)(signed short)totalBones - numNonRoot;
src/PC/xanim/xmodel_load_obj.c	436	small-integer-cast	listed-TU	parentList[i] = (unsigned char)((i + numNonRoot) - (int)filePos[0]);
src/PC/xanim/xmodel_load_obj.c	438	constant-pointer-arithmetic	listed-TU	memcpy(&transArr[i * 3 + 0], filePos + 1, 4);
src/PC/xanim/xmodel_load_obj.c	438	fixed-size-memory-call	listed-TU	memcpy(&transArr[i * 3 + 0], filePos + 1, 4);
src/PC/xanim/xmodel_load_obj.c	439	constant-pointer-arithmetic	listed-TU	memcpy(&transArr[i * 3 + 1], filePos + 5, 4);
src/PC/xanim/xmodel_load_obj.c	439	fixed-size-memory-call	listed-TU	memcpy(&transArr[i * 3 + 1], filePos + 5, 4);
src/PC/xanim/xmodel_load_obj.c	440	constant-pointer-arithmetic	listed-TU	memcpy(&transArr[i * 3 + 2], filePos + 9, 4);
src/PC/xanim/xmodel_load_obj.c	440	fixed-size-memory-call	listed-TU	memcpy(&transArr[i * 3 + 2], filePos + 9, 4);
src/PC/xanim/xmodel_load_obj.c	442	constant-pointer-arithmetic	listed-TU	memcpy(&qx, filePos + 13, 2);
src/PC/xanim/xmodel_load_obj.c	442	fixed-size-memory-call	listed-TU	memcpy(&qx, filePos + 13, 2);
src/PC/xanim/xmodel_load_obj.c	443	constant-pointer-arithmetic	listed-TU	memcpy(&qy, filePos + 15, 2);
src/PC/xanim/xmodel_load_obj.c	443	fixed-size-memory-call	listed-TU	memcpy(&qy, filePos + 15, 2);
src/PC/xanim/xmodel_load_obj.c	444	constant-pointer-arithmetic	listed-TU	memcpy(&qz, filePos + 17, 2);
src/PC/xanim/xmodel_load_obj.c	444	fixed-size-memory-call	listed-TU	memcpy(&qz, filePos + 17, 2);
src/PC/xanim/xmodel_load_obj.c	451	small-integer-cast	listed-TU	rem = 0x3fff0001 - (int)qx * (int)qx - (int)qy * (int)qy - (int)qz * (int)qz;
src/PC/xanim/xmodel_load_obj.c	453	small-integer-cast	listed-TU	quats[i * 4 + 3] = (short)(int)floorf(sqrtf((float)rem) + 0.5f);
src/PC/xanim/xmodel_load_obj.c	461	small-integer-cast	listed-TU	int totalB = (int)(signed short)totalBones;
src/PC/xanim/xmodel_load_obj.c	469	small-integer-cast	listed-TU	memcpy(modelParts->partClassification, filePos, (int)(signed short)totalBones);
src/PC/xanim/xmodel_load_obj.c	473	small-integer-cast	listed-TU	int numFree = (int)(signed short)numNonRootBones;
src/PC/xanim/xmodel_load_obj.c	474	small-integer-cast	listed-TU	int numParented = (int)(signed short)totalBones - (int)(signed short)numNonRootBones;
src/PC/xanim/xmodel_load_obj.c	496	small-integer-cast	listed-TU	DObjAnimMat *parentMat = (DObjAnimMat *)((byte *)mat - ((int)parentList[bi] << 5));
src/PC/xanim/xmodel_load_obj.c	576	small-integer-cast	listed-TU	int numBones = (int)(signed short)modelParts->numBones;
src/PC/xanim/xmodel_load_obj.c	587	fixed-size-memory-call	listed-TU	memcpy(&boneInfo[i].bounds[0][0], cur, 4);
src/PC/xanim/xmodel_load_obj.c	589	fixed-size-memory-call	listed-TU	memcpy(&boneInfo[i].bounds[0][1], cur, 4);
src/PC/xanim/xmodel_load_obj.c	591	fixed-size-memory-call	listed-TU	memcpy(&boneInfo[i].bounds[0][2], cur, 4);
src/PC/xanim/xmodel_load_obj.c	593	fixed-size-memory-call	listed-TU	memcpy(&boneInfo[i].bounds[1][0], cur, 4);
src/PC/xanim/xmodel_load_obj.c	595	fixed-size-memory-call	listed-TU	memcpy(&boneInfo[i].bounds[1][1], cur, 4);
src/PC/xanim/xmodel_load_obj.c	597	fixed-size-memory-call	listed-TU	memcpy(&boneInfo[i].bounds[1][2], cur, 4);
src/PC/xanim/xmodel_load_obj.c	669	fixed-size-memory-call	listed-TU	memcpy(&surfsVer, surfsPos, 2);
src/PC/xanim/xmodel_load_obj.c	674	small-integer-cast	listed-TU	"Com_Printf(""^1ERROR: xmodelsurfs '%s' out of date (version %d, expecting %d)."", lodName, (int)(signed short)surfsVer, 0x14);"
src/PC/xanim/xmodel_load_obj.c	680	fixed-size-memory-call	listed-TU	memcpy(&fileNumSurfs, surfsPos, 2);
src/PC/xanim/xmodel_load_obj.c	693	small-integer-cast	listed-TU	int surfsAllocSize = (int)sizeof(XModelSurfs) + (int)(signed short)modelNumSurfs * (int)sizeof(XSurface *);
src/PC/xanim/xmodel_load_obj.c	702	small-integer-cast	listed-TU	if ((int)(signed short)modelNumSurfs > 0) {
src/PC/xanim/xmodel_load_obj.c	704	small-integer-cast	listed-TU	for (j = 0; j < (int)(signed short)modelNumSurfs; j++) {
src/PC/xanim/xmodel_utils.c	51	constant-pointer-arithmetic	listed-TU	*partBits = (int *)((byte *)surfData + sizeof(void *));   /* x86 was +4 */
src/PC/xanim/xmodel_utils.c	73	small-integer-cast	listed-TU	return (const DObjAnimMat *)(base + ((unsigned int)skelMatBoneOffset >> 1));
src/PC/xanim/xmodel_utils.c	78	fixed-byte-access	listed-TU	*(float *)((byte *)&g_testLods[lodLevel] + 4) = dist;
src/PC/xanim/xmodel_utils.c	86	fixed-byte-access	listed-TU	return *(float *)((byte *)&g_testLods[lastLod] + 4);
src/PC/xanim/xmodel_utils.c	98	fixed-byte-access	listed-TU	lodDist = *(float *)((byte *)&g_testLods[i] + 4);
src/PC/zlib/adler32.c	12	constant-pointer-arithmetic	header-or-unlisted	/* NMAX is the largest n such that 255n(n+1)/2 + (n+1)(BASE-1) <= 2^32-1 */
src/PC/zlib/adler32.c	15	constant-pointer-arithmetic	header-or-unlisted	#define DO2(buf,i)  DO1(buf,i); DO1(buf,i+1);
src/PC/zlib/adler32.c	16	constant-pointer-arithmetic	header-or-unlisted	#define DO4(buf,i)  DO2(buf,i); DO2(buf,i+2);
src/PC/zlib/adler32.c	17	constant-pointer-arithmetic	header-or-unlisted	#define DO8(buf,i)  DO4(buf,i); DO4(buf,i+4);
src/PC/zlib/deflate.h	28	constant-pointer-arithmetic	header-or-unlisted	#define L_CODES (LITERALS+1+LENGTH_CODES)
src/PC/zlib/deflate.h	37	constant-pointer-arithmetic	header-or-unlisted	#define HEAP_SIZE (2*L_CODES+1)
src/PC/zlib/deflate.h	89	pointer-named-integer-field	header-or-unlisted	int   noheader;      /* suppress zlib header and adler32 */
src/PC/zlib/deflate.h	180	constant-pointer-arithmetic	header-or-unlisted	struct ct_data_s dyn_dtree[2*D_CODES+1]; /* distance tree */
src/PC/zlib/deflate.h	181	constant-pointer-arithmetic	header-or-unlisted	struct ct_data_s bl_tree[2*BL_CODES+1];  /* Huffman tree for bit lengths */
src/PC/zlib/deflate.h	187	constant-pointer-arithmetic	header-or-unlisted	ush bl_count[MAX_BITS+1];
src/PC/zlib/deflate.h	190	constant-pointer-arithmetic	header-or-unlisted	int heap[2*L_CODES+1];      /* heap used to build the Huffman trees */
src/PC/zlib/deflate.h	193	constant-pointer-arithmetic	header-or-unlisted	/* The sons of heap[n] are heap[2*n] and heap[2*n+1]. heap[0] is not used.
src/PC/zlib/deflate.h	197	constant-pointer-arithmetic	header-or-unlisted	uch depth[2*L_CODES+1];
src/PC/zlib/deflate.h	258	constant-pointer-arithmetic	header-or-unlisted	#define MIN_LOOKAHEAD (MAX_MATCH+MIN_MATCH+1)
src/PC/zlib/deflate.h	260	constant-pointer-arithmetic	header-or-unlisted	* See deflate.c for comments about the MIN_MATCH+1.
src/PC/zlib/deflate.h	308	constant-pointer-arithmetic	header-or-unlisted	s->dyn_ltree[_length_code[len]+LITERALS+1].Freq++; \
src/PC/zlib/inftrees.c	111	constant-pointer-arithmetic	header-or-unlisted	uInt c[BMAX+1];               /* bit length count table */
src/PC/zlib/inftrees.c	125	constant-pointer-arithmetic	header-or-unlisted	uInt x[BMAX+1];               /* bit offsets, then code stack */
src/PC/zlib/inftrees.c	136	constant-pointer-arithmetic	header-or-unlisted	C4                            /* clear c[]--assume BMAX+1 is 16 */
src/PC/zlib/inftrees.c	177	constant-pointer-arithmetic	header-or-unlisted	p = c + 1;  xp = x + 2;
src/PC/zlib/inftrees.c	217	constant-pointer-arithmetic	header-or-unlisted	if ((f = 1 << (j = k - w)) > a + 1)     /* try a k-w bit table */
src/PC/zlib/inftrees.c	219	constant-pointer-arithmetic	header-or-unlisted	f -= a + 1;           /* deduct codes from patterns left */
src/PC/zlib/trees.h	3	constant-pointer-arithmetic	header-or-unlisted	local const ct_data static_ltree[L_CODES+2] = {
src/PC/zlib/trees.h	102	constant-pointer-arithmetic	header-or-unlisted	const uch _length_code[MAX_MATCH-MIN_MATCH+1]= {
src/PC/zlib/unzip.c	90	x86-only-width-guard	listed-TU	#if defined(__x86_64__) || defined(_M_X64)
src/PC/zlib/unzip.c	211	constant-pointer-arithmetic	listed-TU	if (backRead + 0x400 > maxBack)
src/PC/zlib/unzip.c	227	small-integer-cast	listed-TU	for (i = (int)readSize - 4; i >= 0; --i) {
src/PC/zlib/unzip.c	228	constant-pointer-arithmetic	listed-TU	if (buffer[i] == 0x50 && buffer[i + 1] == 0x4b &&
src/PC/zlib/unzip.c	229	constant-pointer-arithmetic	listed-TU	buffer[i + 2] == 0x05 && buffer[i + 3] == 0x06) {
src/PC/zlib/unzip.c	378	small-integer-cast	listed-TU	return err == UNZ_OK ? (int)readCount : err;
src/PC/zlib/unzip.c	601	constant-pointer-arithmetic	listed-TU	if (s->num_file + 1 == s->gi.number_entry)
src/PC/zlib/zconf.h	119	constant-pointer-arithmetic	header-or-unlisted	(1 << (windowBits+2)) +  (1 << (memLevel+9))
src/PC/zlib/zlib.h	779	small-integer-cast	header-or-unlisted	gzrewind(file) is equivalent to (int)gzseek(file, 0L, SEEK_SET)
src/PC/zlib/zutil.c	13	small-integer-cast	header-or-unlisted	extern void exit OF((int));
src/PC/zlib/zutil.c	112	pointer-named-integer-field	header-or-unlisted	local int next_ptr = 0;
src/PC/zlib/zutil.c	145	constant-pointer-arithmetic	header-or-unlisted	*((ush*)&buf+1) += ((ush)((uch*)buf-0) + 15) >> 4;
src/PC/zlib/zutil.h	154	small-integer-cast	header-or-unlisted	extern char *strerror OF((int));
src/headers/Mac/d3d9_types.h	487	pointer-named-integer-field	header-or-unlisted	int _M_next;
src/headers/Mac/d3d9_types.h	488	pointer-named-integer-field	header-or-unlisted	int _M_prev;
src/headers/PC/EffectsCore/fx_public.h	240	pointer-named-integer-field	header-or-unlisted	int mScheduledNext;
src/headers/PC/bgame/bg_funcs.h	126	small-integer-cast	header-or-unlisted	int BG_SetupWeaponDef(WeaponDef *weapDef, void (*regWeap)(int));
src/headers/PC/cgame_mp/cg_funcs.h	32	small-integer-cast	header-or-unlisted	qboolean CG_GetWeapReticleZoom(float *pfZoom);  /* qboolean(int), not Bool: callers read full eax (see cg_draw_mp.c) */
src/headers/PC/cgame_mp/cg_types.h	109	pointer-named-integer-field	header-or-unlisted	int iPrevAnim;
src/headers/PC/client_mp/cl_types.h	89	pointer-named-integer-field	header-or-unlisted	int timeDemoPrev;
src/headers/PC/game_mp/g_types.h	147	pointer-named-integer-field	header-or-unlisted	int previousTime;
src/headers/PC/game_mp/g_types.h	197	pointer-named-integer-field	header-or-unlisted	int prevStance;
src/headers/PC/qcommon/qcommon_types.h	212	pointer-named-integer-field	header-or-unlisted	short unsigned int freeHead;
src/headers/PC/script/scr_local.h	148	pointer-named-integer-field	header-or-unlisted	short unsigned int head[17];
src/headers/PC/server_mp/sv_types.h	41	pointer-named-integer-field	header-or-unlisted	int nextSnapshotEntities;
src/headers/PC/server_mp/sv_types.h	42	pointer-named-integer-field	header-or-unlisted	int nextSnapshotClients;
src/headers/PC/server_mp/sv_types.h	46	pointer-named-integer-field	header-or-unlisted	int nextArchivedSnapshotFrames;
src/headers/PC/server_mp/sv_types.h	49	pointer-named-integer-field	header-or-unlisted	int nextArchivedSnapshotBuffer;
src/headers/PC/server_mp/sv_types.h	50	pointer-named-integer-field	header-or-unlisted	int nextCachedSnapshotEntities;
src/headers/PC/server_mp/sv_types.h	51	pointer-named-integer-field	header-or-unlisted	int nextCachedSnapshotClients;
src/headers/PC/server_mp/sv_types.h	52	pointer-named-integer-field	header-or-unlisted	int nextCachedSnapshotFrames;
src/headers/PC/server_mp/sv_types.h	56	pointer-named-integer-field	header-or-unlisted	int nextHeartbeatTime;
src/headers/PC/server_mp/sv_types.h	57	pointer-named-integer-field	header-or-unlisted	int nextStatusResponseTime;
src/headers/PC/ui_mp/ui_types.h	66	pointer-named-integer-field	header-or-unlisted	int nextScrollTime;
src/headers/PC/ui_mp/ui_types.h	67	pointer-named-integer-field	header-or-unlisted	int nextAdjustTime;
src/headers/PC/ui_mp/ui_types.h	106	pointer-named-integer-field	header-or-unlisted	int previewMovie;
src/headers/PC/ui_mp/ui_types.h	110	pointer-named-integer-field	header-or-unlisted	int nextServerStatusRefresh;
src/headers/PC/ui_mp/ui_types.h	128	pointer-named-integer-field	header-or-unlisted	int previousTimes[4];
src/headers/PC/ui_mp/ui_types.h	134	pointer-named-integer-field	header-or-unlisted	int nextFindPlayerRefresh;
src/headers/PC/ui_mp/ui_types.h	154	pointer-named-integer-field	header-or-unlisted	int nextTime;
src/headers/PC/universal/com_vector.h	76	pointer-named-integer-field	header-or-unlisted	typedef int clipHandle_t;
src/headers/PC/universal/com_vector.h	175	pointer-named-integer-field	header-or-unlisted	int previous_waterlevel;
src/headers/PC/win32/win32_syscon_api.h	55	small-integer-cast	header-or-unlisted	__declspec(dllimport) void __stdcall PostQuitMessage(int);
src/headers/PC/win32/win32_syscon_api.h	65	small-integer-cast	header-or-unlisted	__declspec(dllimport) int __stdcall GetSystemMetrics(int);
src/headers/PC/win32/win32_syscon_api.h	66	small-integer-cast	header-or-unlisted	__declspec(dllimport) HGDIOBJ __stdcall GetStockObject(int);
src/headers/PC/win32/win_types.h	90	pointer-named-integer-field	header-or-unlisted	int currentHandle;
src/headers/PC/xanim/xanim_public.h	8	small-integer-cast	header-or-unlisted	typedef void * (*Alloc_t)(int);   /* real allocator(size) sig; matches common_types.h */
src/headers/PC/xanim/xanim_public.h	90	pointer-named-integer-field	header-or-unlisted	short unsigned int prev;
src/headers/PC/xanim/xanim_public.h	91	pointer-named-integer-field	header-or-unlisted	short unsigned int next;
src/headers/bytematch.h	34	small-integer-cast	header-or-unlisted	* `*(float*)&(int){bits}` needs a C99 compound literal, which older C++ frontends
src/headers/cod2_defs.h	1139	pointer-named-integer-field	header-or-unlisted	typedef int OpaqueDialogPtr;
src/headers/cod2_defs.h	1140	pointer-named-integer-field	header-or-unlisted	typedef int OpaqueEventHandlerRef;
src/headers/cod2_defs.h	1144	pointer-named-integer-field	header-or-unlisted	typedef int OpaqueGrafPtr;
src/headers/cod2_defs.h	1148	pointer-named-integer-field	header-or-unlisted	typedef int OpaqueRgnHandle;
src/headers/cod2_defs.h	1150	pointer-named-integer-field	header-or-unlisted	typedef int OpaqueWindowPtr;
src/headers/cod2_defs.h	1151	pointer-named-integer-field	header-or-unlisted	typedef int Pointer;
src/headers/cod2_defs.h	1265	pointer-named-integer-field	header-or-unlisted	typedef int dwSrcVBHandle;
src/headers/cod2_defs.h	1294	pointer-named-integer-field	header-or-unlisted	typedef int handle;
src/headers/cod2_defs.h	1323	pointer-named-integer-field	header-or-unlisted	typedef int next;
src/headers/cod2_defs.h	1324	pointer-named-integer-field	header-or-unlisted	typedef int nextEntId;
src/headers/cod2_defs.h	1325	pointer-named-integer-field	header-or-unlisted	typedef int nextFree;
src/headers/cod2_defs.h	1345	pointer-named-integer-field	header-or-unlisted	typedef int prev;
src/headers/cod2_defs.h	1346	pointer-named-integer-field	header-or-unlisted	typedef int prevSibling;
src/headers/cod2_defs.h	3227	x86-only-width-guard	header-or-unlisted	#if defined(__linux__) && defined(__x86_64__)
src/headers/cod2_defs.h	3251	pointer-named-integer-field	header-or-unlisted	typedef int fileHandle_t;
src/headers/cod2_defs.h	3308	x86-only-width-guard	header-or-unlisted	#if defined(COD2_X64) || defined(__x86_64__)
src/headers/cod2_defs.h	3320	pointer-named-integer-field	header-or-unlisted	typedef int qhandle_t;
src/headers/cod2_defs.h	4161	pointer-named-integer-field	header-or-unlisted	int dobjHandle;
src/headers/cod2_defs.h	4950	pointer-named-integer-field	header-or-unlisted	short unsigned int prev;
src/headers/cod2_defs.h	4951	pointer-named-integer-field	header-or-unlisted	short unsigned int next;
src/headers/cod2_defs.h	5019	pointer-named-integer-field	header-or-unlisted	union { short unsigned int size; short unsigned int entnum; short unsigned int nextEntId; short unsigned int self; } u;
src/headers/cod2_defs.h	5410	pointer-named-integer-field	header-or-unlisted	short unsigned int ioAllocPtr;
src/headers/cod2_defs.h	5578	pointer-named-integer-field	header-or-unlisted	int gdNextGD;
src/headers/cod2_defs.h	5657	pointer-named-integer-field	header-or-unlisted	int bytePtr;
src/headers/cod2_defs.h	5658	pointer-named-integer-field	header-or-unlisted	int bitPtr;
src/headers/cod2_defs.h	6001	pointer-named-integer-field	header-or-unlisted	union { short unsigned int prev; short unsigned int prevSibling; } u;
src/headers/cod2_defs.h	6008	x86-only-width-guard	header-or-unlisted	#if defined(__x86_64__) || defined(_M_X64)
src/headers/cod2_defs.h	6010	pointer-named-integer-field	header-or-unlisted	unsigned int codePosValue;
src/headers/cod2_defs.h	6015	pointer-named-integer-field	header-or-unlisted	unsigned int pointerValue;
src/headers/cod2_defs.h	6016	x86-only-width-guard	header-or-unlisted	#if defined(__x86_64__) || defined(_M_X64)
src/headers/cod2_defs.h	6027	x86-only-width-guard	header-or-unlisted	#if defined(__x86_64__) || defined(_M_X64)
src/headers/cod2_defs.h	6028	small-integer-cast	header-or-unlisted	#define SCR_ARENA_PTR(off)    ((void *)(scrMemTreeGlob + (unsigned int)(off)))
src/headers/cod2_defs.h	6029	small-integer-cast	header-or-unlisted	#define SCR_ARENA_ENC(ptr)    ((unsigned int)((const unsigned char *)(const void *)(ptr) - scrMemTreeGlob))
src/headers/cod2_defs.h	6031	small-integer-cast	header-or-unlisted	#define SCR_CODEPOS_PTR(off)  ((const char *)((off) ? (SCR_PROGBUF_BASE() + (unsigned int)(off)) : (const char *)0))
src/headers/cod2_defs.h	6032	small-integer-cast	header-or-unlisted	#define SCR_CODEPOS_ENC(ptr)  ((unsigned int)((ptr) ? ((const char *)(ptr) - SCR_PROGBUF_BASE()) : 0))
src/headers/cod2_defs.h	6036	constant-pointer-arithmetic	header-or-unlisted	(const unsigned char *)(const void *)(p) < scrMemTreeGlob + 0x80330) \
src/headers/cod2_defs.h	6059	pointer-named-integer-field	header-or-unlisted	union { short unsigned int next; union VariableUnion u; struct ObjectInfo o; } u;
src/headers/cod2_defs.h	6061	pointer-named-integer-field	header-or-unlisted	union { short unsigned int next; short unsigned int index; } v;
src/headers/cod2_defs.h	6062	pointer-named-integer-field	header-or-unlisted	short unsigned int nextSibling;
src/headers/cod2_defs.h	7026	pointer-named-integer-field	header-or-unlisted	int __next;
src/headers/cod2_defs.h	7279	pointer-named-integer-field	header-or-unlisted	short unsigned int nextModelInWorldSector;
src/headers/cod2_defs.h	8036	pointer-named-integer-field	header-or-unlisted	int next_restart_num;
src/headers/cod2_defs.h	8041	pointer-named-integer-field	header-or-unlisted	int next;
src/headers/cod2_defs.h	8219	pointer-named-integer-field	header-or-unlisted	int next;
src/headers/cod2_defs.h	8235	pointer-named-integer-field	header-or-unlisted	int next;
src/headers/cod2_defs.h	8503	pointer-named-integer-field	header-or-unlisted	int whichptr;
src/headers/cod2_defs.h	8537	pointer-named-integer-field	header-or-unlisted	int next_buf_row;
src/headers/cod2_defs.h	8539	pointer-named-integer-field	header-or-unlisted	int next_buf_stop;
src/headers/cod2_defs.h	8762	pointer-named-integer-field	header-or-unlisted	int blocPtrs;
src/headers/cod2_defs.h	8784	pointer-named-integer-field	header-or-unlisted	int prev;
src/headers/cod2_defs.h	8785	pointer-named-integer-field	header-or-unlisted	int next;
src/headers/cod2_defs.h	8868	pointer-named-integer-field	header-or-unlisted	int next_restart_num;
src/headers/cod2_defs.h	9095	pointer-named-integer-field	header-or-unlisted	int nextTime;
src/headers/cod2_defs.h	9206	pointer-named-integer-field	header-or-unlisted	int next_restart_num;
src/headers/cod2_defs.h	9288	small-integer-cast	header-or-unlisted	void (*SafeDObjFree)(int);
src/headers/cod2_defs.h	9453	pointer-named-integer-field	header-or-unlisted	int nextpingtime;
src/headers/cod2_defs.h	9466	pointer-named-integer-field	header-or-unlisted	int nextDisplayRefresh;
src/headers/cod2_defs.h	9467	pointer-named-integer-field	header-or-unlisted	int nextSortTime;
src/headers/cod2_defs.h	9814	pointer-named-integer-field	header-or-unlisted	int evPtrLength;
src/headers/cod2_defs.h	10012	pointer-named-integer-field	header-or-unlisted	int iHeadIcon;
src/headers/cod2_defs.h	10013	pointer-named-integer-field	header-or-unlisted	int iHeadIconTeam;
src/headers/cod2_defs.h	10043	pointer-named-integer-field	header-or-unlisted	int previousEventSequence;
src/headers/cod2_defs.h	10080	pointer-named-integer-field	header-or-unlisted	short unsigned int nextEntityInWorldSector;
src/headers/cod2_defs.h	10096	pointer-named-integer-field	header-or-unlisted	int nextFrameTime;
src/headers/cod2_defs.h	10151	pointer-named-integer-field	header-or-unlisted	int nextthink;
src/headers/cod2_defs.h	10163	pointer-named-integer-field	header-or-unlisted	int nextFree;
src/headers/cod2_defs.h	10391	pointer-named-integer-field	header-or-unlisted	int nextReliableTime;
src/headers/cod2_defs.h	10394	pointer-named-integer-field	header-or-unlisted	int nextSnapshotTime;
src/headers/cod2_defs.h	10432	pointer-named-integer-field	header-or-unlisted	int prev;
src/headers/cod2_defs.h	10433	pointer-named-integer-field	header-or-unlisted	int next;
src/headers/cod2_defs.h	10592	pointer-named-integer-field	header-or-unlisted	int identifyNextTime;
src/headers/cod2_defs.h	10637	pointer-named-integer-field	header-or-unlisted	int headEndTime;
src/headers/cod2_defs.h	10640	pointer-named-integer-field	header-or-unlisted	int headStartTime;
src/headers/cod2_defs.h	10646	pointer-named-integer-field	header-or-unlisted	int nextOrbitTime;
src/headers/cod2_defs.h	10744	pointer-named-integer-field	header-or-unlisted	union { short unsigned int parent; short unsigned int nextFree; } u;
src/headers/common_types.h	2813	pointer-named-integer-field	header-or-unlisted	typedef int OpaqueDialogPtr;
src/headers/common_types.h	2814	pointer-named-integer-field	header-or-unlisted	typedef int OpaqueEventHandlerRef;
src/headers/common_types.h	2818	pointer-named-integer-field	header-or-unlisted	typedef int OpaqueGrafPtr;
src/headers/common_types.h	2822	pointer-named-integer-field	header-or-unlisted	typedef int OpaqueRgnHandle;
src/headers/common_types.h	2824	pointer-named-integer-field	header-or-unlisted	typedef int OpaqueWindowPtr;
src/headers/common_types.h	2825	pointer-named-integer-field	header-or-unlisted	typedef int Pointer;
src/headers/common_types.h	2938	pointer-named-integer-field	header-or-unlisted	typedef int dwSrcVBHandle;
src/headers/common_types.h	2967	pointer-named-integer-field	header-or-unlisted	typedef int handle;
src/headers/common_types.h	2996	pointer-named-integer-field	header-or-unlisted	typedef int next;
src/headers/common_types.h	2997	pointer-named-integer-field	header-or-unlisted	typedef int nextEntId;
src/headers/common_types.h	2998	pointer-named-integer-field	header-or-unlisted	typedef int nextFree;
src/headers/common_types.h	3018	pointer-named-integer-field	header-or-unlisted	typedef int prev;
src/headers/common_types.h	3019	pointer-named-integer-field	header-or-unlisted	typedef int prevSibling;
src/headers/common_types.h	4500	small-integer-cast	header-or-unlisted	typedef void * (*Alloc_t)(int);   /* allocator(size); was unprototyped -> C++ call sites failed */
src/headers/common_types.h	4719	x86-only-width-guard	header-or-unlisted	#if defined(__linux__) && defined(__x86_64__)
src/headers/common_types.h	4732	pointer-named-integer-field	header-or-unlisted	typedef int clipHandle_t;
src/headers/common_types.h	4743	pointer-named-integer-field	header-or-unlisted	typedef int fileHandle_t;
src/headers/common_types.h	4800	x86-only-width-guard	header-or-unlisted	#if defined(COD2_X64) || defined(__x86_64__)
src/headers/common_types.h	4810	pointer-named-integer-field	header-or-unlisted	typedef int qhandle_t;
src/headers/common_types.h	6129	pointer-named-integer-field	header-or-unlisted	int dobjHandle;
src/headers/common_types.h	7708	pointer-named-integer-field	header-or-unlisted	short unsigned int prev;
src/headers/common_types.h	7709	pointer-named-integer-field	header-or-unlisted	short unsigned int next;
src/headers/common_types.h	7810	pointer-named-integer-field	header-or-unlisted	union { short unsigned int size; short unsigned int entnum; short unsigned int nextEntId; short unsigned int self; } u;
src/headers/common_types.h	8288	pointer-named-integer-field	header-or-unlisted	short unsigned int ioAllocPtr;
src/headers/common_types.h	8466	pointer-named-integer-field	header-or-unlisted	int gdNextGD;
src/headers/common_types.h	8490	pointer-named-integer-field	header-or-unlisted	int mScheduledNext;
src/headers/common_types.h	8627	pointer-named-integer-field	header-or-unlisted	int bytePtr;
src/headers/common_types.h	8628	pointer-named-integer-field	header-or-unlisted	int bitPtr;
src/headers/common_types.h	9128	pointer-named-integer-field	header-or-unlisted	union { short unsigned int prev; short unsigned int prevSibling; } u;
src/headers/common_types.h	9144	x86-only-width-guard	header-or-unlisted	#if defined(__x86_64__) || defined(_M_X64)
src/headers/common_types.h	9146	pointer-named-integer-field	header-or-unlisted	unsigned int codePosValue;
src/headers/common_types.h	9151	pointer-named-integer-field	header-or-unlisted	unsigned int pointerValue;
src/headers/common_types.h	9152	x86-only-width-guard	header-or-unlisted	#if defined(__x86_64__) || defined(_M_X64)
src/headers/common_types.h	9164	x86-only-width-guard	header-or-unlisted	#if defined(__x86_64__) || defined(_M_X64)
src/headers/common_types.h	9166	small-integer-cast	header-or-unlisted	#define SCR_ARENA_PTR(off)    ((void *)(scrMemTreeGlob + (unsigned int)(off)))
src/headers/common_types.h	9167	small-integer-cast	header-or-unlisted	#define SCR_ARENA_ENC(ptr)    ((unsigned int)((const unsigned char *)(const void *)(ptr) - scrMemTreeGlob))
src/headers/common_types.h	9170	small-integer-cast	header-or-unlisted	#define SCR_CODEPOS_PTR(off)  ((const char *)((off) ? (SCR_PROGBUF_BASE() + (unsigned int)(off)) : (const char *)0))
src/headers/common_types.h	9171	small-integer-cast	header-or-unlisted	#define SCR_CODEPOS_ENC(ptr)  ((unsigned int)((ptr) ? ((const char *)(ptr) - SCR_PROGBUF_BASE()) : 0))
src/headers/common_types.h	9176	constant-pointer-arithmetic	header-or-unlisted	(const unsigned char *)(const void *)(p) < scrMemTreeGlob + 0x80330) \
src/headers/common_types.h	9199	pointer-named-integer-field	header-or-unlisted	union { short unsigned int next; union VariableUnion u; struct ObjectInfo o; } u;
src/headers/common_types.h	9201	pointer-named-integer-field	header-or-unlisted	union { short unsigned int next; short unsigned int index; } v;
src/headers/common_types.h	9202	pointer-named-integer-field	header-or-unlisted	short unsigned int nextSibling;
src/headers/common_types.h	9770	pointer-named-integer-field	header-or-unlisted	short unsigned int prev;
src/headers/common_types.h	9771	pointer-named-integer-field	header-or-unlisted	short unsigned int next;
src/headers/common_types.h	10551	pointer-named-integer-field	header-or-unlisted	int _M_next;
src/headers/common_types.h	10552	pointer-named-integer-field	header-or-unlisted	int _M_prev;
src/headers/common_types.h	10638	pointer-named-integer-field	header-or-unlisted	int __next;
src/headers/common_types.h	10930	pointer-named-integer-field	header-or-unlisted	short unsigned int nextModelInWorldSector;
src/headers/common_types.h	11127	pointer-named-integer-field	header-or-unlisted	int currentHandle;
src/headers/common_types.h	12022	pointer-named-integer-field	header-or-unlisted	int next_restart_num;
src/headers/common_types.h	12027	pointer-named-integer-field	header-or-unlisted	int next;
src/headers/common_types.h	12205	pointer-named-integer-field	header-or-unlisted	int next;
src/headers/common_types.h	12221	pointer-named-integer-field	header-or-unlisted	int next;
src/headers/common_types.h	12590	pointer-named-integer-field	header-or-unlisted	int whichptr;
src/headers/common_types.h	12624	pointer-named-integer-field	header-or-unlisted	int next_buf_row;
src/headers/common_types.h	12626	pointer-named-integer-field	header-or-unlisted	int next_buf_stop;
src/headers/common_types.h	12755	pointer-named-integer-field	header-or-unlisted	int timeDemoPrev;
src/headers/common_types.h	12858	pointer-named-integer-field	header-or-unlisted	int blocPtrs;
src/headers/common_types.h	12885	pointer-named-integer-field	header-or-unlisted	int prev;
src/headers/common_types.h	12886	pointer-named-integer-field	header-or-unlisted	int next;
src/headers/common_types.h	12977	pointer-named-integer-field	header-or-unlisted	int next_restart_num;
src/headers/common_types.h	13367	pointer-named-integer-field	header-or-unlisted	int nextTime;
src/headers/common_types.h	13717	pointer-named-integer-field	header-or-unlisted	int next_restart_num;
src/headers/common_types.h	13784	pointer-named-integer-field	header-or-unlisted	short unsigned int head[17];
src/headers/common_types.h	13926	small-integer-cast	header-or-unlisted	void (*SafeDObjFree)(int);
src/headers/common_types.h	14070	pointer-named-integer-field	header-or-unlisted	int nextScrollTime;
src/headers/common_types.h	14071	pointer-named-integer-field	header-or-unlisted	int nextAdjustTime;
src/headers/common_types.h	14141	pointer-named-integer-field	header-or-unlisted	int nextpingtime;
src/headers/common_types.h	14154	pointer-named-integer-field	header-or-unlisted	int nextDisplayRefresh;
src/headers/common_types.h	14155	pointer-named-integer-field	header-or-unlisted	int nextSortTime;
src/headers/common_types.h	14186	pointer-named-integer-field	header-or-unlisted	int previewMovie;
src/headers/common_types.h	14190	pointer-named-integer-field	header-or-unlisted	int nextServerStatusRefresh;
src/headers/common_types.h	14731	pointer-named-integer-field	header-or-unlisted	int evPtrLength;
src/headers/common_types.h	14892	pointer-named-integer-field	header-or-unlisted	int nextSnapshotEntities;
src/headers/common_types.h	14893	pointer-named-integer-field	header-or-unlisted	int nextSnapshotClients;
src/headers/common_types.h	14897	pointer-named-integer-field	header-or-unlisted	int nextArchivedSnapshotFrames;
src/headers/common_types.h	14900	pointer-named-integer-field	header-or-unlisted	int nextArchivedSnapshotBuffer;
src/headers/common_types.h	14901	pointer-named-integer-field	header-or-unlisted	int nextCachedSnapshotEntities;
src/headers/common_types.h	14902	pointer-named-integer-field	header-or-unlisted	int nextCachedSnapshotClients;
src/headers/common_types.h	14903	pointer-named-integer-field	header-or-unlisted	int nextCachedSnapshotFrames;
src/headers/common_types.h	14907	pointer-named-integer-field	header-or-unlisted	int nextHeartbeatTime;
src/headers/common_types.h	14908	pointer-named-integer-field	header-or-unlisted	int nextStatusResponseTime;
src/headers/common_types.h	15046	pointer-named-integer-field	header-or-unlisted	int previous_waterlevel;
src/headers/common_types.h	15075	pointer-named-integer-field	header-or-unlisted	int iHeadIcon;
src/headers/common_types.h	15076	pointer-named-integer-field	header-or-unlisted	int iHeadIconTeam;
src/headers/common_types.h	15106	pointer-named-integer-field	header-or-unlisted	int previousEventSequence;
src/headers/common_types.h	15143	pointer-named-integer-field	header-or-unlisted	short unsigned int nextEntityInWorldSector;
src/headers/common_types.h	15159	pointer-named-integer-field	header-or-unlisted	int nextFrameTime;
src/headers/common_types.h	15214	pointer-named-integer-field	header-or-unlisted	int nextthink;
src/headers/common_types.h	15226	pointer-named-integer-field	header-or-unlisted	int nextFree;
src/headers/common_types.h	15255	pointer-named-integer-field	header-or-unlisted	int previousTime;
src/headers/common_types.h	15305	pointer-named-integer-field	header-or-unlisted	int prevStance;
src/headers/common_types.h	15433	pointer-named-integer-field	header-or-unlisted	int previousTimes[4];
src/headers/common_types.h	15439	pointer-named-integer-field	header-or-unlisted	int nextFindPlayerRefresh;
src/headers/common_types.h	15620	pointer-named-integer-field	header-or-unlisted	int nextReliableTime;
src/headers/common_types.h	15623	pointer-named-integer-field	header-or-unlisted	int nextSnapshotTime;
src/headers/common_types.h	15721	pointer-named-integer-field	header-or-unlisted	int prev;
src/headers/common_types.h	15722	pointer-named-integer-field	header-or-unlisted	int next;
src/headers/common_types.h	15871	pointer-named-integer-field	header-or-unlisted	int identifyNextTime;
src/headers/common_types.h	15916	pointer-named-integer-field	header-or-unlisted	int headEndTime;
src/headers/common_types.h	15919	pointer-named-integer-field	header-or-unlisted	int headStartTime;
src/headers/common_types.h	15925	pointer-named-integer-field	header-or-unlisted	int nextOrbitTime;
src/headers/common_types.h	16055	pointer-named-integer-field	header-or-unlisted	int iPrevAnim;
src/headers/common_types.h	16151	pointer-named-integer-field	header-or-unlisted	int nextTime;
src/headers/common_types.h	16176	pointer-named-integer-field	header-or-unlisted	union { short unsigned int parent; short unsigned int nextFree; } u;
src/headers/common_types.h	16189	pointer-named-integer-field	header-or-unlisted	short unsigned int freeHead;
src/stubs/arch64_compat.c	6	x86-only-width-guard	listed-TU	#if defined(__x86_64__)
src/stubs/carbon_stubs.c	97	x86-only-width-guard	listed-TU	#if !defined(_M_X64)  /* x64: real user32 ShowWindow (Mac Carbon stub collides by name) */
src/stubs/carbon_stubs.c	262	x86-only-width-guard	listed-TU	#if !defined(_M_X64)  /* x64: real user32 MoveWindow (Mac Carbon stub collides by name) */
src/stubs/cpp_trampoline.c	13	x86-only-width-guard	listed-TU	#if defined(__x86_64__) || defined(_M_X64)
src/stubs/cpp_trampoline.c	116	x86-only-width-guard	listed-TU	#if defined(__x86_64__) || defined(_M_X64)
src/stubs/cpp_trampoline.c	204	x86-only-width-guard	listed-TU	#if !defined(__x86_64__)
src/stubs/fx_override.c	71	fixed-size-memory-call	listed-TU	memset(effect, 0, 0x68);
src/stubs/link_stubs.c	542	x86-only-width-guard	listed-TU	#if !defined(_M_X64)  /* x64: real kernel32 GetCurrentProcess (Mac PSN stub collides by name) */
src/stubs/link_stubs.c	795	fixed-size-memory-call	listed-TU	ct[2] = calloc(1, 32);
src/stubs/macos_compat.c	42	small-integer-cast	listed-TU	if ((unsigned int)c > 0xFF)
src/stubs/macos_compat.c	227	constant-pointer-arithmetic	listed-TU	sDisplayList[1] = dummy_display_entry + 100;
src/stubs/macos_compat.c	228	constant-pointer-arithmetic	listed-TU	sDisplayList[2] = dummy_display_entry + 100;
src/stubs/macos_compat.c	434	small-integer-cast	listed-TU	return (int)sym;
src/stubs/macos_compat.c	535	fixed-size-memory-call	listed-TU	calloc((size_t)width * height, 4), width, height, 32, 0);
src/stubs/macos_compat.c	713	fixed-size-memory-call	listed-TU	ctx = (unsigned char *)calloc(1, 16);
src/stubs/zlib_alloc.c	7	small-integer-cast	listed-TU	return Z_MallocInternal((int)(items * size));
src/unix/linux_common.c	45	constant-pointer-arithmetic	listed-TU	ctx->uc_mcontext.gregs[7] = (unsigned int)(unsigned long)(esp + 1);
src/unix/linux_common.c	45	small-integer-cast	listed-TU	ctx->uc_mcontext.gregs[7] = (unsigned int)(unsigned long)(esp + 1);
src/unix/linux_common.c	69	constant-pointer-arithmetic	listed-TU	ctx->uc_mcontext.gregs[7] = (unsigned int)(unsigned long)(frame + 2);
src/unix/linux_common.c	69	small-integer-cast	listed-TU	ctx->uc_mcontext.gregs[7] = (unsigned int)(unsigned long)(frame + 2);
src/unix/linux_common.c	151	constant-pointer-arithmetic	listed-TU	if (offset + len + 2 >= (int)sizeof(cmdLine))
src/unix/linux_common.c	151	small-integer-cast	listed-TU	if (offset + len + 2 >= (int)sizeof(cmdLine))
src/unix/linux_input.c	114	constant-pointer-arithmetic	listed-TU	case SDLK_F1:  return K_F1 + 0;   case SDLK_F2:  return K_F1 + 1;
src/unix/linux_input.c	115	constant-pointer-arithmetic	listed-TU	case SDLK_F3:  return K_F1 + 2;   case SDLK_F4:  return K_F1 + 3;
src/unix/linux_input.c	116	constant-pointer-arithmetic	listed-TU	case SDLK_F5:  return K_F1 + 4;   case SDLK_F6:  return K_F1 + 5;
src/unix/linux_input.c	117	constant-pointer-arithmetic	listed-TU	case SDLK_F7:  return K_F1 + 6;   case SDLK_F8:  return K_F1 + 7;
src/unix/linux_input.c	118	constant-pointer-arithmetic	listed-TU	case SDLK_F9:  return K_F1 + 8;   case SDLK_F10: return K_F1 + 9;
src/unix/linux_input.c	119	constant-pointer-arithmetic	listed-TU	case SDLK_F11: return K_F1 + 10;  case SDLK_F12: return K_F1 + 11;
src/unix/linux_input.c	120	constant-pointer-arithmetic	listed-TU	case SDLK_F13: return K_F1 + 12;  case SDLK_F14: return K_F1 + 13;
src/unix/linux_input.c	121	constant-pointer-arithmetic	listed-TU	case SDLK_F15: return K_F1 + 14;
src/unix/linux_input.c	145	small-integer-cast	listed-TU	return (int)sym;
src/unix/linux_input.c	154	constant-pointer-arithmetic	listed-TU	case SDL_BUTTON_RIGHT:  return K_MOUSE1 + 1;
src/unix/linux_input.c	155	constant-pointer-arithmetic	listed-TU	case SDL_BUTTON_MIDDLE: return K_MOUSE1 + 2;
src/unix/linux_input.c	156	constant-pointer-arithmetic	listed-TU	case SDL_BUTTON_X1:     return K_MOUSE1 + 3;
src/unix/linux_input.c	157	constant-pointer-arithmetic	listed-TU	case SDL_BUTTON_X2:     return K_MOUSE1 + 4;
src/unix/linux_input.c	267	fixed-byte-access	listed-TU	int keyCatchers = cl ? *(int *)(cl + 4) : -1;
src/unix/linux_input.c	267	constant-pointer-arithmetic	listed-TU	int keyCatchers = cl ? *(int *)(cl + 4) : -1;
src/unix/linux_net.c	42	small-integer-cast	listed-TU	if ((unsigned)(err - 1) <= 0x57)
src/unix/linux_net.c	43	constant-pointer-arithmetic	listed-TU	return err + 10000;
src/unix/sysdiff_statehash.c	37	small-integer-cast	listed-TU	int32_t q = (int32_t)(f * 64.0f + (f >= 0.0f ? 0.5f : -0.5f));
src/web/wasm_aliases.c	9	pointer-named-integer-field	header-or-unlisted	int __mh_execute_header = 0;
src/web/webgl2_compat.c	198	small-integer-cast	header-or-unlisted	"fprintf(stderr, ""webgl2 compat shader compile failed: %.*s\n"", (int)len, log);"
src/web/webgl2_compat.c	271	small-integer-cast	header-or-unlisted	"fprintf(stderr, ""webgl2 compat program link failed: %.*s\n"", (int)len, log);"
src/web/webgl2_compat.c	451	small-integer-cast	header-or-unlisted	return (uint32_t)(first + i);
src/web/webgl2_compat.c	467	small-integer-cast	header-or-unlisted	out = (uint32_t *)malloc((size_t)quad_count * 6 * sizeof(uint32_t));
src/web/webgl2_compat.c	478	constant-pointer-arithmetic	header-or-unlisted	out[o + 1] = b;
src/web/webgl2_compat.c	479	constant-pointer-arithmetic	header-or-unlisted	out[o + 2] = c;
src/web/webgl2_compat.c	480	constant-pointer-arithmetic	header-or-unlisted	out[o + 3] = a;
src/web/webgl2_compat.c	481	constant-pointer-arithmetic	header-or-unlisted	out[o + 4] = c;
src/web/webgl2_compat.c	482	constant-pointer-arithmetic	header-or-unlisted	out[o + 5] = d;
src/web/webgl2_compat.c	493	small-integer-cast	header-or-unlisted	out = (uint32_t *)malloc((size_t)quad_count * 6 * sizeof(uint32_t));
src/web/webgl2_compat.c	504	constant-pointer-arithmetic	header-or-unlisted	out[o + 1] = b;
src/web/webgl2_compat.c	505	constant-pointer-arithmetic	header-or-unlisted	out[o + 2] = c;
src/web/webgl2_compat.c	506	constant-pointer-arithmetic	header-or-unlisted	out[o + 3] = b;
src/web/webgl2_compat.c	507	constant-pointer-arithmetic	header-or-unlisted	out[o + 4] = d;
src/web/webgl2_compat.c	508	constant-pointer-arithmetic	header-or-unlisted	out[o + 5] = c;
src/web/webgl2_compat.c	517	small-integer-cast	header-or-unlisted	out = (uint32_t *)malloc((size_t)count * sizeof(uint32_t));
src/web/webgl2_compat.c	563	constant-pointer-arithmetic	header-or-unlisted	verts = (WebGL2Vertex *)malloc((max_index + 1) * sizeof(WebGL2Vertex));
src/web/webgl2_compat.c	572	small-integer-cast	header-or-unlisted	for (i = 0; i <= (int)max_index; i++)
src/web/webgl2_compat.c	573	small-integer-cast	header-or-unlisted	fill_vertex_from_arrays(&verts[i], (unsigned int)i);
src/web/webgl2_compat.c	579	constant-pointer-arithmetic	header-or-unlisted	bind_compat_arrays(verts, (int)max_index + 1, use_tex0, use_tex1);
src/web/webgl2_compat.c	579	small-integer-cast	header-or-unlisted	bind_compat_arrays(verts, (int)max_index + 1, use_tex0, use_tex1);
src/web/webgl2_compat.c	582	small-integer-cast	header-or-unlisted	glBufferData(GL_ELEMENT_ARRAY_BUFFER, (GLsizeiptr)(legacy_count * sizeof(uint32_t)), index_copy, GL_STREAM_DRAW);
src/web/webgl2_compat.c	613	small-integer-cast	header-or-unlisted	fill_vertex_from_arrays(&verts[i], (unsigned int)(first + i));
src/web/webgl2_compat.c	621	small-integer-cast	header-or-unlisted	glBufferData(GL_ELEMENT_ARRAY_BUFFER, (GLsizeiptr)(legacy_count * sizeof(uint32_t)), legacy_indices, GL_STREAM_DRAW);
src/web/webgl2_compat.c	674	small-integer-cast	header-or-unlisted	gl2.active_tex_unit = (int)(texture - GL_TEXTURE0);
src/web/webgl2_compat.c	682	small-integer-cast	header-or-unlisted	gl2.client_tex_unit = (int)(texture - GL_TEXTURE0);
src/web/webgl2_compat.c	789	small-integer-cast	header-or-unlisted	glBufferData(GL_ELEMENT_ARRAY_BUFFER, (GLsizeiptr)(legacy_count * sizeof(uint32_t)), legacy_indices, GL_STREAM_DRAW);
src/web/webgl2_compat.c	916	small-integer-cast	header-or-unlisted	glTexEnvi(target, pname, (int)params[0]);
src/web/webgl2_compat.c	921	small-integer-cast	header-or-unlisted	glTexEnvi(target, pname, (int)param);
src/web/webgl2_compat.c	971	constant-pointer-arithmetic	header-or-unlisted	fences[i] = (unsigned int)(i + 1);
src/web/webgl2_compat.c	971	small-integer-cast	header-or-unlisted	fences[i] = (unsigned int)(i + 1);
src/web/webgl2_compat.c	980	constant-pointer-arithmetic	header-or-unlisted	programs[i] = (unsigned int)(i + 1);
src/web/webgl2_compat.c	980	small-integer-cast	header-or-unlisted	programs[i] = (unsigned int)(i + 1);
src/win32/sdl2/include/SDL2/SDL_assert.h	29	x86-only-width-guard	header-or-unlisted	#elif ( (!defined(__NACL__)) && ((defined(__GNUC__) || defined(__clang__)) && (defined(__i386__) || defined(__x86_64__))) )
src/win32/sdl2/include/SDL2/SDL_atomic.h	88	x86-only-width-guard	header-or-unlisted	#if (defined(__GNUC__) || defined(__clang__)) && (defined(__i386__) || defined(__x86_64__))
src/win32/sdl2/include/SDL2/SDL_atomic.h	94	x86-only-width-guard	header-or-unlisted	#elif defined(_MSC_VER) && (defined(_M_IX86) || defined(_M_X64))
src/win32/sdl2/include/SDL2/SDL_audio.h	106	constant-pointer-arithmetic	header-or-unlisted	SDL_AudioFilter filters[SDL_AUDIOCVT_MAX_FILTERS + 1];
src/win32/sdl2/include/SDL2/SDL_config.h	42	pointer-named-integer-field	header-or-unlisted	typedef unsigned int uintptr_t;
src/win32/sdl2/include/SDL2/SDL_config.h	87	x86-only-width-guard	header-or-unlisted	#if (defined(_M_IX86) || defined(_M_X64) || defined(_M_AMD64)) && (defined(_MSC_VER) && _MSC_VER >= 1600)
src/win32/sdl2/include/SDL2/SDL_cpuinfo.h	6	x86-only-width-guard	header-or-unlisted	#if defined(_MSC_VER) && (_MSC_VER >= 1500) && (defined(_M_IX86) || defined(_M_X64))
src/win32/sdl2/include/SDL2/SDL_egl.h	122	pointer-named-integer-field	header-or-unlisted	typedef signed   long long int khronos_intptr_t;
src/win32/sdl2/include/SDL2/SDL_egl.h	123	pointer-named-integer-field	header-or-unlisted	typedef unsigned long long int khronos_uintptr_t;
src/win32/sdl2/include/SDL2/SDL_egl.h	125	pointer-named-integer-field	header-or-unlisted	typedef signed   long  int     khronos_intptr_t;
src/win32/sdl2/include/SDL2/SDL_egl.h	126	pointer-named-integer-field	header-or-unlisted	typedef unsigned long  int     khronos_uintptr_t;
src/win32/sdl2/include/SDL2/SDL_endian.h	113	x86-only-width-guard	header-or-unlisted	#elif defined(__x86_64__)
src/win32/sdl2/include/SDL2/SDL_endian.h	162	x86-only-width-guard	header-or-unlisted	#elif defined(__x86_64__)
src/win32/sdl2/include/SDL2/SDL_endian.h	223	x86-only-width-guard	header-or-unlisted	#elif defined(__x86_64__)
src/win32/sdl2/include/SDL2/SDL_opengl_glext.h	138	pointer-named-integer-field	header-or-unlisted	typedef signed   long long int khronos_intptr_t;
src/win32/sdl2/include/SDL2/SDL_opengl_glext.h	139	pointer-named-integer-field	header-or-unlisted	typedef unsigned long long int khronos_uintptr_t;
src/win32/sdl2/include/SDL2/SDL_opengl_glext.h	141	pointer-named-integer-field	header-or-unlisted	typedef signed   long  int     khronos_intptr_t;
src/win32/sdl2/include/SDL2/SDL_opengl_glext.h	142	pointer-named-integer-field	header-or-unlisted	typedef unsigned long  int     khronos_uintptr_t;
src/win32/sdl2/include/SDL2/SDL_opengl_glext.h	4185	pointer-named-integer-field	header-or-unlisted	typedef unsigned int GLhandleARB;
src/win32/sdl2/include/SDL2/SDL_opengles2_khrplatform.h	111	pointer-named-integer-field	header-or-unlisted	typedef signed   long long int khronos_intptr_t;
src/win32/sdl2/include/SDL2/SDL_opengles2_khrplatform.h	112	pointer-named-integer-field	header-or-unlisted	typedef unsigned long long int khronos_uintptr_t;
src/win32/sdl2/include/SDL2/SDL_opengles2_khrplatform.h	114	pointer-named-integer-field	header-or-unlisted	typedef signed   long  int     khronos_intptr_t;
src/win32/sdl2/include/SDL2/SDL_opengles2_khrplatform.h	115	pointer-named-integer-field	header-or-unlisted	typedef unsigned long  int     khronos_uintptr_t;
src/win32/sdl2/include/SDL2/SDL_stdinc.h	78	small-integer-cast	header-or-unlisted	void *alloca(unsigned);
src/win32/sdl2/include/SDL2/SDL_stdinc.h	278	constant-pointer-arithmetic	header-or-unlisted	#define SDL_PRINTF_VARARG_FUNC( fmtargnumber ) __attribute__ (( format( __printf__, fmtargnumber, fmtargnumber+1 )))
src/win32/sdl2/include/SDL2/SDL_stdinc.h	280	constant-pointer-arithmetic	header-or-unlisted	#define SDL_SCANF_VARARG_FUNC( fmtargnumber ) __attribute__ (( format( __scanf__, fmtargnumber, fmtargnumber+1 )))
src/win32/sdl2/include/SDL2/SDL_stdinc.h	328	small-integer-cast	header-or-unlisted	SDL_COMPILE_TIME_ASSERT(enum, sizeof(SDL_DUMMY_ENUM) == sizeof(int));
src/win32/sdl2/include/SDL2/SDL_stdinc.h	425	constant-pointer-arithmetic	header-or-unlisted	size_t _n = (dwords + 3) / 4;
src/win32/sdl2/include/SDL2/SDL_test_font.h	11	constant-pointer-arithmetic	header-or-unlisted	#define FONT_LINE_HEIGHT    (FONT_CHARACTER_SIZE + 2)
src/win32/sdl2/include/SDL2/SDL_test_random.h	10	small-integer-cast	header-or-unlisted	#define SDLTest_RandomInt(c)        ((int)SDLTest_Random(c))
src/win32/sdl2/include/SDL2/SDL_vulkan.h	18	x86-only-width-guard	header-or-unlisted	#if defined(__LP64__) || defined(_WIN64) || defined(__x86_64__) || defined(_M_X64) || defined(__ia64) || defined (_M_IA64) || defined(__aarch64__) || defined(__powerpc64__)
src/win32/shims/fnmatch.h	15	constant-pointer-arithmetic	header-or-unlisted	const char *suf = star + 1; size_t sl = strlen(suf), tl = strlen(str);
src/win32/shims-msvc/msvc_gcc_compat.h	87	small-integer-cast	header-or-unlisted	static __inline int __cod2_clz(unsigned x) { unsigned long i; return _BitScanReverse(&i, x) ? (int)(31 - i) : 32; }
src/win32/shims-msvc/msvc_gcc_compat.h	142	x86-only-width-guard	header-or-unlisted	#if defined(_M_X64) || defined(_M_ARM64)
src/win32/shims-msvc/msvc_link_glue.c	46	small-integer-cast	header-or-unlisted	"fprintf(f, ""  exe+0x%X\n"", (unsigned)((char *)fr[i] - (char *)&__ImageBase));"
src/win32/shims-msvc/msvc_watchdog.c	19	x86-only-width-guard	header-or-unlisted	#if defined(_M_X64)
src/win32/win32_stubs.c	121	constant-pointer-arithmetic	header-or-unlisted	void FD_SET(unsigned fd, void *s){ unsigned *c=(unsigned*)s; if(*c<64){((unsigned*)((char*)s+4))[*c]=fd;(*c)++;} }
